Analysis & Synthesis report for de10_standard_hw
Sat Oct  3 18:08:02 2026
Quartus Prime Version 25.1std.0 Build 1129 10/21/2025 SC Lite Edition


---------------------
; Table of Contents ;
---------------------
  1. Legal Notice
  2. Analysis & Synthesis Summary
  3. Analysis & Synthesis Settings
  4. Parallel Compilation
  5. Analysis & Synthesis Source Files Read
  6. Analysis & Synthesis Resource Usage Summary
  7. Analysis & Synthesis Resource Utilization by Entity
  8. Analysis & Synthesis DSP Block Usage Summary
  9. State Machine - |de10_standard_hw_top|bearing_cnn_demo:u_demo|st
 10. Registers Removed During Synthesis
 11. General Register Statistics
 12. Multiplexer Restructuring Statistics (Restructuring Performed)
 13. Port Connectivity Checks: "bearing_cnn_demo:u_demo"
 14. Post-Synthesis Netlist Statistics for Top Partition
 15. Elapsed Time Per Partition
 16. Analysis & Synthesis Messages



----------------
; Legal Notice ;
----------------
Copyright (C) 2025  Altera Corporation. All rights reserved.
Your use of Altera Corporation's design tools, logic functions 
and other software and tools, and any partner logic 
functions, and any output files from any of the foregoing 
(including device programming or simulation files), and any 
associated documentation or information are expressly subject 
to the terms and conditions of the Altera Program License 
Subscription Agreement, the Altera Quartus Prime License Agreement,
the Altera IP License Agreement, or other applicable license
agreement, including, without limitation, that your use is for
the sole purpose of programming logic devices manufactured by
Altera and sold by Altera or its authorized distributors.  Please
refer to the Altera Software License Subscription Agreements 
on the Quartus Prime software download page.



+-----------------------------------------------------------------------------------+
; Analysis & Synthesis Summary                                                      ;
+---------------------------------+-------------------------------------------------+
; Analysis & Synthesis Status     ; Successful - Sat Oct  3 18:08:01 2026           ;
; Quartus Prime Version           ; 25.1std.0 Build 1129 10/21/2025 SC Lite Edition ;
; Revision Name                   ; de10_standard_hw                                ;
; Top-level Entity Name           ; de10_standard_hw_top                            ;
; Family                          ; Cyclone V                                       ;
; Logic utilization (in ALMs)     ; N/A                                             ;
; Total registers                 ; 29983                                           ;
; Total pins                      ; 14                                              ;
; Total virtual pins              ; 0                                               ;
; Total block memory bits         ; 0                                               ;
; Total DSP Blocks                ; 20                                              ;
; Total HSSI RX PCSs              ; 0                                               ;
; Total HSSI PMA RX Deserializers ; 0                                               ;
; Total HSSI TX PCSs              ; 0                                               ;
; Total HSSI PMA TX Serializers   ; 0                                               ;
; Total PLLs                      ; 0                                               ;
; Total DLLs                      ; 0                                               ;
+---------------------------------+-------------------------------------------------+


+-----------------------------------------------------------------------------------------------------------------------------+
; Analysis & Synthesis Settings                                                                                               ;
+---------------------------------------------------------------------------------+----------------------+--------------------+
; Option                                                                          ; Setting              ; Default Value      ;
+---------------------------------------------------------------------------------+----------------------+--------------------+
; Device                                                                          ; 5CSXFC6D6F31C6       ;                    ;
; Top-level entity name                                                           ; de10_standard_hw_top ; de10_standard_hw   ;
; Family name                                                                     ; Cyclone V            ; Cyclone V          ;
; Use smart compilation                                                           ; Off                  ; Off                ;
; Enable parallel Assembler and Timing Analyzer during compilation                ; On                   ; On                 ;
; Enable compact report table                                                     ; Off                  ; Off                ;
; Restructure Multiplexers                                                        ; Auto                 ; Auto               ;
; MLAB Add Timing Constraints For Mixed-Port Feed-Through Mode Setting Don't Care ; Off                  ; Off                ;
; Create Debugging Nodes for IP Cores                                             ; Off                  ; Off                ;
; Preserve fewer node names                                                       ; On                   ; On                 ;
; Intel FPGA IP Evaluation Mode                                                   ; Enable               ; Enable             ;
; Verilog Version                                                                 ; Verilog_2001         ; Verilog_2001       ;
; VHDL Version                                                                    ; VHDL_1993            ; VHDL_1993          ;
; State Machine Processing                                                        ; Auto                 ; Auto               ;
; Safe State Machine                                                              ; Off                  ; Off                ;
; Extract Verilog State Machines                                                  ; On                   ; On                 ;
; Extract VHDL State Machines                                                     ; On                   ; On                 ;
; Ignore Verilog initial constructs                                               ; Off                  ; Off                ;
; Iteration limit for constant Verilog loops                                      ; 5000                 ; 5000               ;
; Iteration limit for non-constant Verilog loops                                  ; 250                  ; 250                ;
; Add Pass-Through Logic to Inferred RAMs                                         ; On                   ; On                 ;
; Infer RAMs from Raw Logic                                                       ; On                   ; On                 ;
; Parallel Synthesis                                                              ; On                   ; On                 ;
; DSP Block Balancing                                                             ; Auto                 ; Auto               ;
; NOT Gate Push-Back                                                              ; On                   ; On                 ;
; Power-Up Don't Care                                                             ; On                   ; On                 ;
; Remove Redundant Logic Cells                                                    ; Off                  ; Off                ;
; Remove Duplicate Registers                                                      ; On                   ; On                 ;
; Ignore CARRY Buffers                                                            ; Off                  ; Off                ;
; Ignore CASCADE Buffers                                                          ; Off                  ; Off                ;
; Ignore GLOBAL Buffers                                                           ; Off                  ; Off                ;
; Ignore ROW GLOBAL Buffers                                                       ; Off                  ; Off                ;
; Ignore LCELL Buffers                                                            ; Off                  ; Off                ;
; Ignore SOFT Buffers                                                             ; On                   ; On                 ;
; Limit AHDL Integers to 32 Bits                                                  ; Off                  ; Off                ;
; Optimization Technique                                                          ; Balanced             ; Balanced           ;
; Carry Chain Length                                                              ; 70                   ; 70                 ;
; Auto Carry Chains                                                               ; On                   ; On                 ;
; Auto Open-Drain Pins                                                            ; On                   ; On                 ;
; Perform WYSIWYG Primitive Resynthesis                                           ; Off                  ; Off                ;
; Auto ROM Replacement                                                            ; On                   ; On                 ;
; Auto RAM Replacement                                                            ; On                   ; On                 ;
; Auto DSP Block Replacement                                                      ; On                   ; On                 ;
; Auto Shift Register Replacement                                                 ; Auto                 ; Auto               ;
; Allow Shift Register Merging across Hierarchies                                 ; Auto                 ; Auto               ;
; Auto Clock Enable Replacement                                                   ; On                   ; On                 ;
; Strict RAM Replacement                                                          ; Off                  ; Off                ;
; Allow Synchronous Control Signals                                               ; On                   ; On                 ;
; Force Use of Synchronous Clear Signals                                          ; Off                  ; Off                ;
; Auto Resource Sharing                                                           ; Off                  ; Off                ;
; Allow Any RAM Size For Recognition                                              ; Off                  ; Off                ;
; Allow Any ROM Size For Recognition                                              ; Off                  ; Off                ;
; Allow Any Shift Register Size For Recognition                                   ; Off                  ; Off                ;
; Use LogicLock Constraints during Resource Balancing                             ; On                   ; On                 ;
; Ignore translate_off and synthesis_off directives                               ; Off                  ; Off                ;
; Timing-Driven Synthesis                                                         ; On                   ; On                 ;
; Report Parameter Settings                                                       ; On                   ; On                 ;
; Report Source Assignments                                                       ; On                   ; On                 ;
; Report Connectivity Checks                                                      ; On                   ; On                 ;
; Ignore Maximum Fan-Out Assignments                                              ; Off                  ; Off                ;
; Synchronization Register Chain Length                                           ; 3                    ; 3                  ;
; Power Optimization During Synthesis                                             ; Normal compilation   ; Normal compilation ;
; HDL message level                                                               ; Level2               ; Level2             ;
; Suppress Register Optimization Related Messages                                 ; Off                  ; Off                ;
; Number of Removed Registers Reported in Synthesis Report                        ; 5000                 ; 5000               ;
; Number of Swept Nodes Reported in Synthesis Report                              ; 5000                 ; 5000               ;
; Number of Inverted Registers Reported in Synthesis Report                       ; 100                  ; 100                ;
; Clock MUX Protection                                                            ; On                   ; On                 ;
; Auto Gated Clock Conversion                                                     ; Off                  ; Off                ;
; Block Design Naming                                                             ; Auto                 ; Auto               ;
; SDC constraint protection                                                       ; Off                  ; Off                ;
; Synthesis Effort                                                                ; Auto                 ; Auto               ;
; Shift Register Replacement - Allow Asynchronous Clear Signal                    ; On                   ; On                 ;
; Pre-Mapping Resynthesis Optimization                                            ; Off                  ; Off                ;
; Analysis & Synthesis Message Level                                              ; Medium               ; Medium             ;
; Disable Register Merging Across Hierarchies                                     ; Auto                 ; Auto               ;
; Resource Aware Inference For Block RAM                                          ; On                   ; On                 ;
; Automatic Parallel Synthesis                                                    ; On                   ; On                 ;
; Partial Reconfiguration Bitstream ID                                            ; Off                  ; Off                ;
+---------------------------------------------------------------------------------+----------------------+--------------------+


+------------------------------------------+
; Parallel Compilation                     ;
+----------------------------+-------------+
; Processors                 ; Number      ;
+----------------------------+-------------+
; Number detected on machine ; 8           ;
; Maximum allowed            ; 8           ;
;                            ;             ;
; Average used               ; 2.05        ;
; Maximum used               ; 8           ;
;                            ;             ;
; Usage by Processor         ; % Time Used ;
;     Processor 1            ; 100.0%      ;
;     Processor 2            ;  16.5%      ;
;     Processor 3            ;  16.4%      ;
;     Processor 4            ;  16.0%      ;
;     Processor 5            ;  16.0%      ;
;     Processor 6            ;  16.0%      ;
;     Processor 7            ;  15.8%      ;
;     Processor 8            ;   8.4%      ;
+----------------------------+-------------+


+----------------------------------------------------------------------------------------------------------------------------------------------------------------------------------------------------------+
; Analysis & Synthesis Source Files Read                                                                                                                                                                   ;
+-----------------------------------+-----------------+---------------------------------------------+--------------------------------------------------------------------------------------------+---------+
; File Name with User-Entered Path  ; Used in Netlist ; File Type                                   ; File Name with Absolute Path                                                               ; Library ;
+-----------------------------------+-----------------+---------------------------------------------+--------------------------------------------------------------------------------------------+---------+
; bearing_cnn_demo.sv               ; yes             ; User SystemVerilog HDL File                 ; /home/raone/fpga-ai-accelerator/quartus/de10_standard_hw/bearing_cnn_demo.sv               ;         ;
; de10_standard_hw_top.sv           ; yes             ; User SystemVerilog HDL File                 ; /home/raone/fpga-ai-accelerator/quartus/de10_standard_hw/de10_standard_hw_top.sv           ;         ;
; model_data/conv1_bias.hex         ; yes             ; Auto-Found Hexadecimal (Intel-Format) File  ; /home/raone/fpga-ai-accelerator/quartus/de10_standard_hw/model_data/conv1_bias.hex         ;         ;
; model_data/demo_inputs.hex        ; yes             ; Auto-Found Hexadecimal (Intel-Format) File  ; /home/raone/fpga-ai-accelerator/quartus/de10_standard_hw/model_data/demo_inputs.hex        ;         ;
; model_data/conv2_weights.hex      ; yes             ; Auto-Found Hexadecimal (Intel-Format) File  ; /home/raone/fpga-ai-accelerator/quartus/de10_standard_hw/model_data/conv2_weights.hex      ;         ;
; model_data/conv1_weights.hex      ; yes             ; Auto-Found Hexadecimal (Intel-Format) File  ; /home/raone/fpga-ai-accelerator/quartus/de10_standard_hw/model_data/conv1_weights.hex      ;         ;
; model_data/classifier_weights.hex ; yes             ; Auto-Found Hexadecimal (Intel-Format) File  ; /home/raone/fpga-ai-accelerator/quartus/de10_standard_hw/model_data/classifier_weights.hex ;         ;
; model_data/classifier_bias.hex    ; yes             ; Auto-Found Hexadecimal (Intel-Format) File  ; /home/raone/fpga-ai-accelerator/quartus/de10_standard_hw/model_data/classifier_bias.hex    ;         ;
; model_data/conv2_bias.hex         ; yes             ; Auto-Found Hexadecimal (Intel-Format) File  ; /home/raone/fpga-ai-accelerator/quartus/de10_standard_hw/model_data/conv2_bias.hex         ;         ;
+-----------------------------------+-----------------+---------------------------------------------+--------------------------------------------------------------------------------------------+---------+


+--------------------------------------------------------------+
; Analysis & Synthesis Resource Usage Summary                  ;
+---------------------------------------------+----------------+
; Resource                                    ; Usage          ;
+---------------------------------------------+----------------+
; Estimate of Logic utilization (ALMs needed) ; 20489          ;
;                                             ;                ;
; Combinational ALUT usage for logic          ; 20228          ;
;     -- 7 input functions                    ; 16             ;
;     -- 6 input functions                    ; 11067          ;
;     -- 5 input functions                    ; 6637           ;
;     -- 4 input functions                    ; 150            ;
;     -- <=3 input functions                  ; 2358           ;
;                                             ;                ;
; Dedicated logic registers                   ; 29983          ;
;                                             ;                ;
; I/O pins                                    ; 14             ;
;                                             ;                ;
; Total DSP Blocks                            ; 20             ;
;                                             ;                ;
; Maximum fan-out node                        ; CLOCK_50~input ;
; Maximum fan-out                             ; 29983          ;
; Total fan-out                               ; 191259         ;
; Average fan-out                             ; 3.81           ;
+---------------------------------------------+----------------+


+-----------------------------------------------------------------------------------------------------------------------------------------------------------------------------------------------------------------------------+
; Analysis & Synthesis Resource Utilization by Entity                                                                                                                                                                         ;
+------------------------------+---------------------+---------------------------+-------------------+------------+------+--------------+-----------------------------------------------+----------------------+--------------+
; Compilation Hierarchy Node   ; Combinational ALUTs ; Dedicated Logic Registers ; Block Memory Bits ; DSP Blocks ; Pins ; Virtual Pins ; Full Hierarchy Name                           ; Entity Name          ; Library Name ;
+------------------------------+---------------------+---------------------------+-------------------+------------+------+--------------+-----------------------------------------------+----------------------+--------------+
; |de10_standard_hw_top        ; 20228 (29)          ; 29983 (30)                ; 0                 ; 20         ; 14   ; 0            ; |de10_standard_hw_top                         ; de10_standard_hw_top ; work         ;
;    |bearing_cnn_demo:u_demo| ; 20199 (20199)       ; 29953 (29953)             ; 0                 ; 20         ; 0    ; 0            ; |de10_standard_hw_top|bearing_cnn_demo:u_demo ; bearing_cnn_demo     ; work         ;
+------------------------------+---------------------+---------------------------+-------------------+------------+------+--------------+-----------------------------------------------+----------------------+--------------+
Note: For table entries with two numbers listed, the numbers in parentheses indicate the number of resources of the given type used by the specific entity alone. The numbers listed outside of parentheses indicate the total resources of the given type used by the specific entity and all of its sub-entities in the hierarchy.


+----------------------------------------------+
; Analysis & Synthesis DSP Block Usage Summary ;
+-------------------------------+--------------+
; Statistic                     ; Number Used  ;
+-------------------------------+--------------+
; Independent 9x9               ; 16           ;
; Independent 18x18 plus 36     ; 4            ;
; Total number of DSP blocks    ; 20           ;
;                               ;              ;
; Fixed Point Signed Multiplier ; 20           ;
+-------------------------------+--------------+


Encoding Type:  One-Hot
+----------------------------------------------------------------------------------+
; State Machine - |de10_standard_hw_top|bearing_cnn_demo:u_demo|st                 ;
+---------+---------+---------+-------+--------+-------+---------+-------+---------+
; Name    ; st.DONE ; st.PICK ; st.FC ; st.GAP ; st.C2 ; st.POOL ; st.C1 ; st.IDLE ;
+---------+---------+---------+-------+--------+-------+---------+-------+---------+
; st.IDLE ; 0       ; 0       ; 0     ; 0      ; 0     ; 0       ; 0     ; 0       ;
; st.C1   ; 0       ; 0       ; 0     ; 0      ; 0     ; 0       ; 1     ; 1       ;
; st.POOL ; 0       ; 0       ; 0     ; 0      ; 0     ; 1       ; 0     ; 1       ;
; st.C2   ; 0       ; 0       ; 0     ; 0      ; 1     ; 0       ; 0     ; 1       ;
; st.GAP  ; 0       ; 0       ; 0     ; 1      ; 0     ; 0       ; 0     ; 1       ;
; st.FC   ; 0       ; 0       ; 1     ; 0      ; 0     ; 0       ; 0     ; 1       ;
; st.PICK ; 0       ; 1       ; 0     ; 0      ; 0     ; 0       ; 0     ; 1       ;
; st.DONE ; 1       ; 0       ; 0     ; 0      ; 0     ; 0       ; 0     ; 1       ;
+---------+---------+---------+-------+--------+-------+---------+-------+---------+


+-----------------------------------------------------------------------------------------------------------+
; Registers Removed During Synthesis                                                                        ;
+-----------------------------------------------+-----------------------------------------------------------+
; Register name                                 ; Reason for Removal                                        ;
+-----------------------------------------------+-----------------------------------------------------------+
; bearing_cnn_demo:u_demo|c2_product_reg[0][16] ; Merged with bearing_cnn_demo:u_demo|c2_product_reg[0][15] ;
; bearing_cnn_demo:u_demo|c2_product_reg[0][17] ; Merged with bearing_cnn_demo:u_demo|c2_product_reg[0][15] ;
; bearing_cnn_demo:u_demo|c2_product_reg[0][18] ; Merged with bearing_cnn_demo:u_demo|c2_product_reg[0][15] ;
; bearing_cnn_demo:u_demo|c2_product_reg[0][19] ; Merged with bearing_cnn_demo:u_demo|c2_product_reg[0][15] ;
; bearing_cnn_demo:u_demo|c2_product_reg[0][20] ; Merged with bearing_cnn_demo:u_demo|c2_product_reg[0][15] ;
; bearing_cnn_demo:u_demo|c2_product_reg[0][21] ; Merged with bearing_cnn_demo:u_demo|c2_product_reg[0][15] ;
; bearing_cnn_demo:u_demo|c2_product_reg[0][22] ; Merged with bearing_cnn_demo:u_demo|c2_product_reg[0][15] ;
; bearing_cnn_demo:u_demo|c2_product_reg[0][23] ; Merged with bearing_cnn_demo:u_demo|c2_product_reg[0][15] ;
; bearing_cnn_demo:u_demo|c2_product_reg[0][24] ; Merged with bearing_cnn_demo:u_demo|c2_product_reg[0][15] ;
; bearing_cnn_demo:u_demo|c2_product_reg[0][25] ; Merged with bearing_cnn_demo:u_demo|c2_product_reg[0][15] ;
; bearing_cnn_demo:u_demo|c2_product_reg[0][26] ; Merged with bearing_cnn_demo:u_demo|c2_product_reg[0][15] ;
; bearing_cnn_demo:u_demo|c2_product_reg[0][27] ; Merged with bearing_cnn_demo:u_demo|c2_product_reg[0][15] ;
; bearing_cnn_demo:u_demo|c2_product_reg[0][28] ; Merged with bearing_cnn_demo:u_demo|c2_product_reg[0][15] ;
; bearing_cnn_demo:u_demo|c2_product_reg[0][29] ; Merged with bearing_cnn_demo:u_demo|c2_product_reg[0][15] ;
; bearing_cnn_demo:u_demo|c2_product_reg[0][30] ; Merged with bearing_cnn_demo:u_demo|c2_product_reg[0][15] ;
; bearing_cnn_demo:u_demo|c2_product_reg[0][31] ; Merged with bearing_cnn_demo:u_demo|c2_product_reg[0][15] ;
; bearing_cnn_demo:u_demo|c2_product_reg[1][16] ; Merged with bearing_cnn_demo:u_demo|c2_product_reg[1][15] ;
; bearing_cnn_demo:u_demo|c2_product_reg[1][17] ; Merged with bearing_cnn_demo:u_demo|c2_product_reg[1][15] ;
; bearing_cnn_demo:u_demo|c2_product_reg[1][18] ; Merged with bearing_cnn_demo:u_demo|c2_product_reg[1][15] ;
; bearing_cnn_demo:u_demo|c2_product_reg[1][19] ; Merged with bearing_cnn_demo:u_demo|c2_product_reg[1][15] ;
; bearing_cnn_demo:u_demo|c2_product_reg[1][20] ; Merged with bearing_cnn_demo:u_demo|c2_product_reg[1][15] ;
; bearing_cnn_demo:u_demo|c2_product_reg[1][21] ; Merged with bearing_cnn_demo:u_demo|c2_product_reg[1][15] ;
; bearing_cnn_demo:u_demo|c2_product_reg[1][22] ; Merged with bearing_cnn_demo:u_demo|c2_product_reg[1][15] ;
; bearing_cnn_demo:u_demo|c2_product_reg[1][23] ; Merged with bearing_cnn_demo:u_demo|c2_product_reg[1][15] ;
; bearing_cnn_demo:u_demo|c2_product_reg[1][24] ; Merged with bearing_cnn_demo:u_demo|c2_product_reg[1][15] ;
; bearing_cnn_demo:u_demo|c2_product_reg[1][25] ; Merged with bearing_cnn_demo:u_demo|c2_product_reg[1][15] ;
; bearing_cnn_demo:u_demo|c2_product_reg[1][26] ; Merged with bearing_cnn_demo:u_demo|c2_product_reg[1][15] ;
; bearing_cnn_demo:u_demo|c2_product_reg[1][27] ; Merged with bearing_cnn_demo:u_demo|c2_product_reg[1][15] ;
; bearing_cnn_demo:u_demo|c2_product_reg[1][28] ; Merged with bearing_cnn_demo:u_demo|c2_product_reg[1][15] ;
; bearing_cnn_demo:u_demo|c2_product_reg[1][29] ; Merged with bearing_cnn_demo:u_demo|c2_product_reg[1][15] ;
; bearing_cnn_demo:u_demo|c2_product_reg[1][30] ; Merged with bearing_cnn_demo:u_demo|c2_product_reg[1][15] ;
; bearing_cnn_demo:u_demo|c2_product_reg[1][31] ; Merged with bearing_cnn_demo:u_demo|c2_product_reg[1][15] ;
; bearing_cnn_demo:u_demo|c2_product_reg[2][16] ; Merged with bearing_cnn_demo:u_demo|c2_product_reg[2][15] ;
; bearing_cnn_demo:u_demo|c2_product_reg[2][17] ; Merged with bearing_cnn_demo:u_demo|c2_product_reg[2][15] ;
; bearing_cnn_demo:u_demo|c2_product_reg[2][18] ; Merged with bearing_cnn_demo:u_demo|c2_product_reg[2][15] ;
; bearing_cnn_demo:u_demo|c2_product_reg[2][19] ; Merged with bearing_cnn_demo:u_demo|c2_product_reg[2][15] ;
; bearing_cnn_demo:u_demo|c2_product_reg[2][20] ; Merged with bearing_cnn_demo:u_demo|c2_product_reg[2][15] ;
; bearing_cnn_demo:u_demo|c2_product_reg[2][21] ; Merged with bearing_cnn_demo:u_demo|c2_product_reg[2][15] ;
; bearing_cnn_demo:u_demo|c2_product_reg[2][22] ; Merged with bearing_cnn_demo:u_demo|c2_product_reg[2][15] ;
; bearing_cnn_demo:u_demo|c2_product_reg[2][23] ; Merged with bearing_cnn_demo:u_demo|c2_product_reg[2][15] ;
; bearing_cnn_demo:u_demo|c2_product_reg[2][24] ; Merged with bearing_cnn_demo:u_demo|c2_product_reg[2][15] ;
; bearing_cnn_demo:u_demo|c2_product_reg[2][25] ; Merged with bearing_cnn_demo:u_demo|c2_product_reg[2][15] ;
; bearing_cnn_demo:u_demo|c2_product_reg[2][26] ; Merged with bearing_cnn_demo:u_demo|c2_product_reg[2][15] ;
; bearing_cnn_demo:u_demo|c2_product_reg[2][27] ; Merged with bearing_cnn_demo:u_demo|c2_product_reg[2][15] ;
; bearing_cnn_demo:u_demo|c2_product_reg[2][28] ; Merged with bearing_cnn_demo:u_demo|c2_product_reg[2][15] ;
; bearing_cnn_demo:u_demo|c2_product_reg[2][29] ; Merged with bearing_cnn_demo:u_demo|c2_product_reg[2][15] ;
; bearing_cnn_demo:u_demo|c2_product_reg[2][30] ; Merged with bearing_cnn_demo:u_demo|c2_product_reg[2][15] ;
; bearing_cnn_demo:u_demo|c2_product_reg[2][31] ; Merged with bearing_cnn_demo:u_demo|c2_product_reg[2][15] ;
; bearing_cnn_demo:u_demo|c2_product_reg[3][16] ; Merged with bearing_cnn_demo:u_demo|c2_product_reg[3][15] ;
; bearing_cnn_demo:u_demo|c2_product_reg[3][17] ; Merged with bearing_cnn_demo:u_demo|c2_product_reg[3][15] ;
; bearing_cnn_demo:u_demo|c2_product_reg[3][18] ; Merged with bearing_cnn_demo:u_demo|c2_product_reg[3][15] ;
; bearing_cnn_demo:u_demo|c2_product_reg[3][19] ; Merged with bearing_cnn_demo:u_demo|c2_product_reg[3][15] ;
; bearing_cnn_demo:u_demo|c2_product_reg[3][20] ; Merged with bearing_cnn_demo:u_demo|c2_product_reg[3][15] ;
; bearing_cnn_demo:u_demo|c2_product_reg[3][21] ; Merged with bearing_cnn_demo:u_demo|c2_product_reg[3][15] ;
; bearing_cnn_demo:u_demo|c2_product_reg[3][22] ; Merged with bearing_cnn_demo:u_demo|c2_product_reg[3][15] ;
; bearing_cnn_demo:u_demo|c2_product_reg[3][23] ; Merged with bearing_cnn_demo:u_demo|c2_product_reg[3][15] ;
; bearing_cnn_demo:u_demo|c2_product_reg[3][24] ; Merged with bearing_cnn_demo:u_demo|c2_product_reg[3][15] ;
; bearing_cnn_demo:u_demo|c2_product_reg[3][25] ; Merged with bearing_cnn_demo:u_demo|c2_product_reg[3][15] ;
; bearing_cnn_demo:u_demo|c2_product_reg[3][26] ; Merged with bearing_cnn_demo:u_demo|c2_product_reg[3][15] ;
; bearing_cnn_demo:u_demo|c2_product_reg[3][27] ; Merged with bearing_cnn_demo:u_demo|c2_product_reg[3][15] ;
; bearing_cnn_demo:u_demo|c2_product_reg[3][28] ; Merged with bearing_cnn_demo:u_demo|c2_product_reg[3][15] ;
; bearing_cnn_demo:u_demo|c2_product_reg[3][29] ; Merged with bearing_cnn_demo:u_demo|c2_product_reg[3][15] ;
; bearing_cnn_demo:u_demo|c2_product_reg[3][30] ; Merged with bearing_cnn_demo:u_demo|c2_product_reg[3][15] ;
; bearing_cnn_demo:u_demo|c2_product_reg[3][31] ; Merged with bearing_cnn_demo:u_demo|c2_product_reg[3][15] ;
; bearing_cnn_demo:u_demo|c2_product_reg[4][16] ; Merged with bearing_cnn_demo:u_demo|c2_product_reg[4][15] ;
; bearing_cnn_demo:u_demo|c2_product_reg[4][17] ; Merged with bearing_cnn_demo:u_demo|c2_product_reg[4][15] ;
; bearing_cnn_demo:u_demo|c2_product_reg[4][18] ; Merged with bearing_cnn_demo:u_demo|c2_product_reg[4][15] ;
; bearing_cnn_demo:u_demo|c2_product_reg[4][19] ; Merged with bearing_cnn_demo:u_demo|c2_product_reg[4][15] ;
; bearing_cnn_demo:u_demo|c2_product_reg[4][20] ; Merged with bearing_cnn_demo:u_demo|c2_product_reg[4][15] ;
; bearing_cnn_demo:u_demo|c2_product_reg[4][21] ; Merged with bearing_cnn_demo:u_demo|c2_product_reg[4][15] ;
; bearing_cnn_demo:u_demo|c2_product_reg[4][22] ; Merged with bearing_cnn_demo:u_demo|c2_product_reg[4][15] ;
; bearing_cnn_demo:u_demo|c2_product_reg[4][23] ; Merged with bearing_cnn_demo:u_demo|c2_product_reg[4][15] ;
; bearing_cnn_demo:u_demo|c2_product_reg[4][24] ; Merged with bearing_cnn_demo:u_demo|c2_product_reg[4][15] ;
; bearing_cnn_demo:u_demo|c2_product_reg[4][25] ; Merged with bearing_cnn_demo:u_demo|c2_product_reg[4][15] ;
; bearing_cnn_demo:u_demo|c2_product_reg[4][26] ; Merged with bearing_cnn_demo:u_demo|c2_product_reg[4][15] ;
; bearing_cnn_demo:u_demo|c2_product_reg[4][27] ; Merged with bearing_cnn_demo:u_demo|c2_product_reg[4][15] ;
; bearing_cnn_demo:u_demo|c2_product_reg[4][28] ; Merged with bearing_cnn_demo:u_demo|c2_product_reg[4][15] ;
; bearing_cnn_demo:u_demo|c2_product_reg[4][29] ; Merged with bearing_cnn_demo:u_demo|c2_product_reg[4][15] ;
; bearing_cnn_demo:u_demo|c2_product_reg[4][30] ; Merged with bearing_cnn_demo:u_demo|c2_product_reg[4][15] ;
; bearing_cnn_demo:u_demo|c2_product_reg[4][31] ; Merged with bearing_cnn_demo:u_demo|c2_product_reg[4][15] ;
; bearing_cnn_demo:u_demo|c2_product_reg[5][16] ; Merged with bearing_cnn_demo:u_demo|c2_product_reg[5][15] ;
; bearing_cnn_demo:u_demo|c2_product_reg[5][17] ; Merged with bearing_cnn_demo:u_demo|c2_product_reg[5][15] ;
; bearing_cnn_demo:u_demo|c2_product_reg[5][18] ; Merged with bearing_cnn_demo:u_demo|c2_product_reg[5][15] ;
; bearing_cnn_demo:u_demo|c2_product_reg[5][19] ; Merged with bearing_cnn_demo:u_demo|c2_product_reg[5][15] ;
; bearing_cnn_demo:u_demo|c2_product_reg[5][20] ; Merged with bearing_cnn_demo:u_demo|c2_product_reg[5][15] ;
; bearing_cnn_demo:u_demo|c2_product_reg[5][21] ; Merged with bearing_cnn_demo:u_demo|c2_product_reg[5][15] ;
; bearing_cnn_demo:u_demo|c2_product_reg[5][22] ; Merged with bearing_cnn_demo:u_demo|c2_product_reg[5][15] ;
; bearing_cnn_demo:u_demo|c2_product_reg[5][23] ; Merged with bearing_cnn_demo:u_demo|c2_product_reg[5][15] ;
; bearing_cnn_demo:u_demo|c2_product_reg[5][24] ; Merged with bearing_cnn_demo:u_demo|c2_product_reg[5][15] ;
; bearing_cnn_demo:u_demo|c2_product_reg[5][25] ; Merged with bearing_cnn_demo:u_demo|c2_product_reg[5][15] ;
; bearing_cnn_demo:u_demo|c2_product_reg[5][26] ; Merged with bearing_cnn_demo:u_demo|c2_product_reg[5][15] ;
; bearing_cnn_demo:u_demo|c2_product_reg[5][27] ; Merged with bearing_cnn_demo:u_demo|c2_product_reg[5][15] ;
; bearing_cnn_demo:u_demo|c2_product_reg[5][28] ; Merged with bearing_cnn_demo:u_demo|c2_product_reg[5][15] ;
; bearing_cnn_demo:u_demo|c2_product_reg[5][29] ; Merged with bearing_cnn_demo:u_demo|c2_product_reg[5][15] ;
; bearing_cnn_demo:u_demo|c2_product_reg[5][30] ; Merged with bearing_cnn_demo:u_demo|c2_product_reg[5][15] ;
; bearing_cnn_demo:u_demo|c2_product_reg[5][31] ; Merged with bearing_cnn_demo:u_demo|c2_product_reg[5][15] ;
; bearing_cnn_demo:u_demo|c2_product_reg[6][16] ; Merged with bearing_cnn_demo:u_demo|c2_product_reg[6][15] ;
; bearing_cnn_demo:u_demo|c2_product_reg[6][17] ; Merged with bearing_cnn_demo:u_demo|c2_product_reg[6][15] ;
; bearing_cnn_demo:u_demo|c2_product_reg[6][18] ; Merged with bearing_cnn_demo:u_demo|c2_product_reg[6][15] ;
; bearing_cnn_demo:u_demo|c2_product_reg[6][19] ; Merged with bearing_cnn_demo:u_demo|c2_product_reg[6][15] ;
; bearing_cnn_demo:u_demo|c2_product_reg[6][20] ; Merged with bearing_cnn_demo:u_demo|c2_product_reg[6][15] ;
; bearing_cnn_demo:u_demo|c2_product_reg[6][21] ; Merged with bearing_cnn_demo:u_demo|c2_product_reg[6][15] ;
; bearing_cnn_demo:u_demo|c2_product_reg[6][22] ; Merged with bearing_cnn_demo:u_demo|c2_product_reg[6][15] ;
; bearing_cnn_demo:u_demo|c2_product_reg[6][23] ; Merged with bearing_cnn_demo:u_demo|c2_product_reg[6][15] ;
; bearing_cnn_demo:u_demo|c2_product_reg[6][24] ; Merged with bearing_cnn_demo:u_demo|c2_product_reg[6][15] ;
; bearing_cnn_demo:u_demo|c2_product_reg[6][25] ; Merged with bearing_cnn_demo:u_demo|c2_product_reg[6][15] ;
; bearing_cnn_demo:u_demo|c2_product_reg[6][26] ; Merged with bearing_cnn_demo:u_demo|c2_product_reg[6][15] ;
; bearing_cnn_demo:u_demo|c2_product_reg[6][27] ; Merged with bearing_cnn_demo:u_demo|c2_product_reg[6][15] ;
; bearing_cnn_demo:u_demo|c2_product_reg[6][28] ; Merged with bearing_cnn_demo:u_demo|c2_product_reg[6][15] ;
; bearing_cnn_demo:u_demo|c2_product_reg[6][29] ; Merged with bearing_cnn_demo:u_demo|c2_product_reg[6][15] ;
; bearing_cnn_demo:u_demo|c2_product_reg[6][30] ; Merged with bearing_cnn_demo:u_demo|c2_product_reg[6][15] ;
; bearing_cnn_demo:u_demo|c2_product_reg[6][31] ; Merged with bearing_cnn_demo:u_demo|c2_product_reg[6][15] ;
; bearing_cnn_demo:u_demo|c2_product_reg[7][16] ; Merged with bearing_cnn_demo:u_demo|c2_product_reg[7][15] ;
; bearing_cnn_demo:u_demo|c2_product_reg[7][17] ; Merged with bearing_cnn_demo:u_demo|c2_product_reg[7][15] ;
; bearing_cnn_demo:u_demo|c2_product_reg[7][18] ; Merged with bearing_cnn_demo:u_demo|c2_product_reg[7][15] ;
; bearing_cnn_demo:u_demo|c2_product_reg[7][19] ; Merged with bearing_cnn_demo:u_demo|c2_product_reg[7][15] ;
; bearing_cnn_demo:u_demo|c2_product_reg[7][20] ; Merged with bearing_cnn_demo:u_demo|c2_product_reg[7][15] ;
; bearing_cnn_demo:u_demo|c2_product_reg[7][21] ; Merged with bearing_cnn_demo:u_demo|c2_product_reg[7][15] ;
; bearing_cnn_demo:u_demo|c2_product_reg[7][22] ; Merged with bearing_cnn_demo:u_demo|c2_product_reg[7][15] ;
; bearing_cnn_demo:u_demo|c2_product_reg[7][23] ; Merged with bearing_cnn_demo:u_demo|c2_product_reg[7][15] ;
; bearing_cnn_demo:u_demo|c2_product_reg[7][24] ; Merged with bearing_cnn_demo:u_demo|c2_product_reg[7][15] ;
; bearing_cnn_demo:u_demo|c2_product_reg[7][25] ; Merged with bearing_cnn_demo:u_demo|c2_product_reg[7][15] ;
; bearing_cnn_demo:u_demo|c2_product_reg[7][26] ; Merged with bearing_cnn_demo:u_demo|c2_product_reg[7][15] ;
; bearing_cnn_demo:u_demo|c2_product_reg[7][27] ; Merged with bearing_cnn_demo:u_demo|c2_product_reg[7][15] ;
; bearing_cnn_demo:u_demo|c2_product_reg[7][28] ; Merged with bearing_cnn_demo:u_demo|c2_product_reg[7][15] ;
; bearing_cnn_demo:u_demo|c2_product_reg[7][29] ; Merged with bearing_cnn_demo:u_demo|c2_product_reg[7][15] ;
; bearing_cnn_demo:u_demo|c2_product_reg[7][30] ; Merged with bearing_cnn_demo:u_demo|c2_product_reg[7][15] ;
; bearing_cnn_demo:u_demo|c2_product_reg[7][31] ; Merged with bearing_cnn_demo:u_demo|c2_product_reg[7][15] ;
; bearing_cnn_demo:u_demo|c1_product_reg[0][16] ; Merged with bearing_cnn_demo:u_demo|c1_product_reg[0][15] ;
; bearing_cnn_demo:u_demo|c1_product_reg[0][17] ; Merged with bearing_cnn_demo:u_demo|c1_product_reg[0][15] ;
; bearing_cnn_demo:u_demo|c1_product_reg[0][18] ; Merged with bearing_cnn_demo:u_demo|c1_product_reg[0][15] ;
; bearing_cnn_demo:u_demo|c1_product_reg[0][19] ; Merged with bearing_cnn_demo:u_demo|c1_product_reg[0][15] ;
; bearing_cnn_demo:u_demo|c1_product_reg[0][20] ; Merged with bearing_cnn_demo:u_demo|c1_product_reg[0][15] ;
; bearing_cnn_demo:u_demo|c1_product_reg[0][21] ; Merged with bearing_cnn_demo:u_demo|c1_product_reg[0][15] ;
; bearing_cnn_demo:u_demo|c1_product_reg[0][22] ; Merged with bearing_cnn_demo:u_demo|c1_product_reg[0][15] ;
; bearing_cnn_demo:u_demo|c1_product_reg[0][23] ; Merged with bearing_cnn_demo:u_demo|c1_product_reg[0][15] ;
; bearing_cnn_demo:u_demo|c1_product_reg[0][24] ; Merged with bearing_cnn_demo:u_demo|c1_product_reg[0][15] ;
; bearing_cnn_demo:u_demo|c1_product_reg[0][25] ; Merged with bearing_cnn_demo:u_demo|c1_product_reg[0][15] ;
; bearing_cnn_demo:u_demo|c1_product_reg[0][26] ; Merged with bearing_cnn_demo:u_demo|c1_product_reg[0][15] ;
; bearing_cnn_demo:u_demo|c1_product_reg[0][27] ; Merged with bearing_cnn_demo:u_demo|c1_product_reg[0][15] ;
; bearing_cnn_demo:u_demo|c1_product_reg[0][28] ; Merged with bearing_cnn_demo:u_demo|c1_product_reg[0][15] ;
; bearing_cnn_demo:u_demo|c1_product_reg[0][29] ; Merged with bearing_cnn_demo:u_demo|c1_product_reg[0][15] ;
; bearing_cnn_demo:u_demo|c1_product_reg[0][30] ; Merged with bearing_cnn_demo:u_demo|c1_product_reg[0][15] ;
; bearing_cnn_demo:u_demo|c1_product_reg[0][31] ; Merged with bearing_cnn_demo:u_demo|c1_product_reg[0][15] ;
; bearing_cnn_demo:u_demo|c1_product_reg[1][16] ; Merged with bearing_cnn_demo:u_demo|c1_product_reg[1][15] ;
; bearing_cnn_demo:u_demo|c1_product_reg[1][17] ; Merged with bearing_cnn_demo:u_demo|c1_product_reg[1][15] ;
; bearing_cnn_demo:u_demo|c1_product_reg[1][18] ; Merged with bearing_cnn_demo:u_demo|c1_product_reg[1][15] ;
; bearing_cnn_demo:u_demo|c1_product_reg[1][19] ; Merged with bearing_cnn_demo:u_demo|c1_product_reg[1][15] ;
; bearing_cnn_demo:u_demo|c1_product_reg[1][20] ; Merged with bearing_cnn_demo:u_demo|c1_product_reg[1][15] ;
; bearing_cnn_demo:u_demo|c1_product_reg[1][21] ; Merged with bearing_cnn_demo:u_demo|c1_product_reg[1][15] ;
; bearing_cnn_demo:u_demo|c1_product_reg[1][22] ; Merged with bearing_cnn_demo:u_demo|c1_product_reg[1][15] ;
; bearing_cnn_demo:u_demo|c1_product_reg[1][23] ; Merged with bearing_cnn_demo:u_demo|c1_product_reg[1][15] ;
; bearing_cnn_demo:u_demo|c1_product_reg[1][24] ; Merged with bearing_cnn_demo:u_demo|c1_product_reg[1][15] ;
; bearing_cnn_demo:u_demo|c1_product_reg[1][25] ; Merged with bearing_cnn_demo:u_demo|c1_product_reg[1][15] ;
; bearing_cnn_demo:u_demo|c1_product_reg[1][26] ; Merged with bearing_cnn_demo:u_demo|c1_product_reg[1][15] ;
; bearing_cnn_demo:u_demo|c1_product_reg[1][27] ; Merged with bearing_cnn_demo:u_demo|c1_product_reg[1][15] ;
; bearing_cnn_demo:u_demo|c1_product_reg[1][28] ; Merged with bearing_cnn_demo:u_demo|c1_product_reg[1][15] ;
; bearing_cnn_demo:u_demo|c1_product_reg[1][29] ; Merged with bearing_cnn_demo:u_demo|c1_product_reg[1][15] ;
; bearing_cnn_demo:u_demo|c1_product_reg[1][30] ; Merged with bearing_cnn_demo:u_demo|c1_product_reg[1][15] ;
; bearing_cnn_demo:u_demo|c1_product_reg[1][31] ; Merged with bearing_cnn_demo:u_demo|c1_product_reg[1][15] ;
; bearing_cnn_demo:u_demo|c1_product_reg[2][16] ; Merged with bearing_cnn_demo:u_demo|c1_product_reg[2][15] ;
; bearing_cnn_demo:u_demo|c1_product_reg[2][17] ; Merged with bearing_cnn_demo:u_demo|c1_product_reg[2][15] ;
; bearing_cnn_demo:u_demo|c1_product_reg[2][18] ; Merged with bearing_cnn_demo:u_demo|c1_product_reg[2][15] ;
; bearing_cnn_demo:u_demo|c1_product_reg[2][19] ; Merged with bearing_cnn_demo:u_demo|c1_product_reg[2][15] ;
; bearing_cnn_demo:u_demo|c1_product_reg[2][20] ; Merged with bearing_cnn_demo:u_demo|c1_product_reg[2][15] ;
; bearing_cnn_demo:u_demo|c1_product_reg[2][21] ; Merged with bearing_cnn_demo:u_demo|c1_product_reg[2][15] ;
; bearing_cnn_demo:u_demo|c1_product_reg[2][22] ; Merged with bearing_cnn_demo:u_demo|c1_product_reg[2][15] ;
; bearing_cnn_demo:u_demo|c1_product_reg[2][23] ; Merged with bearing_cnn_demo:u_demo|c1_product_reg[2][15] ;
; bearing_cnn_demo:u_demo|c1_product_reg[2][24] ; Merged with bearing_cnn_demo:u_demo|c1_product_reg[2][15] ;
; bearing_cnn_demo:u_demo|c1_product_reg[2][25] ; Merged with bearing_cnn_demo:u_demo|c1_product_reg[2][15] ;
; bearing_cnn_demo:u_demo|c1_product_reg[2][26] ; Merged with bearing_cnn_demo:u_demo|c1_product_reg[2][15] ;
; bearing_cnn_demo:u_demo|c1_product_reg[2][27] ; Merged with bearing_cnn_demo:u_demo|c1_product_reg[2][15] ;
; bearing_cnn_demo:u_demo|c1_product_reg[2][28] ; Merged with bearing_cnn_demo:u_demo|c1_product_reg[2][15] ;
; bearing_cnn_demo:u_demo|c1_product_reg[2][29] ; Merged with bearing_cnn_demo:u_demo|c1_product_reg[2][15] ;
; bearing_cnn_demo:u_demo|c1_product_reg[2][30] ; Merged with bearing_cnn_demo:u_demo|c1_product_reg[2][15] ;
; bearing_cnn_demo:u_demo|c1_product_reg[2][31] ; Merged with bearing_cnn_demo:u_demo|c1_product_reg[2][15] ;
; bearing_cnn_demo:u_demo|c1_product_reg[3][16] ; Merged with bearing_cnn_demo:u_demo|c1_product_reg[3][15] ;
; bearing_cnn_demo:u_demo|c1_product_reg[3][17] ; Merged with bearing_cnn_demo:u_demo|c1_product_reg[3][15] ;
; bearing_cnn_demo:u_demo|c1_product_reg[3][18] ; Merged with bearing_cnn_demo:u_demo|c1_product_reg[3][15] ;
; bearing_cnn_demo:u_demo|c1_product_reg[3][19] ; Merged with bearing_cnn_demo:u_demo|c1_product_reg[3][15] ;
; bearing_cnn_demo:u_demo|c1_product_reg[3][20] ; Merged with bearing_cnn_demo:u_demo|c1_product_reg[3][15] ;
; bearing_cnn_demo:u_demo|c1_product_reg[3][21] ; Merged with bearing_cnn_demo:u_demo|c1_product_reg[3][15] ;
; bearing_cnn_demo:u_demo|c1_product_reg[3][22] ; Merged with bearing_cnn_demo:u_demo|c1_product_reg[3][15] ;
; bearing_cnn_demo:u_demo|c1_product_reg[3][23] ; Merged with bearing_cnn_demo:u_demo|c1_product_reg[3][15] ;
; bearing_cnn_demo:u_demo|c1_product_reg[3][24] ; Merged with bearing_cnn_demo:u_demo|c1_product_reg[3][15] ;
; bearing_cnn_demo:u_demo|c1_product_reg[3][25] ; Merged with bearing_cnn_demo:u_demo|c1_product_reg[3][15] ;
; bearing_cnn_demo:u_demo|c1_product_reg[3][26] ; Merged with bearing_cnn_demo:u_demo|c1_product_reg[3][15] ;
; bearing_cnn_demo:u_demo|c1_product_reg[3][27] ; Merged with bearing_cnn_demo:u_demo|c1_product_reg[3][15] ;
; bearing_cnn_demo:u_demo|c1_product_reg[3][28] ; Merged with bearing_cnn_demo:u_demo|c1_product_reg[3][15] ;
; bearing_cnn_demo:u_demo|c1_product_reg[3][29] ; Merged with bearing_cnn_demo:u_demo|c1_product_reg[3][15] ;
; bearing_cnn_demo:u_demo|c1_product_reg[3][30] ; Merged with bearing_cnn_demo:u_demo|c1_product_reg[3][15] ;
; bearing_cnn_demo:u_demo|c1_product_reg[3][31] ; Merged with bearing_cnn_demo:u_demo|c1_product_reg[3][15] ;
; bearing_cnn_demo:u_demo|c1_product_reg[4][16] ; Merged with bearing_cnn_demo:u_demo|c1_product_reg[4][15] ;
; bearing_cnn_demo:u_demo|c1_product_reg[4][17] ; Merged with bearing_cnn_demo:u_demo|c1_product_reg[4][15] ;
; bearing_cnn_demo:u_demo|c1_product_reg[4][18] ; Merged with bearing_cnn_demo:u_demo|c1_product_reg[4][15] ;
; bearing_cnn_demo:u_demo|c1_product_reg[4][19] ; Merged with bearing_cnn_demo:u_demo|c1_product_reg[4][15] ;
; bearing_cnn_demo:u_demo|c1_product_reg[4][20] ; Merged with bearing_cnn_demo:u_demo|c1_product_reg[4][15] ;
; bearing_cnn_demo:u_demo|c1_product_reg[4][21] ; Merged with bearing_cnn_demo:u_demo|c1_product_reg[4][15] ;
; bearing_cnn_demo:u_demo|c1_product_reg[4][22] ; Merged with bearing_cnn_demo:u_demo|c1_product_reg[4][15] ;
; bearing_cnn_demo:u_demo|c1_product_reg[4][23] ; Merged with bearing_cnn_demo:u_demo|c1_product_reg[4][15] ;
; bearing_cnn_demo:u_demo|c1_product_reg[4][24] ; Merged with bearing_cnn_demo:u_demo|c1_product_reg[4][15] ;
; bearing_cnn_demo:u_demo|c1_product_reg[4][25] ; Merged with bearing_cnn_demo:u_demo|c1_product_reg[4][15] ;
; bearing_cnn_demo:u_demo|c1_product_reg[4][26] ; Merged with bearing_cnn_demo:u_demo|c1_product_reg[4][15] ;
; bearing_cnn_demo:u_demo|c1_product_reg[4][27] ; Merged with bearing_cnn_demo:u_demo|c1_product_reg[4][15] ;
; bearing_cnn_demo:u_demo|c1_product_reg[4][28] ; Merged with bearing_cnn_demo:u_demo|c1_product_reg[4][15] ;
; bearing_cnn_demo:u_demo|c1_product_reg[4][29] ; Merged with bearing_cnn_demo:u_demo|c1_product_reg[4][15] ;
; bearing_cnn_demo:u_demo|c1_product_reg[4][30] ; Merged with bearing_cnn_demo:u_demo|c1_product_reg[4][15] ;
; bearing_cnn_demo:u_demo|c1_product_reg[4][31] ; Merged with bearing_cnn_demo:u_demo|c1_product_reg[4][15] ;
; bearing_cnn_demo:u_demo|c1_product_reg[5][16] ; Merged with bearing_cnn_demo:u_demo|c1_product_reg[5][15] ;
; bearing_cnn_demo:u_demo|c1_product_reg[5][17] ; Merged with bearing_cnn_demo:u_demo|c1_product_reg[5][15] ;
; bearing_cnn_demo:u_demo|c1_product_reg[5][18] ; Merged with bearing_cnn_demo:u_demo|c1_product_reg[5][15] ;
; bearing_cnn_demo:u_demo|c1_product_reg[5][19] ; Merged with bearing_cnn_demo:u_demo|c1_product_reg[5][15] ;
; bearing_cnn_demo:u_demo|c1_product_reg[5][20] ; Merged with bearing_cnn_demo:u_demo|c1_product_reg[5][15] ;
; bearing_cnn_demo:u_demo|c1_product_reg[5][21] ; Merged with bearing_cnn_demo:u_demo|c1_product_reg[5][15] ;
; bearing_cnn_demo:u_demo|c1_product_reg[5][22] ; Merged with bearing_cnn_demo:u_demo|c1_product_reg[5][15] ;
; bearing_cnn_demo:u_demo|c1_product_reg[5][23] ; Merged with bearing_cnn_demo:u_demo|c1_product_reg[5][15] ;
; bearing_cnn_demo:u_demo|c1_product_reg[5][24] ; Merged with bearing_cnn_demo:u_demo|c1_product_reg[5][15] ;
; bearing_cnn_demo:u_demo|c1_product_reg[5][25] ; Merged with bearing_cnn_demo:u_demo|c1_product_reg[5][15] ;
; bearing_cnn_demo:u_demo|c1_product_reg[5][26] ; Merged with bearing_cnn_demo:u_demo|c1_product_reg[5][15] ;
; bearing_cnn_demo:u_demo|c1_product_reg[5][27] ; Merged with bearing_cnn_demo:u_demo|c1_product_reg[5][15] ;
; bearing_cnn_demo:u_demo|c1_product_reg[5][28] ; Merged with bearing_cnn_demo:u_demo|c1_product_reg[5][15] ;
; bearing_cnn_demo:u_demo|c1_product_reg[5][29] ; Merged with bearing_cnn_demo:u_demo|c1_product_reg[5][15] ;
; bearing_cnn_demo:u_demo|c1_product_reg[5][30] ; Merged with bearing_cnn_demo:u_demo|c1_product_reg[5][15] ;
; bearing_cnn_demo:u_demo|c1_product_reg[5][31] ; Merged with bearing_cnn_demo:u_demo|c1_product_reg[5][15] ;
; bearing_cnn_demo:u_demo|c1_product_reg[6][16] ; Merged with bearing_cnn_demo:u_demo|c1_product_reg[6][15] ;
; bearing_cnn_demo:u_demo|c1_product_reg[6][17] ; Merged with bearing_cnn_demo:u_demo|c1_product_reg[6][15] ;
; bearing_cnn_demo:u_demo|c1_product_reg[6][18] ; Merged with bearing_cnn_demo:u_demo|c1_product_reg[6][15] ;
; bearing_cnn_demo:u_demo|c1_product_reg[6][19] ; Merged with bearing_cnn_demo:u_demo|c1_product_reg[6][15] ;
; bearing_cnn_demo:u_demo|c1_product_reg[6][20] ; Merged with bearing_cnn_demo:u_demo|c1_product_reg[6][15] ;
; bearing_cnn_demo:u_demo|c1_product_reg[6][21] ; Merged with bearing_cnn_demo:u_demo|c1_product_reg[6][15] ;
; bearing_cnn_demo:u_demo|c1_product_reg[6][22] ; Merged with bearing_cnn_demo:u_demo|c1_product_reg[6][15] ;
; bearing_cnn_demo:u_demo|c1_product_reg[6][23] ; Merged with bearing_cnn_demo:u_demo|c1_product_reg[6][15] ;
; bearing_cnn_demo:u_demo|c1_product_reg[6][24] ; Merged with bearing_cnn_demo:u_demo|c1_product_reg[6][15] ;
; bearing_cnn_demo:u_demo|c1_product_reg[6][25] ; Merged with bearing_cnn_demo:u_demo|c1_product_reg[6][15] ;
; bearing_cnn_demo:u_demo|c1_product_reg[6][26] ; Merged with bearing_cnn_demo:u_demo|c1_product_reg[6][15] ;
; bearing_cnn_demo:u_demo|c1_product_reg[6][27] ; Merged with bearing_cnn_demo:u_demo|c1_product_reg[6][15] ;
; bearing_cnn_demo:u_demo|c1_product_reg[6][28] ; Merged with bearing_cnn_demo:u_demo|c1_product_reg[6][15] ;
; bearing_cnn_demo:u_demo|c1_product_reg[6][29] ; Merged with bearing_cnn_demo:u_demo|c1_product_reg[6][15] ;
; bearing_cnn_demo:u_demo|c1_product_reg[6][30] ; Merged with bearing_cnn_demo:u_demo|c1_product_reg[6][15] ;
; bearing_cnn_demo:u_demo|c1_product_reg[6][31] ; Merged with bearing_cnn_demo:u_demo|c1_product_reg[6][15] ;
; bearing_cnn_demo:u_demo|c1_product_reg[7][16] ; Merged with bearing_cnn_demo:u_demo|c1_product_reg[7][15] ;
; bearing_cnn_demo:u_demo|c1_product_reg[7][17] ; Merged with bearing_cnn_demo:u_demo|c1_product_reg[7][15] ;
; bearing_cnn_demo:u_demo|c1_product_reg[7][18] ; Merged with bearing_cnn_demo:u_demo|c1_product_reg[7][15] ;
; bearing_cnn_demo:u_demo|c1_product_reg[7][19] ; Merged with bearing_cnn_demo:u_demo|c1_product_reg[7][15] ;
; bearing_cnn_demo:u_demo|c1_product_reg[7][20] ; Merged with bearing_cnn_demo:u_demo|c1_product_reg[7][15] ;
; bearing_cnn_demo:u_demo|c1_product_reg[7][21] ; Merged with bearing_cnn_demo:u_demo|c1_product_reg[7][15] ;
; bearing_cnn_demo:u_demo|c1_product_reg[7][22] ; Merged with bearing_cnn_demo:u_demo|c1_product_reg[7][15] ;
; bearing_cnn_demo:u_demo|c1_product_reg[7][23] ; Merged with bearing_cnn_demo:u_demo|c1_product_reg[7][15] ;
; bearing_cnn_demo:u_demo|c1_product_reg[7][24] ; Merged with bearing_cnn_demo:u_demo|c1_product_reg[7][15] ;
; bearing_cnn_demo:u_demo|c1_product_reg[7][25] ; Merged with bearing_cnn_demo:u_demo|c1_product_reg[7][15] ;
; bearing_cnn_demo:u_demo|c1_product_reg[7][26] ; Merged with bearing_cnn_demo:u_demo|c1_product_reg[7][15] ;
; bearing_cnn_demo:u_demo|c1_product_reg[7][27] ; Merged with bearing_cnn_demo:u_demo|c1_product_reg[7][15] ;
; bearing_cnn_demo:u_demo|c1_product_reg[7][28] ; Merged with bearing_cnn_demo:u_demo|c1_product_reg[7][15] ;
; bearing_cnn_demo:u_demo|c1_product_reg[7][29] ; Merged with bearing_cnn_demo:u_demo|c1_product_reg[7][15] ;
; bearing_cnn_demo:u_demo|c1_product_reg[7][30] ; Merged with bearing_cnn_demo:u_demo|c1_product_reg[7][15] ;
; bearing_cnn_demo:u_demo|c1_product_reg[7][31] ; Merged with bearing_cnn_demo:u_demo|c1_product_reg[7][15] ;
; bearing_cnn_demo:u_demo|c1_mem[0][7]          ; Stuck at GND due to stuck port data_in                    ;
; bearing_cnn_demo:u_demo|c1_mem[1][7]          ; Stuck at GND due to stuck port data_in                    ;
; bearing_cnn_demo:u_demo|c1_mem[2][7]          ; Stuck at GND due to stuck port data_in                    ;
; bearing_cnn_demo:u_demo|c1_mem[3][7]          ; Stuck at GND due to stuck port data_in                    ;
; bearing_cnn_demo:u_demo|c1_mem[4][7]          ; Stuck at GND due to stuck port data_in                    ;
; bearing_cnn_demo:u_demo|c1_mem[5][7]          ; Stuck at GND due to stuck port data_in                    ;
; bearing_cnn_demo:u_demo|c1_mem[6][7]          ; Stuck at GND due to stuck port data_in                    ;
; bearing_cnn_demo:u_demo|c1_mem[7][7]          ; Stuck at GND due to stuck port data_in                    ;
; bearing_cnn_demo:u_demo|c1_mem[8][7]          ; Stuck at GND due to stuck port data_in                    ;
; bearing_cnn_demo:u_demo|c1_mem[9][7]          ; Stuck at GND due to stuck port data_in                    ;
; bearing_cnn_demo:u_demo|c1_mem[10][7]         ; Stuck at GND due to stuck port data_in                    ;
; bearing_cnn_demo:u_demo|c1_mem[11][7]         ; Stuck at GND due to stuck port data_in                    ;
; bearing_cnn_demo:u_demo|c1_mem[12][7]         ; Stuck at GND due to stuck port data_in                    ;
; bearing_cnn_demo:u_demo|c1_mem[13][7]         ; Stuck at GND due to stuck port data_in                    ;
; bearing_cnn_demo:u_demo|c1_mem[14][7]         ; Stuck at GND due to stuck port data_in                    ;
; bearing_cnn_demo:u_demo|c1_mem[15][7]         ; Stuck at GND due to stuck port data_in                    ;
; bearing_cnn_demo:u_demo|c1_mem[16][7]         ; Stuck at GND due to stuck port data_in                    ;
; bearing_cnn_demo:u_demo|c1_mem[17][7]         ; Stuck at GND due to stuck port data_in                    ;
; bearing_cnn_demo:u_demo|c1_mem[18][7]         ; Stuck at GND due to stuck port data_in                    ;
; bearing_cnn_demo:u_demo|c1_mem[19][7]         ; Stuck at GND due to stuck port data_in                    ;
; bearing_cnn_demo:u_demo|c1_mem[20][7]         ; Stuck at GND due to stuck port data_in                    ;
; bearing_cnn_demo:u_demo|c1_mem[21][7]         ; Stuck at GND due to stuck port data_in                    ;
; bearing_cnn_demo:u_demo|c1_mem[22][7]         ; Stuck at GND due to stuck port data_in                    ;
; bearing_cnn_demo:u_demo|c1_mem[23][7]         ; Stuck at GND due to stuck port data_in                    ;
; bearing_cnn_demo:u_demo|c1_mem[24][7]         ; Stuck at GND due to stuck port data_in                    ;
; bearing_cnn_demo:u_demo|c1_mem[25][7]         ; Stuck at GND due to stuck port data_in                    ;
; bearing_cnn_demo:u_demo|c1_mem[26][7]         ; Stuck at GND due to stuck port data_in                    ;
; bearing_cnn_demo:u_demo|c1_mem[27][7]         ; Stuck at GND due to stuck port data_in                    ;
; bearing_cnn_demo:u_demo|c1_mem[28][7]         ; Stuck at GND due to stuck port data_in                    ;
; bearing_cnn_demo:u_demo|c1_mem[29][7]         ; Stuck at GND due to stuck port data_in                    ;
; bearing_cnn_demo:u_demo|c1_mem[30][7]         ; Stuck at GND due to stuck port data_in                    ;
; bearing_cnn_demo:u_demo|c1_mem[31][7]         ; Stuck at GND due to stuck port data_in                    ;
; bearing_cnn_demo:u_demo|c1_mem[32][7]         ; Stuck at GND due to stuck port data_in                    ;
; bearing_cnn_demo:u_demo|c1_mem[33][7]         ; Stuck at GND due to stuck port data_in                    ;
; bearing_cnn_demo:u_demo|c1_mem[34][7]         ; Stuck at GND due to stuck port data_in                    ;
; bearing_cnn_demo:u_demo|c1_mem[35][7]         ; Stuck at GND due to stuck port data_in                    ;
; bearing_cnn_demo:u_demo|c1_mem[36][7]         ; Stuck at GND due to stuck port data_in                    ;
; bearing_cnn_demo:u_demo|c1_mem[37][7]         ; Stuck at GND due to stuck port data_in                    ;
; bearing_cnn_demo:u_demo|c1_mem[38][7]         ; Stuck at GND due to stuck port data_in                    ;
; bearing_cnn_demo:u_demo|c1_mem[39][7]         ; Stuck at GND due to stuck port data_in                    ;
; bearing_cnn_demo:u_demo|c1_mem[40][7]         ; Stuck at GND due to stuck port data_in                    ;
; bearing_cnn_demo:u_demo|c1_mem[41][7]         ; Stuck at GND due to stuck port data_in                    ;
; bearing_cnn_demo:u_demo|c1_mem[42][7]         ; Stuck at GND due to stuck port data_in                    ;
; bearing_cnn_demo:u_demo|c1_mem[43][7]         ; Stuck at GND due to stuck port data_in                    ;
; bearing_cnn_demo:u_demo|c1_mem[44][7]         ; Stuck at GND due to stuck port data_in                    ;
; bearing_cnn_demo:u_demo|c1_mem[45][7]         ; Stuck at GND due to stuck port data_in                    ;
; bearing_cnn_demo:u_demo|c1_mem[46][7]         ; Stuck at GND due to stuck port data_in                    ;
; bearing_cnn_demo:u_demo|c1_mem[47][7]         ; Stuck at GND due to stuck port data_in                    ;
; bearing_cnn_demo:u_demo|c1_mem[48][7]         ; Stuck at GND due to stuck port data_in                    ;
; bearing_cnn_demo:u_demo|c1_mem[49][7]         ; Stuck at GND due to stuck port data_in                    ;
; bearing_cnn_demo:u_demo|c1_mem[50][7]         ; Stuck at GND due to stuck port data_in                    ;
; bearing_cnn_demo:u_demo|c1_mem[51][7]         ; Stuck at GND due to stuck port data_in                    ;
; bearing_cnn_demo:u_demo|c1_mem[52][7]         ; Stuck at GND due to stuck port data_in                    ;
; bearing_cnn_demo:u_demo|c1_mem[53][7]         ; Stuck at GND due to stuck port data_in                    ;
; bearing_cnn_demo:u_demo|c1_mem[54][7]         ; Stuck at GND due to stuck port data_in                    ;
; bearing_cnn_demo:u_demo|c1_mem[55][7]         ; Stuck at GND due to stuck port data_in                    ;
; bearing_cnn_demo:u_demo|c1_mem[56][7]         ; Stuck at GND due to stuck port data_in                    ;
; bearing_cnn_demo:u_demo|c1_mem[57][7]         ; Stuck at GND due to stuck port data_in                    ;
; bearing_cnn_demo:u_demo|c1_mem[58][7]         ; Stuck at GND due to stuck port data_in                    ;
; bearing_cnn_demo:u_demo|c1_mem[59][7]         ; Stuck at GND due to stuck port data_in                    ;
; bearing_cnn_demo:u_demo|c1_mem[60][7]         ; Stuck at GND due to stuck port data_in                    ;
; bearing_cnn_demo:u_demo|c1_mem[61][7]         ; Stuck at GND due to stuck port data_in                    ;
; bearing_cnn_demo:u_demo|c1_mem[62][7]         ; Stuck at GND due to stuck port data_in                    ;
; bearing_cnn_demo:u_demo|c1_mem[63][7]         ; Stuck at GND due to stuck port data_in                    ;
; bearing_cnn_demo:u_demo|c1_mem[64][7]         ; Stuck at GND due to stuck port data_in                    ;
; bearing_cnn_demo:u_demo|c1_mem[65][7]         ; Stuck at GND due to stuck port data_in                    ;
; bearing_cnn_demo:u_demo|c1_mem[66][7]         ; Stuck at GND due to stuck port data_in                    ;
; bearing_cnn_demo:u_demo|c1_mem[67][7]         ; Stuck at GND due to stuck port data_in                    ;
; bearing_cnn_demo:u_demo|c1_mem[68][7]         ; Stuck at GND due to stuck port data_in                    ;
; bearing_cnn_demo:u_demo|c1_mem[69][7]         ; Stuck at GND due to stuck port data_in                    ;
; bearing_cnn_demo:u_demo|c1_mem[70][7]         ; Stuck at GND due to stuck port data_in                    ;
; bearing_cnn_demo:u_demo|c1_mem[71][7]         ; Stuck at GND due to stuck port data_in                    ;
; bearing_cnn_demo:u_demo|c1_mem[72][7]         ; Stuck at GND due to stuck port data_in                    ;
; bearing_cnn_demo:u_demo|c1_mem[73][7]         ; Stuck at GND due to stuck port data_in                    ;
; bearing_cnn_demo:u_demo|c1_mem[74][7]         ; Stuck at GND due to stuck port data_in                    ;
; bearing_cnn_demo:u_demo|c1_mem[75][7]         ; Stuck at GND due to stuck port data_in                    ;
; bearing_cnn_demo:u_demo|c1_mem[76][7]         ; Stuck at GND due to stuck port data_in                    ;
; bearing_cnn_demo:u_demo|c1_mem[77][7]         ; Stuck at GND due to stuck port data_in                    ;
; bearing_cnn_demo:u_demo|c1_mem[78][7]         ; Stuck at GND due to stuck port data_in                    ;
; bearing_cnn_demo:u_demo|c1_mem[79][7]         ; Stuck at GND due to stuck port data_in                    ;
; bearing_cnn_demo:u_demo|c1_mem[80][7]         ; Stuck at GND due to stuck port data_in                    ;
; bearing_cnn_demo:u_demo|c1_mem[81][7]         ; Stuck at GND due to stuck port data_in                    ;
; bearing_cnn_demo:u_demo|c1_mem[82][7]         ; Stuck at GND due to stuck port data_in                    ;
; bearing_cnn_demo:u_demo|c1_mem[83][7]         ; Stuck at GND due to stuck port data_in                    ;
; bearing_cnn_demo:u_demo|c1_mem[84][7]         ; Stuck at GND due to stuck port data_in                    ;
; bearing_cnn_demo:u_demo|c1_mem[85][7]         ; Stuck at GND due to stuck port data_in                    ;
; bearing_cnn_demo:u_demo|c1_mem[86][7]         ; Stuck at GND due to stuck port data_in                    ;
; bearing_cnn_demo:u_demo|c1_mem[87][7]         ; Stuck at GND due to stuck port data_in                    ;
; bearing_cnn_demo:u_demo|c1_mem[88][7]         ; Stuck at GND due to stuck port data_in                    ;
; bearing_cnn_demo:u_demo|c1_mem[89][7]         ; Stuck at GND due to stuck port data_in                    ;
; bearing_cnn_demo:u_demo|c1_mem[90][7]         ; Stuck at GND due to stuck port data_in                    ;
; bearing_cnn_demo:u_demo|c1_mem[91][7]         ; Stuck at GND due to stuck port data_in                    ;
; bearing_cnn_demo:u_demo|c1_mem[92][7]         ; Stuck at GND due to stuck port data_in                    ;
; bearing_cnn_demo:u_demo|c1_mem[93][7]         ; Stuck at GND due to stuck port data_in                    ;
; bearing_cnn_demo:u_demo|c1_mem[94][7]         ; Stuck at GND due to stuck port data_in                    ;
; bearing_cnn_demo:u_demo|c1_mem[95][7]         ; Stuck at GND due to stuck port data_in                    ;
; bearing_cnn_demo:u_demo|c1_mem[96][7]         ; Stuck at GND due to stuck port data_in                    ;
; bearing_cnn_demo:u_demo|c1_mem[97][7]         ; Stuck at GND due to stuck port data_in                    ;
; bearing_cnn_demo:u_demo|c1_mem[98][7]         ; Stuck at GND due to stuck port data_in                    ;
; bearing_cnn_demo:u_demo|c1_mem[99][7]         ; Stuck at GND due to stuck port data_in                    ;
; bearing_cnn_demo:u_demo|c1_mem[100][7]        ; Stuck at GND due to stuck port data_in                    ;
; bearing_cnn_demo:u_demo|c1_mem[101][7]        ; Stuck at GND due to stuck port data_in                    ;
; bearing_cnn_demo:u_demo|c1_mem[102][7]        ; Stuck at GND due to stuck port data_in                    ;
; bearing_cnn_demo:u_demo|c1_mem[103][7]        ; Stuck at GND due to stuck port data_in                    ;
; bearing_cnn_demo:u_demo|c1_mem[104][7]        ; Stuck at GND due to stuck port data_in                    ;
; bearing_cnn_demo:u_demo|c1_mem[105][7]        ; Stuck at GND due to stuck port data_in                    ;
; bearing_cnn_demo:u_demo|c1_mem[106][7]        ; Stuck at GND due to stuck port data_in                    ;
; bearing_cnn_demo:u_demo|c1_mem[107][7]        ; Stuck at GND due to stuck port data_in                    ;
; bearing_cnn_demo:u_demo|c1_mem[108][7]        ; Stuck at GND due to stuck port data_in                    ;
; bearing_cnn_demo:u_demo|c1_mem[109][7]        ; Stuck at GND due to stuck port data_in                    ;
; bearing_cnn_demo:u_demo|c1_mem[110][7]        ; Stuck at GND due to stuck port data_in                    ;
; bearing_cnn_demo:u_demo|c1_mem[111][7]        ; Stuck at GND due to stuck port data_in                    ;
; bearing_cnn_demo:u_demo|c1_mem[112][7]        ; Stuck at GND due to stuck port data_in                    ;
; bearing_cnn_demo:u_demo|c1_mem[113][7]        ; Stuck at GND due to stuck port data_in                    ;
; bearing_cnn_demo:u_demo|c1_mem[114][7]        ; Stuck at GND due to stuck port data_in                    ;
; bearing_cnn_demo:u_demo|c1_mem[115][7]        ; Stuck at GND due to stuck port data_in                    ;
; bearing_cnn_demo:u_demo|c1_mem[116][7]        ; Stuck at GND due to stuck port data_in                    ;
; bearing_cnn_demo:u_demo|c1_mem[117][7]        ; Stuck at GND due to stuck port data_in                    ;
; bearing_cnn_demo:u_demo|c1_mem[118][7]        ; Stuck at GND due to stuck port data_in                    ;
; bearing_cnn_demo:u_demo|c1_mem[119][7]        ; Stuck at GND due to stuck port data_in                    ;
; bearing_cnn_demo:u_demo|c1_mem[120][7]        ; Stuck at GND due to stuck port data_in                    ;
; bearing_cnn_demo:u_demo|c1_mem[121][7]        ; Stuck at GND due to stuck port data_in                    ;
; bearing_cnn_demo:u_demo|c1_mem[122][7]        ; Stuck at GND due to stuck port data_in                    ;
; bearing_cnn_demo:u_demo|c1_mem[123][7]        ; Stuck at GND due to stuck port data_in                    ;
; bearing_cnn_demo:u_demo|c1_mem[124][7]        ; Stuck at GND due to stuck port data_in                    ;
; bearing_cnn_demo:u_demo|c1_mem[125][7]        ; Stuck at GND due to stuck port data_in                    ;
; bearing_cnn_demo:u_demo|c1_mem[126][7]        ; Stuck at GND due to stuck port data_in                    ;
; bearing_cnn_demo:u_demo|c1_mem[127][7]        ; Stuck at GND due to stuck port data_in                    ;
; bearing_cnn_demo:u_demo|c1_mem[128][7]        ; Stuck at GND due to stuck port data_in                    ;
; bearing_cnn_demo:u_demo|c1_mem[129][7]        ; Stuck at GND due to stuck port data_in                    ;
; bearing_cnn_demo:u_demo|c1_mem[130][7]        ; Stuck at GND due to stuck port data_in                    ;
; bearing_cnn_demo:u_demo|c1_mem[131][7]        ; Stuck at GND due to stuck port data_in                    ;
; bearing_cnn_demo:u_demo|c1_mem[132][7]        ; Stuck at GND due to stuck port data_in                    ;
; bearing_cnn_demo:u_demo|c1_mem[133][7]        ; Stuck at GND due to stuck port data_in                    ;
; bearing_cnn_demo:u_demo|c1_mem[134][7]        ; Stuck at GND due to stuck port data_in                    ;
; bearing_cnn_demo:u_demo|c1_mem[135][7]        ; Stuck at GND due to stuck port data_in                    ;
; bearing_cnn_demo:u_demo|c1_mem[136][7]        ; Stuck at GND due to stuck port data_in                    ;
; bearing_cnn_demo:u_demo|c1_mem[137][7]        ; Stuck at GND due to stuck port data_in                    ;
; bearing_cnn_demo:u_demo|c1_mem[138][7]        ; Stuck at GND due to stuck port data_in                    ;
; bearing_cnn_demo:u_demo|c1_mem[139][7]        ; Stuck at GND due to stuck port data_in                    ;
; bearing_cnn_demo:u_demo|c1_mem[140][7]        ; Stuck at GND due to stuck port data_in                    ;
; bearing_cnn_demo:u_demo|c1_mem[141][7]        ; Stuck at GND due to stuck port data_in                    ;
; bearing_cnn_demo:u_demo|c1_mem[142][7]        ; Stuck at GND due to stuck port data_in                    ;
; bearing_cnn_demo:u_demo|c1_mem[143][7]        ; Stuck at GND due to stuck port data_in                    ;
; bearing_cnn_demo:u_demo|c1_mem[144][7]        ; Stuck at GND due to stuck port data_in                    ;
; bearing_cnn_demo:u_demo|c1_mem[145][7]        ; Stuck at GND due to stuck port data_in                    ;
; bearing_cnn_demo:u_demo|c1_mem[146][7]        ; Stuck at GND due to stuck port data_in                    ;
; bearing_cnn_demo:u_demo|c1_mem[147][7]        ; Stuck at GND due to stuck port data_in                    ;
; bearing_cnn_demo:u_demo|c1_mem[148][7]        ; Stuck at GND due to stuck port data_in                    ;
; bearing_cnn_demo:u_demo|c1_mem[149][7]        ; Stuck at GND due to stuck port data_in                    ;
; bearing_cnn_demo:u_demo|c1_mem[150][7]        ; Stuck at GND due to stuck port data_in                    ;
; bearing_cnn_demo:u_demo|c1_mem[151][7]        ; Stuck at GND due to stuck port data_in                    ;
; bearing_cnn_demo:u_demo|c1_mem[152][7]        ; Stuck at GND due to stuck port data_in                    ;
; bearing_cnn_demo:u_demo|c1_mem[153][7]        ; Stuck at GND due to stuck port data_in                    ;
; bearing_cnn_demo:u_demo|c1_mem[154][7]        ; Stuck at GND due to stuck port data_in                    ;
; bearing_cnn_demo:u_demo|c1_mem[155][7]        ; Stuck at GND due to stuck port data_in                    ;
; bearing_cnn_demo:u_demo|c1_mem[156][7]        ; Stuck at GND due to stuck port data_in                    ;
; bearing_cnn_demo:u_demo|c1_mem[157][7]        ; Stuck at GND due to stuck port data_in                    ;
; bearing_cnn_demo:u_demo|c1_mem[158][7]        ; Stuck at GND due to stuck port data_in                    ;
; bearing_cnn_demo:u_demo|c1_mem[159][7]        ; Stuck at GND due to stuck port data_in                    ;
; bearing_cnn_demo:u_demo|c1_mem[160][7]        ; Stuck at GND due to stuck port data_in                    ;
; bearing_cnn_demo:u_demo|c1_mem[161][7]        ; Stuck at GND due to stuck port data_in                    ;
; bearing_cnn_demo:u_demo|c1_mem[162][7]        ; Stuck at GND due to stuck port data_in                    ;
; bearing_cnn_demo:u_demo|c1_mem[163][7]        ; Stuck at GND due to stuck port data_in                    ;
; bearing_cnn_demo:u_demo|c1_mem[164][7]        ; Stuck at GND due to stuck port data_in                    ;
; bearing_cnn_demo:u_demo|c1_mem[165][7]        ; Stuck at GND due to stuck port data_in                    ;
; bearing_cnn_demo:u_demo|c1_mem[166][7]        ; Stuck at GND due to stuck port data_in                    ;
; bearing_cnn_demo:u_demo|c1_mem[167][7]        ; Stuck at GND due to stuck port data_in                    ;
; bearing_cnn_demo:u_demo|c1_mem[168][7]        ; Stuck at GND due to stuck port data_in                    ;
; bearing_cnn_demo:u_demo|c1_mem[169][7]        ; Stuck at GND due to stuck port data_in                    ;
; bearing_cnn_demo:u_demo|c1_mem[170][7]        ; Stuck at GND due to stuck port data_in                    ;
; bearing_cnn_demo:u_demo|c1_mem[171][7]        ; Stuck at GND due to stuck port data_in                    ;
; bearing_cnn_demo:u_demo|c1_mem[172][7]        ; Stuck at GND due to stuck port data_in                    ;
; bearing_cnn_demo:u_demo|c1_mem[173][7]        ; Stuck at GND due to stuck port data_in                    ;
; bearing_cnn_demo:u_demo|c1_mem[174][7]        ; Stuck at GND due to stuck port data_in                    ;
; bearing_cnn_demo:u_demo|c1_mem[175][7]        ; Stuck at GND due to stuck port data_in                    ;
; bearing_cnn_demo:u_demo|c1_mem[176][7]        ; Stuck at GND due to stuck port data_in                    ;
; bearing_cnn_demo:u_demo|c1_mem[177][7]        ; Stuck at GND due to stuck port data_in                    ;
; bearing_cnn_demo:u_demo|c1_mem[178][7]        ; Stuck at GND due to stuck port data_in                    ;
; bearing_cnn_demo:u_demo|c1_mem[179][7]        ; Stuck at GND due to stuck port data_in                    ;
; bearing_cnn_demo:u_demo|c1_mem[180][7]        ; Stuck at GND due to stuck port data_in                    ;
; bearing_cnn_demo:u_demo|c1_mem[181][7]        ; Stuck at GND due to stuck port data_in                    ;
; bearing_cnn_demo:u_demo|c1_mem[182][7]        ; Stuck at GND due to stuck port data_in                    ;
; bearing_cnn_demo:u_demo|c1_mem[183][7]        ; Stuck at GND due to stuck port data_in                    ;
; bearing_cnn_demo:u_demo|c1_mem[184][7]        ; Stuck at GND due to stuck port data_in                    ;
; bearing_cnn_demo:u_demo|c1_mem[185][7]        ; Stuck at GND due to stuck port data_in                    ;
; bearing_cnn_demo:u_demo|c1_mem[186][7]        ; Stuck at GND due to stuck port data_in                    ;
; bearing_cnn_demo:u_demo|c1_mem[187][7]        ; Stuck at GND due to stuck port data_in                    ;
; bearing_cnn_demo:u_demo|c1_mem[188][7]        ; Stuck at GND due to stuck port data_in                    ;
; bearing_cnn_demo:u_demo|c1_mem[189][7]        ; Stuck at GND due to stuck port data_in                    ;
; bearing_cnn_demo:u_demo|c1_mem[190][7]        ; Stuck at GND due to stuck port data_in                    ;
; bearing_cnn_demo:u_demo|c1_mem[191][7]        ; Stuck at GND due to stuck port data_in                    ;
; bearing_cnn_demo:u_demo|c1_mem[192][7]        ; Stuck at GND due to stuck port data_in                    ;
; bearing_cnn_demo:u_demo|c1_mem[193][7]        ; Stuck at GND due to stuck port data_in                    ;
; bearing_cnn_demo:u_demo|c1_mem[194][7]        ; Stuck at GND due to stuck port data_in                    ;
; bearing_cnn_demo:u_demo|c1_mem[195][7]        ; Stuck at GND due to stuck port data_in                    ;
; bearing_cnn_demo:u_demo|c1_mem[196][7]        ; Stuck at GND due to stuck port data_in                    ;
; bearing_cnn_demo:u_demo|c1_mem[197][7]        ; Stuck at GND due to stuck port data_in                    ;
; bearing_cnn_demo:u_demo|c1_mem[198][7]        ; Stuck at GND due to stuck port data_in                    ;
; bearing_cnn_demo:u_demo|c1_mem[199][7]        ; Stuck at GND due to stuck port data_in                    ;
; bearing_cnn_demo:u_demo|c1_mem[200][7]        ; Stuck at GND due to stuck port data_in                    ;
; bearing_cnn_demo:u_demo|c1_mem[201][7]        ; Stuck at GND due to stuck port data_in                    ;
; bearing_cnn_demo:u_demo|c1_mem[202][7]        ; Stuck at GND due to stuck port data_in                    ;
; bearing_cnn_demo:u_demo|c1_mem[203][7]        ; Stuck at GND due to stuck port data_in                    ;
; bearing_cnn_demo:u_demo|c1_mem[204][7]        ; Stuck at GND due to stuck port data_in                    ;
; bearing_cnn_demo:u_demo|c1_mem[205][7]        ; Stuck at GND due to stuck port data_in                    ;
; bearing_cnn_demo:u_demo|c1_mem[206][7]        ; Stuck at GND due to stuck port data_in                    ;
; bearing_cnn_demo:u_demo|c1_mem[207][7]        ; Stuck at GND due to stuck port data_in                    ;
; bearing_cnn_demo:u_demo|c1_mem[208][7]        ; Stuck at GND due to stuck port data_in                    ;
; bearing_cnn_demo:u_demo|c1_mem[209][7]        ; Stuck at GND due to stuck port data_in                    ;
; bearing_cnn_demo:u_demo|c1_mem[210][7]        ; Stuck at GND due to stuck port data_in                    ;
; bearing_cnn_demo:u_demo|c1_mem[211][7]        ; Stuck at GND due to stuck port data_in                    ;
; bearing_cnn_demo:u_demo|c1_mem[212][7]        ; Stuck at GND due to stuck port data_in                    ;
; bearing_cnn_demo:u_demo|c1_mem[213][7]        ; Stuck at GND due to stuck port data_in                    ;
; bearing_cnn_demo:u_demo|c1_mem[214][7]        ; Stuck at GND due to stuck port data_in                    ;
; bearing_cnn_demo:u_demo|c1_mem[215][7]        ; Stuck at GND due to stuck port data_in                    ;
; bearing_cnn_demo:u_demo|c1_mem[216][7]        ; Stuck at GND due to stuck port data_in                    ;
; bearing_cnn_demo:u_demo|c1_mem[217][7]        ; Stuck at GND due to stuck port data_in                    ;
; bearing_cnn_demo:u_demo|c1_mem[218][7]        ; Stuck at GND due to stuck port data_in                    ;
; bearing_cnn_demo:u_demo|c1_mem[219][7]        ; Stuck at GND due to stuck port data_in                    ;
; bearing_cnn_demo:u_demo|c1_mem[220][7]        ; Stuck at GND due to stuck port data_in                    ;
; bearing_cnn_demo:u_demo|c1_mem[221][7]        ; Stuck at GND due to stuck port data_in                    ;
; bearing_cnn_demo:u_demo|c1_mem[222][7]        ; Stuck at GND due to stuck port data_in                    ;
; bearing_cnn_demo:u_demo|c1_mem[223][7]        ; Stuck at GND due to stuck port data_in                    ;
; bearing_cnn_demo:u_demo|c1_mem[224][7]        ; Stuck at GND due to stuck port data_in                    ;
; bearing_cnn_demo:u_demo|c1_mem[225][7]        ; Stuck at GND due to stuck port data_in                    ;
; bearing_cnn_demo:u_demo|c1_mem[226][7]        ; Stuck at GND due to stuck port data_in                    ;
; bearing_cnn_demo:u_demo|c1_mem[227][7]        ; Stuck at GND due to stuck port data_in                    ;
; bearing_cnn_demo:u_demo|c1_mem[228][7]        ; Stuck at GND due to stuck port data_in                    ;
; bearing_cnn_demo:u_demo|c1_mem[229][7]        ; Stuck at GND due to stuck port data_in                    ;
; bearing_cnn_demo:u_demo|c1_mem[230][7]        ; Stuck at GND due to stuck port data_in                    ;
; bearing_cnn_demo:u_demo|c1_mem[231][7]        ; Stuck at GND due to stuck port data_in                    ;
; bearing_cnn_demo:u_demo|c1_mem[232][7]        ; Stuck at GND due to stuck port data_in                    ;
; bearing_cnn_demo:u_demo|c1_mem[233][7]        ; Stuck at GND due to stuck port data_in                    ;
; bearing_cnn_demo:u_demo|c1_mem[234][7]        ; Stuck at GND due to stuck port data_in                    ;
; bearing_cnn_demo:u_demo|c1_mem[235][7]        ; Stuck at GND due to stuck port data_in                    ;
; bearing_cnn_demo:u_demo|c1_mem[236][7]        ; Stuck at GND due to stuck port data_in                    ;
; bearing_cnn_demo:u_demo|c1_mem[237][7]        ; Stuck at GND due to stuck port data_in                    ;
; bearing_cnn_demo:u_demo|c1_mem[238][7]        ; Stuck at GND due to stuck port data_in                    ;
; bearing_cnn_demo:u_demo|c1_mem[239][7]        ; Stuck at GND due to stuck port data_in                    ;
; bearing_cnn_demo:u_demo|c1_mem[240][7]        ; Stuck at GND due to stuck port data_in                    ;
; bearing_cnn_demo:u_demo|c1_mem[241][7]        ; Stuck at GND due to stuck port data_in                    ;
; bearing_cnn_demo:u_demo|c1_mem[242][7]        ; Stuck at GND due to stuck port data_in                    ;
; bearing_cnn_demo:u_demo|c1_mem[243][7]        ; Stuck at GND due to stuck port data_in                    ;
; bearing_cnn_demo:u_demo|c1_mem[244][7]        ; Stuck at GND due to stuck port data_in                    ;
; bearing_cnn_demo:u_demo|c1_mem[245][7]        ; Stuck at GND due to stuck port data_in                    ;
; bearing_cnn_demo:u_demo|c1_mem[246][7]        ; Stuck at GND due to stuck port data_in                    ;
; bearing_cnn_demo:u_demo|c1_mem[247][7]        ; Stuck at GND due to stuck port data_in                    ;
; bearing_cnn_demo:u_demo|c1_mem[248][7]        ; Stuck at GND due to stuck port data_in                    ;
; bearing_cnn_demo:u_demo|c1_mem[249][7]        ; Stuck at GND due to stuck port data_in                    ;
; bearing_cnn_demo:u_demo|c1_mem[250][7]        ; Stuck at GND due to stuck port data_in                    ;
; bearing_cnn_demo:u_demo|c1_mem[251][7]        ; Stuck at GND due to stuck port data_in                    ;
; bearing_cnn_demo:u_demo|c1_mem[252][7]        ; Stuck at GND due to stuck port data_in                    ;
; bearing_cnn_demo:u_demo|c1_mem[253][7]        ; Stuck at GND due to stuck port data_in                    ;
; bearing_cnn_demo:u_demo|c1_mem[254][7]        ; Stuck at GND due to stuck port data_in                    ;
; bearing_cnn_demo:u_demo|c1_mem[255][7]        ; Stuck at GND due to stuck port data_in                    ;
; bearing_cnn_demo:u_demo|c1_mem[256][7]        ; Stuck at GND due to stuck port data_in                    ;
; bearing_cnn_demo:u_demo|c1_mem[257][7]        ; Stuck at GND due to stuck port data_in                    ;
; bearing_cnn_demo:u_demo|c1_mem[258][7]        ; Stuck at GND due to stuck port data_in                    ;
; bearing_cnn_demo:u_demo|c1_mem[259][7]        ; Stuck at GND due to stuck port data_in                    ;
; bearing_cnn_demo:u_demo|c1_mem[260][7]        ; Stuck at GND due to stuck port data_in                    ;
; bearing_cnn_demo:u_demo|c1_mem[261][7]        ; Stuck at GND due to stuck port data_in                    ;
; bearing_cnn_demo:u_demo|c1_mem[262][7]        ; Stuck at GND due to stuck port data_in                    ;
; bearing_cnn_demo:u_demo|c1_mem[263][7]        ; Stuck at GND due to stuck port data_in                    ;
; bearing_cnn_demo:u_demo|c1_mem[264][7]        ; Stuck at GND due to stuck port data_in                    ;
; bearing_cnn_demo:u_demo|c1_mem[265][7]        ; Stuck at GND due to stuck port data_in                    ;
; bearing_cnn_demo:u_demo|c1_mem[266][7]        ; Stuck at GND due to stuck port data_in                    ;
; bearing_cnn_demo:u_demo|c1_mem[267][7]        ; Stuck at GND due to stuck port data_in                    ;
; bearing_cnn_demo:u_demo|c1_mem[268][7]        ; Stuck at GND due to stuck port data_in                    ;
; bearing_cnn_demo:u_demo|c1_mem[269][7]        ; Stuck at GND due to stuck port data_in                    ;
; bearing_cnn_demo:u_demo|c1_mem[270][7]        ; Stuck at GND due to stuck port data_in                    ;
; bearing_cnn_demo:u_demo|c1_mem[271][7]        ; Stuck at GND due to stuck port data_in                    ;
; bearing_cnn_demo:u_demo|c1_mem[272][7]        ; Stuck at GND due to stuck port data_in                    ;
; bearing_cnn_demo:u_demo|c1_mem[273][7]        ; Stuck at GND due to stuck port data_in                    ;
; bearing_cnn_demo:u_demo|c1_mem[274][7]        ; Stuck at GND due to stuck port data_in                    ;
; bearing_cnn_demo:u_demo|c1_mem[275][7]        ; Stuck at GND due to stuck port data_in                    ;
; bearing_cnn_demo:u_demo|c1_mem[276][7]        ; Stuck at GND due to stuck port data_in                    ;
; bearing_cnn_demo:u_demo|c1_mem[277][7]        ; Stuck at GND due to stuck port data_in                    ;
; bearing_cnn_demo:u_demo|c1_mem[278][7]        ; Stuck at GND due to stuck port data_in                    ;
; bearing_cnn_demo:u_demo|c1_mem[279][7]        ; Stuck at GND due to stuck port data_in                    ;
; bearing_cnn_demo:u_demo|c1_mem[280][7]        ; Stuck at GND due to stuck port data_in                    ;
; bearing_cnn_demo:u_demo|c1_mem[281][7]        ; Stuck at GND due to stuck port data_in                    ;
; bearing_cnn_demo:u_demo|c1_mem[282][7]        ; Stuck at GND due to stuck port data_in                    ;
; bearing_cnn_demo:u_demo|c1_mem[283][7]        ; Stuck at GND due to stuck port data_in                    ;
; bearing_cnn_demo:u_demo|c1_mem[284][7]        ; Stuck at GND due to stuck port data_in                    ;
; bearing_cnn_demo:u_demo|c1_mem[285][7]        ; Stuck at GND due to stuck port data_in                    ;
; bearing_cnn_demo:u_demo|c1_mem[286][7]        ; Stuck at GND due to stuck port data_in                    ;
; bearing_cnn_demo:u_demo|c1_mem[287][7]        ; Stuck at GND due to stuck port data_in                    ;
; bearing_cnn_demo:u_demo|c1_mem[288][7]        ; Stuck at GND due to stuck port data_in                    ;
; bearing_cnn_demo:u_demo|c1_mem[289][7]        ; Stuck at GND due to stuck port data_in                    ;
; bearing_cnn_demo:u_demo|c1_mem[290][7]        ; Stuck at GND due to stuck port data_in                    ;
; bearing_cnn_demo:u_demo|c1_mem[291][7]        ; Stuck at GND due to stuck port data_in                    ;
; bearing_cnn_demo:u_demo|c1_mem[292][7]        ; Stuck at GND due to stuck port data_in                    ;
; bearing_cnn_demo:u_demo|c1_mem[293][7]        ; Stuck at GND due to stuck port data_in                    ;
; bearing_cnn_demo:u_demo|c1_mem[294][7]        ; Stuck at GND due to stuck port data_in                    ;
; bearing_cnn_demo:u_demo|c1_mem[295][7]        ; Stuck at GND due to stuck port data_in                    ;
; bearing_cnn_demo:u_demo|c1_mem[296][7]        ; Stuck at GND due to stuck port data_in                    ;
; bearing_cnn_demo:u_demo|c1_mem[297][7]        ; Stuck at GND due to stuck port data_in                    ;
; bearing_cnn_demo:u_demo|c1_mem[298][7]        ; Stuck at GND due to stuck port data_in                    ;
; bearing_cnn_demo:u_demo|c1_mem[299][7]        ; Stuck at GND due to stuck port data_in                    ;
; bearing_cnn_demo:u_demo|c1_mem[300][7]        ; Stuck at GND due to stuck port data_in                    ;
; bearing_cnn_demo:u_demo|c1_mem[301][7]        ; Stuck at GND due to stuck port data_in                    ;
; bearing_cnn_demo:u_demo|c1_mem[302][7]        ; Stuck at GND due to stuck port data_in                    ;
; bearing_cnn_demo:u_demo|c1_mem[303][7]        ; Stuck at GND due to stuck port data_in                    ;
; bearing_cnn_demo:u_demo|c1_mem[304][7]        ; Stuck at GND due to stuck port data_in                    ;
; bearing_cnn_demo:u_demo|c1_mem[305][7]        ; Stuck at GND due to stuck port data_in                    ;
; bearing_cnn_demo:u_demo|c1_mem[306][7]        ; Stuck at GND due to stuck port data_in                    ;
; bearing_cnn_demo:u_demo|c1_mem[307][7]        ; Stuck at GND due to stuck port data_in                    ;
; bearing_cnn_demo:u_demo|c1_mem[308][7]        ; Stuck at GND due to stuck port data_in                    ;
; bearing_cnn_demo:u_demo|c1_mem[309][7]        ; Stuck at GND due to stuck port data_in                    ;
; bearing_cnn_demo:u_demo|c1_mem[310][7]        ; Stuck at GND due to stuck port data_in                    ;
; bearing_cnn_demo:u_demo|c1_mem[311][7]        ; Stuck at GND due to stuck port data_in                    ;
; bearing_cnn_demo:u_demo|c1_mem[312][7]        ; Stuck at GND due to stuck port data_in                    ;
; bearing_cnn_demo:u_demo|c1_mem[313][7]        ; Stuck at GND due to stuck port data_in                    ;
; bearing_cnn_demo:u_demo|c1_mem[314][7]        ; Stuck at GND due to stuck port data_in                    ;
; bearing_cnn_demo:u_demo|c1_mem[315][7]        ; Stuck at GND due to stuck port data_in                    ;
; bearing_cnn_demo:u_demo|c1_mem[316][7]        ; Stuck at GND due to stuck port data_in                    ;
; bearing_cnn_demo:u_demo|c1_mem[317][7]        ; Stuck at GND due to stuck port data_in                    ;
; bearing_cnn_demo:u_demo|c1_mem[318][7]        ; Stuck at GND due to stuck port data_in                    ;
; bearing_cnn_demo:u_demo|c1_mem[319][7]        ; Stuck at GND due to stuck port data_in                    ;
; bearing_cnn_demo:u_demo|c1_mem[320][7]        ; Stuck at GND due to stuck port data_in                    ;
; bearing_cnn_demo:u_demo|c1_mem[321][7]        ; Stuck at GND due to stuck port data_in                    ;
; bearing_cnn_demo:u_demo|c1_mem[322][7]        ; Stuck at GND due to stuck port data_in                    ;
; bearing_cnn_demo:u_demo|c1_mem[323][7]        ; Stuck at GND due to stuck port data_in                    ;
; bearing_cnn_demo:u_demo|c1_mem[324][7]        ; Stuck at GND due to stuck port data_in                    ;
; bearing_cnn_demo:u_demo|c1_mem[325][7]        ; Stuck at GND due to stuck port data_in                    ;
; bearing_cnn_demo:u_demo|c1_mem[326][7]        ; Stuck at GND due to stuck port data_in                    ;
; bearing_cnn_demo:u_demo|c1_mem[327][7]        ; Stuck at GND due to stuck port data_in                    ;
; bearing_cnn_demo:u_demo|c1_mem[328][7]        ; Stuck at GND due to stuck port data_in                    ;
; bearing_cnn_demo:u_demo|c1_mem[329][7]        ; Stuck at GND due to stuck port data_in                    ;
; bearing_cnn_demo:u_demo|c1_mem[330][7]        ; Stuck at GND due to stuck port data_in                    ;
; bearing_cnn_demo:u_demo|c1_mem[331][7]        ; Stuck at GND due to stuck port data_in                    ;
; bearing_cnn_demo:u_demo|c1_mem[332][7]        ; Stuck at GND due to stuck port data_in                    ;
; bearing_cnn_demo:u_demo|c1_mem[333][7]        ; Stuck at GND due to stuck port data_in                    ;
; bearing_cnn_demo:u_demo|c1_mem[334][7]        ; Stuck at GND due to stuck port data_in                    ;
; bearing_cnn_demo:u_demo|c1_mem[335][7]        ; Stuck at GND due to stuck port data_in                    ;
; bearing_cnn_demo:u_demo|c1_mem[336][7]        ; Stuck at GND due to stuck port data_in                    ;
; bearing_cnn_demo:u_demo|c1_mem[337][7]        ; Stuck at GND due to stuck port data_in                    ;
; bearing_cnn_demo:u_demo|c1_mem[338][7]        ; Stuck at GND due to stuck port data_in                    ;
; bearing_cnn_demo:u_demo|c1_mem[339][7]        ; Stuck at GND due to stuck port data_in                    ;
; bearing_cnn_demo:u_demo|c1_mem[340][7]        ; Stuck at GND due to stuck port data_in                    ;
; bearing_cnn_demo:u_demo|c1_mem[341][7]        ; Stuck at GND due to stuck port data_in                    ;
; bearing_cnn_demo:u_demo|c1_mem[342][7]        ; Stuck at GND due to stuck port data_in                    ;
; bearing_cnn_demo:u_demo|c1_mem[343][7]        ; Stuck at GND due to stuck port data_in                    ;
; bearing_cnn_demo:u_demo|c1_mem[344][7]        ; Stuck at GND due to stuck port data_in                    ;
; bearing_cnn_demo:u_demo|c1_mem[345][7]        ; Stuck at GND due to stuck port data_in                    ;
; bearing_cnn_demo:u_demo|c1_mem[346][7]        ; Stuck at GND due to stuck port data_in                    ;
; bearing_cnn_demo:u_demo|c1_mem[347][7]        ; Stuck at GND due to stuck port data_in                    ;
; bearing_cnn_demo:u_demo|c1_mem[348][7]        ; Stuck at GND due to stuck port data_in                    ;
; bearing_cnn_demo:u_demo|c1_mem[349][7]        ; Stuck at GND due to stuck port data_in                    ;
; bearing_cnn_demo:u_demo|c1_mem[350][7]        ; Stuck at GND due to stuck port data_in                    ;
; bearing_cnn_demo:u_demo|c1_mem[351][7]        ; Stuck at GND due to stuck port data_in                    ;
; bearing_cnn_demo:u_demo|c1_mem[352][7]        ; Stuck at GND due to stuck port data_in                    ;
; bearing_cnn_demo:u_demo|c1_mem[353][7]        ; Stuck at GND due to stuck port data_in                    ;
; bearing_cnn_demo:u_demo|c1_mem[354][7]        ; Stuck at GND due to stuck port data_in                    ;
; bearing_cnn_demo:u_demo|c1_mem[355][7]        ; Stuck at GND due to stuck port data_in                    ;
; bearing_cnn_demo:u_demo|c1_mem[356][7]        ; Stuck at GND due to stuck port data_in                    ;
; bearing_cnn_demo:u_demo|c1_mem[357][7]        ; Stuck at GND due to stuck port data_in                    ;
; bearing_cnn_demo:u_demo|c1_mem[358][7]        ; Stuck at GND due to stuck port data_in                    ;
; bearing_cnn_demo:u_demo|c1_mem[359][7]        ; Stuck at GND due to stuck port data_in                    ;
; bearing_cnn_demo:u_demo|c1_mem[360][7]        ; Stuck at GND due to stuck port data_in                    ;
; bearing_cnn_demo:u_demo|c1_mem[361][7]        ; Stuck at GND due to stuck port data_in                    ;
; bearing_cnn_demo:u_demo|c1_mem[362][7]        ; Stuck at GND due to stuck port data_in                    ;
; bearing_cnn_demo:u_demo|c1_mem[363][7]        ; Stuck at GND due to stuck port data_in                    ;
; bearing_cnn_demo:u_demo|c1_mem[364][7]        ; Stuck at GND due to stuck port data_in                    ;
; bearing_cnn_demo:u_demo|c1_mem[365][7]        ; Stuck at GND due to stuck port data_in                    ;
; bearing_cnn_demo:u_demo|c1_mem[366][7]        ; Stuck at GND due to stuck port data_in                    ;
; bearing_cnn_demo:u_demo|c1_mem[367][7]        ; Stuck at GND due to stuck port data_in                    ;
; bearing_cnn_demo:u_demo|c1_mem[368][7]        ; Stuck at GND due to stuck port data_in                    ;
; bearing_cnn_demo:u_demo|c1_mem[369][7]        ; Stuck at GND due to stuck port data_in                    ;
; bearing_cnn_demo:u_demo|c1_mem[370][7]        ; Stuck at GND due to stuck port data_in                    ;
; bearing_cnn_demo:u_demo|c1_mem[371][7]        ; Stuck at GND due to stuck port data_in                    ;
; bearing_cnn_demo:u_demo|c1_mem[372][7]        ; Stuck at GND due to stuck port data_in                    ;
; bearing_cnn_demo:u_demo|c1_mem[373][7]        ; Stuck at GND due to stuck port data_in                    ;
; bearing_cnn_demo:u_demo|c1_mem[374][7]        ; Stuck at GND due to stuck port data_in                    ;
; bearing_cnn_demo:u_demo|c1_mem[375][7]        ; Stuck at GND due to stuck port data_in                    ;
; bearing_cnn_demo:u_demo|c1_mem[376][7]        ; Stuck at GND due to stuck port data_in                    ;
; bearing_cnn_demo:u_demo|c1_mem[377][7]        ; Stuck at GND due to stuck port data_in                    ;
; bearing_cnn_demo:u_demo|c1_mem[378][7]        ; Stuck at GND due to stuck port data_in                    ;
; bearing_cnn_demo:u_demo|c1_mem[379][7]        ; Stuck at GND due to stuck port data_in                    ;
; bearing_cnn_demo:u_demo|c1_mem[380][7]        ; Stuck at GND due to stuck port data_in                    ;
; bearing_cnn_demo:u_demo|c1_mem[381][7]        ; Stuck at GND due to stuck port data_in                    ;
; bearing_cnn_demo:u_demo|c1_mem[382][7]        ; Stuck at GND due to stuck port data_in                    ;
; bearing_cnn_demo:u_demo|c1_mem[383][7]        ; Stuck at GND due to stuck port data_in                    ;
; bearing_cnn_demo:u_demo|c1_mem[384][7]        ; Stuck at GND due to stuck port data_in                    ;
; bearing_cnn_demo:u_demo|c1_mem[385][7]        ; Stuck at GND due to stuck port data_in                    ;
; bearing_cnn_demo:u_demo|c1_mem[386][7]        ; Stuck at GND due to stuck port data_in                    ;
; bearing_cnn_demo:u_demo|c1_mem[387][7]        ; Stuck at GND due to stuck port data_in                    ;
; bearing_cnn_demo:u_demo|c1_mem[388][7]        ; Stuck at GND due to stuck port data_in                    ;
; bearing_cnn_demo:u_demo|c1_mem[389][7]        ; Stuck at GND due to stuck port data_in                    ;
; bearing_cnn_demo:u_demo|c1_mem[390][7]        ; Stuck at GND due to stuck port data_in                    ;
; bearing_cnn_demo:u_demo|c1_mem[391][7]        ; Stuck at GND due to stuck port data_in                    ;
; bearing_cnn_demo:u_demo|c1_mem[392][7]        ; Stuck at GND due to stuck port data_in                    ;
; bearing_cnn_demo:u_demo|c1_mem[393][7]        ; Stuck at GND due to stuck port data_in                    ;
; bearing_cnn_demo:u_demo|c1_mem[394][7]        ; Stuck at GND due to stuck port data_in                    ;
; bearing_cnn_demo:u_demo|c1_mem[395][7]        ; Stuck at GND due to stuck port data_in                    ;
; bearing_cnn_demo:u_demo|c1_mem[396][7]        ; Stuck at GND due to stuck port data_in                    ;
; bearing_cnn_demo:u_demo|c1_mem[397][7]        ; Stuck at GND due to stuck port data_in                    ;
; bearing_cnn_demo:u_demo|c1_mem[398][7]        ; Stuck at GND due to stuck port data_in                    ;
; bearing_cnn_demo:u_demo|c1_mem[399][7]        ; Stuck at GND due to stuck port data_in                    ;
; bearing_cnn_demo:u_demo|c1_mem[400][7]        ; Stuck at GND due to stuck port data_in                    ;
; bearing_cnn_demo:u_demo|c1_mem[401][7]        ; Stuck at GND due to stuck port data_in                    ;
; bearing_cnn_demo:u_demo|c1_mem[402][7]        ; Stuck at GND due to stuck port data_in                    ;
; bearing_cnn_demo:u_demo|c1_mem[403][7]        ; Stuck at GND due to stuck port data_in                    ;
; bearing_cnn_demo:u_demo|c1_mem[404][7]        ; Stuck at GND due to stuck port data_in                    ;
; bearing_cnn_demo:u_demo|c1_mem[405][7]        ; Stuck at GND due to stuck port data_in                    ;
; bearing_cnn_demo:u_demo|c1_mem[406][7]        ; Stuck at GND due to stuck port data_in                    ;
; bearing_cnn_demo:u_demo|c1_mem[407][7]        ; Stuck at GND due to stuck port data_in                    ;
; bearing_cnn_demo:u_demo|c1_mem[408][7]        ; Stuck at GND due to stuck port data_in                    ;
; bearing_cnn_demo:u_demo|c1_mem[409][7]        ; Stuck at GND due to stuck port data_in                    ;
; bearing_cnn_demo:u_demo|c1_mem[410][7]        ; Stuck at GND due to stuck port data_in                    ;
; bearing_cnn_demo:u_demo|c1_mem[411][7]        ; Stuck at GND due to stuck port data_in                    ;
; bearing_cnn_demo:u_demo|c1_mem[412][7]        ; Stuck at GND due to stuck port data_in                    ;
; bearing_cnn_demo:u_demo|c1_mem[413][7]        ; Stuck at GND due to stuck port data_in                    ;
; bearing_cnn_demo:u_demo|c1_mem[414][7]        ; Stuck at GND due to stuck port data_in                    ;
; bearing_cnn_demo:u_demo|c1_mem[415][7]        ; Stuck at GND due to stuck port data_in                    ;
; bearing_cnn_demo:u_demo|c1_mem[416][7]        ; Stuck at GND due to stuck port data_in                    ;
; bearing_cnn_demo:u_demo|c1_mem[417][7]        ; Stuck at GND due to stuck port data_in                    ;
; bearing_cnn_demo:u_demo|c1_mem[418][7]        ; Stuck at GND due to stuck port data_in                    ;
; bearing_cnn_demo:u_demo|c1_mem[419][7]        ; Stuck at GND due to stuck port data_in                    ;
; bearing_cnn_demo:u_demo|c1_mem[420][7]        ; Stuck at GND due to stuck port data_in                    ;
; bearing_cnn_demo:u_demo|c1_mem[421][7]        ; Stuck at GND due to stuck port data_in                    ;
; bearing_cnn_demo:u_demo|c1_mem[422][7]        ; Stuck at GND due to stuck port data_in                    ;
; bearing_cnn_demo:u_demo|c1_mem[423][7]        ; Stuck at GND due to stuck port data_in                    ;
; bearing_cnn_demo:u_demo|c1_mem[424][7]        ; Stuck at GND due to stuck port data_in                    ;
; bearing_cnn_demo:u_demo|c1_mem[425][7]        ; Stuck at GND due to stuck port data_in                    ;
; bearing_cnn_demo:u_demo|c1_mem[426][7]        ; Stuck at GND due to stuck port data_in                    ;
; bearing_cnn_demo:u_demo|c1_mem[427][7]        ; Stuck at GND due to stuck port data_in                    ;
; bearing_cnn_demo:u_demo|c1_mem[428][7]        ; Stuck at GND due to stuck port data_in                    ;
; bearing_cnn_demo:u_demo|c1_mem[429][7]        ; Stuck at GND due to stuck port data_in                    ;
; bearing_cnn_demo:u_demo|c1_mem[430][7]        ; Stuck at GND due to stuck port data_in                    ;
; bearing_cnn_demo:u_demo|c1_mem[431][7]        ; Stuck at GND due to stuck port data_in                    ;
; bearing_cnn_demo:u_demo|c1_mem[432][7]        ; Stuck at GND due to stuck port data_in                    ;
; bearing_cnn_demo:u_demo|c1_mem[433][7]        ; Stuck at GND due to stuck port data_in                    ;
; bearing_cnn_demo:u_demo|c1_mem[434][7]        ; Stuck at GND due to stuck port data_in                    ;
; bearing_cnn_demo:u_demo|c1_mem[435][7]        ; Stuck at GND due to stuck port data_in                    ;
; bearing_cnn_demo:u_demo|c1_mem[436][7]        ; Stuck at GND due to stuck port data_in                    ;
; bearing_cnn_demo:u_demo|c1_mem[437][7]        ; Stuck at GND due to stuck port data_in                    ;
; bearing_cnn_demo:u_demo|c1_mem[438][7]        ; Stuck at GND due to stuck port data_in                    ;
; bearing_cnn_demo:u_demo|c1_mem[439][7]        ; Stuck at GND due to stuck port data_in                    ;
; bearing_cnn_demo:u_demo|c1_mem[440][7]        ; Stuck at GND due to stuck port data_in                    ;
; bearing_cnn_demo:u_demo|c1_mem[441][7]        ; Stuck at GND due to stuck port data_in                    ;
; bearing_cnn_demo:u_demo|c1_mem[442][7]        ; Stuck at GND due to stuck port data_in                    ;
; bearing_cnn_demo:u_demo|c1_mem[443][7]        ; Stuck at GND due to stuck port data_in                    ;
; bearing_cnn_demo:u_demo|c1_mem[444][7]        ; Stuck at GND due to stuck port data_in                    ;
; bearing_cnn_demo:u_demo|c1_mem[445][7]        ; Stuck at GND due to stuck port data_in                    ;
; bearing_cnn_demo:u_demo|c1_mem[446][7]        ; Stuck at GND due to stuck port data_in                    ;
; bearing_cnn_demo:u_demo|c1_mem[447][7]        ; Stuck at GND due to stuck port data_in                    ;
; bearing_cnn_demo:u_demo|c1_mem[448][7]        ; Stuck at GND due to stuck port data_in                    ;
; bearing_cnn_demo:u_demo|c1_mem[449][7]        ; Stuck at GND due to stuck port data_in                    ;
; bearing_cnn_demo:u_demo|c1_mem[450][7]        ; Stuck at GND due to stuck port data_in                    ;
; bearing_cnn_demo:u_demo|c1_mem[451][7]        ; Stuck at GND due to stuck port data_in                    ;
; bearing_cnn_demo:u_demo|c1_mem[452][7]        ; Stuck at GND due to stuck port data_in                    ;
; bearing_cnn_demo:u_demo|c1_mem[453][7]        ; Stuck at GND due to stuck port data_in                    ;
; bearing_cnn_demo:u_demo|c1_mem[454][7]        ; Stuck at GND due to stuck port data_in                    ;
; bearing_cnn_demo:u_demo|c1_mem[455][7]        ; Stuck at GND due to stuck port data_in                    ;
; bearing_cnn_demo:u_demo|c1_mem[456][7]        ; Stuck at GND due to stuck port data_in                    ;
; bearing_cnn_demo:u_demo|c1_mem[457][7]        ; Stuck at GND due to stuck port data_in                    ;
; bearing_cnn_demo:u_demo|c1_mem[458][7]        ; Stuck at GND due to stuck port data_in                    ;
; bearing_cnn_demo:u_demo|c1_mem[459][7]        ; Stuck at GND due to stuck port data_in                    ;
; bearing_cnn_demo:u_demo|c1_mem[460][7]        ; Stuck at GND due to stuck port data_in                    ;
; bearing_cnn_demo:u_demo|c1_mem[461][7]        ; Stuck at GND due to stuck port data_in                    ;
; bearing_cnn_demo:u_demo|c1_mem[462][7]        ; Stuck at GND due to stuck port data_in                    ;
; bearing_cnn_demo:u_demo|c1_mem[463][7]        ; Stuck at GND due to stuck port data_in                    ;
; bearing_cnn_demo:u_demo|c1_mem[464][7]        ; Stuck at GND due to stuck port data_in                    ;
; bearing_cnn_demo:u_demo|c1_mem[465][7]        ; Stuck at GND due to stuck port data_in                    ;
; bearing_cnn_demo:u_demo|c1_mem[466][7]        ; Stuck at GND due to stuck port data_in                    ;
; bearing_cnn_demo:u_demo|c1_mem[467][7]        ; Stuck at GND due to stuck port data_in                    ;
; bearing_cnn_demo:u_demo|c1_mem[468][7]        ; Stuck at GND due to stuck port data_in                    ;
; bearing_cnn_demo:u_demo|c1_mem[469][7]        ; Stuck at GND due to stuck port data_in                    ;
; bearing_cnn_demo:u_demo|c1_mem[470][7]        ; Stuck at GND due to stuck port data_in                    ;
; bearing_cnn_demo:u_demo|c1_mem[471][7]        ; Stuck at GND due to stuck port data_in                    ;
; bearing_cnn_demo:u_demo|c1_mem[472][7]        ; Stuck at GND due to stuck port data_in                    ;
; bearing_cnn_demo:u_demo|c1_mem[473][7]        ; Stuck at GND due to stuck port data_in                    ;
; bearing_cnn_demo:u_demo|c1_mem[474][7]        ; Stuck at GND due to stuck port data_in                    ;
; bearing_cnn_demo:u_demo|c1_mem[475][7]        ; Stuck at GND due to stuck port data_in                    ;
; bearing_cnn_demo:u_demo|c1_mem[476][7]        ; Stuck at GND due to stuck port data_in                    ;
; bearing_cnn_demo:u_demo|c1_mem[477][7]        ; Stuck at GND due to stuck port data_in                    ;
; bearing_cnn_demo:u_demo|c1_mem[478][7]        ; Stuck at GND due to stuck port data_in                    ;
; bearing_cnn_demo:u_demo|c1_mem[479][7]        ; Stuck at GND due to stuck port data_in                    ;
; bearing_cnn_demo:u_demo|c1_mem[480][7]        ; Stuck at GND due to stuck port data_in                    ;
; bearing_cnn_demo:u_demo|c1_mem[481][7]        ; Stuck at GND due to stuck port data_in                    ;
; bearing_cnn_demo:u_demo|c1_mem[482][7]        ; Stuck at GND due to stuck port data_in                    ;
; bearing_cnn_demo:u_demo|c1_mem[483][7]        ; Stuck at GND due to stuck port data_in                    ;
; bearing_cnn_demo:u_demo|c1_mem[484][7]        ; Stuck at GND due to stuck port data_in                    ;
; bearing_cnn_demo:u_demo|c1_mem[485][7]        ; Stuck at GND due to stuck port data_in                    ;
; bearing_cnn_demo:u_demo|c1_mem[486][7]        ; Stuck at GND due to stuck port data_in                    ;
; bearing_cnn_demo:u_demo|c1_mem[487][7]        ; Stuck at GND due to stuck port data_in                    ;
; bearing_cnn_demo:u_demo|c1_mem[488][7]        ; Stuck at GND due to stuck port data_in                    ;
; bearing_cnn_demo:u_demo|c1_mem[489][7]        ; Stuck at GND due to stuck port data_in                    ;
; bearing_cnn_demo:u_demo|c1_mem[490][7]        ; Stuck at GND due to stuck port data_in                    ;
; bearing_cnn_demo:u_demo|c1_mem[491][7]        ; Stuck at GND due to stuck port data_in                    ;
; bearing_cnn_demo:u_demo|c1_mem[492][7]        ; Stuck at GND due to stuck port data_in                    ;
; bearing_cnn_demo:u_demo|c1_mem[493][7]        ; Stuck at GND due to stuck port data_in                    ;
; bearing_cnn_demo:u_demo|c1_mem[494][7]        ; Stuck at GND due to stuck port data_in                    ;
; bearing_cnn_demo:u_demo|c1_mem[495][7]        ; Stuck at GND due to stuck port data_in                    ;
; bearing_cnn_demo:u_demo|c1_mem[496][7]        ; Stuck at GND due to stuck port data_in                    ;
; bearing_cnn_demo:u_demo|c1_mem[497][7]        ; Stuck at GND due to stuck port data_in                    ;
; bearing_cnn_demo:u_demo|c1_mem[498][7]        ; Stuck at GND due to stuck port data_in                    ;
; bearing_cnn_demo:u_demo|c1_mem[499][7]        ; Stuck at GND due to stuck port data_in                    ;
; bearing_cnn_demo:u_demo|c1_mem[500][7]        ; Stuck at GND due to stuck port data_in                    ;
; bearing_cnn_demo:u_demo|c1_mem[501][7]        ; Stuck at GND due to stuck port data_in                    ;
; bearing_cnn_demo:u_demo|c1_mem[502][7]        ; Stuck at GND due to stuck port data_in                    ;
; bearing_cnn_demo:u_demo|c1_mem[503][7]        ; Stuck at GND due to stuck port data_in                    ;
; bearing_cnn_demo:u_demo|c1_mem[504][7]        ; Stuck at GND due to stuck port data_in                    ;
; bearing_cnn_demo:u_demo|c1_mem[505][7]        ; Stuck at GND due to stuck port data_in                    ;
; bearing_cnn_demo:u_demo|c1_mem[506][7]        ; Stuck at GND due to stuck port data_in                    ;
; bearing_cnn_demo:u_demo|c1_mem[507][7]        ; Stuck at GND due to stuck port data_in                    ;
; bearing_cnn_demo:u_demo|c1_mem[508][7]        ; Stuck at GND due to stuck port data_in                    ;
; bearing_cnn_demo:u_demo|c1_mem[509][7]        ; Stuck at GND due to stuck port data_in                    ;
; bearing_cnn_demo:u_demo|c1_mem[510][7]        ; Stuck at GND due to stuck port data_in                    ;
; bearing_cnn_demo:u_demo|c1_mem[511][7]        ; Stuck at GND due to stuck port data_in                    ;
; bearing_cnn_demo:u_demo|c1_mem[512][7]        ; Stuck at GND due to stuck port data_in                    ;
; bearing_cnn_demo:u_demo|c1_mem[513][7]        ; Stuck at GND due to stuck port data_in                    ;
; bearing_cnn_demo:u_demo|c1_mem[514][7]        ; Stuck at GND due to stuck port data_in                    ;
; bearing_cnn_demo:u_demo|c1_mem[515][7]        ; Stuck at GND due to stuck port data_in                    ;
; bearing_cnn_demo:u_demo|c1_mem[516][7]        ; Stuck at GND due to stuck port data_in                    ;
; bearing_cnn_demo:u_demo|c1_mem[517][7]        ; Stuck at GND due to stuck port data_in                    ;
; bearing_cnn_demo:u_demo|c1_mem[518][7]        ; Stuck at GND due to stuck port data_in                    ;
; bearing_cnn_demo:u_demo|c1_mem[519][7]        ; Stuck at GND due to stuck port data_in                    ;
; bearing_cnn_demo:u_demo|c1_mem[520][7]        ; Stuck at GND due to stuck port data_in                    ;
; bearing_cnn_demo:u_demo|c1_mem[521][7]        ; Stuck at GND due to stuck port data_in                    ;
; bearing_cnn_demo:u_demo|c1_mem[522][7]        ; Stuck at GND due to stuck port data_in                    ;
; bearing_cnn_demo:u_demo|c1_mem[523][7]        ; Stuck at GND due to stuck port data_in                    ;
; bearing_cnn_demo:u_demo|c1_mem[524][7]        ; Stuck at GND due to stuck port data_in                    ;
; bearing_cnn_demo:u_demo|c1_mem[525][7]        ; Stuck at GND due to stuck port data_in                    ;
; bearing_cnn_demo:u_demo|c1_mem[526][7]        ; Stuck at GND due to stuck port data_in                    ;
; bearing_cnn_demo:u_demo|c1_mem[527][7]        ; Stuck at GND due to stuck port data_in                    ;
; bearing_cnn_demo:u_demo|c1_mem[528][7]        ; Stuck at GND due to stuck port data_in                    ;
; bearing_cnn_demo:u_demo|c1_mem[529][7]        ; Stuck at GND due to stuck port data_in                    ;
; bearing_cnn_demo:u_demo|c1_mem[530][7]        ; Stuck at GND due to stuck port data_in                    ;
; bearing_cnn_demo:u_demo|c1_mem[531][7]        ; Stuck at GND due to stuck port data_in                    ;
; bearing_cnn_demo:u_demo|c1_mem[532][7]        ; Stuck at GND due to stuck port data_in                    ;
; bearing_cnn_demo:u_demo|c1_mem[533][7]        ; Stuck at GND due to stuck port data_in                    ;
; bearing_cnn_demo:u_demo|c1_mem[534][7]        ; Stuck at GND due to stuck port data_in                    ;
; bearing_cnn_demo:u_demo|c1_mem[535][7]        ; Stuck at GND due to stuck port data_in                    ;
; bearing_cnn_demo:u_demo|c1_mem[536][7]        ; Stuck at GND due to stuck port data_in                    ;
; bearing_cnn_demo:u_demo|c1_mem[537][7]        ; Stuck at GND due to stuck port data_in                    ;
; bearing_cnn_demo:u_demo|c1_mem[538][7]        ; Stuck at GND due to stuck port data_in                    ;
; bearing_cnn_demo:u_demo|c1_mem[539][7]        ; Stuck at GND due to stuck port data_in                    ;
; bearing_cnn_demo:u_demo|c1_mem[540][7]        ; Stuck at GND due to stuck port data_in                    ;
; bearing_cnn_demo:u_demo|c1_mem[541][7]        ; Stuck at GND due to stuck port data_in                    ;
; bearing_cnn_demo:u_demo|c1_mem[542][7]        ; Stuck at GND due to stuck port data_in                    ;
; bearing_cnn_demo:u_demo|c1_mem[543][7]        ; Stuck at GND due to stuck port data_in                    ;
; bearing_cnn_demo:u_demo|c1_mem[544][7]        ; Stuck at GND due to stuck port data_in                    ;
; bearing_cnn_demo:u_demo|c1_mem[545][7]        ; Stuck at GND due to stuck port data_in                    ;
; bearing_cnn_demo:u_demo|c1_mem[546][7]        ; Stuck at GND due to stuck port data_in                    ;
; bearing_cnn_demo:u_demo|c1_mem[547][7]        ; Stuck at GND due to stuck port data_in                    ;
; bearing_cnn_demo:u_demo|c1_mem[548][7]        ; Stuck at GND due to stuck port data_in                    ;
; bearing_cnn_demo:u_demo|c1_mem[549][7]        ; Stuck at GND due to stuck port data_in                    ;
; bearing_cnn_demo:u_demo|c1_mem[550][7]        ; Stuck at GND due to stuck port data_in                    ;
; bearing_cnn_demo:u_demo|c1_mem[551][7]        ; Stuck at GND due to stuck port data_in                    ;
; bearing_cnn_demo:u_demo|c1_mem[552][7]        ; Stuck at GND due to stuck port data_in                    ;
; bearing_cnn_demo:u_demo|c1_mem[553][7]        ; Stuck at GND due to stuck port data_in                    ;
; bearing_cnn_demo:u_demo|c1_mem[554][7]        ; Stuck at GND due to stuck port data_in                    ;
; bearing_cnn_demo:u_demo|c1_mem[555][7]        ; Stuck at GND due to stuck port data_in                    ;
; bearing_cnn_demo:u_demo|c1_mem[556][7]        ; Stuck at GND due to stuck port data_in                    ;
; bearing_cnn_demo:u_demo|c1_mem[557][7]        ; Stuck at GND due to stuck port data_in                    ;
; bearing_cnn_demo:u_demo|c1_mem[558][7]        ; Stuck at GND due to stuck port data_in                    ;
; bearing_cnn_demo:u_demo|c1_mem[559][7]        ; Stuck at GND due to stuck port data_in                    ;
; bearing_cnn_demo:u_demo|c1_mem[560][7]        ; Stuck at GND due to stuck port data_in                    ;
; bearing_cnn_demo:u_demo|c1_mem[561][7]        ; Stuck at GND due to stuck port data_in                    ;
; bearing_cnn_demo:u_demo|c1_mem[562][7]        ; Stuck at GND due to stuck port data_in                    ;
; bearing_cnn_demo:u_demo|c1_mem[563][7]        ; Stuck at GND due to stuck port data_in                    ;
; bearing_cnn_demo:u_demo|c1_mem[564][7]        ; Stuck at GND due to stuck port data_in                    ;
; bearing_cnn_demo:u_demo|c1_mem[565][7]        ; Stuck at GND due to stuck port data_in                    ;
; bearing_cnn_demo:u_demo|c1_mem[566][7]        ; Stuck at GND due to stuck port data_in                    ;
; bearing_cnn_demo:u_demo|c1_mem[567][7]        ; Stuck at GND due to stuck port data_in                    ;
; bearing_cnn_demo:u_demo|c1_mem[568][7]        ; Stuck at GND due to stuck port data_in                    ;
; bearing_cnn_demo:u_demo|c1_mem[569][7]        ; Stuck at GND due to stuck port data_in                    ;
; bearing_cnn_demo:u_demo|c1_mem[570][7]        ; Stuck at GND due to stuck port data_in                    ;
; bearing_cnn_demo:u_demo|c1_mem[571][7]        ; Stuck at GND due to stuck port data_in                    ;
; bearing_cnn_demo:u_demo|c1_mem[572][7]        ; Stuck at GND due to stuck port data_in                    ;
; bearing_cnn_demo:u_demo|c1_mem[573][7]        ; Stuck at GND due to stuck port data_in                    ;
; bearing_cnn_demo:u_demo|c1_mem[574][7]        ; Stuck at GND due to stuck port data_in                    ;
; bearing_cnn_demo:u_demo|c1_mem[575][7]        ; Stuck at GND due to stuck port data_in                    ;
; bearing_cnn_demo:u_demo|c1_mem[576][7]        ; Stuck at GND due to stuck port data_in                    ;
; bearing_cnn_demo:u_demo|c1_mem[577][7]        ; Stuck at GND due to stuck port data_in                    ;
; bearing_cnn_demo:u_demo|c1_mem[578][7]        ; Stuck at GND due to stuck port data_in                    ;
; bearing_cnn_demo:u_demo|c1_mem[579][7]        ; Stuck at GND due to stuck port data_in                    ;
; bearing_cnn_demo:u_demo|c1_mem[580][7]        ; Stuck at GND due to stuck port data_in                    ;
; bearing_cnn_demo:u_demo|c1_mem[581][7]        ; Stuck at GND due to stuck port data_in                    ;
; bearing_cnn_demo:u_demo|c1_mem[582][7]        ; Stuck at GND due to stuck port data_in                    ;
; bearing_cnn_demo:u_demo|c1_mem[583][7]        ; Stuck at GND due to stuck port data_in                    ;
; bearing_cnn_demo:u_demo|c1_mem[584][7]        ; Stuck at GND due to stuck port data_in                    ;
; bearing_cnn_demo:u_demo|c1_mem[585][7]        ; Stuck at GND due to stuck port data_in                    ;
; bearing_cnn_demo:u_demo|c1_mem[586][7]        ; Stuck at GND due to stuck port data_in                    ;
; bearing_cnn_demo:u_demo|c1_mem[587][7]        ; Stuck at GND due to stuck port data_in                    ;
; bearing_cnn_demo:u_demo|c1_mem[588][7]        ; Stuck at GND due to stuck port data_in                    ;
; bearing_cnn_demo:u_demo|c1_mem[589][7]        ; Stuck at GND due to stuck port data_in                    ;
; bearing_cnn_demo:u_demo|c1_mem[590][7]        ; Stuck at GND due to stuck port data_in                    ;
; bearing_cnn_demo:u_demo|c1_mem[591][7]        ; Stuck at GND due to stuck port data_in                    ;
; bearing_cnn_demo:u_demo|c1_mem[592][7]        ; Stuck at GND due to stuck port data_in                    ;
; bearing_cnn_demo:u_demo|c1_mem[593][7]        ; Stuck at GND due to stuck port data_in                    ;
; bearing_cnn_demo:u_demo|c1_mem[594][7]        ; Stuck at GND due to stuck port data_in                    ;
; bearing_cnn_demo:u_demo|c1_mem[595][7]        ; Stuck at GND due to stuck port data_in                    ;
; bearing_cnn_demo:u_demo|c1_mem[596][7]        ; Stuck at GND due to stuck port data_in                    ;
; bearing_cnn_demo:u_demo|c1_mem[597][7]        ; Stuck at GND due to stuck port data_in                    ;
; bearing_cnn_demo:u_demo|c1_mem[598][7]        ; Stuck at GND due to stuck port data_in                    ;
; bearing_cnn_demo:u_demo|c1_mem[599][7]        ; Stuck at GND due to stuck port data_in                    ;
; bearing_cnn_demo:u_demo|c1_mem[600][7]        ; Stuck at GND due to stuck port data_in                    ;
; bearing_cnn_demo:u_demo|c1_mem[601][7]        ; Stuck at GND due to stuck port data_in                    ;
; bearing_cnn_demo:u_demo|c1_mem[602][7]        ; Stuck at GND due to stuck port data_in                    ;
; bearing_cnn_demo:u_demo|c1_mem[603][7]        ; Stuck at GND due to stuck port data_in                    ;
; bearing_cnn_demo:u_demo|c1_mem[604][7]        ; Stuck at GND due to stuck port data_in                    ;
; bearing_cnn_demo:u_demo|c1_mem[605][7]        ; Stuck at GND due to stuck port data_in                    ;
; bearing_cnn_demo:u_demo|c1_mem[606][7]        ; Stuck at GND due to stuck port data_in                    ;
; bearing_cnn_demo:u_demo|c1_mem[607][7]        ; Stuck at GND due to stuck port data_in                    ;
; bearing_cnn_demo:u_demo|c1_mem[608][7]        ; Stuck at GND due to stuck port data_in                    ;
; bearing_cnn_demo:u_demo|c1_mem[609][7]        ; Stuck at GND due to stuck port data_in                    ;
; bearing_cnn_demo:u_demo|c1_mem[610][7]        ; Stuck at GND due to stuck port data_in                    ;
; bearing_cnn_demo:u_demo|c1_mem[611][7]        ; Stuck at GND due to stuck port data_in                    ;
; bearing_cnn_demo:u_demo|c1_mem[612][7]        ; Stuck at GND due to stuck port data_in                    ;
; bearing_cnn_demo:u_demo|c1_mem[613][7]        ; Stuck at GND due to stuck port data_in                    ;
; bearing_cnn_demo:u_demo|c1_mem[614][7]        ; Stuck at GND due to stuck port data_in                    ;
; bearing_cnn_demo:u_demo|c1_mem[615][7]        ; Stuck at GND due to stuck port data_in                    ;
; bearing_cnn_demo:u_demo|c1_mem[616][7]        ; Stuck at GND due to stuck port data_in                    ;
; bearing_cnn_demo:u_demo|c1_mem[617][7]        ; Stuck at GND due to stuck port data_in                    ;
; bearing_cnn_demo:u_demo|c1_mem[618][7]        ; Stuck at GND due to stuck port data_in                    ;
; bearing_cnn_demo:u_demo|c1_mem[619][7]        ; Stuck at GND due to stuck port data_in                    ;
; bearing_cnn_demo:u_demo|c1_mem[620][7]        ; Stuck at GND due to stuck port data_in                    ;
; bearing_cnn_demo:u_demo|c1_mem[621][7]        ; Stuck at GND due to stuck port data_in                    ;
; bearing_cnn_demo:u_demo|c1_mem[622][7]        ; Stuck at GND due to stuck port data_in                    ;
; bearing_cnn_demo:u_demo|c1_mem[623][7]        ; Stuck at GND due to stuck port data_in                    ;
; bearing_cnn_demo:u_demo|c1_mem[624][7]        ; Stuck at GND due to stuck port data_in                    ;
; bearing_cnn_demo:u_demo|c1_mem[625][7]        ; Stuck at GND due to stuck port data_in                    ;
; bearing_cnn_demo:u_demo|c1_mem[626][7]        ; Stuck at GND due to stuck port data_in                    ;
; bearing_cnn_demo:u_demo|c1_mem[627][7]        ; Stuck at GND due to stuck port data_in                    ;
; bearing_cnn_demo:u_demo|c1_mem[628][7]        ; Stuck at GND due to stuck port data_in                    ;
; bearing_cnn_demo:u_demo|c1_mem[629][7]        ; Stuck at GND due to stuck port data_in                    ;
; bearing_cnn_demo:u_demo|c1_mem[630][7]        ; Stuck at GND due to stuck port data_in                    ;
; bearing_cnn_demo:u_demo|c1_mem[631][7]        ; Stuck at GND due to stuck port data_in                    ;
; bearing_cnn_demo:u_demo|c1_mem[632][7]        ; Stuck at GND due to stuck port data_in                    ;
; bearing_cnn_demo:u_demo|c1_mem[633][7]        ; Stuck at GND due to stuck port data_in                    ;
; bearing_cnn_demo:u_demo|c1_mem[634][7]        ; Stuck at GND due to stuck port data_in                    ;
; bearing_cnn_demo:u_demo|c1_mem[635][7]        ; Stuck at GND due to stuck port data_in                    ;
; bearing_cnn_demo:u_demo|c1_mem[636][7]        ; Stuck at GND due to stuck port data_in                    ;
; bearing_cnn_demo:u_demo|c1_mem[637][7]        ; Stuck at GND due to stuck port data_in                    ;
; bearing_cnn_demo:u_demo|c1_mem[638][7]        ; Stuck at GND due to stuck port data_in                    ;
; bearing_cnn_demo:u_demo|c1_mem[639][7]        ; Stuck at GND due to stuck port data_in                    ;
; bearing_cnn_demo:u_demo|c1_mem[640][7]        ; Stuck at GND due to stuck port data_in                    ;
; bearing_cnn_demo:u_demo|c1_mem[641][7]        ; Stuck at GND due to stuck port data_in                    ;
; bearing_cnn_demo:u_demo|c1_mem[642][7]        ; Stuck at GND due to stuck port data_in                    ;
; bearing_cnn_demo:u_demo|c1_mem[643][7]        ; Stuck at GND due to stuck port data_in                    ;
; bearing_cnn_demo:u_demo|c1_mem[644][7]        ; Stuck at GND due to stuck port data_in                    ;
; bearing_cnn_demo:u_demo|c1_mem[645][7]        ; Stuck at GND due to stuck port data_in                    ;
; bearing_cnn_demo:u_demo|c1_mem[646][7]        ; Stuck at GND due to stuck port data_in                    ;
; bearing_cnn_demo:u_demo|c1_mem[647][7]        ; Stuck at GND due to stuck port data_in                    ;
; bearing_cnn_demo:u_demo|c1_mem[648][7]        ; Stuck at GND due to stuck port data_in                    ;
; bearing_cnn_demo:u_demo|c1_mem[649][7]        ; Stuck at GND due to stuck port data_in                    ;
; bearing_cnn_demo:u_demo|c1_mem[650][7]        ; Stuck at GND due to stuck port data_in                    ;
; bearing_cnn_demo:u_demo|c1_mem[651][7]        ; Stuck at GND due to stuck port data_in                    ;
; bearing_cnn_demo:u_demo|c1_mem[652][7]        ; Stuck at GND due to stuck port data_in                    ;
; bearing_cnn_demo:u_demo|c1_mem[653][7]        ; Stuck at GND due to stuck port data_in                    ;
; bearing_cnn_demo:u_demo|c1_mem[654][7]        ; Stuck at GND due to stuck port data_in                    ;
; bearing_cnn_demo:u_demo|c1_mem[655][7]        ; Stuck at GND due to stuck port data_in                    ;
; bearing_cnn_demo:u_demo|c1_mem[656][7]        ; Stuck at GND due to stuck port data_in                    ;
; bearing_cnn_demo:u_demo|c1_mem[657][7]        ; Stuck at GND due to stuck port data_in                    ;
; bearing_cnn_demo:u_demo|c1_mem[658][7]        ; Stuck at GND due to stuck port data_in                    ;
; bearing_cnn_demo:u_demo|c1_mem[659][7]        ; Stuck at GND due to stuck port data_in                    ;
; bearing_cnn_demo:u_demo|c1_mem[660][7]        ; Stuck at GND due to stuck port data_in                    ;
; bearing_cnn_demo:u_demo|c1_mem[661][7]        ; Stuck at GND due to stuck port data_in                    ;
; bearing_cnn_demo:u_demo|c1_mem[662][7]        ; Stuck at GND due to stuck port data_in                    ;
; bearing_cnn_demo:u_demo|c1_mem[663][7]        ; Stuck at GND due to stuck port data_in                    ;
; bearing_cnn_demo:u_demo|c1_mem[664][7]        ; Stuck at GND due to stuck port data_in                    ;
; bearing_cnn_demo:u_demo|c1_mem[665][7]        ; Stuck at GND due to stuck port data_in                    ;
; bearing_cnn_demo:u_demo|c1_mem[666][7]        ; Stuck at GND due to stuck port data_in                    ;
; bearing_cnn_demo:u_demo|c1_mem[667][7]        ; Stuck at GND due to stuck port data_in                    ;
; bearing_cnn_demo:u_demo|c1_mem[668][7]        ; Stuck at GND due to stuck port data_in                    ;
; bearing_cnn_demo:u_demo|c1_mem[669][7]        ; Stuck at GND due to stuck port data_in                    ;
; bearing_cnn_demo:u_demo|c1_mem[670][7]        ; Stuck at GND due to stuck port data_in                    ;
; bearing_cnn_demo:u_demo|c1_mem[671][7]        ; Stuck at GND due to stuck port data_in                    ;
; bearing_cnn_demo:u_demo|c1_mem[672][7]        ; Stuck at GND due to stuck port data_in                    ;
; bearing_cnn_demo:u_demo|c1_mem[673][7]        ; Stuck at GND due to stuck port data_in                    ;
; bearing_cnn_demo:u_demo|c1_mem[674][7]        ; Stuck at GND due to stuck port data_in                    ;
; bearing_cnn_demo:u_demo|c1_mem[675][7]        ; Stuck at GND due to stuck port data_in                    ;
; bearing_cnn_demo:u_demo|c1_mem[676][7]        ; Stuck at GND due to stuck port data_in                    ;
; bearing_cnn_demo:u_demo|c1_mem[677][7]        ; Stuck at GND due to stuck port data_in                    ;
; bearing_cnn_demo:u_demo|c1_mem[678][7]        ; Stuck at GND due to stuck port data_in                    ;
; bearing_cnn_demo:u_demo|c1_mem[679][7]        ; Stuck at GND due to stuck port data_in                    ;
; bearing_cnn_demo:u_demo|c1_mem[680][7]        ; Stuck at GND due to stuck port data_in                    ;
; bearing_cnn_demo:u_demo|c1_mem[681][7]        ; Stuck at GND due to stuck port data_in                    ;
; bearing_cnn_demo:u_demo|c1_mem[682][7]        ; Stuck at GND due to stuck port data_in                    ;
; bearing_cnn_demo:u_demo|c1_mem[683][7]        ; Stuck at GND due to stuck port data_in                    ;
; bearing_cnn_demo:u_demo|c1_mem[684][7]        ; Stuck at GND due to stuck port data_in                    ;
; bearing_cnn_demo:u_demo|c1_mem[685][7]        ; Stuck at GND due to stuck port data_in                    ;
; bearing_cnn_demo:u_demo|c1_mem[686][7]        ; Stuck at GND due to stuck port data_in                    ;
; bearing_cnn_demo:u_demo|c1_mem[687][7]        ; Stuck at GND due to stuck port data_in                    ;
; bearing_cnn_demo:u_demo|c1_mem[688][7]        ; Stuck at GND due to stuck port data_in                    ;
; bearing_cnn_demo:u_demo|c1_mem[689][7]        ; Stuck at GND due to stuck port data_in                    ;
; bearing_cnn_demo:u_demo|c1_mem[690][7]        ; Stuck at GND due to stuck port data_in                    ;
; bearing_cnn_demo:u_demo|c1_mem[691][7]        ; Stuck at GND due to stuck port data_in                    ;
; bearing_cnn_demo:u_demo|c1_mem[692][7]        ; Stuck at GND due to stuck port data_in                    ;
; bearing_cnn_demo:u_demo|c1_mem[693][7]        ; Stuck at GND due to stuck port data_in                    ;
; bearing_cnn_demo:u_demo|c1_mem[694][7]        ; Stuck at GND due to stuck port data_in                    ;
; bearing_cnn_demo:u_demo|c1_mem[695][7]        ; Stuck at GND due to stuck port data_in                    ;
; bearing_cnn_demo:u_demo|c1_mem[696][7]        ; Stuck at GND due to stuck port data_in                    ;
; bearing_cnn_demo:u_demo|c1_mem[697][7]        ; Stuck at GND due to stuck port data_in                    ;
; bearing_cnn_demo:u_demo|c1_mem[698][7]        ; Stuck at GND due to stuck port data_in                    ;
; bearing_cnn_demo:u_demo|c1_mem[699][7]        ; Stuck at GND due to stuck port data_in                    ;
; bearing_cnn_demo:u_demo|c1_mem[700][7]        ; Stuck at GND due to stuck port data_in                    ;
; bearing_cnn_demo:u_demo|c1_mem[701][7]        ; Stuck at GND due to stuck port data_in                    ;
; bearing_cnn_demo:u_demo|c1_mem[702][7]        ; Stuck at GND due to stuck port data_in                    ;
; bearing_cnn_demo:u_demo|c1_mem[703][7]        ; Stuck at GND due to stuck port data_in                    ;
; bearing_cnn_demo:u_demo|c1_mem[704][7]        ; Stuck at GND due to stuck port data_in                    ;
; bearing_cnn_demo:u_demo|c1_mem[705][7]        ; Stuck at GND due to stuck port data_in                    ;
; bearing_cnn_demo:u_demo|c1_mem[706][7]        ; Stuck at GND due to stuck port data_in                    ;
; bearing_cnn_demo:u_demo|c1_mem[707][7]        ; Stuck at GND due to stuck port data_in                    ;
; bearing_cnn_demo:u_demo|c1_mem[708][7]        ; Stuck at GND due to stuck port data_in                    ;
; bearing_cnn_demo:u_demo|c1_mem[709][7]        ; Stuck at GND due to stuck port data_in                    ;
; bearing_cnn_demo:u_demo|c1_mem[710][7]        ; Stuck at GND due to stuck port data_in                    ;
; bearing_cnn_demo:u_demo|c1_mem[711][7]        ; Stuck at GND due to stuck port data_in                    ;
; bearing_cnn_demo:u_demo|c1_mem[712][7]        ; Stuck at GND due to stuck port data_in                    ;
; bearing_cnn_demo:u_demo|c1_mem[713][7]        ; Stuck at GND due to stuck port data_in                    ;
; bearing_cnn_demo:u_demo|c1_mem[714][7]        ; Stuck at GND due to stuck port data_in                    ;
; bearing_cnn_demo:u_demo|c1_mem[715][7]        ; Stuck at GND due to stuck port data_in                    ;
; bearing_cnn_demo:u_demo|c1_mem[716][7]        ; Stuck at GND due to stuck port data_in                    ;
; bearing_cnn_demo:u_demo|c1_mem[717][7]        ; Stuck at GND due to stuck port data_in                    ;
; bearing_cnn_demo:u_demo|c1_mem[718][7]        ; Stuck at GND due to stuck port data_in                    ;
; bearing_cnn_demo:u_demo|c1_mem[719][7]        ; Stuck at GND due to stuck port data_in                    ;
; bearing_cnn_demo:u_demo|c1_mem[720][7]        ; Stuck at GND due to stuck port data_in                    ;
; bearing_cnn_demo:u_demo|c1_mem[721][7]        ; Stuck at GND due to stuck port data_in                    ;
; bearing_cnn_demo:u_demo|c1_mem[722][7]        ; Stuck at GND due to stuck port data_in                    ;
; bearing_cnn_demo:u_demo|c1_mem[723][7]        ; Stuck at GND due to stuck port data_in                    ;
; bearing_cnn_demo:u_demo|c1_mem[724][7]        ; Stuck at GND due to stuck port data_in                    ;
; bearing_cnn_demo:u_demo|c1_mem[725][7]        ; Stuck at GND due to stuck port data_in                    ;
; bearing_cnn_demo:u_demo|c1_mem[726][7]        ; Stuck at GND due to stuck port data_in                    ;
; bearing_cnn_demo:u_demo|c1_mem[727][7]        ; Stuck at GND due to stuck port data_in                    ;
; bearing_cnn_demo:u_demo|c1_mem[728][7]        ; Stuck at GND due to stuck port data_in                    ;
; bearing_cnn_demo:u_demo|c1_mem[729][7]        ; Stuck at GND due to stuck port data_in                    ;
; bearing_cnn_demo:u_demo|c1_mem[730][7]        ; Stuck at GND due to stuck port data_in                    ;
; bearing_cnn_demo:u_demo|c1_mem[731][7]        ; Stuck at GND due to stuck port data_in                    ;
; bearing_cnn_demo:u_demo|c1_mem[732][7]        ; Stuck at GND due to stuck port data_in                    ;
; bearing_cnn_demo:u_demo|c1_mem[733][7]        ; Stuck at GND due to stuck port data_in                    ;
; bearing_cnn_demo:u_demo|c1_mem[734][7]        ; Stuck at GND due to stuck port data_in                    ;
; bearing_cnn_demo:u_demo|c1_mem[735][7]        ; Stuck at GND due to stuck port data_in                    ;
; bearing_cnn_demo:u_demo|c1_mem[736][7]        ; Stuck at GND due to stuck port data_in                    ;
; bearing_cnn_demo:u_demo|c1_mem[737][7]        ; Stuck at GND due to stuck port data_in                    ;
; bearing_cnn_demo:u_demo|c1_mem[738][7]        ; Stuck at GND due to stuck port data_in                    ;
; bearing_cnn_demo:u_demo|c1_mem[739][7]        ; Stuck at GND due to stuck port data_in                    ;
; bearing_cnn_demo:u_demo|c1_mem[740][7]        ; Stuck at GND due to stuck port data_in                    ;
; bearing_cnn_demo:u_demo|c1_mem[741][7]        ; Stuck at GND due to stuck port data_in                    ;
; bearing_cnn_demo:u_demo|c1_mem[742][7]        ; Stuck at GND due to stuck port data_in                    ;
; bearing_cnn_demo:u_demo|c1_mem[743][7]        ; Stuck at GND due to stuck port data_in                    ;
; bearing_cnn_demo:u_demo|c1_mem[744][7]        ; Stuck at GND due to stuck port data_in                    ;
; bearing_cnn_demo:u_demo|c1_mem[745][7]        ; Stuck at GND due to stuck port data_in                    ;
; bearing_cnn_demo:u_demo|c1_mem[746][7]        ; Stuck at GND due to stuck port data_in                    ;
; bearing_cnn_demo:u_demo|c1_mem[747][7]        ; Stuck at GND due to stuck port data_in                    ;
; bearing_cnn_demo:u_demo|c1_mem[748][7]        ; Stuck at GND due to stuck port data_in                    ;
; bearing_cnn_demo:u_demo|c1_mem[749][7]        ; Stuck at GND due to stuck port data_in                    ;
; bearing_cnn_demo:u_demo|c1_mem[750][7]        ; Stuck at GND due to stuck port data_in                    ;
; bearing_cnn_demo:u_demo|c1_mem[751][7]        ; Stuck at GND due to stuck port data_in                    ;
; bearing_cnn_demo:u_demo|c1_mem[752][7]        ; Stuck at GND due to stuck port data_in                    ;
; bearing_cnn_demo:u_demo|c1_mem[753][7]        ; Stuck at GND due to stuck port data_in                    ;
; bearing_cnn_demo:u_demo|c1_mem[754][7]        ; Stuck at GND due to stuck port data_in                    ;
; bearing_cnn_demo:u_demo|c1_mem[755][7]        ; Stuck at GND due to stuck port data_in                    ;
; bearing_cnn_demo:u_demo|c1_mem[756][7]        ; Stuck at GND due to stuck port data_in                    ;
; bearing_cnn_demo:u_demo|c1_mem[757][7]        ; Stuck at GND due to stuck port data_in                    ;
; bearing_cnn_demo:u_demo|c1_mem[758][7]        ; Stuck at GND due to stuck port data_in                    ;
; bearing_cnn_demo:u_demo|c1_mem[759][7]        ; Stuck at GND due to stuck port data_in                    ;
; bearing_cnn_demo:u_demo|c1_mem[760][7]        ; Stuck at GND due to stuck port data_in                    ;
; bearing_cnn_demo:u_demo|c1_mem[761][7]        ; Stuck at GND due to stuck port data_in                    ;
; bearing_cnn_demo:u_demo|c1_mem[762][7]        ; Stuck at GND due to stuck port data_in                    ;
; bearing_cnn_demo:u_demo|c1_mem[763][7]        ; Stuck at GND due to stuck port data_in                    ;
; bearing_cnn_demo:u_demo|c1_mem[764][7]        ; Stuck at GND due to stuck port data_in                    ;
; bearing_cnn_demo:u_demo|c1_mem[765][7]        ; Stuck at GND due to stuck port data_in                    ;
; bearing_cnn_demo:u_demo|c1_mem[766][7]        ; Stuck at GND due to stuck port data_in                    ;
; bearing_cnn_demo:u_demo|c1_mem[767][7]        ; Stuck at GND due to stuck port data_in                    ;
; bearing_cnn_demo:u_demo|c1_mem[768][7]        ; Stuck at GND due to stuck port data_in                    ;
; bearing_cnn_demo:u_demo|c1_mem[769][7]        ; Stuck at GND due to stuck port data_in                    ;
; bearing_cnn_demo:u_demo|c1_mem[770][7]        ; Stuck at GND due to stuck port data_in                    ;
; bearing_cnn_demo:u_demo|c1_mem[771][7]        ; Stuck at GND due to stuck port data_in                    ;
; bearing_cnn_demo:u_demo|c1_mem[772][7]        ; Stuck at GND due to stuck port data_in                    ;
; bearing_cnn_demo:u_demo|c1_mem[773][7]        ; Stuck at GND due to stuck port data_in                    ;
; bearing_cnn_demo:u_demo|c1_mem[774][7]        ; Stuck at GND due to stuck port data_in                    ;
; bearing_cnn_demo:u_demo|c1_mem[775][7]        ; Stuck at GND due to stuck port data_in                    ;
; bearing_cnn_demo:u_demo|c1_mem[776][7]        ; Stuck at GND due to stuck port data_in                    ;
; bearing_cnn_demo:u_demo|c1_mem[777][7]        ; Stuck at GND due to stuck port data_in                    ;
; bearing_cnn_demo:u_demo|c1_mem[778][7]        ; Stuck at GND due to stuck port data_in                    ;
; bearing_cnn_demo:u_demo|c1_mem[779][7]        ; Stuck at GND due to stuck port data_in                    ;
; bearing_cnn_demo:u_demo|c1_mem[780][7]        ; Stuck at GND due to stuck port data_in                    ;
; bearing_cnn_demo:u_demo|c1_mem[781][7]        ; Stuck at GND due to stuck port data_in                    ;
; bearing_cnn_demo:u_demo|c1_mem[782][7]        ; Stuck at GND due to stuck port data_in                    ;
; bearing_cnn_demo:u_demo|c1_mem[783][7]        ; Stuck at GND due to stuck port data_in                    ;
; bearing_cnn_demo:u_demo|c1_mem[784][7]        ; Stuck at GND due to stuck port data_in                    ;
; bearing_cnn_demo:u_demo|c1_mem[785][7]        ; Stuck at GND due to stuck port data_in                    ;
; bearing_cnn_demo:u_demo|c1_mem[786][7]        ; Stuck at GND due to stuck port data_in                    ;
; bearing_cnn_demo:u_demo|c1_mem[787][7]        ; Stuck at GND due to stuck port data_in                    ;
; bearing_cnn_demo:u_demo|c1_mem[788][7]        ; Stuck at GND due to stuck port data_in                    ;
; bearing_cnn_demo:u_demo|c1_mem[789][7]        ; Stuck at GND due to stuck port data_in                    ;
; bearing_cnn_demo:u_demo|c1_mem[790][7]        ; Stuck at GND due to stuck port data_in                    ;
; bearing_cnn_demo:u_demo|c1_mem[791][7]        ; Stuck at GND due to stuck port data_in                    ;
; bearing_cnn_demo:u_demo|c1_mem[792][7]        ; Stuck at GND due to stuck port data_in                    ;
; bearing_cnn_demo:u_demo|c1_mem[793][7]        ; Stuck at GND due to stuck port data_in                    ;
; bearing_cnn_demo:u_demo|c1_mem[794][7]        ; Stuck at GND due to stuck port data_in                    ;
; bearing_cnn_demo:u_demo|c1_mem[795][7]        ; Stuck at GND due to stuck port data_in                    ;
; bearing_cnn_demo:u_demo|c1_mem[796][7]        ; Stuck at GND due to stuck port data_in                    ;
; bearing_cnn_demo:u_demo|c1_mem[797][7]        ; Stuck at GND due to stuck port data_in                    ;
; bearing_cnn_demo:u_demo|c1_mem[798][7]        ; Stuck at GND due to stuck port data_in                    ;
; bearing_cnn_demo:u_demo|c1_mem[799][7]        ; Stuck at GND due to stuck port data_in                    ;
; bearing_cnn_demo:u_demo|c1_mem[800][7]        ; Stuck at GND due to stuck port data_in                    ;
; bearing_cnn_demo:u_demo|c1_mem[801][7]        ; Stuck at GND due to stuck port data_in                    ;
; bearing_cnn_demo:u_demo|c1_mem[802][7]        ; Stuck at GND due to stuck port data_in                    ;
; bearing_cnn_demo:u_demo|c1_mem[803][7]        ; Stuck at GND due to stuck port data_in                    ;
; bearing_cnn_demo:u_demo|c1_mem[804][7]        ; Stuck at GND due to stuck port data_in                    ;
; bearing_cnn_demo:u_demo|c1_mem[805][7]        ; Stuck at GND due to stuck port data_in                    ;
; bearing_cnn_demo:u_demo|c1_mem[806][7]        ; Stuck at GND due to stuck port data_in                    ;
; bearing_cnn_demo:u_demo|c1_mem[807][7]        ; Stuck at GND due to stuck port data_in                    ;
; bearing_cnn_demo:u_demo|c1_mem[808][7]        ; Stuck at GND due to stuck port data_in                    ;
; bearing_cnn_demo:u_demo|c1_mem[809][7]        ; Stuck at GND due to stuck port data_in                    ;
; bearing_cnn_demo:u_demo|c1_mem[810][7]        ; Stuck at GND due to stuck port data_in                    ;
; bearing_cnn_demo:u_demo|c1_mem[811][7]        ; Stuck at GND due to stuck port data_in                    ;
; bearing_cnn_demo:u_demo|c1_mem[812][7]        ; Stuck at GND due to stuck port data_in                    ;
; bearing_cnn_demo:u_demo|c1_mem[813][7]        ; Stuck at GND due to stuck port data_in                    ;
; bearing_cnn_demo:u_demo|c1_mem[814][7]        ; Stuck at GND due to stuck port data_in                    ;
; bearing_cnn_demo:u_demo|c1_mem[815][7]        ; Stuck at GND due to stuck port data_in                    ;
; bearing_cnn_demo:u_demo|c1_mem[816][7]        ; Stuck at GND due to stuck port data_in                    ;
; bearing_cnn_demo:u_demo|c1_mem[817][7]        ; Stuck at GND due to stuck port data_in                    ;
; bearing_cnn_demo:u_demo|c1_mem[818][7]        ; Stuck at GND due to stuck port data_in                    ;
; bearing_cnn_demo:u_demo|c1_mem[819][7]        ; Stuck at GND due to stuck port data_in                    ;
; bearing_cnn_demo:u_demo|c1_mem[820][7]        ; Stuck at GND due to stuck port data_in                    ;
; bearing_cnn_demo:u_demo|c1_mem[821][7]        ; Stuck at GND due to stuck port data_in                    ;
; bearing_cnn_demo:u_demo|c1_mem[822][7]        ; Stuck at GND due to stuck port data_in                    ;
; bearing_cnn_demo:u_demo|c1_mem[823][7]        ; Stuck at GND due to stuck port data_in                    ;
; bearing_cnn_demo:u_demo|c1_mem[824][7]        ; Stuck at GND due to stuck port data_in                    ;
; bearing_cnn_demo:u_demo|c1_mem[825][7]        ; Stuck at GND due to stuck port data_in                    ;
; bearing_cnn_demo:u_demo|c1_mem[826][7]        ; Stuck at GND due to stuck port data_in                    ;
; bearing_cnn_demo:u_demo|c1_mem[827][7]        ; Stuck at GND due to stuck port data_in                    ;
; bearing_cnn_demo:u_demo|c1_mem[828][7]        ; Stuck at GND due to stuck port data_in                    ;
; bearing_cnn_demo:u_demo|c1_mem[829][7]        ; Stuck at GND due to stuck port data_in                    ;
; bearing_cnn_demo:u_demo|c1_mem[830][7]        ; Stuck at GND due to stuck port data_in                    ;
; bearing_cnn_demo:u_demo|c1_mem[831][7]        ; Stuck at GND due to stuck port data_in                    ;
; bearing_cnn_demo:u_demo|c1_mem[832][7]        ; Stuck at GND due to stuck port data_in                    ;
; bearing_cnn_demo:u_demo|c1_mem[833][7]        ; Stuck at GND due to stuck port data_in                    ;
; bearing_cnn_demo:u_demo|c1_mem[834][7]        ; Stuck at GND due to stuck port data_in                    ;
; bearing_cnn_demo:u_demo|c1_mem[835][7]        ; Stuck at GND due to stuck port data_in                    ;
; bearing_cnn_demo:u_demo|c1_mem[836][7]        ; Stuck at GND due to stuck port data_in                    ;
; bearing_cnn_demo:u_demo|c1_mem[837][7]        ; Stuck at GND due to stuck port data_in                    ;
; bearing_cnn_demo:u_demo|c1_mem[838][7]        ; Stuck at GND due to stuck port data_in                    ;
; bearing_cnn_demo:u_demo|c1_mem[839][7]        ; Stuck at GND due to stuck port data_in                    ;
; bearing_cnn_demo:u_demo|c1_mem[840][7]        ; Stuck at GND due to stuck port data_in                    ;
; bearing_cnn_demo:u_demo|c1_mem[841][7]        ; Stuck at GND due to stuck port data_in                    ;
; bearing_cnn_demo:u_demo|c1_mem[842][7]        ; Stuck at GND due to stuck port data_in                    ;
; bearing_cnn_demo:u_demo|c1_mem[843][7]        ; Stuck at GND due to stuck port data_in                    ;
; bearing_cnn_demo:u_demo|c1_mem[844][7]        ; Stuck at GND due to stuck port data_in                    ;
; bearing_cnn_demo:u_demo|c1_mem[845][7]        ; Stuck at GND due to stuck port data_in                    ;
; bearing_cnn_demo:u_demo|c1_mem[846][7]        ; Stuck at GND due to stuck port data_in                    ;
; bearing_cnn_demo:u_demo|c1_mem[847][7]        ; Stuck at GND due to stuck port data_in                    ;
; bearing_cnn_demo:u_demo|c1_mem[848][7]        ; Stuck at GND due to stuck port data_in                    ;
; bearing_cnn_demo:u_demo|c1_mem[849][7]        ; Stuck at GND due to stuck port data_in                    ;
; bearing_cnn_demo:u_demo|c1_mem[850][7]        ; Stuck at GND due to stuck port data_in                    ;
; bearing_cnn_demo:u_demo|c1_mem[851][7]        ; Stuck at GND due to stuck port data_in                    ;
; bearing_cnn_demo:u_demo|c1_mem[852][7]        ; Stuck at GND due to stuck port data_in                    ;
; bearing_cnn_demo:u_demo|c1_mem[853][7]        ; Stuck at GND due to stuck port data_in                    ;
; bearing_cnn_demo:u_demo|c1_mem[854][7]        ; Stuck at GND due to stuck port data_in                    ;
; bearing_cnn_demo:u_demo|c1_mem[855][7]        ; Stuck at GND due to stuck port data_in                    ;
; bearing_cnn_demo:u_demo|c1_mem[856][7]        ; Stuck at GND due to stuck port data_in                    ;
; bearing_cnn_demo:u_demo|c1_mem[857][7]        ; Stuck at GND due to stuck port data_in                    ;
; bearing_cnn_demo:u_demo|c1_mem[858][7]        ; Stuck at GND due to stuck port data_in                    ;
; bearing_cnn_demo:u_demo|c1_mem[859][7]        ; Stuck at GND due to stuck port data_in                    ;
; bearing_cnn_demo:u_demo|c1_mem[860][7]        ; Stuck at GND due to stuck port data_in                    ;
; bearing_cnn_demo:u_demo|c1_mem[861][7]        ; Stuck at GND due to stuck port data_in                    ;
; bearing_cnn_demo:u_demo|c1_mem[862][7]        ; Stuck at GND due to stuck port data_in                    ;
; bearing_cnn_demo:u_demo|c1_mem[863][7]        ; Stuck at GND due to stuck port data_in                    ;
; bearing_cnn_demo:u_demo|c1_mem[864][7]        ; Stuck at GND due to stuck port data_in                    ;
; bearing_cnn_demo:u_demo|c1_mem[865][7]        ; Stuck at GND due to stuck port data_in                    ;
; bearing_cnn_demo:u_demo|c1_mem[866][7]        ; Stuck at GND due to stuck port data_in                    ;
; bearing_cnn_demo:u_demo|c1_mem[867][7]        ; Stuck at GND due to stuck port data_in                    ;
; bearing_cnn_demo:u_demo|c1_mem[868][7]        ; Stuck at GND due to stuck port data_in                    ;
; bearing_cnn_demo:u_demo|c1_mem[869][7]        ; Stuck at GND due to stuck port data_in                    ;
; bearing_cnn_demo:u_demo|c1_mem[870][7]        ; Stuck at GND due to stuck port data_in                    ;
; bearing_cnn_demo:u_demo|c1_mem[871][7]        ; Stuck at GND due to stuck port data_in                    ;
; bearing_cnn_demo:u_demo|c1_mem[872][7]        ; Stuck at GND due to stuck port data_in                    ;
; bearing_cnn_demo:u_demo|c1_mem[873][7]        ; Stuck at GND due to stuck port data_in                    ;
; bearing_cnn_demo:u_demo|c1_mem[874][7]        ; Stuck at GND due to stuck port data_in                    ;
; bearing_cnn_demo:u_demo|c1_mem[875][7]        ; Stuck at GND due to stuck port data_in                    ;
; bearing_cnn_demo:u_demo|c1_mem[876][7]        ; Stuck at GND due to stuck port data_in                    ;
; bearing_cnn_demo:u_demo|c1_mem[877][7]        ; Stuck at GND due to stuck port data_in                    ;
; bearing_cnn_demo:u_demo|c1_mem[878][7]        ; Stuck at GND due to stuck port data_in                    ;
; bearing_cnn_demo:u_demo|c1_mem[879][7]        ; Stuck at GND due to stuck port data_in                    ;
; bearing_cnn_demo:u_demo|c1_mem[880][7]        ; Stuck at GND due to stuck port data_in                    ;
; bearing_cnn_demo:u_demo|c1_mem[881][7]        ; Stuck at GND due to stuck port data_in                    ;
; bearing_cnn_demo:u_demo|c1_mem[882][7]        ; Stuck at GND due to stuck port data_in                    ;
; bearing_cnn_demo:u_demo|c1_mem[883][7]        ; Stuck at GND due to stuck port data_in                    ;
; bearing_cnn_demo:u_demo|c1_mem[884][7]        ; Stuck at GND due to stuck port data_in                    ;
; bearing_cnn_demo:u_demo|c1_mem[885][7]        ; Stuck at GND due to stuck port data_in                    ;
; bearing_cnn_demo:u_demo|c1_mem[886][7]        ; Stuck at GND due to stuck port data_in                    ;
; bearing_cnn_demo:u_demo|c1_mem[887][7]        ; Stuck at GND due to stuck port data_in                    ;
; bearing_cnn_demo:u_demo|c1_mem[888][7]        ; Stuck at GND due to stuck port data_in                    ;
; bearing_cnn_demo:u_demo|c1_mem[889][7]        ; Stuck at GND due to stuck port data_in                    ;
; bearing_cnn_demo:u_demo|c1_mem[890][7]        ; Stuck at GND due to stuck port data_in                    ;
; bearing_cnn_demo:u_demo|c1_mem[891][7]        ; Stuck at GND due to stuck port data_in                    ;
; bearing_cnn_demo:u_demo|c1_mem[892][7]        ; Stuck at GND due to stuck port data_in                    ;
; bearing_cnn_demo:u_demo|c1_mem[893][7]        ; Stuck at GND due to stuck port data_in                    ;
; bearing_cnn_demo:u_demo|c1_mem[894][7]        ; Stuck at GND due to stuck port data_in                    ;
; bearing_cnn_demo:u_demo|c1_mem[895][7]        ; Stuck at GND due to stuck port data_in                    ;
; bearing_cnn_demo:u_demo|c1_mem[896][7]        ; Stuck at GND due to stuck port data_in                    ;
; bearing_cnn_demo:u_demo|c1_mem[897][7]        ; Stuck at GND due to stuck port data_in                    ;
; bearing_cnn_demo:u_demo|c1_mem[898][7]        ; Stuck at GND due to stuck port data_in                    ;
; bearing_cnn_demo:u_demo|c1_mem[899][7]        ; Stuck at GND due to stuck port data_in                    ;
; bearing_cnn_demo:u_demo|c1_mem[900][7]        ; Stuck at GND due to stuck port data_in                    ;
; bearing_cnn_demo:u_demo|c1_mem[901][7]        ; Stuck at GND due to stuck port data_in                    ;
; bearing_cnn_demo:u_demo|c1_mem[902][7]        ; Stuck at GND due to stuck port data_in                    ;
; bearing_cnn_demo:u_demo|c1_mem[903][7]        ; Stuck at GND due to stuck port data_in                    ;
; bearing_cnn_demo:u_demo|c1_mem[904][7]        ; Stuck at GND due to stuck port data_in                    ;
; bearing_cnn_demo:u_demo|c1_mem[905][7]        ; Stuck at GND due to stuck port data_in                    ;
; bearing_cnn_demo:u_demo|c1_mem[906][7]        ; Stuck at GND due to stuck port data_in                    ;
; bearing_cnn_demo:u_demo|c1_mem[907][7]        ; Stuck at GND due to stuck port data_in                    ;
; bearing_cnn_demo:u_demo|c1_mem[908][7]        ; Stuck at GND due to stuck port data_in                    ;
; bearing_cnn_demo:u_demo|c1_mem[909][7]        ; Stuck at GND due to stuck port data_in                    ;
; bearing_cnn_demo:u_demo|c1_mem[910][7]        ; Stuck at GND due to stuck port data_in                    ;
; bearing_cnn_demo:u_demo|c1_mem[911][7]        ; Stuck at GND due to stuck port data_in                    ;
; bearing_cnn_demo:u_demo|c1_mem[912][7]        ; Stuck at GND due to stuck port data_in                    ;
; bearing_cnn_demo:u_demo|c1_mem[913][7]        ; Stuck at GND due to stuck port data_in                    ;
; bearing_cnn_demo:u_demo|c1_mem[914][7]        ; Stuck at GND due to stuck port data_in                    ;
; bearing_cnn_demo:u_demo|c1_mem[915][7]        ; Stuck at GND due to stuck port data_in                    ;
; bearing_cnn_demo:u_demo|c1_mem[916][7]        ; Stuck at GND due to stuck port data_in                    ;
; bearing_cnn_demo:u_demo|c1_mem[917][7]        ; Stuck at GND due to stuck port data_in                    ;
; bearing_cnn_demo:u_demo|c1_mem[918][7]        ; Stuck at GND due to stuck port data_in                    ;
; bearing_cnn_demo:u_demo|c1_mem[919][7]        ; Stuck at GND due to stuck port data_in                    ;
; bearing_cnn_demo:u_demo|c1_mem[920][7]        ; Stuck at GND due to stuck port data_in                    ;
; bearing_cnn_demo:u_demo|c1_mem[921][7]        ; Stuck at GND due to stuck port data_in                    ;
; bearing_cnn_demo:u_demo|c1_mem[922][7]        ; Stuck at GND due to stuck port data_in                    ;
; bearing_cnn_demo:u_demo|c1_mem[923][7]        ; Stuck at GND due to stuck port data_in                    ;
; bearing_cnn_demo:u_demo|c1_mem[924][7]        ; Stuck at GND due to stuck port data_in                    ;
; bearing_cnn_demo:u_demo|c1_mem[925][7]        ; Stuck at GND due to stuck port data_in                    ;
; bearing_cnn_demo:u_demo|c1_mem[926][7]        ; Stuck at GND due to stuck port data_in                    ;
; bearing_cnn_demo:u_demo|c1_mem[927][7]        ; Stuck at GND due to stuck port data_in                    ;
; bearing_cnn_demo:u_demo|c1_mem[928][7]        ; Stuck at GND due to stuck port data_in                    ;
; bearing_cnn_demo:u_demo|c1_mem[929][7]        ; Stuck at GND due to stuck port data_in                    ;
; bearing_cnn_demo:u_demo|c1_mem[930][7]        ; Stuck at GND due to stuck port data_in                    ;
; bearing_cnn_demo:u_demo|c1_mem[931][7]        ; Stuck at GND due to stuck port data_in                    ;
; bearing_cnn_demo:u_demo|c1_mem[932][7]        ; Stuck at GND due to stuck port data_in                    ;
; bearing_cnn_demo:u_demo|c1_mem[933][7]        ; Stuck at GND due to stuck port data_in                    ;
; bearing_cnn_demo:u_demo|c1_mem[934][7]        ; Stuck at GND due to stuck port data_in                    ;
; bearing_cnn_demo:u_demo|c1_mem[935][7]        ; Stuck at GND due to stuck port data_in                    ;
; bearing_cnn_demo:u_demo|c1_mem[936][7]        ; Stuck at GND due to stuck port data_in                    ;
; bearing_cnn_demo:u_demo|c1_mem[937][7]        ; Stuck at GND due to stuck port data_in                    ;
; bearing_cnn_demo:u_demo|c1_mem[938][7]        ; Stuck at GND due to stuck port data_in                    ;
; bearing_cnn_demo:u_demo|c1_mem[939][7]        ; Stuck at GND due to stuck port data_in                    ;
; bearing_cnn_demo:u_demo|c1_mem[940][7]        ; Stuck at GND due to stuck port data_in                    ;
; bearing_cnn_demo:u_demo|c1_mem[941][7]        ; Stuck at GND due to stuck port data_in                    ;
; bearing_cnn_demo:u_demo|c1_mem[942][7]        ; Stuck at GND due to stuck port data_in                    ;
; bearing_cnn_demo:u_demo|c1_mem[943][7]        ; Stuck at GND due to stuck port data_in                    ;
; bearing_cnn_demo:u_demo|c1_mem[944][7]        ; Stuck at GND due to stuck port data_in                    ;
; bearing_cnn_demo:u_demo|c1_mem[945][7]        ; Stuck at GND due to stuck port data_in                    ;
; bearing_cnn_demo:u_demo|c1_mem[946][7]        ; Stuck at GND due to stuck port data_in                    ;
; bearing_cnn_demo:u_demo|c1_mem[947][7]        ; Stuck at GND due to stuck port data_in                    ;
; bearing_cnn_demo:u_demo|c1_mem[948][7]        ; Stuck at GND due to stuck port data_in                    ;
; bearing_cnn_demo:u_demo|c1_mem[949][7]        ; Stuck at GND due to stuck port data_in                    ;
; bearing_cnn_demo:u_demo|c1_mem[950][7]        ; Stuck at GND due to stuck port data_in                    ;
; bearing_cnn_demo:u_demo|c1_mem[951][7]        ; Stuck at GND due to stuck port data_in                    ;
; bearing_cnn_demo:u_demo|c1_mem[952][7]        ; Stuck at GND due to stuck port data_in                    ;
; bearing_cnn_demo:u_demo|c1_mem[953][7]        ; Stuck at GND due to stuck port data_in                    ;
; bearing_cnn_demo:u_demo|c1_mem[954][7]        ; Stuck at GND due to stuck port data_in                    ;
; bearing_cnn_demo:u_demo|c1_mem[955][7]        ; Stuck at GND due to stuck port data_in                    ;
; bearing_cnn_demo:u_demo|c1_mem[956][7]        ; Stuck at GND due to stuck port data_in                    ;
; bearing_cnn_demo:u_demo|c1_mem[957][7]        ; Stuck at GND due to stuck port data_in                    ;
; bearing_cnn_demo:u_demo|c1_mem[958][7]        ; Stuck at GND due to stuck port data_in                    ;
; bearing_cnn_demo:u_demo|c1_mem[959][7]        ; Stuck at GND due to stuck port data_in                    ;
; bearing_cnn_demo:u_demo|c1_mem[960][7]        ; Stuck at GND due to stuck port data_in                    ;
; bearing_cnn_demo:u_demo|c1_mem[961][7]        ; Stuck at GND due to stuck port data_in                    ;
; bearing_cnn_demo:u_demo|c1_mem[962][7]        ; Stuck at GND due to stuck port data_in                    ;
; bearing_cnn_demo:u_demo|c1_mem[963][7]        ; Stuck at GND due to stuck port data_in                    ;
; bearing_cnn_demo:u_demo|c1_mem[964][7]        ; Stuck at GND due to stuck port data_in                    ;
; bearing_cnn_demo:u_demo|c1_mem[965][7]        ; Stuck at GND due to stuck port data_in                    ;
; bearing_cnn_demo:u_demo|c1_mem[966][7]        ; Stuck at GND due to stuck port data_in                    ;
; bearing_cnn_demo:u_demo|c1_mem[967][7]        ; Stuck at GND due to stuck port data_in                    ;
; bearing_cnn_demo:u_demo|c1_mem[968][7]        ; Stuck at GND due to stuck port data_in                    ;
; bearing_cnn_demo:u_demo|c1_mem[969][7]        ; Stuck at GND due to stuck port data_in                    ;
; bearing_cnn_demo:u_demo|c1_mem[970][7]        ; Stuck at GND due to stuck port data_in                    ;
; bearing_cnn_demo:u_demo|c1_mem[971][7]        ; Stuck at GND due to stuck port data_in                    ;
; bearing_cnn_demo:u_demo|c1_mem[972][7]        ; Stuck at GND due to stuck port data_in                    ;
; bearing_cnn_demo:u_demo|c1_mem[973][7]        ; Stuck at GND due to stuck port data_in                    ;
; bearing_cnn_demo:u_demo|c1_mem[974][7]        ; Stuck at GND due to stuck port data_in                    ;
; bearing_cnn_demo:u_demo|c1_mem[975][7]        ; Stuck at GND due to stuck port data_in                    ;
; bearing_cnn_demo:u_demo|c1_mem[976][7]        ; Stuck at GND due to stuck port data_in                    ;
; bearing_cnn_demo:u_demo|c1_mem[977][7]        ; Stuck at GND due to stuck port data_in                    ;
; bearing_cnn_demo:u_demo|c1_mem[978][7]        ; Stuck at GND due to stuck port data_in                    ;
; bearing_cnn_demo:u_demo|c1_mem[979][7]        ; Stuck at GND due to stuck port data_in                    ;
; bearing_cnn_demo:u_demo|c1_mem[980][7]        ; Stuck at GND due to stuck port data_in                    ;
; bearing_cnn_demo:u_demo|c1_mem[981][7]        ; Stuck at GND due to stuck port data_in                    ;
; bearing_cnn_demo:u_demo|c1_mem[982][7]        ; Stuck at GND due to stuck port data_in                    ;
; bearing_cnn_demo:u_demo|c1_mem[983][7]        ; Stuck at GND due to stuck port data_in                    ;
; bearing_cnn_demo:u_demo|c1_mem[984][7]        ; Stuck at GND due to stuck port data_in                    ;
; bearing_cnn_demo:u_demo|c1_mem[985][7]        ; Stuck at GND due to stuck port data_in                    ;
; bearing_cnn_demo:u_demo|c1_mem[986][7]        ; Stuck at GND due to stuck port data_in                    ;
; bearing_cnn_demo:u_demo|c1_mem[987][7]        ; Stuck at GND due to stuck port data_in                    ;
; bearing_cnn_demo:u_demo|c1_mem[988][7]        ; Stuck at GND due to stuck port data_in                    ;
; bearing_cnn_demo:u_demo|c1_mem[989][7]        ; Stuck at GND due to stuck port data_in                    ;
; bearing_cnn_demo:u_demo|c1_mem[990][7]        ; Stuck at GND due to stuck port data_in                    ;
; bearing_cnn_demo:u_demo|c1_mem[991][7]        ; Stuck at GND due to stuck port data_in                    ;
; bearing_cnn_demo:u_demo|c1_mem[992][7]        ; Stuck at GND due to stuck port data_in                    ;
; bearing_cnn_demo:u_demo|c1_mem[993][7]        ; Stuck at GND due to stuck port data_in                    ;
; bearing_cnn_demo:u_demo|c1_mem[994][7]        ; Stuck at GND due to stuck port data_in                    ;
; bearing_cnn_demo:u_demo|c1_mem[995][7]        ; Stuck at GND due to stuck port data_in                    ;
; bearing_cnn_demo:u_demo|c1_mem[996][7]        ; Stuck at GND due to stuck port data_in                    ;
; bearing_cnn_demo:u_demo|c1_mem[997][7]        ; Stuck at GND due to stuck port data_in                    ;
; bearing_cnn_demo:u_demo|c1_mem[998][7]        ; Stuck at GND due to stuck port data_in                    ;
; bearing_cnn_demo:u_demo|c1_mem[999][7]        ; Stuck at GND due to stuck port data_in                    ;
; bearing_cnn_demo:u_demo|c1_mem[1000][7]       ; Stuck at GND due to stuck port data_in                    ;
; bearing_cnn_demo:u_demo|c1_mem[1001][7]       ; Stuck at GND due to stuck port data_in                    ;
; bearing_cnn_demo:u_demo|c1_mem[1002][7]       ; Stuck at GND due to stuck port data_in                    ;
; bearing_cnn_demo:u_demo|c1_mem[1003][7]       ; Stuck at GND due to stuck port data_in                    ;
; bearing_cnn_demo:u_demo|c1_mem[1004][7]       ; Stuck at GND due to stuck port data_in                    ;
; bearing_cnn_demo:u_demo|c1_mem[1005][7]       ; Stuck at GND due to stuck port data_in                    ;
; bearing_cnn_demo:u_demo|c1_mem[1006][7]       ; Stuck at GND due to stuck port data_in                    ;
; bearing_cnn_demo:u_demo|c1_mem[1007][7]       ; Stuck at GND due to stuck port data_in                    ;
; bearing_cnn_demo:u_demo|c1_mem[1008][7]       ; Stuck at GND due to stuck port data_in                    ;
; bearing_cnn_demo:u_demo|c1_mem[1009][7]       ; Stuck at GND due to stuck port data_in                    ;
; bearing_cnn_demo:u_demo|c1_mem[1010][7]       ; Stuck at GND due to stuck port data_in                    ;
; bearing_cnn_demo:u_demo|c1_mem[1011][7]       ; Stuck at GND due to stuck port data_in                    ;
; bearing_cnn_demo:u_demo|c1_mem[1012][7]       ; Stuck at GND due to stuck port data_in                    ;
; bearing_cnn_demo:u_demo|c1_mem[1013][7]       ; Stuck at GND due to stuck port data_in                    ;
; bearing_cnn_demo:u_demo|c1_mem[1014][7]       ; Stuck at GND due to stuck port data_in                    ;
; bearing_cnn_demo:u_demo|c1_mem[1015][7]       ; Stuck at GND due to stuck port data_in                    ;
; bearing_cnn_demo:u_demo|c1_mem[1016][7]       ; Stuck at GND due to stuck port data_in                    ;
; bearing_cnn_demo:u_demo|c1_mem[1017][7]       ; Stuck at GND due to stuck port data_in                    ;
; bearing_cnn_demo:u_demo|c1_mem[1018][7]       ; Stuck at GND due to stuck port data_in                    ;
; bearing_cnn_demo:u_demo|c1_mem[1019][7]       ; Stuck at GND due to stuck port data_in                    ;
; bearing_cnn_demo:u_demo|c1_mem[1020][7]       ; Stuck at GND due to stuck port data_in                    ;
; bearing_cnn_demo:u_demo|c1_mem[1021][7]       ; Stuck at GND due to stuck port data_in                    ;
; bearing_cnn_demo:u_demo|c1_mem[1022][7]       ; Stuck at GND due to stuck port data_in                    ;
; bearing_cnn_demo:u_demo|c1_mem[1023][7]       ; Stuck at GND due to stuck port data_in                    ;
; bearing_cnn_demo:u_demo|c1_mem[1024][7]       ; Stuck at GND due to stuck port data_in                    ;
; bearing_cnn_demo:u_demo|c1_mem[1025][7]       ; Stuck at GND due to stuck port data_in                    ;
; bearing_cnn_demo:u_demo|c1_mem[1026][7]       ; Stuck at GND due to stuck port data_in                    ;
; bearing_cnn_demo:u_demo|c1_mem[1027][7]       ; Stuck at GND due to stuck port data_in                    ;
; bearing_cnn_demo:u_demo|c1_mem[1028][7]       ; Stuck at GND due to stuck port data_in                    ;
; bearing_cnn_demo:u_demo|c1_mem[1029][7]       ; Stuck at GND due to stuck port data_in                    ;
; bearing_cnn_demo:u_demo|c1_mem[1030][7]       ; Stuck at GND due to stuck port data_in                    ;
; bearing_cnn_demo:u_demo|c1_mem[1031][7]       ; Stuck at GND due to stuck port data_in                    ;
; bearing_cnn_demo:u_demo|c1_mem[1032][7]       ; Stuck at GND due to stuck port data_in                    ;
; bearing_cnn_demo:u_demo|c1_mem[1033][7]       ; Stuck at GND due to stuck port data_in                    ;
; bearing_cnn_demo:u_demo|c1_mem[1034][7]       ; Stuck at GND due to stuck port data_in                    ;
; bearing_cnn_demo:u_demo|c1_mem[1035][7]       ; Stuck at GND due to stuck port data_in                    ;
; bearing_cnn_demo:u_demo|c1_mem[1036][7]       ; Stuck at GND due to stuck port data_in                    ;
; bearing_cnn_demo:u_demo|c1_mem[1037][7]       ; Stuck at GND due to stuck port data_in                    ;
; bearing_cnn_demo:u_demo|c1_mem[1038][7]       ; Stuck at GND due to stuck port data_in                    ;
; bearing_cnn_demo:u_demo|c1_mem[1039][7]       ; Stuck at GND due to stuck port data_in                    ;
; bearing_cnn_demo:u_demo|c1_mem[1040][7]       ; Stuck at GND due to stuck port data_in                    ;
; bearing_cnn_demo:u_demo|c1_mem[1041][7]       ; Stuck at GND due to stuck port data_in                    ;
; bearing_cnn_demo:u_demo|c1_mem[1042][7]       ; Stuck at GND due to stuck port data_in                    ;
; bearing_cnn_demo:u_demo|c1_mem[1043][7]       ; Stuck at GND due to stuck port data_in                    ;
; bearing_cnn_demo:u_demo|c1_mem[1044][7]       ; Stuck at GND due to stuck port data_in                    ;
; bearing_cnn_demo:u_demo|c1_mem[1045][7]       ; Stuck at GND due to stuck port data_in                    ;
; bearing_cnn_demo:u_demo|c1_mem[1046][7]       ; Stuck at GND due to stuck port data_in                    ;
; bearing_cnn_demo:u_demo|c1_mem[1047][7]       ; Stuck at GND due to stuck port data_in                    ;
; bearing_cnn_demo:u_demo|c1_mem[1048][7]       ; Stuck at GND due to stuck port data_in                    ;
; bearing_cnn_demo:u_demo|c1_mem[1049][7]       ; Stuck at GND due to stuck port data_in                    ;
; bearing_cnn_demo:u_demo|c1_mem[1050][7]       ; Stuck at GND due to stuck port data_in                    ;
; bearing_cnn_demo:u_demo|c1_mem[1051][7]       ; Stuck at GND due to stuck port data_in                    ;
; bearing_cnn_demo:u_demo|c1_mem[1052][7]       ; Stuck at GND due to stuck port data_in                    ;
; bearing_cnn_demo:u_demo|c1_mem[1053][7]       ; Stuck at GND due to stuck port data_in                    ;
; bearing_cnn_demo:u_demo|c1_mem[1054][7]       ; Stuck at GND due to stuck port data_in                    ;
; bearing_cnn_demo:u_demo|c1_mem[1055][7]       ; Stuck at GND due to stuck port data_in                    ;
; bearing_cnn_demo:u_demo|c1_mem[1056][7]       ; Stuck at GND due to stuck port data_in                    ;
; bearing_cnn_demo:u_demo|c1_mem[1057][7]       ; Stuck at GND due to stuck port data_in                    ;
; bearing_cnn_demo:u_demo|c1_mem[1058][7]       ; Stuck at GND due to stuck port data_in                    ;
; bearing_cnn_demo:u_demo|c1_mem[1059][7]       ; Stuck at GND due to stuck port data_in                    ;
; bearing_cnn_demo:u_demo|c1_mem[1060][7]       ; Stuck at GND due to stuck port data_in                    ;
; bearing_cnn_demo:u_demo|c1_mem[1061][7]       ; Stuck at GND due to stuck port data_in                    ;
; bearing_cnn_demo:u_demo|c1_mem[1062][7]       ; Stuck at GND due to stuck port data_in                    ;
; bearing_cnn_demo:u_demo|c1_mem[1063][7]       ; Stuck at GND due to stuck port data_in                    ;
; bearing_cnn_demo:u_demo|c1_mem[1064][7]       ; Stuck at GND due to stuck port data_in                    ;
; bearing_cnn_demo:u_demo|c1_mem[1065][7]       ; Stuck at GND due to stuck port data_in                    ;
; bearing_cnn_demo:u_demo|c1_mem[1066][7]       ; Stuck at GND due to stuck port data_in                    ;
; bearing_cnn_demo:u_demo|c1_mem[1067][7]       ; Stuck at GND due to stuck port data_in                    ;
; bearing_cnn_demo:u_demo|c1_mem[1068][7]       ; Stuck at GND due to stuck port data_in                    ;
; bearing_cnn_demo:u_demo|c1_mem[1069][7]       ; Stuck at GND due to stuck port data_in                    ;
; bearing_cnn_demo:u_demo|c1_mem[1070][7]       ; Stuck at GND due to stuck port data_in                    ;
; bearing_cnn_demo:u_demo|c1_mem[1071][7]       ; Stuck at GND due to stuck port data_in                    ;
; bearing_cnn_demo:u_demo|c1_mem[1072][7]       ; Stuck at GND due to stuck port data_in                    ;
; bearing_cnn_demo:u_demo|c1_mem[1073][7]       ; Stuck at GND due to stuck port data_in                    ;
; bearing_cnn_demo:u_demo|c1_mem[1074][7]       ; Stuck at GND due to stuck port data_in                    ;
; bearing_cnn_demo:u_demo|c1_mem[1075][7]       ; Stuck at GND due to stuck port data_in                    ;
; bearing_cnn_demo:u_demo|c1_mem[1076][7]       ; Stuck at GND due to stuck port data_in                    ;
; bearing_cnn_demo:u_demo|c1_mem[1077][7]       ; Stuck at GND due to stuck port data_in                    ;
; bearing_cnn_demo:u_demo|c1_mem[1078][7]       ; Stuck at GND due to stuck port data_in                    ;
; bearing_cnn_demo:u_demo|c1_mem[1079][7]       ; Stuck at GND due to stuck port data_in                    ;
; bearing_cnn_demo:u_demo|c1_mem[1080][7]       ; Stuck at GND due to stuck port data_in                    ;
; bearing_cnn_demo:u_demo|c1_mem[1081][7]       ; Stuck at GND due to stuck port data_in                    ;
; bearing_cnn_demo:u_demo|c1_mem[1082][7]       ; Stuck at GND due to stuck port data_in                    ;
; bearing_cnn_demo:u_demo|c1_mem[1083][7]       ; Stuck at GND due to stuck port data_in                    ;
; bearing_cnn_demo:u_demo|c1_mem[1084][7]       ; Stuck at GND due to stuck port data_in                    ;
; bearing_cnn_demo:u_demo|c1_mem[1085][7]       ; Stuck at GND due to stuck port data_in                    ;
; bearing_cnn_demo:u_demo|c1_mem[1086][7]       ; Stuck at GND due to stuck port data_in                    ;
; bearing_cnn_demo:u_demo|c1_mem[1087][7]       ; Stuck at GND due to stuck port data_in                    ;
; bearing_cnn_demo:u_demo|c1_mem[1088][7]       ; Stuck at GND due to stuck port data_in                    ;
; bearing_cnn_demo:u_demo|c1_mem[1089][7]       ; Stuck at GND due to stuck port data_in                    ;
; bearing_cnn_demo:u_demo|c1_mem[1090][7]       ; Stuck at GND due to stuck port data_in                    ;
; bearing_cnn_demo:u_demo|c1_mem[1091][7]       ; Stuck at GND due to stuck port data_in                    ;
; bearing_cnn_demo:u_demo|c1_mem[1092][7]       ; Stuck at GND due to stuck port data_in                    ;
; bearing_cnn_demo:u_demo|c1_mem[1093][7]       ; Stuck at GND due to stuck port data_in                    ;
; bearing_cnn_demo:u_demo|c1_mem[1094][7]       ; Stuck at GND due to stuck port data_in                    ;
; bearing_cnn_demo:u_demo|c1_mem[1095][7]       ; Stuck at GND due to stuck port data_in                    ;
; bearing_cnn_demo:u_demo|c1_mem[1096][7]       ; Stuck at GND due to stuck port data_in                    ;
; bearing_cnn_demo:u_demo|c1_mem[1097][7]       ; Stuck at GND due to stuck port data_in                    ;
; bearing_cnn_demo:u_demo|c1_mem[1098][7]       ; Stuck at GND due to stuck port data_in                    ;
; bearing_cnn_demo:u_demo|c1_mem[1099][7]       ; Stuck at GND due to stuck port data_in                    ;
; bearing_cnn_demo:u_demo|c1_mem[1100][7]       ; Stuck at GND due to stuck port data_in                    ;
; bearing_cnn_demo:u_demo|c1_mem[1101][7]       ; Stuck at GND due to stuck port data_in                    ;
; bearing_cnn_demo:u_demo|c1_mem[1102][7]       ; Stuck at GND due to stuck port data_in                    ;
; bearing_cnn_demo:u_demo|c1_mem[1103][7]       ; Stuck at GND due to stuck port data_in                    ;
; bearing_cnn_demo:u_demo|c1_mem[1104][7]       ; Stuck at GND due to stuck port data_in                    ;
; bearing_cnn_demo:u_demo|c1_mem[1105][7]       ; Stuck at GND due to stuck port data_in                    ;
; bearing_cnn_demo:u_demo|c1_mem[1106][7]       ; Stuck at GND due to stuck port data_in                    ;
; bearing_cnn_demo:u_demo|c1_mem[1107][7]       ; Stuck at GND due to stuck port data_in                    ;
; bearing_cnn_demo:u_demo|c1_mem[1108][7]       ; Stuck at GND due to stuck port data_in                    ;
; bearing_cnn_demo:u_demo|c1_mem[1109][7]       ; Stuck at GND due to stuck port data_in                    ;
; bearing_cnn_demo:u_demo|c1_mem[1110][7]       ; Stuck at GND due to stuck port data_in                    ;
; bearing_cnn_demo:u_demo|c1_mem[1111][7]       ; Stuck at GND due to stuck port data_in                    ;
; bearing_cnn_demo:u_demo|c1_mem[1112][7]       ; Stuck at GND due to stuck port data_in                    ;
; bearing_cnn_demo:u_demo|c1_mem[1113][7]       ; Stuck at GND due to stuck port data_in                    ;
; bearing_cnn_demo:u_demo|c1_mem[1114][7]       ; Stuck at GND due to stuck port data_in                    ;
; bearing_cnn_demo:u_demo|c1_mem[1115][7]       ; Stuck at GND due to stuck port data_in                    ;
; bearing_cnn_demo:u_demo|c1_mem[1116][7]       ; Stuck at GND due to stuck port data_in                    ;
; bearing_cnn_demo:u_demo|c1_mem[1117][7]       ; Stuck at GND due to stuck port data_in                    ;
; bearing_cnn_demo:u_demo|c1_mem[1118][7]       ; Stuck at GND due to stuck port data_in                    ;
; bearing_cnn_demo:u_demo|c1_mem[1119][7]       ; Stuck at GND due to stuck port data_in                    ;
; bearing_cnn_demo:u_demo|c1_mem[1120][7]       ; Stuck at GND due to stuck port data_in                    ;
; bearing_cnn_demo:u_demo|c1_mem[1121][7]       ; Stuck at GND due to stuck port data_in                    ;
; bearing_cnn_demo:u_demo|c1_mem[1122][7]       ; Stuck at GND due to stuck port data_in                    ;
; bearing_cnn_demo:u_demo|c1_mem[1123][7]       ; Stuck at GND due to stuck port data_in                    ;
; bearing_cnn_demo:u_demo|c1_mem[1124][7]       ; Stuck at GND due to stuck port data_in                    ;
; bearing_cnn_demo:u_demo|c1_mem[1125][7]       ; Stuck at GND due to stuck port data_in                    ;
; bearing_cnn_demo:u_demo|c1_mem[1126][7]       ; Stuck at GND due to stuck port data_in                    ;
; bearing_cnn_demo:u_demo|c1_mem[1127][7]       ; Stuck at GND due to stuck port data_in                    ;
; bearing_cnn_demo:u_demo|c1_mem[1128][7]       ; Stuck at GND due to stuck port data_in                    ;
; bearing_cnn_demo:u_demo|c1_mem[1129][7]       ; Stuck at GND due to stuck port data_in                    ;
; bearing_cnn_demo:u_demo|c1_mem[1130][7]       ; Stuck at GND due to stuck port data_in                    ;
; bearing_cnn_demo:u_demo|c1_mem[1131][7]       ; Stuck at GND due to stuck port data_in                    ;
; bearing_cnn_demo:u_demo|c1_mem[1132][7]       ; Stuck at GND due to stuck port data_in                    ;
; bearing_cnn_demo:u_demo|c1_mem[1133][7]       ; Stuck at GND due to stuck port data_in                    ;
; bearing_cnn_demo:u_demo|c1_mem[1134][7]       ; Stuck at GND due to stuck port data_in                    ;
; bearing_cnn_demo:u_demo|c1_mem[1135][7]       ; Stuck at GND due to stuck port data_in                    ;
; bearing_cnn_demo:u_demo|c1_mem[1136][7]       ; Stuck at GND due to stuck port data_in                    ;
; bearing_cnn_demo:u_demo|c1_mem[1137][7]       ; Stuck at GND due to stuck port data_in                    ;
; bearing_cnn_demo:u_demo|c1_mem[1138][7]       ; Stuck at GND due to stuck port data_in                    ;
; bearing_cnn_demo:u_demo|c1_mem[1139][7]       ; Stuck at GND due to stuck port data_in                    ;
; bearing_cnn_demo:u_demo|c1_mem[1140][7]       ; Stuck at GND due to stuck port data_in                    ;
; bearing_cnn_demo:u_demo|c1_mem[1141][7]       ; Stuck at GND due to stuck port data_in                    ;
; bearing_cnn_demo:u_demo|c1_mem[1142][7]       ; Stuck at GND due to stuck port data_in                    ;
; bearing_cnn_demo:u_demo|c1_mem[1143][7]       ; Stuck at GND due to stuck port data_in                    ;
; bearing_cnn_demo:u_demo|c1_mem[1144][7]       ; Stuck at GND due to stuck port data_in                    ;
; bearing_cnn_demo:u_demo|c1_mem[1145][7]       ; Stuck at GND due to stuck port data_in                    ;
; bearing_cnn_demo:u_demo|c1_mem[1146][7]       ; Stuck at GND due to stuck port data_in                    ;
; bearing_cnn_demo:u_demo|c1_mem[1147][7]       ; Stuck at GND due to stuck port data_in                    ;
; bearing_cnn_demo:u_demo|c1_mem[1148][7]       ; Stuck at GND due to stuck port data_in                    ;
; bearing_cnn_demo:u_demo|c1_mem[1149][7]       ; Stuck at GND due to stuck port data_in                    ;
; bearing_cnn_demo:u_demo|c1_mem[1150][7]       ; Stuck at GND due to stuck port data_in                    ;
; bearing_cnn_demo:u_demo|c1_mem[1151][7]       ; Stuck at GND due to stuck port data_in                    ;
; bearing_cnn_demo:u_demo|c1_mem[1152][7]       ; Stuck at GND due to stuck port data_in                    ;
; bearing_cnn_demo:u_demo|c1_mem[1153][7]       ; Stuck at GND due to stuck port data_in                    ;
; bearing_cnn_demo:u_demo|c1_mem[1154][7]       ; Stuck at GND due to stuck port data_in                    ;
; bearing_cnn_demo:u_demo|c1_mem[1155][7]       ; Stuck at GND due to stuck port data_in                    ;
; bearing_cnn_demo:u_demo|c1_mem[1156][7]       ; Stuck at GND due to stuck port data_in                    ;
; bearing_cnn_demo:u_demo|c1_mem[1157][7]       ; Stuck at GND due to stuck port data_in                    ;
; bearing_cnn_demo:u_demo|c1_mem[1158][7]       ; Stuck at GND due to stuck port data_in                    ;
; bearing_cnn_demo:u_demo|c1_mem[1159][7]       ; Stuck at GND due to stuck port data_in                    ;
; bearing_cnn_demo:u_demo|c1_mem[1160][7]       ; Stuck at GND due to stuck port data_in                    ;
; bearing_cnn_demo:u_demo|c1_mem[1161][7]       ; Stuck at GND due to stuck port data_in                    ;
; bearing_cnn_demo:u_demo|c1_mem[1162][7]       ; Stuck at GND due to stuck port data_in                    ;
; bearing_cnn_demo:u_demo|c1_mem[1163][7]       ; Stuck at GND due to stuck port data_in                    ;
; bearing_cnn_demo:u_demo|c1_mem[1164][7]       ; Stuck at GND due to stuck port data_in                    ;
; bearing_cnn_demo:u_demo|c1_mem[1165][7]       ; Stuck at GND due to stuck port data_in                    ;
; bearing_cnn_demo:u_demo|c1_mem[1166][7]       ; Stuck at GND due to stuck port data_in                    ;
; bearing_cnn_demo:u_demo|c1_mem[1167][7]       ; Stuck at GND due to stuck port data_in                    ;
; bearing_cnn_demo:u_demo|c1_mem[1168][7]       ; Stuck at GND due to stuck port data_in                    ;
; bearing_cnn_demo:u_demo|c1_mem[1169][7]       ; Stuck at GND due to stuck port data_in                    ;
; bearing_cnn_demo:u_demo|c1_mem[1170][7]       ; Stuck at GND due to stuck port data_in                    ;
; bearing_cnn_demo:u_demo|c1_mem[1171][7]       ; Stuck at GND due to stuck port data_in                    ;
; bearing_cnn_demo:u_demo|c1_mem[1172][7]       ; Stuck at GND due to stuck port data_in                    ;
; bearing_cnn_demo:u_demo|c1_mem[1173][7]       ; Stuck at GND due to stuck port data_in                    ;
; bearing_cnn_demo:u_demo|c1_mem[1174][7]       ; Stuck at GND due to stuck port data_in                    ;
; bearing_cnn_demo:u_demo|c1_mem[1175][7]       ; Stuck at GND due to stuck port data_in                    ;
; bearing_cnn_demo:u_demo|c1_mem[1176][7]       ; Stuck at GND due to stuck port data_in                    ;
; bearing_cnn_demo:u_demo|c1_mem[1177][7]       ; Stuck at GND due to stuck port data_in                    ;
; bearing_cnn_demo:u_demo|c1_mem[1178][7]       ; Stuck at GND due to stuck port data_in                    ;
; bearing_cnn_demo:u_demo|c1_mem[1179][7]       ; Stuck at GND due to stuck port data_in                    ;
; bearing_cnn_demo:u_demo|c1_mem[1180][7]       ; Stuck at GND due to stuck port data_in                    ;
; bearing_cnn_demo:u_demo|c1_mem[1181][7]       ; Stuck at GND due to stuck port data_in                    ;
; bearing_cnn_demo:u_demo|c1_mem[1182][7]       ; Stuck at GND due to stuck port data_in                    ;
; bearing_cnn_demo:u_demo|c1_mem[1183][7]       ; Stuck at GND due to stuck port data_in                    ;
; bearing_cnn_demo:u_demo|c1_mem[1184][7]       ; Stuck at GND due to stuck port data_in                    ;
; bearing_cnn_demo:u_demo|c1_mem[1185][7]       ; Stuck at GND due to stuck port data_in                    ;
; bearing_cnn_demo:u_demo|c1_mem[1186][7]       ; Stuck at GND due to stuck port data_in                    ;
; bearing_cnn_demo:u_demo|c1_mem[1187][7]       ; Stuck at GND due to stuck port data_in                    ;
; bearing_cnn_demo:u_demo|c1_mem[1188][7]       ; Stuck at GND due to stuck port data_in                    ;
; bearing_cnn_demo:u_demo|c1_mem[1189][7]       ; Stuck at GND due to stuck port data_in                    ;
; bearing_cnn_demo:u_demo|c1_mem[1190][7]       ; Stuck at GND due to stuck port data_in                    ;
; bearing_cnn_demo:u_demo|c1_mem[1191][7]       ; Stuck at GND due to stuck port data_in                    ;
; bearing_cnn_demo:u_demo|c1_mem[1192][7]       ; Stuck at GND due to stuck port data_in                    ;
; bearing_cnn_demo:u_demo|c1_mem[1193][7]       ; Stuck at GND due to stuck port data_in                    ;
; bearing_cnn_demo:u_demo|c1_mem[1194][7]       ; Stuck at GND due to stuck port data_in                    ;
; bearing_cnn_demo:u_demo|c1_mem[1195][7]       ; Stuck at GND due to stuck port data_in                    ;
; bearing_cnn_demo:u_demo|c1_mem[1196][7]       ; Stuck at GND due to stuck port data_in                    ;
; bearing_cnn_demo:u_demo|c1_mem[1197][7]       ; Stuck at GND due to stuck port data_in                    ;
; bearing_cnn_demo:u_demo|c1_mem[1198][7]       ; Stuck at GND due to stuck port data_in                    ;
; bearing_cnn_demo:u_demo|c1_mem[1199][7]       ; Stuck at GND due to stuck port data_in                    ;
; bearing_cnn_demo:u_demo|c1_mem[1200][7]       ; Stuck at GND due to stuck port data_in                    ;
; bearing_cnn_demo:u_demo|c1_mem[1201][7]       ; Stuck at GND due to stuck port data_in                    ;
; bearing_cnn_demo:u_demo|c1_mem[1202][7]       ; Stuck at GND due to stuck port data_in                    ;
; bearing_cnn_demo:u_demo|c1_mem[1203][7]       ; Stuck at GND due to stuck port data_in                    ;
; bearing_cnn_demo:u_demo|c1_mem[1204][7]       ; Stuck at GND due to stuck port data_in                    ;
; bearing_cnn_demo:u_demo|c1_mem[1205][7]       ; Stuck at GND due to stuck port data_in                    ;
; bearing_cnn_demo:u_demo|c1_mem[1206][7]       ; Stuck at GND due to stuck port data_in                    ;
; bearing_cnn_demo:u_demo|c1_mem[1207][7]       ; Stuck at GND due to stuck port data_in                    ;
; bearing_cnn_demo:u_demo|c1_mem[1208][7]       ; Stuck at GND due to stuck port data_in                    ;
; bearing_cnn_demo:u_demo|c1_mem[1209][7]       ; Stuck at GND due to stuck port data_in                    ;
; bearing_cnn_demo:u_demo|c1_mem[1210][7]       ; Stuck at GND due to stuck port data_in                    ;
; bearing_cnn_demo:u_demo|c1_mem[1211][7]       ; Stuck at GND due to stuck port data_in                    ;
; bearing_cnn_demo:u_demo|c1_mem[1212][7]       ; Stuck at GND due to stuck port data_in                    ;
; bearing_cnn_demo:u_demo|c1_mem[1213][7]       ; Stuck at GND due to stuck port data_in                    ;
; bearing_cnn_demo:u_demo|c1_mem[1214][7]       ; Stuck at GND due to stuck port data_in                    ;
; bearing_cnn_demo:u_demo|c1_mem[1215][7]       ; Stuck at GND due to stuck port data_in                    ;
; bearing_cnn_demo:u_demo|c1_mem[1216][7]       ; Stuck at GND due to stuck port data_in                    ;
; bearing_cnn_demo:u_demo|c1_mem[1217][7]       ; Stuck at GND due to stuck port data_in                    ;
; bearing_cnn_demo:u_demo|c1_mem[1218][7]       ; Stuck at GND due to stuck port data_in                    ;
; bearing_cnn_demo:u_demo|c1_mem[1219][7]       ; Stuck at GND due to stuck port data_in                    ;
; bearing_cnn_demo:u_demo|c1_mem[1220][7]       ; Stuck at GND due to stuck port data_in                    ;
; bearing_cnn_demo:u_demo|c1_mem[1221][7]       ; Stuck at GND due to stuck port data_in                    ;
; bearing_cnn_demo:u_demo|c1_mem[1222][7]       ; Stuck at GND due to stuck port data_in                    ;
; bearing_cnn_demo:u_demo|c1_mem[1223][7]       ; Stuck at GND due to stuck port data_in                    ;
; bearing_cnn_demo:u_demo|c1_mem[1224][7]       ; Stuck at GND due to stuck port data_in                    ;
; bearing_cnn_demo:u_demo|c1_mem[1225][7]       ; Stuck at GND due to stuck port data_in                    ;
; bearing_cnn_demo:u_demo|c1_mem[1226][7]       ; Stuck at GND due to stuck port data_in                    ;
; bearing_cnn_demo:u_demo|c1_mem[1227][7]       ; Stuck at GND due to stuck port data_in                    ;
; bearing_cnn_demo:u_demo|c1_mem[1228][7]       ; Stuck at GND due to stuck port data_in                    ;
; bearing_cnn_demo:u_demo|c1_mem[1229][7]       ; Stuck at GND due to stuck port data_in                    ;
; bearing_cnn_demo:u_demo|c1_mem[1230][7]       ; Stuck at GND due to stuck port data_in                    ;
; bearing_cnn_demo:u_demo|c1_mem[1231][7]       ; Stuck at GND due to stuck port data_in                    ;
; bearing_cnn_demo:u_demo|c1_mem[1232][7]       ; Stuck at GND due to stuck port data_in                    ;
; bearing_cnn_demo:u_demo|c1_mem[1233][7]       ; Stuck at GND due to stuck port data_in                    ;
; bearing_cnn_demo:u_demo|c1_mem[1234][7]       ; Stuck at GND due to stuck port data_in                    ;
; bearing_cnn_demo:u_demo|c1_mem[1235][7]       ; Stuck at GND due to stuck port data_in                    ;
; bearing_cnn_demo:u_demo|c1_mem[1236][7]       ; Stuck at GND due to stuck port data_in                    ;
; bearing_cnn_demo:u_demo|c1_mem[1237][7]       ; Stuck at GND due to stuck port data_in                    ;
; bearing_cnn_demo:u_demo|c1_mem[1238][7]       ; Stuck at GND due to stuck port data_in                    ;
; bearing_cnn_demo:u_demo|c1_mem[1239][7]       ; Stuck at GND due to stuck port data_in                    ;
; bearing_cnn_demo:u_demo|c1_mem[1240][7]       ; Stuck at GND due to stuck port data_in                    ;
; bearing_cnn_demo:u_demo|c1_mem[1241][7]       ; Stuck at GND due to stuck port data_in                    ;
; bearing_cnn_demo:u_demo|c1_mem[1242][7]       ; Stuck at GND due to stuck port data_in                    ;
; bearing_cnn_demo:u_demo|c1_mem[1243][7]       ; Stuck at GND due to stuck port data_in                    ;
; bearing_cnn_demo:u_demo|c1_mem[1244][7]       ; Stuck at GND due to stuck port data_in                    ;
; bearing_cnn_demo:u_demo|c1_mem[1245][7]       ; Stuck at GND due to stuck port data_in                    ;
; bearing_cnn_demo:u_demo|c1_mem[1246][7]       ; Stuck at GND due to stuck port data_in                    ;
; bearing_cnn_demo:u_demo|c1_mem[1247][7]       ; Stuck at GND due to stuck port data_in                    ;
; bearing_cnn_demo:u_demo|c1_mem[1248][7]       ; Stuck at GND due to stuck port data_in                    ;
; bearing_cnn_demo:u_demo|c1_mem[1249][7]       ; Stuck at GND due to stuck port data_in                    ;
; bearing_cnn_demo:u_demo|c1_mem[1250][7]       ; Stuck at GND due to stuck port data_in                    ;
; bearing_cnn_demo:u_demo|c1_mem[1251][7]       ; Stuck at GND due to stuck port data_in                    ;
; bearing_cnn_demo:u_demo|c1_mem[1252][7]       ; Stuck at GND due to stuck port data_in                    ;
; bearing_cnn_demo:u_demo|c1_mem[1253][7]       ; Stuck at GND due to stuck port data_in                    ;
; bearing_cnn_demo:u_demo|c1_mem[1254][7]       ; Stuck at GND due to stuck port data_in                    ;
; bearing_cnn_demo:u_demo|c1_mem[1255][7]       ; Stuck at GND due to stuck port data_in                    ;
; bearing_cnn_demo:u_demo|c1_mem[1256][7]       ; Stuck at GND due to stuck port data_in                    ;
; bearing_cnn_demo:u_demo|c1_mem[1257][7]       ; Stuck at GND due to stuck port data_in                    ;
; bearing_cnn_demo:u_demo|c1_mem[1258][7]       ; Stuck at GND due to stuck port data_in                    ;
; bearing_cnn_demo:u_demo|c1_mem[1259][7]       ; Stuck at GND due to stuck port data_in                    ;
; bearing_cnn_demo:u_demo|c1_mem[1260][7]       ; Stuck at GND due to stuck port data_in                    ;
; bearing_cnn_demo:u_demo|c1_mem[1261][7]       ; Stuck at GND due to stuck port data_in                    ;
; bearing_cnn_demo:u_demo|c1_mem[1262][7]       ; Stuck at GND due to stuck port data_in                    ;
; bearing_cnn_demo:u_demo|c1_mem[1263][7]       ; Stuck at GND due to stuck port data_in                    ;
; bearing_cnn_demo:u_demo|c1_mem[1264][7]       ; Stuck at GND due to stuck port data_in                    ;
; bearing_cnn_demo:u_demo|c1_mem[1265][7]       ; Stuck at GND due to stuck port data_in                    ;
; bearing_cnn_demo:u_demo|c1_mem[1266][7]       ; Stuck at GND due to stuck port data_in                    ;
; bearing_cnn_demo:u_demo|c1_mem[1267][7]       ; Stuck at GND due to stuck port data_in                    ;
; bearing_cnn_demo:u_demo|c1_mem[1268][7]       ; Stuck at GND due to stuck port data_in                    ;
; bearing_cnn_demo:u_demo|c1_mem[1269][7]       ; Stuck at GND due to stuck port data_in                    ;
; bearing_cnn_demo:u_demo|c1_mem[1270][7]       ; Stuck at GND due to stuck port data_in                    ;
; bearing_cnn_demo:u_demo|c1_mem[1271][7]       ; Stuck at GND due to stuck port data_in                    ;
; bearing_cnn_demo:u_demo|c1_mem[1272][7]       ; Stuck at GND due to stuck port data_in                    ;
; bearing_cnn_demo:u_demo|c1_mem[1273][7]       ; Stuck at GND due to stuck port data_in                    ;
; bearing_cnn_demo:u_demo|c1_mem[1274][7]       ; Stuck at GND due to stuck port data_in                    ;
; bearing_cnn_demo:u_demo|c1_mem[1275][7]       ; Stuck at GND due to stuck port data_in                    ;
; bearing_cnn_demo:u_demo|c1_mem[1276][7]       ; Stuck at GND due to stuck port data_in                    ;
; bearing_cnn_demo:u_demo|c1_mem[1277][7]       ; Stuck at GND due to stuck port data_in                    ;
; bearing_cnn_demo:u_demo|c1_mem[1278][7]       ; Stuck at GND due to stuck port data_in                    ;
; bearing_cnn_demo:u_demo|c1_mem[1279][7]       ; Stuck at GND due to stuck port data_in                    ;
; bearing_cnn_demo:u_demo|c1_mem[1280][7]       ; Stuck at GND due to stuck port data_in                    ;
; bearing_cnn_demo:u_demo|c1_mem[1281][7]       ; Stuck at GND due to stuck port data_in                    ;
; bearing_cnn_demo:u_demo|c1_mem[1282][7]       ; Stuck at GND due to stuck port data_in                    ;
; bearing_cnn_demo:u_demo|c1_mem[1283][7]       ; Stuck at GND due to stuck port data_in                    ;
; bearing_cnn_demo:u_demo|c1_mem[1284][7]       ; Stuck at GND due to stuck port data_in                    ;
; bearing_cnn_demo:u_demo|c1_mem[1285][7]       ; Stuck at GND due to stuck port data_in                    ;
; bearing_cnn_demo:u_demo|c1_mem[1286][7]       ; Stuck at GND due to stuck port data_in                    ;
; bearing_cnn_demo:u_demo|c1_mem[1287][7]       ; Stuck at GND due to stuck port data_in                    ;
; bearing_cnn_demo:u_demo|c1_mem[1288][7]       ; Stuck at GND due to stuck port data_in                    ;
; bearing_cnn_demo:u_demo|c1_mem[1289][7]       ; Stuck at GND due to stuck port data_in                    ;
; bearing_cnn_demo:u_demo|c1_mem[1290][7]       ; Stuck at GND due to stuck port data_in                    ;
; bearing_cnn_demo:u_demo|c1_mem[1291][7]       ; Stuck at GND due to stuck port data_in                    ;
; bearing_cnn_demo:u_demo|c1_mem[1292][7]       ; Stuck at GND due to stuck port data_in                    ;
; bearing_cnn_demo:u_demo|c1_mem[1293][7]       ; Stuck at GND due to stuck port data_in                    ;
; bearing_cnn_demo:u_demo|c1_mem[1294][7]       ; Stuck at GND due to stuck port data_in                    ;
; bearing_cnn_demo:u_demo|c1_mem[1295][7]       ; Stuck at GND due to stuck port data_in                    ;
; bearing_cnn_demo:u_demo|c1_mem[1296][7]       ; Stuck at GND due to stuck port data_in                    ;
; bearing_cnn_demo:u_demo|c1_mem[1297][7]       ; Stuck at GND due to stuck port data_in                    ;
; bearing_cnn_demo:u_demo|c1_mem[1298][7]       ; Stuck at GND due to stuck port data_in                    ;
; bearing_cnn_demo:u_demo|c1_mem[1299][7]       ; Stuck at GND due to stuck port data_in                    ;
; bearing_cnn_demo:u_demo|c1_mem[1300][7]       ; Stuck at GND due to stuck port data_in                    ;
; bearing_cnn_demo:u_demo|c1_mem[1301][7]       ; Stuck at GND due to stuck port data_in                    ;
; bearing_cnn_demo:u_demo|c1_mem[1302][7]       ; Stuck at GND due to stuck port data_in                    ;
; bearing_cnn_demo:u_demo|c1_mem[1303][7]       ; Stuck at GND due to stuck port data_in                    ;
; bearing_cnn_demo:u_demo|c1_mem[1304][7]       ; Stuck at GND due to stuck port data_in                    ;
; bearing_cnn_demo:u_demo|c1_mem[1305][7]       ; Stuck at GND due to stuck port data_in                    ;
; bearing_cnn_demo:u_demo|c1_mem[1306][7]       ; Stuck at GND due to stuck port data_in                    ;
; bearing_cnn_demo:u_demo|c1_mem[1307][7]       ; Stuck at GND due to stuck port data_in                    ;
; bearing_cnn_demo:u_demo|c1_mem[1308][7]       ; Stuck at GND due to stuck port data_in                    ;
; bearing_cnn_demo:u_demo|c1_mem[1309][7]       ; Stuck at GND due to stuck port data_in                    ;
; bearing_cnn_demo:u_demo|c1_mem[1310][7]       ; Stuck at GND due to stuck port data_in                    ;
; bearing_cnn_demo:u_demo|c1_mem[1311][7]       ; Stuck at GND due to stuck port data_in                    ;
; bearing_cnn_demo:u_demo|c1_mem[1312][7]       ; Stuck at GND due to stuck port data_in                    ;
; bearing_cnn_demo:u_demo|c1_mem[1313][7]       ; Stuck at GND due to stuck port data_in                    ;
; bearing_cnn_demo:u_demo|c1_mem[1314][7]       ; Stuck at GND due to stuck port data_in                    ;
; bearing_cnn_demo:u_demo|c1_mem[1315][7]       ; Stuck at GND due to stuck port data_in                    ;
; bearing_cnn_demo:u_demo|c1_mem[1316][7]       ; Stuck at GND due to stuck port data_in                    ;
; bearing_cnn_demo:u_demo|c1_mem[1317][7]       ; Stuck at GND due to stuck port data_in                    ;
; bearing_cnn_demo:u_demo|c1_mem[1318][7]       ; Stuck at GND due to stuck port data_in                    ;
; bearing_cnn_demo:u_demo|c1_mem[1319][7]       ; Stuck at GND due to stuck port data_in                    ;
; bearing_cnn_demo:u_demo|c1_mem[1320][7]       ; Stuck at GND due to stuck port data_in                    ;
; bearing_cnn_demo:u_demo|c1_mem[1321][7]       ; Stuck at GND due to stuck port data_in                    ;
; bearing_cnn_demo:u_demo|c1_mem[1322][7]       ; Stuck at GND due to stuck port data_in                    ;
; bearing_cnn_demo:u_demo|c1_mem[1323][7]       ; Stuck at GND due to stuck port data_in                    ;
; bearing_cnn_demo:u_demo|c1_mem[1324][7]       ; Stuck at GND due to stuck port data_in                    ;
; bearing_cnn_demo:u_demo|c1_mem[1325][7]       ; Stuck at GND due to stuck port data_in                    ;
; bearing_cnn_demo:u_demo|c1_mem[1326][7]       ; Stuck at GND due to stuck port data_in                    ;
; bearing_cnn_demo:u_demo|c1_mem[1327][7]       ; Stuck at GND due to stuck port data_in                    ;
; bearing_cnn_demo:u_demo|c1_mem[1328][7]       ; Stuck at GND due to stuck port data_in                    ;
; bearing_cnn_demo:u_demo|c1_mem[1329][7]       ; Stuck at GND due to stuck port data_in                    ;
; bearing_cnn_demo:u_demo|c1_mem[1330][7]       ; Stuck at GND due to stuck port data_in                    ;
; bearing_cnn_demo:u_demo|c1_mem[1331][7]       ; Stuck at GND due to stuck port data_in                    ;
; bearing_cnn_demo:u_demo|c1_mem[1332][7]       ; Stuck at GND due to stuck port data_in                    ;
; bearing_cnn_demo:u_demo|c1_mem[1333][7]       ; Stuck at GND due to stuck port data_in                    ;
; bearing_cnn_demo:u_demo|c1_mem[1334][7]       ; Stuck at GND due to stuck port data_in                    ;
; bearing_cnn_demo:u_demo|c1_mem[1335][7]       ; Stuck at GND due to stuck port data_in                    ;
; bearing_cnn_demo:u_demo|c1_mem[1336][7]       ; Stuck at GND due to stuck port data_in                    ;
; bearing_cnn_demo:u_demo|c1_mem[1337][7]       ; Stuck at GND due to stuck port data_in                    ;
; bearing_cnn_demo:u_demo|c1_mem[1338][7]       ; Stuck at GND due to stuck port data_in                    ;
; bearing_cnn_demo:u_demo|c1_mem[1339][7]       ; Stuck at GND due to stuck port data_in                    ;
; bearing_cnn_demo:u_demo|c1_mem[1340][7]       ; Stuck at GND due to stuck port data_in                    ;
; bearing_cnn_demo:u_demo|c1_mem[1341][7]       ; Stuck at GND due to stuck port data_in                    ;
; bearing_cnn_demo:u_demo|c1_mem[1342][7]       ; Stuck at GND due to stuck port data_in                    ;
; bearing_cnn_demo:u_demo|c1_mem[1343][7]       ; Stuck at GND due to stuck port data_in                    ;
; bearing_cnn_demo:u_demo|c1_mem[1344][7]       ; Stuck at GND due to stuck port data_in                    ;
; bearing_cnn_demo:u_demo|c1_mem[1345][7]       ; Stuck at GND due to stuck port data_in                    ;
; bearing_cnn_demo:u_demo|c1_mem[1346][7]       ; Stuck at GND due to stuck port data_in                    ;
; bearing_cnn_demo:u_demo|c1_mem[1347][7]       ; Stuck at GND due to stuck port data_in                    ;
; bearing_cnn_demo:u_demo|c1_mem[1348][7]       ; Stuck at GND due to stuck port data_in                    ;
; bearing_cnn_demo:u_demo|c1_mem[1349][7]       ; Stuck at GND due to stuck port data_in                    ;
; bearing_cnn_demo:u_demo|c1_mem[1350][7]       ; Stuck at GND due to stuck port data_in                    ;
; bearing_cnn_demo:u_demo|c1_mem[1351][7]       ; Stuck at GND due to stuck port data_in                    ;
; bearing_cnn_demo:u_demo|c1_mem[1352][7]       ; Stuck at GND due to stuck port data_in                    ;
; bearing_cnn_demo:u_demo|c1_mem[1353][7]       ; Stuck at GND due to stuck port data_in                    ;
; bearing_cnn_demo:u_demo|c1_mem[1354][7]       ; Stuck at GND due to stuck port data_in                    ;
; bearing_cnn_demo:u_demo|c1_mem[1355][7]       ; Stuck at GND due to stuck port data_in                    ;
; bearing_cnn_demo:u_demo|c1_mem[1356][7]       ; Stuck at GND due to stuck port data_in                    ;
; bearing_cnn_demo:u_demo|c1_mem[1357][7]       ; Stuck at GND due to stuck port data_in                    ;
; bearing_cnn_demo:u_demo|c1_mem[1358][7]       ; Stuck at GND due to stuck port data_in                    ;
; bearing_cnn_demo:u_demo|c1_mem[1359][7]       ; Stuck at GND due to stuck port data_in                    ;
; bearing_cnn_demo:u_demo|c1_mem[1360][7]       ; Stuck at GND due to stuck port data_in                    ;
; bearing_cnn_demo:u_demo|c1_mem[1361][7]       ; Stuck at GND due to stuck port data_in                    ;
; bearing_cnn_demo:u_demo|c1_mem[1362][7]       ; Stuck at GND due to stuck port data_in                    ;
; bearing_cnn_demo:u_demo|c1_mem[1363][7]       ; Stuck at GND due to stuck port data_in                    ;
; bearing_cnn_demo:u_demo|c1_mem[1364][7]       ; Stuck at GND due to stuck port data_in                    ;
; bearing_cnn_demo:u_demo|c1_mem[1365][7]       ; Stuck at GND due to stuck port data_in                    ;
; bearing_cnn_demo:u_demo|c1_mem[1366][7]       ; Stuck at GND due to stuck port data_in                    ;
; bearing_cnn_demo:u_demo|c1_mem[1367][7]       ; Stuck at GND due to stuck port data_in                    ;
; bearing_cnn_demo:u_demo|c1_mem[1368][7]       ; Stuck at GND due to stuck port data_in                    ;
; bearing_cnn_demo:u_demo|c1_mem[1369][7]       ; Stuck at GND due to stuck port data_in                    ;
; bearing_cnn_demo:u_demo|c1_mem[1370][7]       ; Stuck at GND due to stuck port data_in                    ;
; bearing_cnn_demo:u_demo|c1_mem[1371][7]       ; Stuck at GND due to stuck port data_in                    ;
; bearing_cnn_demo:u_demo|c1_mem[1372][7]       ; Stuck at GND due to stuck port data_in                    ;
; bearing_cnn_demo:u_demo|c1_mem[1373][7]       ; Stuck at GND due to stuck port data_in                    ;
; bearing_cnn_demo:u_demo|c1_mem[1374][7]       ; Stuck at GND due to stuck port data_in                    ;
; bearing_cnn_demo:u_demo|c1_mem[1375][7]       ; Stuck at GND due to stuck port data_in                    ;
; bearing_cnn_demo:u_demo|c1_mem[1376][7]       ; Stuck at GND due to stuck port data_in                    ;
; bearing_cnn_demo:u_demo|c1_mem[1377][7]       ; Stuck at GND due to stuck port data_in                    ;
; bearing_cnn_demo:u_demo|c1_mem[1378][7]       ; Stuck at GND due to stuck port data_in                    ;
; bearing_cnn_demo:u_demo|c1_mem[1379][7]       ; Stuck at GND due to stuck port data_in                    ;
; bearing_cnn_demo:u_demo|c1_mem[1380][7]       ; Stuck at GND due to stuck port data_in                    ;
; bearing_cnn_demo:u_demo|c1_mem[1381][7]       ; Stuck at GND due to stuck port data_in                    ;
; bearing_cnn_demo:u_demo|c1_mem[1382][7]       ; Stuck at GND due to stuck port data_in                    ;
; bearing_cnn_demo:u_demo|c1_mem[1383][7]       ; Stuck at GND due to stuck port data_in                    ;
; bearing_cnn_demo:u_demo|c1_mem[1384][7]       ; Stuck at GND due to stuck port data_in                    ;
; bearing_cnn_demo:u_demo|c1_mem[1385][7]       ; Stuck at GND due to stuck port data_in                    ;
; bearing_cnn_demo:u_demo|c1_mem[1386][7]       ; Stuck at GND due to stuck port data_in                    ;
; bearing_cnn_demo:u_demo|c1_mem[1387][7]       ; Stuck at GND due to stuck port data_in                    ;
; bearing_cnn_demo:u_demo|c1_mem[1388][7]       ; Stuck at GND due to stuck port data_in                    ;
; bearing_cnn_demo:u_demo|c1_mem[1389][7]       ; Stuck at GND due to stuck port data_in                    ;
; bearing_cnn_demo:u_demo|c1_mem[1390][7]       ; Stuck at GND due to stuck port data_in                    ;
; bearing_cnn_demo:u_demo|c1_mem[1391][7]       ; Stuck at GND due to stuck port data_in                    ;
; bearing_cnn_demo:u_demo|c1_mem[1392][7]       ; Stuck at GND due to stuck port data_in                    ;
; bearing_cnn_demo:u_demo|c1_mem[1393][7]       ; Stuck at GND due to stuck port data_in                    ;
; bearing_cnn_demo:u_demo|c1_mem[1394][7]       ; Stuck at GND due to stuck port data_in                    ;
; bearing_cnn_demo:u_demo|c1_mem[1395][7]       ; Stuck at GND due to stuck port data_in                    ;
; bearing_cnn_demo:u_demo|c1_mem[1396][7]       ; Stuck at GND due to stuck port data_in                    ;
; bearing_cnn_demo:u_demo|c1_mem[1397][7]       ; Stuck at GND due to stuck port data_in                    ;
; bearing_cnn_demo:u_demo|c1_mem[1398][7]       ; Stuck at GND due to stuck port data_in                    ;
; bearing_cnn_demo:u_demo|c1_mem[1399][7]       ; Stuck at GND due to stuck port data_in                    ;
; bearing_cnn_demo:u_demo|c1_mem[1400][7]       ; Stuck at GND due to stuck port data_in                    ;
; bearing_cnn_demo:u_demo|c1_mem[1401][7]       ; Stuck at GND due to stuck port data_in                    ;
; bearing_cnn_demo:u_demo|c1_mem[1402][7]       ; Stuck at GND due to stuck port data_in                    ;
; bearing_cnn_demo:u_demo|c1_mem[1403][7]       ; Stuck at GND due to stuck port data_in                    ;
; bearing_cnn_demo:u_demo|c1_mem[1404][7]       ; Stuck at GND due to stuck port data_in                    ;
; bearing_cnn_demo:u_demo|c1_mem[1405][7]       ; Stuck at GND due to stuck port data_in                    ;
; bearing_cnn_demo:u_demo|c1_mem[1406][7]       ; Stuck at GND due to stuck port data_in                    ;
; bearing_cnn_demo:u_demo|c1_mem[1407][7]       ; Stuck at GND due to stuck port data_in                    ;
; bearing_cnn_demo:u_demo|c1_mem[1408][7]       ; Stuck at GND due to stuck port data_in                    ;
; bearing_cnn_demo:u_demo|c1_mem[1409][7]       ; Stuck at GND due to stuck port data_in                    ;
; bearing_cnn_demo:u_demo|c1_mem[1410][7]       ; Stuck at GND due to stuck port data_in                    ;
; bearing_cnn_demo:u_demo|c1_mem[1411][7]       ; Stuck at GND due to stuck port data_in                    ;
; bearing_cnn_demo:u_demo|c1_mem[1412][7]       ; Stuck at GND due to stuck port data_in                    ;
; bearing_cnn_demo:u_demo|c1_mem[1413][7]       ; Stuck at GND due to stuck port data_in                    ;
; bearing_cnn_demo:u_demo|c1_mem[1414][7]       ; Stuck at GND due to stuck port data_in                    ;
; bearing_cnn_demo:u_demo|c1_mem[1415][7]       ; Stuck at GND due to stuck port data_in                    ;
; bearing_cnn_demo:u_demo|c1_mem[1416][7]       ; Stuck at GND due to stuck port data_in                    ;
; bearing_cnn_demo:u_demo|c1_mem[1417][7]       ; Stuck at GND due to stuck port data_in                    ;
; bearing_cnn_demo:u_demo|c1_mem[1418][7]       ; Stuck at GND due to stuck port data_in                    ;
; bearing_cnn_demo:u_demo|c1_mem[1419][7]       ; Stuck at GND due to stuck port data_in                    ;
; bearing_cnn_demo:u_demo|c1_mem[1420][7]       ; Stuck at GND due to stuck port data_in                    ;
; bearing_cnn_demo:u_demo|c1_mem[1421][7]       ; Stuck at GND due to stuck port data_in                    ;
; bearing_cnn_demo:u_demo|c1_mem[1422][7]       ; Stuck at GND due to stuck port data_in                    ;
; bearing_cnn_demo:u_demo|c1_mem[1423][7]       ; Stuck at GND due to stuck port data_in                    ;
; bearing_cnn_demo:u_demo|c1_mem[1424][7]       ; Stuck at GND due to stuck port data_in                    ;
; bearing_cnn_demo:u_demo|c1_mem[1425][7]       ; Stuck at GND due to stuck port data_in                    ;
; bearing_cnn_demo:u_demo|c1_mem[1426][7]       ; Stuck at GND due to stuck port data_in                    ;
; bearing_cnn_demo:u_demo|c1_mem[1427][7]       ; Stuck at GND due to stuck port data_in                    ;
; bearing_cnn_demo:u_demo|c1_mem[1428][7]       ; Stuck at GND due to stuck port data_in                    ;
; bearing_cnn_demo:u_demo|c1_mem[1429][7]       ; Stuck at GND due to stuck port data_in                    ;
; bearing_cnn_demo:u_demo|c1_mem[1430][7]       ; Stuck at GND due to stuck port data_in                    ;
; bearing_cnn_demo:u_demo|c1_mem[1431][7]       ; Stuck at GND due to stuck port data_in                    ;
; bearing_cnn_demo:u_demo|c1_mem[1432][7]       ; Stuck at GND due to stuck port data_in                    ;
; bearing_cnn_demo:u_demo|c1_mem[1433][7]       ; Stuck at GND due to stuck port data_in                    ;
; bearing_cnn_demo:u_demo|c1_mem[1434][7]       ; Stuck at GND due to stuck port data_in                    ;
; bearing_cnn_demo:u_demo|c1_mem[1435][7]       ; Stuck at GND due to stuck port data_in                    ;
; bearing_cnn_demo:u_demo|c1_mem[1436][7]       ; Stuck at GND due to stuck port data_in                    ;
; bearing_cnn_demo:u_demo|c1_mem[1437][7]       ; Stuck at GND due to stuck port data_in                    ;
; bearing_cnn_demo:u_demo|c1_mem[1438][7]       ; Stuck at GND due to stuck port data_in                    ;
; bearing_cnn_demo:u_demo|c1_mem[1439][7]       ; Stuck at GND due to stuck port data_in                    ;
; bearing_cnn_demo:u_demo|c1_mem[1440][7]       ; Stuck at GND due to stuck port data_in                    ;
; bearing_cnn_demo:u_demo|c1_mem[1441][7]       ; Stuck at GND due to stuck port data_in                    ;
; bearing_cnn_demo:u_demo|c1_mem[1442][7]       ; Stuck at GND due to stuck port data_in                    ;
; bearing_cnn_demo:u_demo|c1_mem[1443][7]       ; Stuck at GND due to stuck port data_in                    ;
; bearing_cnn_demo:u_demo|c1_mem[1444][7]       ; Stuck at GND due to stuck port data_in                    ;
; bearing_cnn_demo:u_demo|c1_mem[1445][7]       ; Stuck at GND due to stuck port data_in                    ;
; bearing_cnn_demo:u_demo|c1_mem[1446][7]       ; Stuck at GND due to stuck port data_in                    ;
; bearing_cnn_demo:u_demo|c1_mem[1447][7]       ; Stuck at GND due to stuck port data_in                    ;
; bearing_cnn_demo:u_demo|c1_mem[1448][7]       ; Stuck at GND due to stuck port data_in                    ;
; bearing_cnn_demo:u_demo|c1_mem[1449][7]       ; Stuck at GND due to stuck port data_in                    ;
; bearing_cnn_demo:u_demo|c1_mem[1450][7]       ; Stuck at GND due to stuck port data_in                    ;
; bearing_cnn_demo:u_demo|c1_mem[1451][7]       ; Stuck at GND due to stuck port data_in                    ;
; bearing_cnn_demo:u_demo|c1_mem[1452][7]       ; Stuck at GND due to stuck port data_in                    ;
; bearing_cnn_demo:u_demo|c1_mem[1453][7]       ; Stuck at GND due to stuck port data_in                    ;
; bearing_cnn_demo:u_demo|c1_mem[1454][7]       ; Stuck at GND due to stuck port data_in                    ;
; bearing_cnn_demo:u_demo|c1_mem[1455][7]       ; Stuck at GND due to stuck port data_in                    ;
; bearing_cnn_demo:u_demo|c1_mem[1456][7]       ; Stuck at GND due to stuck port data_in                    ;
; bearing_cnn_demo:u_demo|c1_mem[1457][7]       ; Stuck at GND due to stuck port data_in                    ;
; bearing_cnn_demo:u_demo|c1_mem[1458][7]       ; Stuck at GND due to stuck port data_in                    ;
; bearing_cnn_demo:u_demo|c1_mem[1459][7]       ; Stuck at GND due to stuck port data_in                    ;
; bearing_cnn_demo:u_demo|c1_mem[1460][7]       ; Stuck at GND due to stuck port data_in                    ;
; bearing_cnn_demo:u_demo|c1_mem[1461][7]       ; Stuck at GND due to stuck port data_in                    ;
; bearing_cnn_demo:u_demo|c1_mem[1462][7]       ; Stuck at GND due to stuck port data_in                    ;
; bearing_cnn_demo:u_demo|c1_mem[1463][7]       ; Stuck at GND due to stuck port data_in                    ;
; bearing_cnn_demo:u_demo|c1_mem[1464][7]       ; Stuck at GND due to stuck port data_in                    ;
; bearing_cnn_demo:u_demo|c1_mem[1465][7]       ; Stuck at GND due to stuck port data_in                    ;
; bearing_cnn_demo:u_demo|c1_mem[1466][7]       ; Stuck at GND due to stuck port data_in                    ;
; bearing_cnn_demo:u_demo|c1_mem[1467][7]       ; Stuck at GND due to stuck port data_in                    ;
; bearing_cnn_demo:u_demo|c1_mem[1468][7]       ; Stuck at GND due to stuck port data_in                    ;
; bearing_cnn_demo:u_demo|c1_mem[1469][7]       ; Stuck at GND due to stuck port data_in                    ;
; bearing_cnn_demo:u_demo|c1_mem[1470][7]       ; Stuck at GND due to stuck port data_in                    ;
; bearing_cnn_demo:u_demo|c1_mem[1471][7]       ; Stuck at GND due to stuck port data_in                    ;
; bearing_cnn_demo:u_demo|c1_mem[1472][7]       ; Stuck at GND due to stuck port data_in                    ;
; bearing_cnn_demo:u_demo|c1_mem[1473][7]       ; Stuck at GND due to stuck port data_in                    ;
; bearing_cnn_demo:u_demo|c1_mem[1474][7]       ; Stuck at GND due to stuck port data_in                    ;
; bearing_cnn_demo:u_demo|c1_mem[1475][7]       ; Stuck at GND due to stuck port data_in                    ;
; bearing_cnn_demo:u_demo|c1_mem[1476][7]       ; Stuck at GND due to stuck port data_in                    ;
; bearing_cnn_demo:u_demo|c1_mem[1477][7]       ; Stuck at GND due to stuck port data_in                    ;
; bearing_cnn_demo:u_demo|c1_mem[1478][7]       ; Stuck at GND due to stuck port data_in                    ;
; bearing_cnn_demo:u_demo|c1_mem[1479][7]       ; Stuck at GND due to stuck port data_in                    ;
; bearing_cnn_demo:u_demo|c1_mem[1480][7]       ; Stuck at GND due to stuck port data_in                    ;
; bearing_cnn_demo:u_demo|c1_mem[1481][7]       ; Stuck at GND due to stuck port data_in                    ;
; bearing_cnn_demo:u_demo|c1_mem[1482][7]       ; Stuck at GND due to stuck port data_in                    ;
; bearing_cnn_demo:u_demo|c1_mem[1483][7]       ; Stuck at GND due to stuck port data_in                    ;
; bearing_cnn_demo:u_demo|c1_mem[1484][7]       ; Stuck at GND due to stuck port data_in                    ;
; bearing_cnn_demo:u_demo|c1_mem[1485][7]       ; Stuck at GND due to stuck port data_in                    ;
; bearing_cnn_demo:u_demo|c1_mem[1486][7]       ; Stuck at GND due to stuck port data_in                    ;
; bearing_cnn_demo:u_demo|c1_mem[1487][7]       ; Stuck at GND due to stuck port data_in                    ;
; bearing_cnn_demo:u_demo|c1_mem[1488][7]       ; Stuck at GND due to stuck port data_in                    ;
; bearing_cnn_demo:u_demo|c1_mem[1489][7]       ; Stuck at GND due to stuck port data_in                    ;
; bearing_cnn_demo:u_demo|c1_mem[1490][7]       ; Stuck at GND due to stuck port data_in                    ;
; bearing_cnn_demo:u_demo|c1_mem[1491][7]       ; Stuck at GND due to stuck port data_in                    ;
; bearing_cnn_demo:u_demo|c1_mem[1492][7]       ; Stuck at GND due to stuck port data_in                    ;
; bearing_cnn_demo:u_demo|c1_mem[1493][7]       ; Stuck at GND due to stuck port data_in                    ;
; bearing_cnn_demo:u_demo|c1_mem[1494][7]       ; Stuck at GND due to stuck port data_in                    ;
; bearing_cnn_demo:u_demo|c1_mem[1495][7]       ; Stuck at GND due to stuck port data_in                    ;
; bearing_cnn_demo:u_demo|c1_mem[1496][7]       ; Stuck at GND due to stuck port data_in                    ;
; bearing_cnn_demo:u_demo|c1_mem[1497][7]       ; Stuck at GND due to stuck port data_in                    ;
; bearing_cnn_demo:u_demo|c1_mem[1498][7]       ; Stuck at GND due to stuck port data_in                    ;
; bearing_cnn_demo:u_demo|c1_mem[1499][7]       ; Stuck at GND due to stuck port data_in                    ;
; bearing_cnn_demo:u_demo|c1_mem[1500][7]       ; Stuck at GND due to stuck port data_in                    ;
; bearing_cnn_demo:u_demo|c1_mem[1501][7]       ; Stuck at GND due to stuck port data_in                    ;
; bearing_cnn_demo:u_demo|c1_mem[1502][7]       ; Stuck at GND due to stuck port data_in                    ;
; bearing_cnn_demo:u_demo|c1_mem[1503][7]       ; Stuck at GND due to stuck port data_in                    ;
; bearing_cnn_demo:u_demo|c1_mem[1504][7]       ; Stuck at GND due to stuck port data_in                    ;
; bearing_cnn_demo:u_demo|c1_mem[1505][7]       ; Stuck at GND due to stuck port data_in                    ;
; bearing_cnn_demo:u_demo|c1_mem[1506][7]       ; Stuck at GND due to stuck port data_in                    ;
; bearing_cnn_demo:u_demo|c1_mem[1507][7]       ; Stuck at GND due to stuck port data_in                    ;
; bearing_cnn_demo:u_demo|c1_mem[1508][7]       ; Stuck at GND due to stuck port data_in                    ;
; bearing_cnn_demo:u_demo|c1_mem[1509][7]       ; Stuck at GND due to stuck port data_in                    ;
; bearing_cnn_demo:u_demo|c1_mem[1510][7]       ; Stuck at GND due to stuck port data_in                    ;
; bearing_cnn_demo:u_demo|c1_mem[1511][7]       ; Stuck at GND due to stuck port data_in                    ;
; bearing_cnn_demo:u_demo|c1_mem[1512][7]       ; Stuck at GND due to stuck port data_in                    ;
; bearing_cnn_demo:u_demo|c1_mem[1513][7]       ; Stuck at GND due to stuck port data_in                    ;
; bearing_cnn_demo:u_demo|c1_mem[1514][7]       ; Stuck at GND due to stuck port data_in                    ;
; bearing_cnn_demo:u_demo|c1_mem[1515][7]       ; Stuck at GND due to stuck port data_in                    ;
; bearing_cnn_demo:u_demo|c1_mem[1516][7]       ; Stuck at GND due to stuck port data_in                    ;
; bearing_cnn_demo:u_demo|c1_mem[1517][7]       ; Stuck at GND due to stuck port data_in                    ;
; bearing_cnn_demo:u_demo|c1_mem[1518][7]       ; Stuck at GND due to stuck port data_in                    ;
; bearing_cnn_demo:u_demo|c1_mem[1519][7]       ; Stuck at GND due to stuck port data_in                    ;
; bearing_cnn_demo:u_demo|c1_mem[1520][7]       ; Stuck at GND due to stuck port data_in                    ;
; bearing_cnn_demo:u_demo|c1_mem[1521][7]       ; Stuck at GND due to stuck port data_in                    ;
; bearing_cnn_demo:u_demo|c1_mem[1522][7]       ; Stuck at GND due to stuck port data_in                    ;
; bearing_cnn_demo:u_demo|c1_mem[1523][7]       ; Stuck at GND due to stuck port data_in                    ;
; bearing_cnn_demo:u_demo|c1_mem[1524][7]       ; Stuck at GND due to stuck port data_in                    ;
; bearing_cnn_demo:u_demo|c1_mem[1525][7]       ; Stuck at GND due to stuck port data_in                    ;
; bearing_cnn_demo:u_demo|c1_mem[1526][7]       ; Stuck at GND due to stuck port data_in                    ;
; bearing_cnn_demo:u_demo|c1_mem[1527][7]       ; Stuck at GND due to stuck port data_in                    ;
; bearing_cnn_demo:u_demo|c1_mem[1528][7]       ; Stuck at GND due to stuck port data_in                    ;
; bearing_cnn_demo:u_demo|c1_mem[1529][7]       ; Stuck at GND due to stuck port data_in                    ;
; bearing_cnn_demo:u_demo|c1_mem[1530][7]       ; Stuck at GND due to stuck port data_in                    ;
; bearing_cnn_demo:u_demo|c1_mem[1531][7]       ; Stuck at GND due to stuck port data_in                    ;
; bearing_cnn_demo:u_demo|c1_mem[1532][7]       ; Stuck at GND due to stuck port data_in                    ;
; bearing_cnn_demo:u_demo|c1_mem[1533][7]       ; Stuck at GND due to stuck port data_in                    ;
; bearing_cnn_demo:u_demo|c1_mem[1534][7]       ; Stuck at GND due to stuck port data_in                    ;
; bearing_cnn_demo:u_demo|c1_mem[1535][7]       ; Stuck at GND due to stuck port data_in                    ;
; bearing_cnn_demo:u_demo|c1_mem[1536][7]       ; Stuck at GND due to stuck port data_in                    ;
; bearing_cnn_demo:u_demo|c1_mem[1537][7]       ; Stuck at GND due to stuck port data_in                    ;
; bearing_cnn_demo:u_demo|c1_mem[1538][7]       ; Stuck at GND due to stuck port data_in                    ;
; bearing_cnn_demo:u_demo|c1_mem[1539][7]       ; Stuck at GND due to stuck port data_in                    ;
; bearing_cnn_demo:u_demo|c1_mem[1540][7]       ; Stuck at GND due to stuck port data_in                    ;
; bearing_cnn_demo:u_demo|c1_mem[1541][7]       ; Stuck at GND due to stuck port data_in                    ;
; bearing_cnn_demo:u_demo|c1_mem[1542][7]       ; Stuck at GND due to stuck port data_in                    ;
; bearing_cnn_demo:u_demo|c1_mem[1543][7]       ; Stuck at GND due to stuck port data_in                    ;
; bearing_cnn_demo:u_demo|c1_mem[1544][7]       ; Stuck at GND due to stuck port data_in                    ;
; bearing_cnn_demo:u_demo|c1_mem[1545][7]       ; Stuck at GND due to stuck port data_in                    ;
; bearing_cnn_demo:u_demo|c1_mem[1546][7]       ; Stuck at GND due to stuck port data_in                    ;
; bearing_cnn_demo:u_demo|c1_mem[1547][7]       ; Stuck at GND due to stuck port data_in                    ;
; bearing_cnn_demo:u_demo|c1_mem[1548][7]       ; Stuck at GND due to stuck port data_in                    ;
; bearing_cnn_demo:u_demo|c1_mem[1549][7]       ; Stuck at GND due to stuck port data_in                    ;
; bearing_cnn_demo:u_demo|c1_mem[1550][7]       ; Stuck at GND due to stuck port data_in                    ;
; bearing_cnn_demo:u_demo|c1_mem[1551][7]       ; Stuck at GND due to stuck port data_in                    ;
; bearing_cnn_demo:u_demo|c1_mem[1552][7]       ; Stuck at GND due to stuck port data_in                    ;
; bearing_cnn_demo:u_demo|c1_mem[1553][7]       ; Stuck at GND due to stuck port data_in                    ;
; bearing_cnn_demo:u_demo|c1_mem[1554][7]       ; Stuck at GND due to stuck port data_in                    ;
; bearing_cnn_demo:u_demo|c1_mem[1555][7]       ; Stuck at GND due to stuck port data_in                    ;
; bearing_cnn_demo:u_demo|c1_mem[1556][7]       ; Stuck at GND due to stuck port data_in                    ;
; bearing_cnn_demo:u_demo|c1_mem[1557][7]       ; Stuck at GND due to stuck port data_in                    ;
; bearing_cnn_demo:u_demo|c1_mem[1558][7]       ; Stuck at GND due to stuck port data_in                    ;
; bearing_cnn_demo:u_demo|c1_mem[1559][7]       ; Stuck at GND due to stuck port data_in                    ;
; bearing_cnn_demo:u_demo|c1_mem[1560][7]       ; Stuck at GND due to stuck port data_in                    ;
; bearing_cnn_demo:u_demo|c1_mem[1561][7]       ; Stuck at GND due to stuck port data_in                    ;
; bearing_cnn_demo:u_demo|c1_mem[1562][7]       ; Stuck at GND due to stuck port data_in                    ;
; bearing_cnn_demo:u_demo|c1_mem[1563][7]       ; Stuck at GND due to stuck port data_in                    ;
; bearing_cnn_demo:u_demo|c1_mem[1564][7]       ; Stuck at GND due to stuck port data_in                    ;
; bearing_cnn_demo:u_demo|c1_mem[1565][7]       ; Stuck at GND due to stuck port data_in                    ;
; bearing_cnn_demo:u_demo|c1_mem[1566][7]       ; Stuck at GND due to stuck port data_in                    ;
; bearing_cnn_demo:u_demo|c1_mem[1567][7]       ; Stuck at GND due to stuck port data_in                    ;
; bearing_cnn_demo:u_demo|c1_mem[1568][7]       ; Stuck at GND due to stuck port data_in                    ;
; bearing_cnn_demo:u_demo|c1_mem[1569][7]       ; Stuck at GND due to stuck port data_in                    ;
; bearing_cnn_demo:u_demo|c1_mem[1570][7]       ; Stuck at GND due to stuck port data_in                    ;
; bearing_cnn_demo:u_demo|c1_mem[1571][7]       ; Stuck at GND due to stuck port data_in                    ;
; bearing_cnn_demo:u_demo|c1_mem[1572][7]       ; Stuck at GND due to stuck port data_in                    ;
; bearing_cnn_demo:u_demo|c1_mem[1573][7]       ; Stuck at GND due to stuck port data_in                    ;
; bearing_cnn_demo:u_demo|c1_mem[1574][7]       ; Stuck at GND due to stuck port data_in                    ;
; bearing_cnn_demo:u_demo|c1_mem[1575][7]       ; Stuck at GND due to stuck port data_in                    ;
; bearing_cnn_demo:u_demo|c1_mem[1576][7]       ; Stuck at GND due to stuck port data_in                    ;
; bearing_cnn_demo:u_demo|c1_mem[1577][7]       ; Stuck at GND due to stuck port data_in                    ;
; bearing_cnn_demo:u_demo|c1_mem[1578][7]       ; Stuck at GND due to stuck port data_in                    ;
; bearing_cnn_demo:u_demo|c1_mem[1579][7]       ; Stuck at GND due to stuck port data_in                    ;
; bearing_cnn_demo:u_demo|c1_mem[1580][7]       ; Stuck at GND due to stuck port data_in                    ;
; bearing_cnn_demo:u_demo|c1_mem[1581][7]       ; Stuck at GND due to stuck port data_in                    ;
; bearing_cnn_demo:u_demo|c1_mem[1582][7]       ; Stuck at GND due to stuck port data_in                    ;
; bearing_cnn_demo:u_demo|c1_mem[1583][7]       ; Stuck at GND due to stuck port data_in                    ;
; bearing_cnn_demo:u_demo|c1_mem[1584][7]       ; Stuck at GND due to stuck port data_in                    ;
; bearing_cnn_demo:u_demo|c1_mem[1585][7]       ; Stuck at GND due to stuck port data_in                    ;
; bearing_cnn_demo:u_demo|c1_mem[1586][7]       ; Stuck at GND due to stuck port data_in                    ;
; bearing_cnn_demo:u_demo|c1_mem[1587][7]       ; Stuck at GND due to stuck port data_in                    ;
; bearing_cnn_demo:u_demo|c1_mem[1588][7]       ; Stuck at GND due to stuck port data_in                    ;
; bearing_cnn_demo:u_demo|c1_mem[1589][7]       ; Stuck at GND due to stuck port data_in                    ;
; bearing_cnn_demo:u_demo|c1_mem[1590][7]       ; Stuck at GND due to stuck port data_in                    ;
; bearing_cnn_demo:u_demo|c1_mem[1591][7]       ; Stuck at GND due to stuck port data_in                    ;
; bearing_cnn_demo:u_demo|c1_mem[1592][7]       ; Stuck at GND due to stuck port data_in                    ;
; bearing_cnn_demo:u_demo|c1_mem[1593][7]       ; Stuck at GND due to stuck port data_in                    ;
; bearing_cnn_demo:u_demo|c1_mem[1594][7]       ; Stuck at GND due to stuck port data_in                    ;
; bearing_cnn_demo:u_demo|c1_mem[1595][7]       ; Stuck at GND due to stuck port data_in                    ;
; bearing_cnn_demo:u_demo|c1_mem[1596][7]       ; Stuck at GND due to stuck port data_in                    ;
; bearing_cnn_demo:u_demo|c1_mem[1597][7]       ; Stuck at GND due to stuck port data_in                    ;
; bearing_cnn_demo:u_demo|c1_mem[1598][7]       ; Stuck at GND due to stuck port data_in                    ;
; bearing_cnn_demo:u_demo|c1_mem[1599][7]       ; Stuck at GND due to stuck port data_in                    ;
; bearing_cnn_demo:u_demo|c1_mem[1600][7]       ; Stuck at GND due to stuck port data_in                    ;
; bearing_cnn_demo:u_demo|c1_mem[1601][7]       ; Stuck at GND due to stuck port data_in                    ;
; bearing_cnn_demo:u_demo|c1_mem[1602][7]       ; Stuck at GND due to stuck port data_in                    ;
; bearing_cnn_demo:u_demo|c1_mem[1603][7]       ; Stuck at GND due to stuck port data_in                    ;
; bearing_cnn_demo:u_demo|c1_mem[1604][7]       ; Stuck at GND due to stuck port data_in                    ;
; bearing_cnn_demo:u_demo|c1_mem[1605][7]       ; Stuck at GND due to stuck port data_in                    ;
; bearing_cnn_demo:u_demo|c1_mem[1606][7]       ; Stuck at GND due to stuck port data_in                    ;
; bearing_cnn_demo:u_demo|c1_mem[1607][7]       ; Stuck at GND due to stuck port data_in                    ;
; bearing_cnn_demo:u_demo|c1_mem[1608][7]       ; Stuck at GND due to stuck port data_in                    ;
; bearing_cnn_demo:u_demo|c1_mem[1609][7]       ; Stuck at GND due to stuck port data_in                    ;
; bearing_cnn_demo:u_demo|c1_mem[1610][7]       ; Stuck at GND due to stuck port data_in                    ;
; bearing_cnn_demo:u_demo|c1_mem[1611][7]       ; Stuck at GND due to stuck port data_in                    ;
; bearing_cnn_demo:u_demo|c1_mem[1612][7]       ; Stuck at GND due to stuck port data_in                    ;
; bearing_cnn_demo:u_demo|c1_mem[1613][7]       ; Stuck at GND due to stuck port data_in                    ;
; bearing_cnn_demo:u_demo|c1_mem[1614][7]       ; Stuck at GND due to stuck port data_in                    ;
; bearing_cnn_demo:u_demo|c1_mem[1615][7]       ; Stuck at GND due to stuck port data_in                    ;
; bearing_cnn_demo:u_demo|c1_mem[1616][7]       ; Stuck at GND due to stuck port data_in                    ;
; bearing_cnn_demo:u_demo|c1_mem[1617][7]       ; Stuck at GND due to stuck port data_in                    ;
; bearing_cnn_demo:u_demo|c1_mem[1618][7]       ; Stuck at GND due to stuck port data_in                    ;
; bearing_cnn_demo:u_demo|c1_mem[1619][7]       ; Stuck at GND due to stuck port data_in                    ;
; bearing_cnn_demo:u_demo|c1_mem[1620][7]       ; Stuck at GND due to stuck port data_in                    ;
; bearing_cnn_demo:u_demo|c1_mem[1621][7]       ; Stuck at GND due to stuck port data_in                    ;
; bearing_cnn_demo:u_demo|c1_mem[1622][7]       ; Stuck at GND due to stuck port data_in                    ;
; bearing_cnn_demo:u_demo|c1_mem[1623][7]       ; Stuck at GND due to stuck port data_in                    ;
; bearing_cnn_demo:u_demo|c1_mem[1624][7]       ; Stuck at GND due to stuck port data_in                    ;
; bearing_cnn_demo:u_demo|c1_mem[1625][7]       ; Stuck at GND due to stuck port data_in                    ;
; bearing_cnn_demo:u_demo|c1_mem[1626][7]       ; Stuck at GND due to stuck port data_in                    ;
; bearing_cnn_demo:u_demo|c1_mem[1627][7]       ; Stuck at GND due to stuck port data_in                    ;
; bearing_cnn_demo:u_demo|c1_mem[1628][7]       ; Stuck at GND due to stuck port data_in                    ;
; bearing_cnn_demo:u_demo|c1_mem[1629][7]       ; Stuck at GND due to stuck port data_in                    ;
; bearing_cnn_demo:u_demo|c1_mem[1630][7]       ; Stuck at GND due to stuck port data_in                    ;
; bearing_cnn_demo:u_demo|c1_mem[1631][7]       ; Stuck at GND due to stuck port data_in                    ;
; bearing_cnn_demo:u_demo|c1_mem[1632][7]       ; Stuck at GND due to stuck port data_in                    ;
; bearing_cnn_demo:u_demo|c1_mem[1633][7]       ; Stuck at GND due to stuck port data_in                    ;
; bearing_cnn_demo:u_demo|c1_mem[1634][7]       ; Stuck at GND due to stuck port data_in                    ;
; bearing_cnn_demo:u_demo|c1_mem[1635][7]       ; Stuck at GND due to stuck port data_in                    ;
; bearing_cnn_demo:u_demo|c1_mem[1636][7]       ; Stuck at GND due to stuck port data_in                    ;
; bearing_cnn_demo:u_demo|c1_mem[1637][7]       ; Stuck at GND due to stuck port data_in                    ;
; bearing_cnn_demo:u_demo|c1_mem[1638][7]       ; Stuck at GND due to stuck port data_in                    ;
; bearing_cnn_demo:u_demo|c1_mem[1639][7]       ; Stuck at GND due to stuck port data_in                    ;
; bearing_cnn_demo:u_demo|c1_mem[1640][7]       ; Stuck at GND due to stuck port data_in                    ;
; bearing_cnn_demo:u_demo|c1_mem[1641][7]       ; Stuck at GND due to stuck port data_in                    ;
; bearing_cnn_demo:u_demo|c1_mem[1642][7]       ; Stuck at GND due to stuck port data_in                    ;
; bearing_cnn_demo:u_demo|c1_mem[1643][7]       ; Stuck at GND due to stuck port data_in                    ;
; bearing_cnn_demo:u_demo|c1_mem[1644][7]       ; Stuck at GND due to stuck port data_in                    ;
; bearing_cnn_demo:u_demo|c1_mem[1645][7]       ; Stuck at GND due to stuck port data_in                    ;
; bearing_cnn_demo:u_demo|c1_mem[1646][7]       ; Stuck at GND due to stuck port data_in                    ;
; bearing_cnn_demo:u_demo|c1_mem[1647][7]       ; Stuck at GND due to stuck port data_in                    ;
; bearing_cnn_demo:u_demo|c1_mem[1648][7]       ; Stuck at GND due to stuck port data_in                    ;
; bearing_cnn_demo:u_demo|c1_mem[1649][7]       ; Stuck at GND due to stuck port data_in                    ;
; bearing_cnn_demo:u_demo|c1_mem[1650][7]       ; Stuck at GND due to stuck port data_in                    ;
; bearing_cnn_demo:u_demo|c1_mem[1651][7]       ; Stuck at GND due to stuck port data_in                    ;
; bearing_cnn_demo:u_demo|c1_mem[1652][7]       ; Stuck at GND due to stuck port data_in                    ;
; bearing_cnn_demo:u_demo|c1_mem[1653][7]       ; Stuck at GND due to stuck port data_in                    ;
; bearing_cnn_demo:u_demo|c1_mem[1654][7]       ; Stuck at GND due to stuck port data_in                    ;
; bearing_cnn_demo:u_demo|c1_mem[1655][7]       ; Stuck at GND due to stuck port data_in                    ;
; bearing_cnn_demo:u_demo|c1_mem[1656][7]       ; Stuck at GND due to stuck port data_in                    ;
; bearing_cnn_demo:u_demo|c1_mem[1657][7]       ; Stuck at GND due to stuck port data_in                    ;
; bearing_cnn_demo:u_demo|c1_mem[1658][7]       ; Stuck at GND due to stuck port data_in                    ;
; bearing_cnn_demo:u_demo|c1_mem[1659][7]       ; Stuck at GND due to stuck port data_in                    ;
; bearing_cnn_demo:u_demo|c1_mem[1660][7]       ; Stuck at GND due to stuck port data_in                    ;
; bearing_cnn_demo:u_demo|c1_mem[1661][7]       ; Stuck at GND due to stuck port data_in                    ;
; bearing_cnn_demo:u_demo|c1_mem[1662][7]       ; Stuck at GND due to stuck port data_in                    ;
; bearing_cnn_demo:u_demo|c1_mem[1663][7]       ; Stuck at GND due to stuck port data_in                    ;
; bearing_cnn_demo:u_demo|c1_mem[1664][7]       ; Stuck at GND due to stuck port data_in                    ;
; bearing_cnn_demo:u_demo|c1_mem[1665][7]       ; Stuck at GND due to stuck port data_in                    ;
; bearing_cnn_demo:u_demo|c1_mem[1666][7]       ; Stuck at GND due to stuck port data_in                    ;
; bearing_cnn_demo:u_demo|c1_mem[1667][7]       ; Stuck at GND due to stuck port data_in                    ;
; bearing_cnn_demo:u_demo|c1_mem[1668][7]       ; Stuck at GND due to stuck port data_in                    ;
; bearing_cnn_demo:u_demo|c1_mem[1669][7]       ; Stuck at GND due to stuck port data_in                    ;
; bearing_cnn_demo:u_demo|c1_mem[1670][7]       ; Stuck at GND due to stuck port data_in                    ;
; bearing_cnn_demo:u_demo|c1_mem[1671][7]       ; Stuck at GND due to stuck port data_in                    ;
; bearing_cnn_demo:u_demo|c1_mem[1672][7]       ; Stuck at GND due to stuck port data_in                    ;
; bearing_cnn_demo:u_demo|c1_mem[1673][7]       ; Stuck at GND due to stuck port data_in                    ;
; bearing_cnn_demo:u_demo|c1_mem[1674][7]       ; Stuck at GND due to stuck port data_in                    ;
; bearing_cnn_demo:u_demo|c1_mem[1675][7]       ; Stuck at GND due to stuck port data_in                    ;
; bearing_cnn_demo:u_demo|c1_mem[1676][7]       ; Stuck at GND due to stuck port data_in                    ;
; bearing_cnn_demo:u_demo|c1_mem[1677][7]       ; Stuck at GND due to stuck port data_in                    ;
; bearing_cnn_demo:u_demo|c1_mem[1678][7]       ; Stuck at GND due to stuck port data_in                    ;
; bearing_cnn_demo:u_demo|c1_mem[1679][7]       ; Stuck at GND due to stuck port data_in                    ;
; bearing_cnn_demo:u_demo|c1_mem[1680][7]       ; Stuck at GND due to stuck port data_in                    ;
; bearing_cnn_demo:u_demo|c1_mem[1681][7]       ; Stuck at GND due to stuck port data_in                    ;
; bearing_cnn_demo:u_demo|c1_mem[1682][7]       ; Stuck at GND due to stuck port data_in                    ;
; bearing_cnn_demo:u_demo|c1_mem[1683][7]       ; Stuck at GND due to stuck port data_in                    ;
; bearing_cnn_demo:u_demo|c1_mem[1684][7]       ; Stuck at GND due to stuck port data_in                    ;
; bearing_cnn_demo:u_demo|c1_mem[1685][7]       ; Stuck at GND due to stuck port data_in                    ;
; bearing_cnn_demo:u_demo|c1_mem[1686][7]       ; Stuck at GND due to stuck port data_in                    ;
; bearing_cnn_demo:u_demo|c1_mem[1687][7]       ; Stuck at GND due to stuck port data_in                    ;
; bearing_cnn_demo:u_demo|c1_mem[1688][7]       ; Stuck at GND due to stuck port data_in                    ;
; bearing_cnn_demo:u_demo|c1_mem[1689][7]       ; Stuck at GND due to stuck port data_in                    ;
; bearing_cnn_demo:u_demo|c1_mem[1690][7]       ; Stuck at GND due to stuck port data_in                    ;
; bearing_cnn_demo:u_demo|c1_mem[1691][7]       ; Stuck at GND due to stuck port data_in                    ;
; bearing_cnn_demo:u_demo|c1_mem[1692][7]       ; Stuck at GND due to stuck port data_in                    ;
; bearing_cnn_demo:u_demo|c1_mem[1693][7]       ; Stuck at GND due to stuck port data_in                    ;
; bearing_cnn_demo:u_demo|c1_mem[1694][7]       ; Stuck at GND due to stuck port data_in                    ;
; bearing_cnn_demo:u_demo|c1_mem[1695][7]       ; Stuck at GND due to stuck port data_in                    ;
; bearing_cnn_demo:u_demo|c1_mem[1696][7]       ; Stuck at GND due to stuck port data_in                    ;
; bearing_cnn_demo:u_demo|c1_mem[1697][7]       ; Stuck at GND due to stuck port data_in                    ;
; bearing_cnn_demo:u_demo|c1_mem[1698][7]       ; Stuck at GND due to stuck port data_in                    ;
; bearing_cnn_demo:u_demo|c1_mem[1699][7]       ; Stuck at GND due to stuck port data_in                    ;
; bearing_cnn_demo:u_demo|c1_mem[1700][7]       ; Stuck at GND due to stuck port data_in                    ;
; bearing_cnn_demo:u_demo|c1_mem[1701][7]       ; Stuck at GND due to stuck port data_in                    ;
; bearing_cnn_demo:u_demo|c1_mem[1702][7]       ; Stuck at GND due to stuck port data_in                    ;
; bearing_cnn_demo:u_demo|c1_mem[1703][7]       ; Stuck at GND due to stuck port data_in                    ;
; bearing_cnn_demo:u_demo|c1_mem[1704][7]       ; Stuck at GND due to stuck port data_in                    ;
; bearing_cnn_demo:u_demo|c1_mem[1705][7]       ; Stuck at GND due to stuck port data_in                    ;
; bearing_cnn_demo:u_demo|c1_mem[1706][7]       ; Stuck at GND due to stuck port data_in                    ;
; bearing_cnn_demo:u_demo|c1_mem[1707][7]       ; Stuck at GND due to stuck port data_in                    ;
; bearing_cnn_demo:u_demo|c1_mem[1708][7]       ; Stuck at GND due to stuck port data_in                    ;
; bearing_cnn_demo:u_demo|c1_mem[1709][7]       ; Stuck at GND due to stuck port data_in                    ;
; bearing_cnn_demo:u_demo|c1_mem[1710][7]       ; Stuck at GND due to stuck port data_in                    ;
; bearing_cnn_demo:u_demo|c1_mem[1711][7]       ; Stuck at GND due to stuck port data_in                    ;
; bearing_cnn_demo:u_demo|c1_mem[1712][7]       ; Stuck at GND due to stuck port data_in                    ;
; bearing_cnn_demo:u_demo|c1_mem[1713][7]       ; Stuck at GND due to stuck port data_in                    ;
; bearing_cnn_demo:u_demo|c1_mem[1714][7]       ; Stuck at GND due to stuck port data_in                    ;
; bearing_cnn_demo:u_demo|c1_mem[1715][7]       ; Stuck at GND due to stuck port data_in                    ;
; bearing_cnn_demo:u_demo|c1_mem[1716][7]       ; Stuck at GND due to stuck port data_in                    ;
; bearing_cnn_demo:u_demo|c1_mem[1717][7]       ; Stuck at GND due to stuck port data_in                    ;
; bearing_cnn_demo:u_demo|c1_mem[1718][7]       ; Stuck at GND due to stuck port data_in                    ;
; bearing_cnn_demo:u_demo|c1_mem[1719][7]       ; Stuck at GND due to stuck port data_in                    ;
; bearing_cnn_demo:u_demo|c1_mem[1720][7]       ; Stuck at GND due to stuck port data_in                    ;
; bearing_cnn_demo:u_demo|c1_mem[1721][7]       ; Stuck at GND due to stuck port data_in                    ;
; bearing_cnn_demo:u_demo|c1_mem[1722][7]       ; Stuck at GND due to stuck port data_in                    ;
; bearing_cnn_demo:u_demo|c1_mem[1723][7]       ; Stuck at GND due to stuck port data_in                    ;
; bearing_cnn_demo:u_demo|c1_mem[1724][7]       ; Stuck at GND due to stuck port data_in                    ;
; bearing_cnn_demo:u_demo|c1_mem[1725][7]       ; Stuck at GND due to stuck port data_in                    ;
; bearing_cnn_demo:u_demo|c1_mem[1726][7]       ; Stuck at GND due to stuck port data_in                    ;
; bearing_cnn_demo:u_demo|c1_mem[1727][7]       ; Stuck at GND due to stuck port data_in                    ;
; bearing_cnn_demo:u_demo|c1_mem[1728][7]       ; Stuck at GND due to stuck port data_in                    ;
; bearing_cnn_demo:u_demo|c1_mem[1729][7]       ; Stuck at GND due to stuck port data_in                    ;
; bearing_cnn_demo:u_demo|c1_mem[1730][7]       ; Stuck at GND due to stuck port data_in                    ;
; bearing_cnn_demo:u_demo|c1_mem[1731][7]       ; Stuck at GND due to stuck port data_in                    ;
; bearing_cnn_demo:u_demo|c1_mem[1732][7]       ; Stuck at GND due to stuck port data_in                    ;
; bearing_cnn_demo:u_demo|c1_mem[1733][7]       ; Stuck at GND due to stuck port data_in                    ;
; bearing_cnn_demo:u_demo|c1_mem[1734][7]       ; Stuck at GND due to stuck port data_in                    ;
; bearing_cnn_demo:u_demo|c1_mem[1735][7]       ; Stuck at GND due to stuck port data_in                    ;
; bearing_cnn_demo:u_demo|c1_mem[1736][7]       ; Stuck at GND due to stuck port data_in                    ;
; bearing_cnn_demo:u_demo|c1_mem[1737][7]       ; Stuck at GND due to stuck port data_in                    ;
; bearing_cnn_demo:u_demo|c1_mem[1738][7]       ; Stuck at GND due to stuck port data_in                    ;
; bearing_cnn_demo:u_demo|c1_mem[1739][7]       ; Stuck at GND due to stuck port data_in                    ;
; bearing_cnn_demo:u_demo|c1_mem[1740][7]       ; Stuck at GND due to stuck port data_in                    ;
; bearing_cnn_demo:u_demo|c1_mem[1741][7]       ; Stuck at GND due to stuck port data_in                    ;
; bearing_cnn_demo:u_demo|c1_mem[1742][7]       ; Stuck at GND due to stuck port data_in                    ;
; bearing_cnn_demo:u_demo|c1_mem[1743][7]       ; Stuck at GND due to stuck port data_in                    ;
; bearing_cnn_demo:u_demo|c1_mem[1744][7]       ; Stuck at GND due to stuck port data_in                    ;
; bearing_cnn_demo:u_demo|c1_mem[1745][7]       ; Stuck at GND due to stuck port data_in                    ;
; bearing_cnn_demo:u_demo|c1_mem[1746][7]       ; Stuck at GND due to stuck port data_in                    ;
; bearing_cnn_demo:u_demo|c1_mem[1747][7]       ; Stuck at GND due to stuck port data_in                    ;
; bearing_cnn_demo:u_demo|c1_mem[1748][7]       ; Stuck at GND due to stuck port data_in                    ;
; bearing_cnn_demo:u_demo|c1_mem[1749][7]       ; Stuck at GND due to stuck port data_in                    ;
; bearing_cnn_demo:u_demo|c1_mem[1750][7]       ; Stuck at GND due to stuck port data_in                    ;
; bearing_cnn_demo:u_demo|c1_mem[1751][7]       ; Stuck at GND due to stuck port data_in                    ;
; bearing_cnn_demo:u_demo|c1_mem[1752][7]       ; Stuck at GND due to stuck port data_in                    ;
; bearing_cnn_demo:u_demo|c1_mem[1753][7]       ; Stuck at GND due to stuck port data_in                    ;
; bearing_cnn_demo:u_demo|c1_mem[1754][7]       ; Stuck at GND due to stuck port data_in                    ;
; bearing_cnn_demo:u_demo|c1_mem[1755][7]       ; Stuck at GND due to stuck port data_in                    ;
; bearing_cnn_demo:u_demo|c1_mem[1756][7]       ; Stuck at GND due to stuck port data_in                    ;
; bearing_cnn_demo:u_demo|c1_mem[1757][7]       ; Stuck at GND due to stuck port data_in                    ;
; bearing_cnn_demo:u_demo|c1_mem[1758][7]       ; Stuck at GND due to stuck port data_in                    ;
; bearing_cnn_demo:u_demo|c1_mem[1759][7]       ; Stuck at GND due to stuck port data_in                    ;
; bearing_cnn_demo:u_demo|c1_mem[1760][7]       ; Stuck at GND due to stuck port data_in                    ;
; bearing_cnn_demo:u_demo|c1_mem[1761][7]       ; Stuck at GND due to stuck port data_in                    ;
; bearing_cnn_demo:u_demo|c1_mem[1762][7]       ; Stuck at GND due to stuck port data_in                    ;
; bearing_cnn_demo:u_demo|c1_mem[1763][7]       ; Stuck at GND due to stuck port data_in                    ;
; bearing_cnn_demo:u_demo|c1_mem[1764][7]       ; Stuck at GND due to stuck port data_in                    ;
; bearing_cnn_demo:u_demo|c1_mem[1765][7]       ; Stuck at GND due to stuck port data_in                    ;
; bearing_cnn_demo:u_demo|c1_mem[1766][7]       ; Stuck at GND due to stuck port data_in                    ;
; bearing_cnn_demo:u_demo|c1_mem[1767][7]       ; Stuck at GND due to stuck port data_in                    ;
; bearing_cnn_demo:u_demo|c1_mem[1768][7]       ; Stuck at GND due to stuck port data_in                    ;
; bearing_cnn_demo:u_demo|c1_mem[1769][7]       ; Stuck at GND due to stuck port data_in                    ;
; bearing_cnn_demo:u_demo|c1_mem[1770][7]       ; Stuck at GND due to stuck port data_in                    ;
; bearing_cnn_demo:u_demo|c1_mem[1771][7]       ; Stuck at GND due to stuck port data_in                    ;
; bearing_cnn_demo:u_demo|c1_mem[1772][7]       ; Stuck at GND due to stuck port data_in                    ;
; bearing_cnn_demo:u_demo|c1_mem[1773][7]       ; Stuck at GND due to stuck port data_in                    ;
; bearing_cnn_demo:u_demo|c1_mem[1774][7]       ; Stuck at GND due to stuck port data_in                    ;
; bearing_cnn_demo:u_demo|c1_mem[1775][7]       ; Stuck at GND due to stuck port data_in                    ;
; bearing_cnn_demo:u_demo|c1_mem[1776][7]       ; Stuck at GND due to stuck port data_in                    ;
; bearing_cnn_demo:u_demo|c1_mem[1777][7]       ; Stuck at GND due to stuck port data_in                    ;
; bearing_cnn_demo:u_demo|c1_mem[1778][7]       ; Stuck at GND due to stuck port data_in                    ;
; bearing_cnn_demo:u_demo|c1_mem[1779][7]       ; Stuck at GND due to stuck port data_in                    ;
; bearing_cnn_demo:u_demo|c1_mem[1780][7]       ; Stuck at GND due to stuck port data_in                    ;
; bearing_cnn_demo:u_demo|c1_mem[1781][7]       ; Stuck at GND due to stuck port data_in                    ;
; bearing_cnn_demo:u_demo|c1_mem[1782][7]       ; Stuck at GND due to stuck port data_in                    ;
; bearing_cnn_demo:u_demo|c1_mem[1783][7]       ; Stuck at GND due to stuck port data_in                    ;
; bearing_cnn_demo:u_demo|c1_mem[1784][7]       ; Stuck at GND due to stuck port data_in                    ;
; bearing_cnn_demo:u_demo|c1_mem[1785][7]       ; Stuck at GND due to stuck port data_in                    ;
; bearing_cnn_demo:u_demo|c1_mem[1786][7]       ; Stuck at GND due to stuck port data_in                    ;
; bearing_cnn_demo:u_demo|c1_mem[1787][7]       ; Stuck at GND due to stuck port data_in                    ;
; bearing_cnn_demo:u_demo|c1_mem[1788][7]       ; Stuck at GND due to stuck port data_in                    ;
; bearing_cnn_demo:u_demo|c1_mem[1789][7]       ; Stuck at GND due to stuck port data_in                    ;
; bearing_cnn_demo:u_demo|c1_mem[1790][7]       ; Stuck at GND due to stuck port data_in                    ;
; bearing_cnn_demo:u_demo|c1_mem[1791][7]       ; Stuck at GND due to stuck port data_in                    ;
; bearing_cnn_demo:u_demo|c1_mem[1792][7]       ; Stuck at GND due to stuck port data_in                    ;
; bearing_cnn_demo:u_demo|c1_mem[1793][7]       ; Stuck at GND due to stuck port data_in                    ;
; bearing_cnn_demo:u_demo|c1_mem[1794][7]       ; Stuck at GND due to stuck port data_in                    ;
; bearing_cnn_demo:u_demo|c1_mem[1795][7]       ; Stuck at GND due to stuck port data_in                    ;
; bearing_cnn_demo:u_demo|c1_mem[1796][7]       ; Stuck at GND due to stuck port data_in                    ;
; bearing_cnn_demo:u_demo|c1_mem[1797][7]       ; Stuck at GND due to stuck port data_in                    ;
; bearing_cnn_demo:u_demo|c1_mem[1798][7]       ; Stuck at GND due to stuck port data_in                    ;
; bearing_cnn_demo:u_demo|c1_mem[1799][7]       ; Stuck at GND due to stuck port data_in                    ;
; bearing_cnn_demo:u_demo|c1_mem[1800][7]       ; Stuck at GND due to stuck port data_in                    ;
; bearing_cnn_demo:u_demo|c1_mem[1801][7]       ; Stuck at GND due to stuck port data_in                    ;
; bearing_cnn_demo:u_demo|c1_mem[1802][7]       ; Stuck at GND due to stuck port data_in                    ;
; bearing_cnn_demo:u_demo|c1_mem[1803][7]       ; Stuck at GND due to stuck port data_in                    ;
; bearing_cnn_demo:u_demo|c1_mem[1804][7]       ; Stuck at GND due to stuck port data_in                    ;
; bearing_cnn_demo:u_demo|c1_mem[1805][7]       ; Stuck at GND due to stuck port data_in                    ;
; bearing_cnn_demo:u_demo|c1_mem[1806][7]       ; Stuck at GND due to stuck port data_in                    ;
; bearing_cnn_demo:u_demo|c1_mem[1807][7]       ; Stuck at GND due to stuck port data_in                    ;
; bearing_cnn_demo:u_demo|c1_mem[1808][7]       ; Stuck at GND due to stuck port data_in                    ;
; bearing_cnn_demo:u_demo|c1_mem[1809][7]       ; Stuck at GND due to stuck port data_in                    ;
; bearing_cnn_demo:u_demo|c1_mem[1810][7]       ; Stuck at GND due to stuck port data_in                    ;
; bearing_cnn_demo:u_demo|c1_mem[1811][7]       ; Stuck at GND due to stuck port data_in                    ;
; bearing_cnn_demo:u_demo|c1_mem[1812][7]       ; Stuck at GND due to stuck port data_in                    ;
; bearing_cnn_demo:u_demo|c1_mem[1813][7]       ; Stuck at GND due to stuck port data_in                    ;
; bearing_cnn_demo:u_demo|c1_mem[1814][7]       ; Stuck at GND due to stuck port data_in                    ;
; bearing_cnn_demo:u_demo|c1_mem[1815][7]       ; Stuck at GND due to stuck port data_in                    ;
; bearing_cnn_demo:u_demo|c1_mem[1816][7]       ; Stuck at GND due to stuck port data_in                    ;
; bearing_cnn_demo:u_demo|c1_mem[1817][7]       ; Stuck at GND due to stuck port data_in                    ;
; bearing_cnn_demo:u_demo|c1_mem[1818][7]       ; Stuck at GND due to stuck port data_in                    ;
; bearing_cnn_demo:u_demo|c1_mem[1819][7]       ; Stuck at GND due to stuck port data_in                    ;
; bearing_cnn_demo:u_demo|c1_mem[1820][7]       ; Stuck at GND due to stuck port data_in                    ;
; bearing_cnn_demo:u_demo|c1_mem[1821][7]       ; Stuck at GND due to stuck port data_in                    ;
; bearing_cnn_demo:u_demo|c1_mem[1822][7]       ; Stuck at GND due to stuck port data_in                    ;
; bearing_cnn_demo:u_demo|c1_mem[1823][7]       ; Stuck at GND due to stuck port data_in                    ;
; bearing_cnn_demo:u_demo|c1_mem[1824][7]       ; Stuck at GND due to stuck port data_in                    ;
; bearing_cnn_demo:u_demo|c1_mem[1825][7]       ; Stuck at GND due to stuck port data_in                    ;
; bearing_cnn_demo:u_demo|c1_mem[1826][7]       ; Stuck at GND due to stuck port data_in                    ;
; bearing_cnn_demo:u_demo|c1_mem[1827][7]       ; Stuck at GND due to stuck port data_in                    ;
; bearing_cnn_demo:u_demo|c1_mem[1828][7]       ; Stuck at GND due to stuck port data_in                    ;
; bearing_cnn_demo:u_demo|c1_mem[1829][7]       ; Stuck at GND due to stuck port data_in                    ;
; bearing_cnn_demo:u_demo|c1_mem[1830][7]       ; Stuck at GND due to stuck port data_in                    ;
; bearing_cnn_demo:u_demo|c1_mem[1831][7]       ; Stuck at GND due to stuck port data_in                    ;
; bearing_cnn_demo:u_demo|c1_mem[1832][7]       ; Stuck at GND due to stuck port data_in                    ;
; bearing_cnn_demo:u_demo|c1_mem[1833][7]       ; Stuck at GND due to stuck port data_in                    ;
; bearing_cnn_demo:u_demo|c1_mem[1834][7]       ; Stuck at GND due to stuck port data_in                    ;
; bearing_cnn_demo:u_demo|c1_mem[1835][7]       ; Stuck at GND due to stuck port data_in                    ;
; bearing_cnn_demo:u_demo|c1_mem[1836][7]       ; Stuck at GND due to stuck port data_in                    ;
; bearing_cnn_demo:u_demo|c1_mem[1837][7]       ; Stuck at GND due to stuck port data_in                    ;
; bearing_cnn_demo:u_demo|c1_mem[1838][7]       ; Stuck at GND due to stuck port data_in                    ;
; bearing_cnn_demo:u_demo|c1_mem[1839][7]       ; Stuck at GND due to stuck port data_in                    ;
; bearing_cnn_demo:u_demo|c1_mem[1840][7]       ; Stuck at GND due to stuck port data_in                    ;
; bearing_cnn_demo:u_demo|c1_mem[1841][7]       ; Stuck at GND due to stuck port data_in                    ;
; bearing_cnn_demo:u_demo|c1_mem[1842][7]       ; Stuck at GND due to stuck port data_in                    ;
; bearing_cnn_demo:u_demo|c1_mem[1843][7]       ; Stuck at GND due to stuck port data_in                    ;
; bearing_cnn_demo:u_demo|c1_mem[1844][7]       ; Stuck at GND due to stuck port data_in                    ;
; bearing_cnn_demo:u_demo|c1_mem[1845][7]       ; Stuck at GND due to stuck port data_in                    ;
; bearing_cnn_demo:u_demo|c1_mem[1846][7]       ; Stuck at GND due to stuck port data_in                    ;
; bearing_cnn_demo:u_demo|c1_mem[1847][7]       ; Stuck at GND due to stuck port data_in                    ;
; bearing_cnn_demo:u_demo|c1_mem[1848][7]       ; Stuck at GND due to stuck port data_in                    ;
; bearing_cnn_demo:u_demo|c1_mem[1849][7]       ; Stuck at GND due to stuck port data_in                    ;
; bearing_cnn_demo:u_demo|c1_mem[1850][7]       ; Stuck at GND due to stuck port data_in                    ;
; bearing_cnn_demo:u_demo|c1_mem[1851][7]       ; Stuck at GND due to stuck port data_in                    ;
; bearing_cnn_demo:u_demo|c1_mem[1852][7]       ; Stuck at GND due to stuck port data_in                    ;
; bearing_cnn_demo:u_demo|c1_mem[1853][7]       ; Stuck at GND due to stuck port data_in                    ;
; bearing_cnn_demo:u_demo|c1_mem[1854][7]       ; Stuck at GND due to stuck port data_in                    ;
; bearing_cnn_demo:u_demo|c1_mem[1855][7]       ; Stuck at GND due to stuck port data_in                    ;
; bearing_cnn_demo:u_demo|c1_mem[1856][7]       ; Stuck at GND due to stuck port data_in                    ;
; bearing_cnn_demo:u_demo|c1_mem[1857][7]       ; Stuck at GND due to stuck port data_in                    ;
; bearing_cnn_demo:u_demo|c1_mem[1858][7]       ; Stuck at GND due to stuck port data_in                    ;
; bearing_cnn_demo:u_demo|c1_mem[1859][7]       ; Stuck at GND due to stuck port data_in                    ;
; bearing_cnn_demo:u_demo|c1_mem[1860][7]       ; Stuck at GND due to stuck port data_in                    ;
; bearing_cnn_demo:u_demo|c1_mem[1861][7]       ; Stuck at GND due to stuck port data_in                    ;
; bearing_cnn_demo:u_demo|c1_mem[1862][7]       ; Stuck at GND due to stuck port data_in                    ;
; bearing_cnn_demo:u_demo|c1_mem[1863][7]       ; Stuck at GND due to stuck port data_in                    ;
; bearing_cnn_demo:u_demo|c1_mem[1864][7]       ; Stuck at GND due to stuck port data_in                    ;
; bearing_cnn_demo:u_demo|c1_mem[1865][7]       ; Stuck at GND due to stuck port data_in                    ;
; bearing_cnn_demo:u_demo|c1_mem[1866][7]       ; Stuck at GND due to stuck port data_in                    ;
; bearing_cnn_demo:u_demo|c1_mem[1867][7]       ; Stuck at GND due to stuck port data_in                    ;
; bearing_cnn_demo:u_demo|c1_mem[1868][7]       ; Stuck at GND due to stuck port data_in                    ;
; bearing_cnn_demo:u_demo|c1_mem[1869][7]       ; Stuck at GND due to stuck port data_in                    ;
; bearing_cnn_demo:u_demo|c1_mem[1870][7]       ; Stuck at GND due to stuck port data_in                    ;
; bearing_cnn_demo:u_demo|c1_mem[1871][7]       ; Stuck at GND due to stuck port data_in                    ;
; bearing_cnn_demo:u_demo|c1_mem[1872][7]       ; Stuck at GND due to stuck port data_in                    ;
; bearing_cnn_demo:u_demo|c1_mem[1873][7]       ; Stuck at GND due to stuck port data_in                    ;
; bearing_cnn_demo:u_demo|c1_mem[1874][7]       ; Stuck at GND due to stuck port data_in                    ;
; bearing_cnn_demo:u_demo|c1_mem[1875][7]       ; Stuck at GND due to stuck port data_in                    ;
; bearing_cnn_demo:u_demo|c1_mem[1876][7]       ; Stuck at GND due to stuck port data_in                    ;
; bearing_cnn_demo:u_demo|c1_mem[1877][7]       ; Stuck at GND due to stuck port data_in                    ;
; bearing_cnn_demo:u_demo|c1_mem[1878][7]       ; Stuck at GND due to stuck port data_in                    ;
; bearing_cnn_demo:u_demo|c1_mem[1879][7]       ; Stuck at GND due to stuck port data_in                    ;
; bearing_cnn_demo:u_demo|c1_mem[1880][7]       ; Stuck at GND due to stuck port data_in                    ;
; bearing_cnn_demo:u_demo|c1_mem[1881][7]       ; Stuck at GND due to stuck port data_in                    ;
; bearing_cnn_demo:u_demo|c1_mem[1882][7]       ; Stuck at GND due to stuck port data_in                    ;
; bearing_cnn_demo:u_demo|c1_mem[1883][7]       ; Stuck at GND due to stuck port data_in                    ;
; bearing_cnn_demo:u_demo|c1_mem[1884][7]       ; Stuck at GND due to stuck port data_in                    ;
; bearing_cnn_demo:u_demo|c1_mem[1885][7]       ; Stuck at GND due to stuck port data_in                    ;
; bearing_cnn_demo:u_demo|c1_mem[1886][7]       ; Stuck at GND due to stuck port data_in                    ;
; bearing_cnn_demo:u_demo|c1_mem[1887][7]       ; Stuck at GND due to stuck port data_in                    ;
; bearing_cnn_demo:u_demo|c1_mem[1888][7]       ; Stuck at GND due to stuck port data_in                    ;
; bearing_cnn_demo:u_demo|c1_mem[1889][7]       ; Stuck at GND due to stuck port data_in                    ;
; bearing_cnn_demo:u_demo|c1_mem[1890][7]       ; Stuck at GND due to stuck port data_in                    ;
; bearing_cnn_demo:u_demo|c1_mem[1891][7]       ; Stuck at GND due to stuck port data_in                    ;
; bearing_cnn_demo:u_demo|c1_mem[1892][7]       ; Stuck at GND due to stuck port data_in                    ;
; bearing_cnn_demo:u_demo|c1_mem[1893][7]       ; Stuck at GND due to stuck port data_in                    ;
; bearing_cnn_demo:u_demo|c1_mem[1894][7]       ; Stuck at GND due to stuck port data_in                    ;
; bearing_cnn_demo:u_demo|c1_mem[1895][7]       ; Stuck at GND due to stuck port data_in                    ;
; bearing_cnn_demo:u_demo|c1_mem[1896][7]       ; Stuck at GND due to stuck port data_in                    ;
; bearing_cnn_demo:u_demo|c1_mem[1897][7]       ; Stuck at GND due to stuck port data_in                    ;
; bearing_cnn_demo:u_demo|c1_mem[1898][7]       ; Stuck at GND due to stuck port data_in                    ;
; bearing_cnn_demo:u_demo|c1_mem[1899][7]       ; Stuck at GND due to stuck port data_in                    ;
; bearing_cnn_demo:u_demo|c1_mem[1900][7]       ; Stuck at GND due to stuck port data_in                    ;
; bearing_cnn_demo:u_demo|c1_mem[1901][7]       ; Stuck at GND due to stuck port data_in                    ;
; bearing_cnn_demo:u_demo|c1_mem[1902][7]       ; Stuck at GND due to stuck port data_in                    ;
; bearing_cnn_demo:u_demo|c1_mem[1903][7]       ; Stuck at GND due to stuck port data_in                    ;
; bearing_cnn_demo:u_demo|c1_mem[1904][7]       ; Stuck at GND due to stuck port data_in                    ;
; bearing_cnn_demo:u_demo|c1_mem[1905][7]       ; Stuck at GND due to stuck port data_in                    ;
; bearing_cnn_demo:u_demo|c1_mem[1906][7]       ; Stuck at GND due to stuck port data_in                    ;
; bearing_cnn_demo:u_demo|c1_mem[1907][7]       ; Stuck at GND due to stuck port data_in                    ;
; bearing_cnn_demo:u_demo|c1_mem[1908][7]       ; Stuck at GND due to stuck port data_in                    ;
; bearing_cnn_demo:u_demo|c1_mem[1909][7]       ; Stuck at GND due to stuck port data_in                    ;
; bearing_cnn_demo:u_demo|c1_mem[1910][7]       ; Stuck at GND due to stuck port data_in                    ;
; bearing_cnn_demo:u_demo|c1_mem[1911][7]       ; Stuck at GND due to stuck port data_in                    ;
; bearing_cnn_demo:u_demo|c1_mem[1912][7]       ; Stuck at GND due to stuck port data_in                    ;
; bearing_cnn_demo:u_demo|c1_mem[1913][7]       ; Stuck at GND due to stuck port data_in                    ;
; bearing_cnn_demo:u_demo|c1_mem[1914][7]       ; Stuck at GND due to stuck port data_in                    ;
; bearing_cnn_demo:u_demo|c1_mem[1915][7]       ; Stuck at GND due to stuck port data_in                    ;
; bearing_cnn_demo:u_demo|c1_mem[1916][7]       ; Stuck at GND due to stuck port data_in                    ;
; bearing_cnn_demo:u_demo|c1_mem[1917][7]       ; Stuck at GND due to stuck port data_in                    ;
; bearing_cnn_demo:u_demo|c1_mem[1918][7]       ; Stuck at GND due to stuck port data_in                    ;
; bearing_cnn_demo:u_demo|c1_mem[1919][7]       ; Stuck at GND due to stuck port data_in                    ;
; bearing_cnn_demo:u_demo|c1_mem[1920][7]       ; Stuck at GND due to stuck port data_in                    ;
; bearing_cnn_demo:u_demo|c1_mem[1921][7]       ; Stuck at GND due to stuck port data_in                    ;
; bearing_cnn_demo:u_demo|c1_mem[1922][7]       ; Stuck at GND due to stuck port data_in                    ;
; bearing_cnn_demo:u_demo|c1_mem[1923][7]       ; Stuck at GND due to stuck port data_in                    ;
; bearing_cnn_demo:u_demo|c1_mem[1924][7]       ; Stuck at GND due to stuck port data_in                    ;
; bearing_cnn_demo:u_demo|c1_mem[1925][7]       ; Stuck at GND due to stuck port data_in                    ;
; bearing_cnn_demo:u_demo|c1_mem[1926][7]       ; Stuck at GND due to stuck port data_in                    ;
; bearing_cnn_demo:u_demo|c1_mem[1927][7]       ; Stuck at GND due to stuck port data_in                    ;
; bearing_cnn_demo:u_demo|c1_mem[1928][7]       ; Stuck at GND due to stuck port data_in                    ;
; bearing_cnn_demo:u_demo|c1_mem[1929][7]       ; Stuck at GND due to stuck port data_in                    ;
; bearing_cnn_demo:u_demo|c1_mem[1930][7]       ; Stuck at GND due to stuck port data_in                    ;
; bearing_cnn_demo:u_demo|c1_mem[1931][7]       ; Stuck at GND due to stuck port data_in                    ;
; bearing_cnn_demo:u_demo|c1_mem[1932][7]       ; Stuck at GND due to stuck port data_in                    ;
; bearing_cnn_demo:u_demo|c1_mem[1933][7]       ; Stuck at GND due to stuck port data_in                    ;
; bearing_cnn_demo:u_demo|c1_mem[1934][7]       ; Stuck at GND due to stuck port data_in                    ;
; bearing_cnn_demo:u_demo|c1_mem[1935][7]       ; Stuck at GND due to stuck port data_in                    ;
; bearing_cnn_demo:u_demo|c1_mem[1936][7]       ; Stuck at GND due to stuck port data_in                    ;
; bearing_cnn_demo:u_demo|c1_mem[1937][7]       ; Stuck at GND due to stuck port data_in                    ;
; bearing_cnn_demo:u_demo|c1_mem[1938][7]       ; Stuck at GND due to stuck port data_in                    ;
; bearing_cnn_demo:u_demo|c1_mem[1939][7]       ; Stuck at GND due to stuck port data_in                    ;
; bearing_cnn_demo:u_demo|c1_mem[1940][7]       ; Stuck at GND due to stuck port data_in                    ;
; bearing_cnn_demo:u_demo|c1_mem[1941][7]       ; Stuck at GND due to stuck port data_in                    ;
; bearing_cnn_demo:u_demo|c1_mem[1942][7]       ; Stuck at GND due to stuck port data_in                    ;
; bearing_cnn_demo:u_demo|c1_mem[1943][7]       ; Stuck at GND due to stuck port data_in                    ;
; bearing_cnn_demo:u_demo|c1_mem[1944][7]       ; Stuck at GND due to stuck port data_in                    ;
; bearing_cnn_demo:u_demo|c1_mem[1945][7]       ; Stuck at GND due to stuck port data_in                    ;
; bearing_cnn_demo:u_demo|c1_mem[1946][7]       ; Stuck at GND due to stuck port data_in                    ;
; bearing_cnn_demo:u_demo|c1_mem[1947][7]       ; Stuck at GND due to stuck port data_in                    ;
; bearing_cnn_demo:u_demo|c1_mem[1948][7]       ; Stuck at GND due to stuck port data_in                    ;
; bearing_cnn_demo:u_demo|c1_mem[1949][7]       ; Stuck at GND due to stuck port data_in                    ;
; bearing_cnn_demo:u_demo|c1_mem[1950][7]       ; Stuck at GND due to stuck port data_in                    ;
; bearing_cnn_demo:u_demo|c1_mem[1951][7]       ; Stuck at GND due to stuck port data_in                    ;
; bearing_cnn_demo:u_demo|c1_mem[1952][7]       ; Stuck at GND due to stuck port data_in                    ;
; bearing_cnn_demo:u_demo|c1_mem[1953][7]       ; Stuck at GND due to stuck port data_in                    ;
; bearing_cnn_demo:u_demo|c1_mem[1954][7]       ; Stuck at GND due to stuck port data_in                    ;
; bearing_cnn_demo:u_demo|c1_mem[1955][7]       ; Stuck at GND due to stuck port data_in                    ;
; bearing_cnn_demo:u_demo|c1_mem[1956][7]       ; Stuck at GND due to stuck port data_in                    ;
; bearing_cnn_demo:u_demo|c1_mem[1957][7]       ; Stuck at GND due to stuck port data_in                    ;
; bearing_cnn_demo:u_demo|c1_mem[1958][7]       ; Stuck at GND due to stuck port data_in                    ;
; bearing_cnn_demo:u_demo|c1_mem[1959][7]       ; Stuck at GND due to stuck port data_in                    ;
; bearing_cnn_demo:u_demo|c1_mem[1960][7]       ; Stuck at GND due to stuck port data_in                    ;
; bearing_cnn_demo:u_demo|c1_mem[1961][7]       ; Stuck at GND due to stuck port data_in                    ;
; bearing_cnn_demo:u_demo|c1_mem[1962][7]       ; Stuck at GND due to stuck port data_in                    ;
; bearing_cnn_demo:u_demo|c1_mem[1963][7]       ; Stuck at GND due to stuck port data_in                    ;
; bearing_cnn_demo:u_demo|c1_mem[1964][7]       ; Stuck at GND due to stuck port data_in                    ;
; bearing_cnn_demo:u_demo|c1_mem[1965][7]       ; Stuck at GND due to stuck port data_in                    ;
; bearing_cnn_demo:u_demo|c1_mem[1966][7]       ; Stuck at GND due to stuck port data_in                    ;
; bearing_cnn_demo:u_demo|c1_mem[1967][7]       ; Stuck at GND due to stuck port data_in                    ;
; bearing_cnn_demo:u_demo|c1_mem[1968][7]       ; Stuck at GND due to stuck port data_in                    ;
; bearing_cnn_demo:u_demo|c1_mem[1969][7]       ; Stuck at GND due to stuck port data_in                    ;
; bearing_cnn_demo:u_demo|c1_mem[1970][7]       ; Stuck at GND due to stuck port data_in                    ;
; bearing_cnn_demo:u_demo|c1_mem[1971][7]       ; Stuck at GND due to stuck port data_in                    ;
; bearing_cnn_demo:u_demo|c1_mem[1972][7]       ; Stuck at GND due to stuck port data_in                    ;
; bearing_cnn_demo:u_demo|c1_mem[1973][7]       ; Stuck at GND due to stuck port data_in                    ;
; bearing_cnn_demo:u_demo|c1_mem[1974][7]       ; Stuck at GND due to stuck port data_in                    ;
; bearing_cnn_demo:u_demo|c1_mem[1975][7]       ; Stuck at GND due to stuck port data_in                    ;
; bearing_cnn_demo:u_demo|c1_mem[1976][7]       ; Stuck at GND due to stuck port data_in                    ;
; bearing_cnn_demo:u_demo|c1_mem[1977][7]       ; Stuck at GND due to stuck port data_in                    ;
; bearing_cnn_demo:u_demo|c1_mem[1978][7]       ; Stuck at GND due to stuck port data_in                    ;
; bearing_cnn_demo:u_demo|c1_mem[1979][7]       ; Stuck at GND due to stuck port data_in                    ;
; bearing_cnn_demo:u_demo|c1_mem[1980][7]       ; Stuck at GND due to stuck port data_in                    ;
; bearing_cnn_demo:u_demo|c1_mem[1981][7]       ; Stuck at GND due to stuck port data_in                    ;
; bearing_cnn_demo:u_demo|c1_mem[1982][7]       ; Stuck at GND due to stuck port data_in                    ;
; bearing_cnn_demo:u_demo|c1_mem[1983][7]       ; Stuck at GND due to stuck port data_in                    ;
; bearing_cnn_demo:u_demo|c1_mem[1984][7]       ; Stuck at GND due to stuck port data_in                    ;
; bearing_cnn_demo:u_demo|c1_mem[1985][7]       ; Stuck at GND due to stuck port data_in                    ;
; bearing_cnn_demo:u_demo|c1_mem[1986][7]       ; Stuck at GND due to stuck port data_in                    ;
; bearing_cnn_demo:u_demo|c1_mem[1987][7]       ; Stuck at GND due to stuck port data_in                    ;
; bearing_cnn_demo:u_demo|c1_mem[1988][7]       ; Stuck at GND due to stuck port data_in                    ;
; bearing_cnn_demo:u_demo|c1_mem[1989][7]       ; Stuck at GND due to stuck port data_in                    ;
; bearing_cnn_demo:u_demo|c1_mem[1990][7]       ; Stuck at GND due to stuck port data_in                    ;
; bearing_cnn_demo:u_demo|c1_mem[1991][7]       ; Stuck at GND due to stuck port data_in                    ;
; bearing_cnn_demo:u_demo|c1_mem[1992][7]       ; Stuck at GND due to stuck port data_in                    ;
; bearing_cnn_demo:u_demo|c1_mem[1993][7]       ; Stuck at GND due to stuck port data_in                    ;
; bearing_cnn_demo:u_demo|c1_mem[1994][7]       ; Stuck at GND due to stuck port data_in                    ;
; bearing_cnn_demo:u_demo|c1_mem[1995][7]       ; Stuck at GND due to stuck port data_in                    ;
; bearing_cnn_demo:u_demo|c1_mem[1996][7]       ; Stuck at GND due to stuck port data_in                    ;
; bearing_cnn_demo:u_demo|c1_mem[1997][7]       ; Stuck at GND due to stuck port data_in                    ;
; bearing_cnn_demo:u_demo|c1_mem[1998][7]       ; Stuck at GND due to stuck port data_in                    ;
; bearing_cnn_demo:u_demo|c1_mem[1999][7]       ; Stuck at GND due to stuck port data_in                    ;
; bearing_cnn_demo:u_demo|c1_mem[2000][7]       ; Stuck at GND due to stuck port data_in                    ;
; bearing_cnn_demo:u_demo|c1_mem[2001][7]       ; Stuck at GND due to stuck port data_in                    ;
; bearing_cnn_demo:u_demo|c1_mem[2002][7]       ; Stuck at GND due to stuck port data_in                    ;
; bearing_cnn_demo:u_demo|c1_mem[2003][7]       ; Stuck at GND due to stuck port data_in                    ;
; bearing_cnn_demo:u_demo|c1_mem[2004][7]       ; Stuck at GND due to stuck port data_in                    ;
; bearing_cnn_demo:u_demo|c1_mem[2005][7]       ; Stuck at GND due to stuck port data_in                    ;
; bearing_cnn_demo:u_demo|c1_mem[2006][7]       ; Stuck at GND due to stuck port data_in                    ;
; bearing_cnn_demo:u_demo|c1_mem[2007][7]       ; Stuck at GND due to stuck port data_in                    ;
; bearing_cnn_demo:u_demo|c1_mem[2008][7]       ; Stuck at GND due to stuck port data_in                    ;
; bearing_cnn_demo:u_demo|c1_mem[2009][7]       ; Stuck at GND due to stuck port data_in                    ;
; bearing_cnn_demo:u_demo|c1_mem[2010][7]       ; Stuck at GND due to stuck port data_in                    ;
; bearing_cnn_demo:u_demo|c1_mem[2011][7]       ; Stuck at GND due to stuck port data_in                    ;
; bearing_cnn_demo:u_demo|c1_mem[2012][7]       ; Stuck at GND due to stuck port data_in                    ;
; bearing_cnn_demo:u_demo|c1_mem[2013][7]       ; Stuck at GND due to stuck port data_in                    ;
; bearing_cnn_demo:u_demo|c1_mem[2014][7]       ; Stuck at GND due to stuck port data_in                    ;
; bearing_cnn_demo:u_demo|c1_mem[2015][7]       ; Stuck at GND due to stuck port data_in                    ;
; bearing_cnn_demo:u_demo|c1_mem[2016][7]       ; Stuck at GND due to stuck port data_in                    ;
; bearing_cnn_demo:u_demo|c1_mem[2017][7]       ; Stuck at GND due to stuck port data_in                    ;
; bearing_cnn_demo:u_demo|c1_mem[2018][7]       ; Stuck at GND due to stuck port data_in                    ;
; bearing_cnn_demo:u_demo|c1_mem[2019][7]       ; Stuck at GND due to stuck port data_in                    ;
; bearing_cnn_demo:u_demo|c1_mem[2020][7]       ; Stuck at GND due to stuck port data_in                    ;
; bearing_cnn_demo:u_demo|c1_mem[2021][7]       ; Stuck at GND due to stuck port data_in                    ;
; bearing_cnn_demo:u_demo|c1_mem[2022][7]       ; Stuck at GND due to stuck port data_in                    ;
; bearing_cnn_demo:u_demo|c1_mem[2023][7]       ; Stuck at GND due to stuck port data_in                    ;
; bearing_cnn_demo:u_demo|c1_mem[2024][7]       ; Stuck at GND due to stuck port data_in                    ;
; bearing_cnn_demo:u_demo|c1_mem[2025][7]       ; Stuck at GND due to stuck port data_in                    ;
; bearing_cnn_demo:u_demo|c1_mem[2026][7]       ; Stuck at GND due to stuck port data_in                    ;
; bearing_cnn_demo:u_demo|c1_mem[2027][7]       ; Stuck at GND due to stuck port data_in                    ;
; bearing_cnn_demo:u_demo|c1_mem[2028][7]       ; Stuck at GND due to stuck port data_in                    ;
; bearing_cnn_demo:u_demo|c1_mem[2029][7]       ; Stuck at GND due to stuck port data_in                    ;
; bearing_cnn_demo:u_demo|c1_mem[2030][7]       ; Stuck at GND due to stuck port data_in                    ;
; bearing_cnn_demo:u_demo|c1_mem[2031][7]       ; Stuck at GND due to stuck port data_in                    ;
; bearing_cnn_demo:u_demo|c1_mem[2032][7]       ; Stuck at GND due to stuck port data_in                    ;
; bearing_cnn_demo:u_demo|c1_mem[2033][7]       ; Stuck at GND due to stuck port data_in                    ;
; bearing_cnn_demo:u_demo|c1_mem[2034][7]       ; Stuck at GND due to stuck port data_in                    ;
; bearing_cnn_demo:u_demo|c1_mem[2035][7]       ; Stuck at GND due to stuck port data_in                    ;
; bearing_cnn_demo:u_demo|c1_mem[2036][7]       ; Stuck at GND due to stuck port data_in                    ;
; bearing_cnn_demo:u_demo|c1_mem[2037][7]       ; Stuck at GND due to stuck port data_in                    ;
; bearing_cnn_demo:u_demo|c1_mem[2038][7]       ; Stuck at GND due to stuck port data_in                    ;
; bearing_cnn_demo:u_demo|c1_mem[2039][7]       ; Stuck at GND due to stuck port data_in                    ;
; bearing_cnn_demo:u_demo|c1_mem[2040][7]       ; Stuck at GND due to stuck port data_in                    ;
; bearing_cnn_demo:u_demo|c1_mem[2041][7]       ; Stuck at GND due to stuck port data_in                    ;
; bearing_cnn_demo:u_demo|c1_mem[2042][7]       ; Stuck at GND due to stuck port data_in                    ;
; bearing_cnn_demo:u_demo|c1_mem[2043][7]       ; Stuck at GND due to stuck port data_in                    ;
; bearing_cnn_demo:u_demo|c1_mem[2044][7]       ; Stuck at GND due to stuck port data_in                    ;
; bearing_cnn_demo:u_demo|c1_mem[2045][7]       ; Stuck at GND due to stuck port data_in                    ;
; bearing_cnn_demo:u_demo|c1_mem[2046][7]       ; Stuck at GND due to stuck port data_in                    ;
; bearing_cnn_demo:u_demo|c1_mem[2047][7]       ; Stuck at GND due to stuck port data_in                    ;
; bearing_cnn_demo:u_demo|c2_mem[0][7]          ; Stuck at GND due to stuck port data_in                    ;
; bearing_cnn_demo:u_demo|c2_mem[1][7]          ; Stuck at GND due to stuck port data_in                    ;
; bearing_cnn_demo:u_demo|c2_mem[2][7]          ; Stuck at GND due to stuck port data_in                    ;
; bearing_cnn_demo:u_demo|c2_mem[3][7]          ; Stuck at GND due to stuck port data_in                    ;
; bearing_cnn_demo:u_demo|c2_mem[4][7]          ; Stuck at GND due to stuck port data_in                    ;
; bearing_cnn_demo:u_demo|c2_mem[5][7]          ; Stuck at GND due to stuck port data_in                    ;
; bearing_cnn_demo:u_demo|c2_mem[6][7]          ; Stuck at GND due to stuck port data_in                    ;
; bearing_cnn_demo:u_demo|c2_mem[7][7]          ; Stuck at GND due to stuck port data_in                    ;
; bearing_cnn_demo:u_demo|c2_mem[8][7]          ; Stuck at GND due to stuck port data_in                    ;
; bearing_cnn_demo:u_demo|c2_mem[9][7]          ; Stuck at GND due to stuck port data_in                    ;
; bearing_cnn_demo:u_demo|c2_mem[10][7]         ; Stuck at GND due to stuck port data_in                    ;
; bearing_cnn_demo:u_demo|c2_mem[11][7]         ; Stuck at GND due to stuck port data_in                    ;
; bearing_cnn_demo:u_demo|c2_mem[12][7]         ; Stuck at GND due to stuck port data_in                    ;
; bearing_cnn_demo:u_demo|c2_mem[13][7]         ; Stuck at GND due to stuck port data_in                    ;
; bearing_cnn_demo:u_demo|c2_mem[14][7]         ; Stuck at GND due to stuck port data_in                    ;
; bearing_cnn_demo:u_demo|c2_mem[15][7]         ; Stuck at GND due to stuck port data_in                    ;
; bearing_cnn_demo:u_demo|c2_mem[16][7]         ; Stuck at GND due to stuck port data_in                    ;
; bearing_cnn_demo:u_demo|c2_mem[17][7]         ; Stuck at GND due to stuck port data_in                    ;
; bearing_cnn_demo:u_demo|c2_mem[18][7]         ; Stuck at GND due to stuck port data_in                    ;
; bearing_cnn_demo:u_demo|c2_mem[19][7]         ; Stuck at GND due to stuck port data_in                    ;
; bearing_cnn_demo:u_demo|c2_mem[20][7]         ; Stuck at GND due to stuck port data_in                    ;
; bearing_cnn_demo:u_demo|c2_mem[21][7]         ; Stuck at GND due to stuck port data_in                    ;
; bearing_cnn_demo:u_demo|c2_mem[22][7]         ; Stuck at GND due to stuck port data_in                    ;
; bearing_cnn_demo:u_demo|c2_mem[23][7]         ; Stuck at GND due to stuck port data_in                    ;
; bearing_cnn_demo:u_demo|c2_mem[24][7]         ; Stuck at GND due to stuck port data_in                    ;
; bearing_cnn_demo:u_demo|c2_mem[25][7]         ; Stuck at GND due to stuck port data_in                    ;
; bearing_cnn_demo:u_demo|c2_mem[26][7]         ; Stuck at GND due to stuck port data_in                    ;
; bearing_cnn_demo:u_demo|c2_mem[27][7]         ; Stuck at GND due to stuck port data_in                    ;
; bearing_cnn_demo:u_demo|c2_mem[28][7]         ; Stuck at GND due to stuck port data_in                    ;
; bearing_cnn_demo:u_demo|c2_mem[29][7]         ; Stuck at GND due to stuck port data_in                    ;
; bearing_cnn_demo:u_demo|c2_mem[30][7]         ; Stuck at GND due to stuck port data_in                    ;
; bearing_cnn_demo:u_demo|c2_mem[31][7]         ; Stuck at GND due to stuck port data_in                    ;
; bearing_cnn_demo:u_demo|c2_mem[32][7]         ; Stuck at GND due to stuck port data_in                    ;
; bearing_cnn_demo:u_demo|c2_mem[33][7]         ; Stuck at GND due to stuck port data_in                    ;
; bearing_cnn_demo:u_demo|c2_mem[34][7]         ; Stuck at GND due to stuck port data_in                    ;
; bearing_cnn_demo:u_demo|c2_mem[35][7]         ; Stuck at GND due to stuck port data_in                    ;
; bearing_cnn_demo:u_demo|c2_mem[36][7]         ; Stuck at GND due to stuck port data_in                    ;
; bearing_cnn_demo:u_demo|c2_mem[37][7]         ; Stuck at GND due to stuck port data_in                    ;
; bearing_cnn_demo:u_demo|c2_mem[38][7]         ; Stuck at GND due to stuck port data_in                    ;
; bearing_cnn_demo:u_demo|c2_mem[39][7]         ; Stuck at GND due to stuck port data_in                    ;
; bearing_cnn_demo:u_demo|c2_mem[40][7]         ; Stuck at GND due to stuck port data_in                    ;
; bearing_cnn_demo:u_demo|c2_mem[41][7]         ; Stuck at GND due to stuck port data_in                    ;
; bearing_cnn_demo:u_demo|c2_mem[42][7]         ; Stuck at GND due to stuck port data_in                    ;
; bearing_cnn_demo:u_demo|c2_mem[43][7]         ; Stuck at GND due to stuck port data_in                    ;
; bearing_cnn_demo:u_demo|c2_mem[44][7]         ; Stuck at GND due to stuck port data_in                    ;
; bearing_cnn_demo:u_demo|c2_mem[45][7]         ; Stuck at GND due to stuck port data_in                    ;
; bearing_cnn_demo:u_demo|c2_mem[46][7]         ; Stuck at GND due to stuck port data_in                    ;
; bearing_cnn_demo:u_demo|c2_mem[47][7]         ; Stuck at GND due to stuck port data_in                    ;
; bearing_cnn_demo:u_demo|c2_mem[48][7]         ; Stuck at GND due to stuck port data_in                    ;
; bearing_cnn_demo:u_demo|c2_mem[49][7]         ; Stuck at GND due to stuck port data_in                    ;
; bearing_cnn_demo:u_demo|c2_mem[50][7]         ; Stuck at GND due to stuck port data_in                    ;
; bearing_cnn_demo:u_demo|c2_mem[51][7]         ; Stuck at GND due to stuck port data_in                    ;
; bearing_cnn_demo:u_demo|c2_mem[52][7]         ; Stuck at GND due to stuck port data_in                    ;
; bearing_cnn_demo:u_demo|c2_mem[53][7]         ; Stuck at GND due to stuck port data_in                    ;
; bearing_cnn_demo:u_demo|c2_mem[54][7]         ; Stuck at GND due to stuck port data_in                    ;
; bearing_cnn_demo:u_demo|c2_mem[55][7]         ; Stuck at GND due to stuck port data_in                    ;
; bearing_cnn_demo:u_demo|c2_mem[56][7]         ; Stuck at GND due to stuck port data_in                    ;
; bearing_cnn_demo:u_demo|c2_mem[57][7]         ; Stuck at GND due to stuck port data_in                    ;
; bearing_cnn_demo:u_demo|c2_mem[58][7]         ; Stuck at GND due to stuck port data_in                    ;
; bearing_cnn_demo:u_demo|c2_mem[59][7]         ; Stuck at GND due to stuck port data_in                    ;
; bearing_cnn_demo:u_demo|c2_mem[60][7]         ; Stuck at GND due to stuck port data_in                    ;
; bearing_cnn_demo:u_demo|c2_mem[61][7]         ; Stuck at GND due to stuck port data_in                    ;
; bearing_cnn_demo:u_demo|c2_mem[62][7]         ; Stuck at GND due to stuck port data_in                    ;
; bearing_cnn_demo:u_demo|c2_mem[63][7]         ; Stuck at GND due to stuck port data_in                    ;
; bearing_cnn_demo:u_demo|c2_mem[64][7]         ; Stuck at GND due to stuck port data_in                    ;
; bearing_cnn_demo:u_demo|c2_mem[65][7]         ; Stuck at GND due to stuck port data_in                    ;
; bearing_cnn_demo:u_demo|c2_mem[66][7]         ; Stuck at GND due to stuck port data_in                    ;
; bearing_cnn_demo:u_demo|c2_mem[67][7]         ; Stuck at GND due to stuck port data_in                    ;
; bearing_cnn_demo:u_demo|c2_mem[68][7]         ; Stuck at GND due to stuck port data_in                    ;
; bearing_cnn_demo:u_demo|c2_mem[69][7]         ; Stuck at GND due to stuck port data_in                    ;
; bearing_cnn_demo:u_demo|c2_mem[70][7]         ; Stuck at GND due to stuck port data_in                    ;
; bearing_cnn_demo:u_demo|c2_mem[71][7]         ; Stuck at GND due to stuck port data_in                    ;
; bearing_cnn_demo:u_demo|c2_mem[72][7]         ; Stuck at GND due to stuck port data_in                    ;
; bearing_cnn_demo:u_demo|c2_mem[73][7]         ; Stuck at GND due to stuck port data_in                    ;
; bearing_cnn_demo:u_demo|c2_mem[74][7]         ; Stuck at GND due to stuck port data_in                    ;
; bearing_cnn_demo:u_demo|c2_mem[75][7]         ; Stuck at GND due to stuck port data_in                    ;
; bearing_cnn_demo:u_demo|c2_mem[76][7]         ; Stuck at GND due to stuck port data_in                    ;
; bearing_cnn_demo:u_demo|c2_mem[77][7]         ; Stuck at GND due to stuck port data_in                    ;
; bearing_cnn_demo:u_demo|c2_mem[78][7]         ; Stuck at GND due to stuck port data_in                    ;
; bearing_cnn_demo:u_demo|c2_mem[79][7]         ; Stuck at GND due to stuck port data_in                    ;
; bearing_cnn_demo:u_demo|c2_mem[80][7]         ; Stuck at GND due to stuck port data_in                    ;
; bearing_cnn_demo:u_demo|c2_mem[81][7]         ; Stuck at GND due to stuck port data_in                    ;
; bearing_cnn_demo:u_demo|c2_mem[82][7]         ; Stuck at GND due to stuck port data_in                    ;
; bearing_cnn_demo:u_demo|c2_mem[83][7]         ; Stuck at GND due to stuck port data_in                    ;
; bearing_cnn_demo:u_demo|c2_mem[84][7]         ; Stuck at GND due to stuck port data_in                    ;
; bearing_cnn_demo:u_demo|c2_mem[85][7]         ; Stuck at GND due to stuck port data_in                    ;
; bearing_cnn_demo:u_demo|c2_mem[86][7]         ; Stuck at GND due to stuck port data_in                    ;
; bearing_cnn_demo:u_demo|c2_mem[87][7]         ; Stuck at GND due to stuck port data_in                    ;
; bearing_cnn_demo:u_demo|c2_mem[88][7]         ; Stuck at GND due to stuck port data_in                    ;
; bearing_cnn_demo:u_demo|c2_mem[89][7]         ; Stuck at GND due to stuck port data_in                    ;
; bearing_cnn_demo:u_demo|c2_mem[90][7]         ; Stuck at GND due to stuck port data_in                    ;
; bearing_cnn_demo:u_demo|c2_mem[91][7]         ; Stuck at GND due to stuck port data_in                    ;
; bearing_cnn_demo:u_demo|c2_mem[92][7]         ; Stuck at GND due to stuck port data_in                    ;
; bearing_cnn_demo:u_demo|c2_mem[93][7]         ; Stuck at GND due to stuck port data_in                    ;
; bearing_cnn_demo:u_demo|c2_mem[94][7]         ; Stuck at GND due to stuck port data_in                    ;
; bearing_cnn_demo:u_demo|c2_mem[95][7]         ; Stuck at GND due to stuck port data_in                    ;
; bearing_cnn_demo:u_demo|c2_mem[96][7]         ; Stuck at GND due to stuck port data_in                    ;
; bearing_cnn_demo:u_demo|c2_mem[97][7]         ; Stuck at GND due to stuck port data_in                    ;
; bearing_cnn_demo:u_demo|c2_mem[98][7]         ; Stuck at GND due to stuck port data_in                    ;
; bearing_cnn_demo:u_demo|c2_mem[99][7]         ; Stuck at GND due to stuck port data_in                    ;
; bearing_cnn_demo:u_demo|c2_mem[100][7]        ; Stuck at GND due to stuck port data_in                    ;
; bearing_cnn_demo:u_demo|c2_mem[101][7]        ; Stuck at GND due to stuck port data_in                    ;
; bearing_cnn_demo:u_demo|c2_mem[102][7]        ; Stuck at GND due to stuck port data_in                    ;
; bearing_cnn_demo:u_demo|c2_mem[103][7]        ; Stuck at GND due to stuck port data_in                    ;
; bearing_cnn_demo:u_demo|c2_mem[104][7]        ; Stuck at GND due to stuck port data_in                    ;
; bearing_cnn_demo:u_demo|c2_mem[105][7]        ; Stuck at GND due to stuck port data_in                    ;
; bearing_cnn_demo:u_demo|c2_mem[106][7]        ; Stuck at GND due to stuck port data_in                    ;
; bearing_cnn_demo:u_demo|c2_mem[107][7]        ; Stuck at GND due to stuck port data_in                    ;
; bearing_cnn_demo:u_demo|c2_mem[108][7]        ; Stuck at GND due to stuck port data_in                    ;
; bearing_cnn_demo:u_demo|c2_mem[109][7]        ; Stuck at GND due to stuck port data_in                    ;
; bearing_cnn_demo:u_demo|c2_mem[110][7]        ; Stuck at GND due to stuck port data_in                    ;
; bearing_cnn_demo:u_demo|c2_mem[111][7]        ; Stuck at GND due to stuck port data_in                    ;
; bearing_cnn_demo:u_demo|c2_mem[112][7]        ; Stuck at GND due to stuck port data_in                    ;
; bearing_cnn_demo:u_demo|c2_mem[113][7]        ; Stuck at GND due to stuck port data_in                    ;
; bearing_cnn_demo:u_demo|c2_mem[114][7]        ; Stuck at GND due to stuck port data_in                    ;
; bearing_cnn_demo:u_demo|c2_mem[115][7]        ; Stuck at GND due to stuck port data_in                    ;
; bearing_cnn_demo:u_demo|c2_mem[116][7]        ; Stuck at GND due to stuck port data_in                    ;
; bearing_cnn_demo:u_demo|c2_mem[117][7]        ; Stuck at GND due to stuck port data_in                    ;
; bearing_cnn_demo:u_demo|c2_mem[118][7]        ; Stuck at GND due to stuck port data_in                    ;
; bearing_cnn_demo:u_demo|c2_mem[119][7]        ; Stuck at GND due to stuck port data_in                    ;
; bearing_cnn_demo:u_demo|c2_mem[120][7]        ; Stuck at GND due to stuck port data_in                    ;
; bearing_cnn_demo:u_demo|c2_mem[121][7]        ; Stuck at GND due to stuck port data_in                    ;
; bearing_cnn_demo:u_demo|c2_mem[122][7]        ; Stuck at GND due to stuck port data_in                    ;
; bearing_cnn_demo:u_demo|c2_mem[123][7]        ; Stuck at GND due to stuck port data_in                    ;
; bearing_cnn_demo:u_demo|c2_mem[124][7]        ; Stuck at GND due to stuck port data_in                    ;
; bearing_cnn_demo:u_demo|c2_mem[125][7]        ; Stuck at GND due to stuck port data_in                    ;
; bearing_cnn_demo:u_demo|c2_mem[126][7]        ; Stuck at GND due to stuck port data_in                    ;
; bearing_cnn_demo:u_demo|c2_mem[127][7]        ; Stuck at GND due to stuck port data_in                    ;
; bearing_cnn_demo:u_demo|c2_mem[128][7]        ; Stuck at GND due to stuck port data_in                    ;
; bearing_cnn_demo:u_demo|c2_mem[129][7]        ; Stuck at GND due to stuck port data_in                    ;
; bearing_cnn_demo:u_demo|c2_mem[130][7]        ; Stuck at GND due to stuck port data_in                    ;
; bearing_cnn_demo:u_demo|c2_mem[131][7]        ; Stuck at GND due to stuck port data_in                    ;
; bearing_cnn_demo:u_demo|c2_mem[132][7]        ; Stuck at GND due to stuck port data_in                    ;
; bearing_cnn_demo:u_demo|c2_mem[133][7]        ; Stuck at GND due to stuck port data_in                    ;
; bearing_cnn_demo:u_demo|c2_mem[134][7]        ; Stuck at GND due to stuck port data_in                    ;
; bearing_cnn_demo:u_demo|c2_mem[135][7]        ; Stuck at GND due to stuck port data_in                    ;
; bearing_cnn_demo:u_demo|c2_mem[136][7]        ; Stuck at GND due to stuck port data_in                    ;
; bearing_cnn_demo:u_demo|c2_mem[137][7]        ; Stuck at GND due to stuck port data_in                    ;
; bearing_cnn_demo:u_demo|c2_mem[138][7]        ; Stuck at GND due to stuck port data_in                    ;
; bearing_cnn_demo:u_demo|c2_mem[139][7]        ; Stuck at GND due to stuck port data_in                    ;
; bearing_cnn_demo:u_demo|c2_mem[140][7]        ; Stuck at GND due to stuck port data_in                    ;
; bearing_cnn_demo:u_demo|c2_mem[141][7]        ; Stuck at GND due to stuck port data_in                    ;
; bearing_cnn_demo:u_demo|c2_mem[142][7]        ; Stuck at GND due to stuck port data_in                    ;
; bearing_cnn_demo:u_demo|c2_mem[143][7]        ; Stuck at GND due to stuck port data_in                    ;
; bearing_cnn_demo:u_demo|c2_mem[144][7]        ; Stuck at GND due to stuck port data_in                    ;
; bearing_cnn_demo:u_demo|c2_mem[145][7]        ; Stuck at GND due to stuck port data_in                    ;
; bearing_cnn_demo:u_demo|c2_mem[146][7]        ; Stuck at GND due to stuck port data_in                    ;
; bearing_cnn_demo:u_demo|c2_mem[147][7]        ; Stuck at GND due to stuck port data_in                    ;
; bearing_cnn_demo:u_demo|c2_mem[148][7]        ; Stuck at GND due to stuck port data_in                    ;
; bearing_cnn_demo:u_demo|c2_mem[149][7]        ; Stuck at GND due to stuck port data_in                    ;
; bearing_cnn_demo:u_demo|c2_mem[150][7]        ; Stuck at GND due to stuck port data_in                    ;
; bearing_cnn_demo:u_demo|c2_mem[151][7]        ; Stuck at GND due to stuck port data_in                    ;
; bearing_cnn_demo:u_demo|c2_mem[152][7]        ; Stuck at GND due to stuck port data_in                    ;
; bearing_cnn_demo:u_demo|c2_mem[153][7]        ; Stuck at GND due to stuck port data_in                    ;
; bearing_cnn_demo:u_demo|c2_mem[154][7]        ; Stuck at GND due to stuck port data_in                    ;
; bearing_cnn_demo:u_demo|c2_mem[155][7]        ; Stuck at GND due to stuck port data_in                    ;
; bearing_cnn_demo:u_demo|c2_mem[156][7]        ; Stuck at GND due to stuck port data_in                    ;
; bearing_cnn_demo:u_demo|c2_mem[157][7]        ; Stuck at GND due to stuck port data_in                    ;
; bearing_cnn_demo:u_demo|c2_mem[158][7]        ; Stuck at GND due to stuck port data_in                    ;
; bearing_cnn_demo:u_demo|c2_mem[159][7]        ; Stuck at GND due to stuck port data_in                    ;
; bearing_cnn_demo:u_demo|c2_mem[160][7]        ; Stuck at GND due to stuck port data_in                    ;
; bearing_cnn_demo:u_demo|c2_mem[161][7]        ; Stuck at GND due to stuck port data_in                    ;
; bearing_cnn_demo:u_demo|c2_mem[162][7]        ; Stuck at GND due to stuck port data_in                    ;
; bearing_cnn_demo:u_demo|c2_mem[163][7]        ; Stuck at GND due to stuck port data_in                    ;
; bearing_cnn_demo:u_demo|c2_mem[164][7]        ; Stuck at GND due to stuck port data_in                    ;
; bearing_cnn_demo:u_demo|c2_mem[165][7]        ; Stuck at GND due to stuck port data_in                    ;
; bearing_cnn_demo:u_demo|c2_mem[166][7]        ; Stuck at GND due to stuck port data_in                    ;
; bearing_cnn_demo:u_demo|c2_mem[167][7]        ; Stuck at GND due to stuck port data_in                    ;
; bearing_cnn_demo:u_demo|c2_mem[168][7]        ; Stuck at GND due to stuck port data_in                    ;
; bearing_cnn_demo:u_demo|c2_mem[169][7]        ; Stuck at GND due to stuck port data_in                    ;
; bearing_cnn_demo:u_demo|c2_mem[170][7]        ; Stuck at GND due to stuck port data_in                    ;
; bearing_cnn_demo:u_demo|c2_mem[171][7]        ; Stuck at GND due to stuck port data_in                    ;
; bearing_cnn_demo:u_demo|c2_mem[172][7]        ; Stuck at GND due to stuck port data_in                    ;
; bearing_cnn_demo:u_demo|c2_mem[173][7]        ; Stuck at GND due to stuck port data_in                    ;
; bearing_cnn_demo:u_demo|c2_mem[174][7]        ; Stuck at GND due to stuck port data_in                    ;
; bearing_cnn_demo:u_demo|c2_mem[175][7]        ; Stuck at GND due to stuck port data_in                    ;
; bearing_cnn_demo:u_demo|c2_mem[176][7]        ; Stuck at GND due to stuck port data_in                    ;
; bearing_cnn_demo:u_demo|c2_mem[177][7]        ; Stuck at GND due to stuck port data_in                    ;
; bearing_cnn_demo:u_demo|c2_mem[178][7]        ; Stuck at GND due to stuck port data_in                    ;
; bearing_cnn_demo:u_demo|c2_mem[179][7]        ; Stuck at GND due to stuck port data_in                    ;
; bearing_cnn_demo:u_demo|c2_mem[180][7]        ; Stuck at GND due to stuck port data_in                    ;
; bearing_cnn_demo:u_demo|c2_mem[181][7]        ; Stuck at GND due to stuck port data_in                    ;
; bearing_cnn_demo:u_demo|c2_mem[182][7]        ; Stuck at GND due to stuck port data_in                    ;
; bearing_cnn_demo:u_demo|c2_mem[183][7]        ; Stuck at GND due to stuck port data_in                    ;
; bearing_cnn_demo:u_demo|c2_mem[184][7]        ; Stuck at GND due to stuck port data_in                    ;
; bearing_cnn_demo:u_demo|c2_mem[185][7]        ; Stuck at GND due to stuck port data_in                    ;
; bearing_cnn_demo:u_demo|c2_mem[186][7]        ; Stuck at GND due to stuck port data_in                    ;
; bearing_cnn_demo:u_demo|c2_mem[187][7]        ; Stuck at GND due to stuck port data_in                    ;
; bearing_cnn_demo:u_demo|c2_mem[188][7]        ; Stuck at GND due to stuck port data_in                    ;
; bearing_cnn_demo:u_demo|c2_mem[189][7]        ; Stuck at GND due to stuck port data_in                    ;
; bearing_cnn_demo:u_demo|c2_mem[190][7]        ; Stuck at GND due to stuck port data_in                    ;
; bearing_cnn_demo:u_demo|c2_mem[191][7]        ; Stuck at GND due to stuck port data_in                    ;
; bearing_cnn_demo:u_demo|c2_mem[192][7]        ; Stuck at GND due to stuck port data_in                    ;
; bearing_cnn_demo:u_demo|c2_mem[193][7]        ; Stuck at GND due to stuck port data_in                    ;
; bearing_cnn_demo:u_demo|c2_mem[194][7]        ; Stuck at GND due to stuck port data_in                    ;
; bearing_cnn_demo:u_demo|c2_mem[195][7]        ; Stuck at GND due to stuck port data_in                    ;
; bearing_cnn_demo:u_demo|c2_mem[196][7]        ; Stuck at GND due to stuck port data_in                    ;
; bearing_cnn_demo:u_demo|c2_mem[197][7]        ; Stuck at GND due to stuck port data_in                    ;
; bearing_cnn_demo:u_demo|c2_mem[198][7]        ; Stuck at GND due to stuck port data_in                    ;
; bearing_cnn_demo:u_demo|c2_mem[199][7]        ; Stuck at GND due to stuck port data_in                    ;
; bearing_cnn_demo:u_demo|c2_mem[200][7]        ; Stuck at GND due to stuck port data_in                    ;
; bearing_cnn_demo:u_demo|c2_mem[201][7]        ; Stuck at GND due to stuck port data_in                    ;
; bearing_cnn_demo:u_demo|c2_mem[202][7]        ; Stuck at GND due to stuck port data_in                    ;
; bearing_cnn_demo:u_demo|c2_mem[203][7]        ; Stuck at GND due to stuck port data_in                    ;
; bearing_cnn_demo:u_demo|c2_mem[204][7]        ; Stuck at GND due to stuck port data_in                    ;
; bearing_cnn_demo:u_demo|c2_mem[205][7]        ; Stuck at GND due to stuck port data_in                    ;
; bearing_cnn_demo:u_demo|c2_mem[206][7]        ; Stuck at GND due to stuck port data_in                    ;
; bearing_cnn_demo:u_demo|c2_mem[207][7]        ; Stuck at GND due to stuck port data_in                    ;
; bearing_cnn_demo:u_demo|c2_mem[208][7]        ; Stuck at GND due to stuck port data_in                    ;
; bearing_cnn_demo:u_demo|c2_mem[209][7]        ; Stuck at GND due to stuck port data_in                    ;
; bearing_cnn_demo:u_demo|c2_mem[210][7]        ; Stuck at GND due to stuck port data_in                    ;
; bearing_cnn_demo:u_demo|c2_mem[211][7]        ; Stuck at GND due to stuck port data_in                    ;
; bearing_cnn_demo:u_demo|c2_mem[212][7]        ; Stuck at GND due to stuck port data_in                    ;
; bearing_cnn_demo:u_demo|c2_mem[213][7]        ; Stuck at GND due to stuck port data_in                    ;
; bearing_cnn_demo:u_demo|c2_mem[214][7]        ; Stuck at GND due to stuck port data_in                    ;
; bearing_cnn_demo:u_demo|c2_mem[215][7]        ; Stuck at GND due to stuck port data_in                    ;
; bearing_cnn_demo:u_demo|c2_mem[216][7]        ; Stuck at GND due to stuck port data_in                    ;
; bearing_cnn_demo:u_demo|c2_mem[217][7]        ; Stuck at GND due to stuck port data_in                    ;
; bearing_cnn_demo:u_demo|c2_mem[218][7]        ; Stuck at GND due to stuck port data_in                    ;
; bearing_cnn_demo:u_demo|c2_mem[219][7]        ; Stuck at GND due to stuck port data_in                    ;
; bearing_cnn_demo:u_demo|c2_mem[220][7]        ; Stuck at GND due to stuck port data_in                    ;
; bearing_cnn_demo:u_demo|c2_mem[221][7]        ; Stuck at GND due to stuck port data_in                    ;
; bearing_cnn_demo:u_demo|c2_mem[222][7]        ; Stuck at GND due to stuck port data_in                    ;
; bearing_cnn_demo:u_demo|c2_mem[223][7]        ; Stuck at GND due to stuck port data_in                    ;
; bearing_cnn_demo:u_demo|c2_mem[224][7]        ; Stuck at GND due to stuck port data_in                    ;
; bearing_cnn_demo:u_demo|c2_mem[225][7]        ; Stuck at GND due to stuck port data_in                    ;
; bearing_cnn_demo:u_demo|c2_mem[226][7]        ; Stuck at GND due to stuck port data_in                    ;
; bearing_cnn_demo:u_demo|c2_mem[227][7]        ; Stuck at GND due to stuck port data_in                    ;
; bearing_cnn_demo:u_demo|c2_mem[228][7]        ; Stuck at GND due to stuck port data_in                    ;
; bearing_cnn_demo:u_demo|c2_mem[229][7]        ; Stuck at GND due to stuck port data_in                    ;
; bearing_cnn_demo:u_demo|c2_mem[230][7]        ; Stuck at GND due to stuck port data_in                    ;
; bearing_cnn_demo:u_demo|c2_mem[231][7]        ; Stuck at GND due to stuck port data_in                    ;
; bearing_cnn_demo:u_demo|c2_mem[232][7]        ; Stuck at GND due to stuck port data_in                    ;
; bearing_cnn_demo:u_demo|c2_mem[233][7]        ; Stuck at GND due to stuck port data_in                    ;
; bearing_cnn_demo:u_demo|c2_mem[234][7]        ; Stuck at GND due to stuck port data_in                    ;
; bearing_cnn_demo:u_demo|c2_mem[235][7]        ; Stuck at GND due to stuck port data_in                    ;
; bearing_cnn_demo:u_demo|c2_mem[236][7]        ; Stuck at GND due to stuck port data_in                    ;
; bearing_cnn_demo:u_demo|c2_mem[237][7]        ; Stuck at GND due to stuck port data_in                    ;
; bearing_cnn_demo:u_demo|c2_mem[238][7]        ; Stuck at GND due to stuck port data_in                    ;
; bearing_cnn_demo:u_demo|c2_mem[239][7]        ; Stuck at GND due to stuck port data_in                    ;
; bearing_cnn_demo:u_demo|c2_mem[240][7]        ; Stuck at GND due to stuck port data_in                    ;
; bearing_cnn_demo:u_demo|c2_mem[241][7]        ; Stuck at GND due to stuck port data_in                    ;
; bearing_cnn_demo:u_demo|c2_mem[242][7]        ; Stuck at GND due to stuck port data_in                    ;
; bearing_cnn_demo:u_demo|c2_mem[243][7]        ; Stuck at GND due to stuck port data_in                    ;
; bearing_cnn_demo:u_demo|c2_mem[244][7]        ; Stuck at GND due to stuck port data_in                    ;
; bearing_cnn_demo:u_demo|c2_mem[245][7]        ; Stuck at GND due to stuck port data_in                    ;
; bearing_cnn_demo:u_demo|c2_mem[246][7]        ; Stuck at GND due to stuck port data_in                    ;
; bearing_cnn_demo:u_demo|c2_mem[247][7]        ; Stuck at GND due to stuck port data_in                    ;
; bearing_cnn_demo:u_demo|c2_mem[248][7]        ; Stuck at GND due to stuck port data_in                    ;
; bearing_cnn_demo:u_demo|c2_mem[249][7]        ; Stuck at GND due to stuck port data_in                    ;
; bearing_cnn_demo:u_demo|c2_mem[250][7]        ; Stuck at GND due to stuck port data_in                    ;
; bearing_cnn_demo:u_demo|c2_mem[251][7]        ; Stuck at GND due to stuck port data_in                    ;
; bearing_cnn_demo:u_demo|c2_mem[252][7]        ; Stuck at GND due to stuck port data_in                    ;
; bearing_cnn_demo:u_demo|c2_mem[253][7]        ; Stuck at GND due to stuck port data_in                    ;
; bearing_cnn_demo:u_demo|c2_mem[254][7]        ; Stuck at GND due to stuck port data_in                    ;
; bearing_cnn_demo:u_demo|c2_mem[255][7]        ; Stuck at GND due to stuck port data_in                    ;
; bearing_cnn_demo:u_demo|c2_mem[256][7]        ; Stuck at GND due to stuck port data_in                    ;
; bearing_cnn_demo:u_demo|c2_mem[257][7]        ; Stuck at GND due to stuck port data_in                    ;
; bearing_cnn_demo:u_demo|c2_mem[258][7]        ; Stuck at GND due to stuck port data_in                    ;
; bearing_cnn_demo:u_demo|c2_mem[259][7]        ; Stuck at GND due to stuck port data_in                    ;
; bearing_cnn_demo:u_demo|c2_mem[260][7]        ; Stuck at GND due to stuck port data_in                    ;
; bearing_cnn_demo:u_demo|c2_mem[261][7]        ; Stuck at GND due to stuck port data_in                    ;
; bearing_cnn_demo:u_demo|c2_mem[262][7]        ; Stuck at GND due to stuck port data_in                    ;
; bearing_cnn_demo:u_demo|c2_mem[263][7]        ; Stuck at GND due to stuck port data_in                    ;
; bearing_cnn_demo:u_demo|c2_mem[264][7]        ; Stuck at GND due to stuck port data_in                    ;
; bearing_cnn_demo:u_demo|c2_mem[265][7]        ; Stuck at GND due to stuck port data_in                    ;
; bearing_cnn_demo:u_demo|c2_mem[266][7]        ; Stuck at GND due to stuck port data_in                    ;
; bearing_cnn_demo:u_demo|c2_mem[267][7]        ; Stuck at GND due to stuck port data_in                    ;
; bearing_cnn_demo:u_demo|c2_mem[268][7]        ; Stuck at GND due to stuck port data_in                    ;
; bearing_cnn_demo:u_demo|c2_mem[269][7]        ; Stuck at GND due to stuck port data_in                    ;
; bearing_cnn_demo:u_demo|c2_mem[270][7]        ; Stuck at GND due to stuck port data_in                    ;
; bearing_cnn_demo:u_demo|c2_mem[271][7]        ; Stuck at GND due to stuck port data_in                    ;
; bearing_cnn_demo:u_demo|c2_mem[272][7]        ; Stuck at GND due to stuck port data_in                    ;
; bearing_cnn_demo:u_demo|c2_mem[273][7]        ; Stuck at GND due to stuck port data_in                    ;
; bearing_cnn_demo:u_demo|c2_mem[274][7]        ; Stuck at GND due to stuck port data_in                    ;
; bearing_cnn_demo:u_demo|c2_mem[275][7]        ; Stuck at GND due to stuck port data_in                    ;
; bearing_cnn_demo:u_demo|c2_mem[276][7]        ; Stuck at GND due to stuck port data_in                    ;
; bearing_cnn_demo:u_demo|c2_mem[277][7]        ; Stuck at GND due to stuck port data_in                    ;
; bearing_cnn_demo:u_demo|c2_mem[278][7]        ; Stuck at GND due to stuck port data_in                    ;
; bearing_cnn_demo:u_demo|c2_mem[279][7]        ; Stuck at GND due to stuck port data_in                    ;
; bearing_cnn_demo:u_demo|c2_mem[280][7]        ; Stuck at GND due to stuck port data_in                    ;
; bearing_cnn_demo:u_demo|c2_mem[281][7]        ; Stuck at GND due to stuck port data_in                    ;
; bearing_cnn_demo:u_demo|c2_mem[282][7]        ; Stuck at GND due to stuck port data_in                    ;
; bearing_cnn_demo:u_demo|c2_mem[283][7]        ; Stuck at GND due to stuck port data_in                    ;
; bearing_cnn_demo:u_demo|c2_mem[284][7]        ; Stuck at GND due to stuck port data_in                    ;
; bearing_cnn_demo:u_demo|c2_mem[285][7]        ; Stuck at GND due to stuck port data_in                    ;
; bearing_cnn_demo:u_demo|c2_mem[286][7]        ; Stuck at GND due to stuck port data_in                    ;
; bearing_cnn_demo:u_demo|c2_mem[287][7]        ; Stuck at GND due to stuck port data_in                    ;
; bearing_cnn_demo:u_demo|c2_mem[288][7]        ; Stuck at GND due to stuck port data_in                    ;
; bearing_cnn_demo:u_demo|c2_mem[289][7]        ; Stuck at GND due to stuck port data_in                    ;
; bearing_cnn_demo:u_demo|c2_mem[290][7]        ; Stuck at GND due to stuck port data_in                    ;
; bearing_cnn_demo:u_demo|c2_mem[291][7]        ; Stuck at GND due to stuck port data_in                    ;
; bearing_cnn_demo:u_demo|c2_mem[292][7]        ; Stuck at GND due to stuck port data_in                    ;
; bearing_cnn_demo:u_demo|c2_mem[293][7]        ; Stuck at GND due to stuck port data_in                    ;
; bearing_cnn_demo:u_demo|c2_mem[294][7]        ; Stuck at GND due to stuck port data_in                    ;
; bearing_cnn_demo:u_demo|c2_mem[295][7]        ; Stuck at GND due to stuck port data_in                    ;
; bearing_cnn_demo:u_demo|c2_mem[296][7]        ; Stuck at GND due to stuck port data_in                    ;
; bearing_cnn_demo:u_demo|c2_mem[297][7]        ; Stuck at GND due to stuck port data_in                    ;
; bearing_cnn_demo:u_demo|c2_mem[298][7]        ; Stuck at GND due to stuck port data_in                    ;
; bearing_cnn_demo:u_demo|c2_mem[299][7]        ; Stuck at GND due to stuck port data_in                    ;
; bearing_cnn_demo:u_demo|c2_mem[300][7]        ; Stuck at GND due to stuck port data_in                    ;
; bearing_cnn_demo:u_demo|c2_mem[301][7]        ; Stuck at GND due to stuck port data_in                    ;
; bearing_cnn_demo:u_demo|c2_mem[302][7]        ; Stuck at GND due to stuck port data_in                    ;
; bearing_cnn_demo:u_demo|c2_mem[303][7]        ; Stuck at GND due to stuck port data_in                    ;
; bearing_cnn_demo:u_demo|c2_mem[304][7]        ; Stuck at GND due to stuck port data_in                    ;
; bearing_cnn_demo:u_demo|c2_mem[305][7]        ; Stuck at GND due to stuck port data_in                    ;
; bearing_cnn_demo:u_demo|c2_mem[306][7]        ; Stuck at GND due to stuck port data_in                    ;
; bearing_cnn_demo:u_demo|c2_mem[307][7]        ; Stuck at GND due to stuck port data_in                    ;
; bearing_cnn_demo:u_demo|c2_mem[308][7]        ; Stuck at GND due to stuck port data_in                    ;
; bearing_cnn_demo:u_demo|c2_mem[309][7]        ; Stuck at GND due to stuck port data_in                    ;
; bearing_cnn_demo:u_demo|c2_mem[310][7]        ; Stuck at GND due to stuck port data_in                    ;
; bearing_cnn_demo:u_demo|c2_mem[311][7]        ; Stuck at GND due to stuck port data_in                    ;
; bearing_cnn_demo:u_demo|c2_mem[312][7]        ; Stuck at GND due to stuck port data_in                    ;
; bearing_cnn_demo:u_demo|c2_mem[313][7]        ; Stuck at GND due to stuck port data_in                    ;
; bearing_cnn_demo:u_demo|c2_mem[314][7]        ; Stuck at GND due to stuck port data_in                    ;
; bearing_cnn_demo:u_demo|c2_mem[315][7]        ; Stuck at GND due to stuck port data_in                    ;
; bearing_cnn_demo:u_demo|c2_mem[316][7]        ; Stuck at GND due to stuck port data_in                    ;
; bearing_cnn_demo:u_demo|c2_mem[317][7]        ; Stuck at GND due to stuck port data_in                    ;
; bearing_cnn_demo:u_demo|c2_mem[318][7]        ; Stuck at GND due to stuck port data_in                    ;
; bearing_cnn_demo:u_demo|c2_mem[319][7]        ; Stuck at GND due to stuck port data_in                    ;
; bearing_cnn_demo:u_demo|c2_mem[320][7]        ; Stuck at GND due to stuck port data_in                    ;
; bearing_cnn_demo:u_demo|c2_mem[321][7]        ; Stuck at GND due to stuck port data_in                    ;
; bearing_cnn_demo:u_demo|c2_mem[322][7]        ; Stuck at GND due to stuck port data_in                    ;
; bearing_cnn_demo:u_demo|c2_mem[323][7]        ; Stuck at GND due to stuck port data_in                    ;
; bearing_cnn_demo:u_demo|c2_mem[324][7]        ; Stuck at GND due to stuck port data_in                    ;
; bearing_cnn_demo:u_demo|c2_mem[325][7]        ; Stuck at GND due to stuck port data_in                    ;
; bearing_cnn_demo:u_demo|c2_mem[326][7]        ; Stuck at GND due to stuck port data_in                    ;
; bearing_cnn_demo:u_demo|c2_mem[327][7]        ; Stuck at GND due to stuck port data_in                    ;
; bearing_cnn_demo:u_demo|c2_mem[328][7]        ; Stuck at GND due to stuck port data_in                    ;
; bearing_cnn_demo:u_demo|c2_mem[329][7]        ; Stuck at GND due to stuck port data_in                    ;
; bearing_cnn_demo:u_demo|c2_mem[330][7]        ; Stuck at GND due to stuck port data_in                    ;
; bearing_cnn_demo:u_demo|c2_mem[331][7]        ; Stuck at GND due to stuck port data_in                    ;
; bearing_cnn_demo:u_demo|c2_mem[332][7]        ; Stuck at GND due to stuck port data_in                    ;
; bearing_cnn_demo:u_demo|c2_mem[333][7]        ; Stuck at GND due to stuck port data_in                    ;
; bearing_cnn_demo:u_demo|c2_mem[334][7]        ; Stuck at GND due to stuck port data_in                    ;
; bearing_cnn_demo:u_demo|c2_mem[335][7]        ; Stuck at GND due to stuck port data_in                    ;
; bearing_cnn_demo:u_demo|c2_mem[336][7]        ; Stuck at GND due to stuck port data_in                    ;
; bearing_cnn_demo:u_demo|c2_mem[337][7]        ; Stuck at GND due to stuck port data_in                    ;
; bearing_cnn_demo:u_demo|c2_mem[338][7]        ; Stuck at GND due to stuck port data_in                    ;
; bearing_cnn_demo:u_demo|c2_mem[339][7]        ; Stuck at GND due to stuck port data_in                    ;
; bearing_cnn_demo:u_demo|c2_mem[340][7]        ; Stuck at GND due to stuck port data_in                    ;
; bearing_cnn_demo:u_demo|c2_mem[341][7]        ; Stuck at GND due to stuck port data_in                    ;
; bearing_cnn_demo:u_demo|c2_mem[342][7]        ; Stuck at GND due to stuck port data_in                    ;
; bearing_cnn_demo:u_demo|c2_mem[343][7]        ; Stuck at GND due to stuck port data_in                    ;
; bearing_cnn_demo:u_demo|c2_mem[344][7]        ; Stuck at GND due to stuck port data_in                    ;
; bearing_cnn_demo:u_demo|c2_mem[345][7]        ; Stuck at GND due to stuck port data_in                    ;
; bearing_cnn_demo:u_demo|c2_mem[346][7]        ; Stuck at GND due to stuck port data_in                    ;
; bearing_cnn_demo:u_demo|c2_mem[347][7]        ; Stuck at GND due to stuck port data_in                    ;
; bearing_cnn_demo:u_demo|c2_mem[348][7]        ; Stuck at GND due to stuck port data_in                    ;
; bearing_cnn_demo:u_demo|c2_mem[349][7]        ; Stuck at GND due to stuck port data_in                    ;
; bearing_cnn_demo:u_demo|c2_mem[350][7]        ; Stuck at GND due to stuck port data_in                    ;
; bearing_cnn_demo:u_demo|c2_mem[351][7]        ; Stuck at GND due to stuck port data_in                    ;
; bearing_cnn_demo:u_demo|c2_mem[352][7]        ; Stuck at GND due to stuck port data_in                    ;
; bearing_cnn_demo:u_demo|c2_mem[353][7]        ; Stuck at GND due to stuck port data_in                    ;
; bearing_cnn_demo:u_demo|c2_mem[354][7]        ; Stuck at GND due to stuck port data_in                    ;
; bearing_cnn_demo:u_demo|c2_mem[355][7]        ; Stuck at GND due to stuck port data_in                    ;
; bearing_cnn_demo:u_demo|c2_mem[356][7]        ; Stuck at GND due to stuck port data_in                    ;
; bearing_cnn_demo:u_demo|c2_mem[357][7]        ; Stuck at GND due to stuck port data_in                    ;
; bearing_cnn_demo:u_demo|c2_mem[358][7]        ; Stuck at GND due to stuck port data_in                    ;
; bearing_cnn_demo:u_demo|c2_mem[359][7]        ; Stuck at GND due to stuck port data_in                    ;
; bearing_cnn_demo:u_demo|c2_mem[360][7]        ; Stuck at GND due to stuck port data_in                    ;
; bearing_cnn_demo:u_demo|c2_mem[361][7]        ; Stuck at GND due to stuck port data_in                    ;
; bearing_cnn_demo:u_demo|c2_mem[362][7]        ; Stuck at GND due to stuck port data_in                    ;
; bearing_cnn_demo:u_demo|c2_mem[363][7]        ; Stuck at GND due to stuck port data_in                    ;
; bearing_cnn_demo:u_demo|c2_mem[364][7]        ; Stuck at GND due to stuck port data_in                    ;
; bearing_cnn_demo:u_demo|c2_mem[365][7]        ; Stuck at GND due to stuck port data_in                    ;
; bearing_cnn_demo:u_demo|c2_mem[366][7]        ; Stuck at GND due to stuck port data_in                    ;
; bearing_cnn_demo:u_demo|c2_mem[367][7]        ; Stuck at GND due to stuck port data_in                    ;
; bearing_cnn_demo:u_demo|c2_mem[368][7]        ; Stuck at GND due to stuck port data_in                    ;
; bearing_cnn_demo:u_demo|c2_mem[369][7]        ; Stuck at GND due to stuck port data_in                    ;
; bearing_cnn_demo:u_demo|c2_mem[370][7]        ; Stuck at GND due to stuck port data_in                    ;
; bearing_cnn_demo:u_demo|c2_mem[371][7]        ; Stuck at GND due to stuck port data_in                    ;
; bearing_cnn_demo:u_demo|c2_mem[372][7]        ; Stuck at GND due to stuck port data_in                    ;
; bearing_cnn_demo:u_demo|c2_mem[373][7]        ; Stuck at GND due to stuck port data_in                    ;
; bearing_cnn_demo:u_demo|c2_mem[374][7]        ; Stuck at GND due to stuck port data_in                    ;
; bearing_cnn_demo:u_demo|c2_mem[375][7]        ; Stuck at GND due to stuck port data_in                    ;
; bearing_cnn_demo:u_demo|c2_mem[376][7]        ; Stuck at GND due to stuck port data_in                    ;
; bearing_cnn_demo:u_demo|c2_mem[377][7]        ; Stuck at GND due to stuck port data_in                    ;
; bearing_cnn_demo:u_demo|c2_mem[378][7]        ; Stuck at GND due to stuck port data_in                    ;
; bearing_cnn_demo:u_demo|c2_mem[379][7]        ; Stuck at GND due to stuck port data_in                    ;
; bearing_cnn_demo:u_demo|c2_mem[380][7]        ; Stuck at GND due to stuck port data_in                    ;
; bearing_cnn_demo:u_demo|c2_mem[381][7]        ; Stuck at GND due to stuck port data_in                    ;
; bearing_cnn_demo:u_demo|c2_mem[382][7]        ; Stuck at GND due to stuck port data_in                    ;
; bearing_cnn_demo:u_demo|c2_mem[383][7]        ; Stuck at GND due to stuck port data_in                    ;
; bearing_cnn_demo:u_demo|c2_mem[384][7]        ; Stuck at GND due to stuck port data_in                    ;
; bearing_cnn_demo:u_demo|c2_mem[385][7]        ; Stuck at GND due to stuck port data_in                    ;
; bearing_cnn_demo:u_demo|c2_mem[386][7]        ; Stuck at GND due to stuck port data_in                    ;
; bearing_cnn_demo:u_demo|c2_mem[387][7]        ; Stuck at GND due to stuck port data_in                    ;
; bearing_cnn_demo:u_demo|c2_mem[388][7]        ; Stuck at GND due to stuck port data_in                    ;
; bearing_cnn_demo:u_demo|c2_mem[389][7]        ; Stuck at GND due to stuck port data_in                    ;
; bearing_cnn_demo:u_demo|c2_mem[390][7]        ; Stuck at GND due to stuck port data_in                    ;
; bearing_cnn_demo:u_demo|c2_mem[391][7]        ; Stuck at GND due to stuck port data_in                    ;
; bearing_cnn_demo:u_demo|c2_mem[392][7]        ; Stuck at GND due to stuck port data_in                    ;
; bearing_cnn_demo:u_demo|c2_mem[393][7]        ; Stuck at GND due to stuck port data_in                    ;
; bearing_cnn_demo:u_demo|c2_mem[394][7]        ; Stuck at GND due to stuck port data_in                    ;
; bearing_cnn_demo:u_demo|c2_mem[395][7]        ; Stuck at GND due to stuck port data_in                    ;
; bearing_cnn_demo:u_demo|c2_mem[396][7]        ; Stuck at GND due to stuck port data_in                    ;
; bearing_cnn_demo:u_demo|c2_mem[397][7]        ; Stuck at GND due to stuck port data_in                    ;
; bearing_cnn_demo:u_demo|c2_mem[398][7]        ; Stuck at GND due to stuck port data_in                    ;
; bearing_cnn_demo:u_demo|c2_mem[399][7]        ; Stuck at GND due to stuck port data_in                    ;
; bearing_cnn_demo:u_demo|c2_mem[400][7]        ; Stuck at GND due to stuck port data_in                    ;
; bearing_cnn_demo:u_demo|c2_mem[401][7]        ; Stuck at GND due to stuck port data_in                    ;
; bearing_cnn_demo:u_demo|c2_mem[402][7]        ; Stuck at GND due to stuck port data_in                    ;
; bearing_cnn_demo:u_demo|c2_mem[403][7]        ; Stuck at GND due to stuck port data_in                    ;
; bearing_cnn_demo:u_demo|c2_mem[404][7]        ; Stuck at GND due to stuck port data_in                    ;
; bearing_cnn_demo:u_demo|c2_mem[405][7]        ; Stuck at GND due to stuck port data_in                    ;
; bearing_cnn_demo:u_demo|c2_mem[406][7]        ; Stuck at GND due to stuck port data_in                    ;
; bearing_cnn_demo:u_demo|c2_mem[407][7]        ; Stuck at GND due to stuck port data_in                    ;
; bearing_cnn_demo:u_demo|c2_mem[408][7]        ; Stuck at GND due to stuck port data_in                    ;
; bearing_cnn_demo:u_demo|c2_mem[409][7]        ; Stuck at GND due to stuck port data_in                    ;
; bearing_cnn_demo:u_demo|c2_mem[410][7]        ; Stuck at GND due to stuck port data_in                    ;
; bearing_cnn_demo:u_demo|c2_mem[411][7]        ; Stuck at GND due to stuck port data_in                    ;
; bearing_cnn_demo:u_demo|c2_mem[412][7]        ; Stuck at GND due to stuck port data_in                    ;
; bearing_cnn_demo:u_demo|c2_mem[413][7]        ; Stuck at GND due to stuck port data_in                    ;
; bearing_cnn_demo:u_demo|c2_mem[414][7]        ; Stuck at GND due to stuck port data_in                    ;
; bearing_cnn_demo:u_demo|c2_mem[415][7]        ; Stuck at GND due to stuck port data_in                    ;
; bearing_cnn_demo:u_demo|c2_mem[416][7]        ; Stuck at GND due to stuck port data_in                    ;
; bearing_cnn_demo:u_demo|c2_mem[417][7]        ; Stuck at GND due to stuck port data_in                    ;
; bearing_cnn_demo:u_demo|c2_mem[418][7]        ; Stuck at GND due to stuck port data_in                    ;
; bearing_cnn_demo:u_demo|c2_mem[419][7]        ; Stuck at GND due to stuck port data_in                    ;
; bearing_cnn_demo:u_demo|c2_mem[420][7]        ; Stuck at GND due to stuck port data_in                    ;
; bearing_cnn_demo:u_demo|c2_mem[421][7]        ; Stuck at GND due to stuck port data_in                    ;
; bearing_cnn_demo:u_demo|c2_mem[422][7]        ; Stuck at GND due to stuck port data_in                    ;
; bearing_cnn_demo:u_demo|c2_mem[423][7]        ; Stuck at GND due to stuck port data_in                    ;
; bearing_cnn_demo:u_demo|c2_mem[424][7]        ; Stuck at GND due to stuck port data_in                    ;
; bearing_cnn_demo:u_demo|c2_mem[425][7]        ; Stuck at GND due to stuck port data_in                    ;
; bearing_cnn_demo:u_demo|c2_mem[426][7]        ; Stuck at GND due to stuck port data_in                    ;
; bearing_cnn_demo:u_demo|c2_mem[427][7]        ; Stuck at GND due to stuck port data_in                    ;
; bearing_cnn_demo:u_demo|c2_mem[428][7]        ; Stuck at GND due to stuck port data_in                    ;
; bearing_cnn_demo:u_demo|c2_mem[429][7]        ; Stuck at GND due to stuck port data_in                    ;
; bearing_cnn_demo:u_demo|c2_mem[430][7]        ; Stuck at GND due to stuck port data_in                    ;
; bearing_cnn_demo:u_demo|c2_mem[431][7]        ; Stuck at GND due to stuck port data_in                    ;
; bearing_cnn_demo:u_demo|c2_mem[432][7]        ; Stuck at GND due to stuck port data_in                    ;
; bearing_cnn_demo:u_demo|c2_mem[433][7]        ; Stuck at GND due to stuck port data_in                    ;
; bearing_cnn_demo:u_demo|c2_mem[434][7]        ; Stuck at GND due to stuck port data_in                    ;
; bearing_cnn_demo:u_demo|c2_mem[435][7]        ; Stuck at GND due to stuck port data_in                    ;
; bearing_cnn_demo:u_demo|c2_mem[436][7]        ; Stuck at GND due to stuck port data_in                    ;
; bearing_cnn_demo:u_demo|c2_mem[437][7]        ; Stuck at GND due to stuck port data_in                    ;
; bearing_cnn_demo:u_demo|c2_mem[438][7]        ; Stuck at GND due to stuck port data_in                    ;
; bearing_cnn_demo:u_demo|c2_mem[439][7]        ; Stuck at GND due to stuck port data_in                    ;
; bearing_cnn_demo:u_demo|c2_mem[440][7]        ; Stuck at GND due to stuck port data_in                    ;
; bearing_cnn_demo:u_demo|c2_mem[441][7]        ; Stuck at GND due to stuck port data_in                    ;
; bearing_cnn_demo:u_demo|c2_mem[442][7]        ; Stuck at GND due to stuck port data_in                    ;
; bearing_cnn_demo:u_demo|c2_mem[443][7]        ; Stuck at GND due to stuck port data_in                    ;
; bearing_cnn_demo:u_demo|c2_mem[444][7]        ; Stuck at GND due to stuck port data_in                    ;
; bearing_cnn_demo:u_demo|c2_mem[445][7]        ; Stuck at GND due to stuck port data_in                    ;
; bearing_cnn_demo:u_demo|c2_mem[446][7]        ; Stuck at GND due to stuck port data_in                    ;
; bearing_cnn_demo:u_demo|c2_mem[447][7]        ; Stuck at GND due to stuck port data_in                    ;
; bearing_cnn_demo:u_demo|c2_mem[448][7]        ; Stuck at GND due to stuck port data_in                    ;
; bearing_cnn_demo:u_demo|c2_mem[449][7]        ; Stuck at GND due to stuck port data_in                    ;
; bearing_cnn_demo:u_demo|c2_mem[450][7]        ; Stuck at GND due to stuck port data_in                    ;
; bearing_cnn_demo:u_demo|c2_mem[451][7]        ; Stuck at GND due to stuck port data_in                    ;
; bearing_cnn_demo:u_demo|c2_mem[452][7]        ; Stuck at GND due to stuck port data_in                    ;
; bearing_cnn_demo:u_demo|c2_mem[453][7]        ; Stuck at GND due to stuck port data_in                    ;
; bearing_cnn_demo:u_demo|c2_mem[454][7]        ; Stuck at GND due to stuck port data_in                    ;
; bearing_cnn_demo:u_demo|c2_mem[455][7]        ; Stuck at GND due to stuck port data_in                    ;
; bearing_cnn_demo:u_demo|c2_mem[456][7]        ; Stuck at GND due to stuck port data_in                    ;
; bearing_cnn_demo:u_demo|c2_mem[457][7]        ; Stuck at GND due to stuck port data_in                    ;
; bearing_cnn_demo:u_demo|c2_mem[458][7]        ; Stuck at GND due to stuck port data_in                    ;
; bearing_cnn_demo:u_demo|c2_mem[459][7]        ; Stuck at GND due to stuck port data_in                    ;
; bearing_cnn_demo:u_demo|c2_mem[460][7]        ; Stuck at GND due to stuck port data_in                    ;
; bearing_cnn_demo:u_demo|c2_mem[461][7]        ; Stuck at GND due to stuck port data_in                    ;
; bearing_cnn_demo:u_demo|c2_mem[462][7]        ; Stuck at GND due to stuck port data_in                    ;
; bearing_cnn_demo:u_demo|c2_mem[463][7]        ; Stuck at GND due to stuck port data_in                    ;
; bearing_cnn_demo:u_demo|c2_mem[464][7]        ; Stuck at GND due to stuck port data_in                    ;
; bearing_cnn_demo:u_demo|c2_mem[465][7]        ; Stuck at GND due to stuck port data_in                    ;
; bearing_cnn_demo:u_demo|c2_mem[466][7]        ; Stuck at GND due to stuck port data_in                    ;
; bearing_cnn_demo:u_demo|c2_mem[467][7]        ; Stuck at GND due to stuck port data_in                    ;
; bearing_cnn_demo:u_demo|c2_mem[468][7]        ; Stuck at GND due to stuck port data_in                    ;
; bearing_cnn_demo:u_demo|c2_mem[469][7]        ; Stuck at GND due to stuck port data_in                    ;
; bearing_cnn_demo:u_demo|c2_mem[470][7]        ; Stuck at GND due to stuck port data_in                    ;
; bearing_cnn_demo:u_demo|c2_mem[471][7]        ; Stuck at GND due to stuck port data_in                    ;
; bearing_cnn_demo:u_demo|c2_mem[472][7]        ; Stuck at GND due to stuck port data_in                    ;
; bearing_cnn_demo:u_demo|c2_mem[473][7]        ; Stuck at GND due to stuck port data_in                    ;
; bearing_cnn_demo:u_demo|c2_mem[474][7]        ; Stuck at GND due to stuck port data_in                    ;
; bearing_cnn_demo:u_demo|c2_mem[475][7]        ; Stuck at GND due to stuck port data_in                    ;
; bearing_cnn_demo:u_demo|c2_mem[476][7]        ; Stuck at GND due to stuck port data_in                    ;
; bearing_cnn_demo:u_demo|c2_mem[477][7]        ; Stuck at GND due to stuck port data_in                    ;
; bearing_cnn_demo:u_demo|c2_mem[478][7]        ; Stuck at GND due to stuck port data_in                    ;
; bearing_cnn_demo:u_demo|c2_mem[479][7]        ; Stuck at GND due to stuck port data_in                    ;
; bearing_cnn_demo:u_demo|c2_mem[480][7]        ; Stuck at GND due to stuck port data_in                    ;
; bearing_cnn_demo:u_demo|c2_mem[481][7]        ; Stuck at GND due to stuck port data_in                    ;
; bearing_cnn_demo:u_demo|c2_mem[482][7]        ; Stuck at GND due to stuck port data_in                    ;
; bearing_cnn_demo:u_demo|c2_mem[483][7]        ; Stuck at GND due to stuck port data_in                    ;
; bearing_cnn_demo:u_demo|c2_mem[484][7]        ; Stuck at GND due to stuck port data_in                    ;
; bearing_cnn_demo:u_demo|c2_mem[485][7]        ; Stuck at GND due to stuck port data_in                    ;
; bearing_cnn_demo:u_demo|c2_mem[486][7]        ; Stuck at GND due to stuck port data_in                    ;
; bearing_cnn_demo:u_demo|c2_mem[487][7]        ; Stuck at GND due to stuck port data_in                    ;
; bearing_cnn_demo:u_demo|c2_mem[488][7]        ; Stuck at GND due to stuck port data_in                    ;
; bearing_cnn_demo:u_demo|c2_mem[489][7]        ; Stuck at GND due to stuck port data_in                    ;
; bearing_cnn_demo:u_demo|c2_mem[490][7]        ; Stuck at GND due to stuck port data_in                    ;
; bearing_cnn_demo:u_demo|c2_mem[491][7]        ; Stuck at GND due to stuck port data_in                    ;
; bearing_cnn_demo:u_demo|c2_mem[492][7]        ; Stuck at GND due to stuck port data_in                    ;
; bearing_cnn_demo:u_demo|c2_mem[493][7]        ; Stuck at GND due to stuck port data_in                    ;
; bearing_cnn_demo:u_demo|c2_mem[494][7]        ; Stuck at GND due to stuck port data_in                    ;
; bearing_cnn_demo:u_demo|c2_mem[495][7]        ; Stuck at GND due to stuck port data_in                    ;
; bearing_cnn_demo:u_demo|c2_mem[496][7]        ; Stuck at GND due to stuck port data_in                    ;
; bearing_cnn_demo:u_demo|c2_mem[497][7]        ; Stuck at GND due to stuck port data_in                    ;
; bearing_cnn_demo:u_demo|c2_mem[498][7]        ; Stuck at GND due to stuck port data_in                    ;
; bearing_cnn_demo:u_demo|c2_mem[499][7]        ; Stuck at GND due to stuck port data_in                    ;
; bearing_cnn_demo:u_demo|c2_mem[500][7]        ; Stuck at GND due to stuck port data_in                    ;
; bearing_cnn_demo:u_demo|c2_mem[501][7]        ; Stuck at GND due to stuck port data_in                    ;
; bearing_cnn_demo:u_demo|c2_mem[502][7]        ; Stuck at GND due to stuck port data_in                    ;
; bearing_cnn_demo:u_demo|c2_mem[503][7]        ; Stuck at GND due to stuck port data_in                    ;
; bearing_cnn_demo:u_demo|c2_mem[504][7]        ; Stuck at GND due to stuck port data_in                    ;
; bearing_cnn_demo:u_demo|c2_mem[505][7]        ; Stuck at GND due to stuck port data_in                    ;
; bearing_cnn_demo:u_demo|c2_mem[506][7]        ; Stuck at GND due to stuck port data_in                    ;
; bearing_cnn_demo:u_demo|c2_mem[507][7]        ; Stuck at GND due to stuck port data_in                    ;
; bearing_cnn_demo:u_demo|c2_mem[508][7]        ; Stuck at GND due to stuck port data_in                    ;
; bearing_cnn_demo:u_demo|c2_mem[509][7]        ; Stuck at GND due to stuck port data_in                    ;
; bearing_cnn_demo:u_demo|c2_mem[510][7]        ; Stuck at GND due to stuck port data_in                    ;
; bearing_cnn_demo:u_demo|c2_mem[511][7]        ; Stuck at GND due to stuck port data_in                    ;
; bearing_cnn_demo:u_demo|c2_mem[512][7]        ; Stuck at GND due to stuck port data_in                    ;
; bearing_cnn_demo:u_demo|c2_mem[513][7]        ; Stuck at GND due to stuck port data_in                    ;
; bearing_cnn_demo:u_demo|c2_mem[514][7]        ; Stuck at GND due to stuck port data_in                    ;
; bearing_cnn_demo:u_demo|c2_mem[515][7]        ; Stuck at GND due to stuck port data_in                    ;
; bearing_cnn_demo:u_demo|c2_mem[516][7]        ; Stuck at GND due to stuck port data_in                    ;
; bearing_cnn_demo:u_demo|c2_mem[517][7]        ; Stuck at GND due to stuck port data_in                    ;
; bearing_cnn_demo:u_demo|c2_mem[518][7]        ; Stuck at GND due to stuck port data_in                    ;
; bearing_cnn_demo:u_demo|c2_mem[519][7]        ; Stuck at GND due to stuck port data_in                    ;
; bearing_cnn_demo:u_demo|c2_mem[520][7]        ; Stuck at GND due to stuck port data_in                    ;
; bearing_cnn_demo:u_demo|c2_mem[521][7]        ; Stuck at GND due to stuck port data_in                    ;
; bearing_cnn_demo:u_demo|c2_mem[522][7]        ; Stuck at GND due to stuck port data_in                    ;
; bearing_cnn_demo:u_demo|c2_mem[523][7]        ; Stuck at GND due to stuck port data_in                    ;
; bearing_cnn_demo:u_demo|c2_mem[524][7]        ; Stuck at GND due to stuck port data_in                    ;
; bearing_cnn_demo:u_demo|c2_mem[525][7]        ; Stuck at GND due to stuck port data_in                    ;
; bearing_cnn_demo:u_demo|c2_mem[526][7]        ; Stuck at GND due to stuck port data_in                    ;
; bearing_cnn_demo:u_demo|c2_mem[527][7]        ; Stuck at GND due to stuck port data_in                    ;
; bearing_cnn_demo:u_demo|c2_mem[528][7]        ; Stuck at GND due to stuck port data_in                    ;
; bearing_cnn_demo:u_demo|c2_mem[529][7]        ; Stuck at GND due to stuck port data_in                    ;
; bearing_cnn_demo:u_demo|c2_mem[530][7]        ; Stuck at GND due to stuck port data_in                    ;
; bearing_cnn_demo:u_demo|c2_mem[531][7]        ; Stuck at GND due to stuck port data_in                    ;
; bearing_cnn_demo:u_demo|c2_mem[532][7]        ; Stuck at GND due to stuck port data_in                    ;
; bearing_cnn_demo:u_demo|c2_mem[533][7]        ; Stuck at GND due to stuck port data_in                    ;
; bearing_cnn_demo:u_demo|c2_mem[534][7]        ; Stuck at GND due to stuck port data_in                    ;
; bearing_cnn_demo:u_demo|c2_mem[535][7]        ; Stuck at GND due to stuck port data_in                    ;
; bearing_cnn_demo:u_demo|c2_mem[536][7]        ; Stuck at GND due to stuck port data_in                    ;
; bearing_cnn_demo:u_demo|c2_mem[537][7]        ; Stuck at GND due to stuck port data_in                    ;
; bearing_cnn_demo:u_demo|c2_mem[538][7]        ; Stuck at GND due to stuck port data_in                    ;
; bearing_cnn_demo:u_demo|c2_mem[539][7]        ; Stuck at GND due to stuck port data_in                    ;
; bearing_cnn_demo:u_demo|c2_mem[540][7]        ; Stuck at GND due to stuck port data_in                    ;
; bearing_cnn_demo:u_demo|c2_mem[541][7]        ; Stuck at GND due to stuck port data_in                    ;
; bearing_cnn_demo:u_demo|c2_mem[542][7]        ; Stuck at GND due to stuck port data_in                    ;
; bearing_cnn_demo:u_demo|c2_mem[543][7]        ; Stuck at GND due to stuck port data_in                    ;
; bearing_cnn_demo:u_demo|c2_mem[544][7]        ; Stuck at GND due to stuck port data_in                    ;
; bearing_cnn_demo:u_demo|c2_mem[545][7]        ; Stuck at GND due to stuck port data_in                    ;
; bearing_cnn_demo:u_demo|c2_mem[546][7]        ; Stuck at GND due to stuck port data_in                    ;
; bearing_cnn_demo:u_demo|c2_mem[547][7]        ; Stuck at GND due to stuck port data_in                    ;
; bearing_cnn_demo:u_demo|c2_mem[548][7]        ; Stuck at GND due to stuck port data_in                    ;
; bearing_cnn_demo:u_demo|c2_mem[549][7]        ; Stuck at GND due to stuck port data_in                    ;
; bearing_cnn_demo:u_demo|c2_mem[550][7]        ; Stuck at GND due to stuck port data_in                    ;
; bearing_cnn_demo:u_demo|c2_mem[551][7]        ; Stuck at GND due to stuck port data_in                    ;
; bearing_cnn_demo:u_demo|c2_mem[552][7]        ; Stuck at GND due to stuck port data_in                    ;
; bearing_cnn_demo:u_demo|c2_mem[553][7]        ; Stuck at GND due to stuck port data_in                    ;
; bearing_cnn_demo:u_demo|c2_mem[554][7]        ; Stuck at GND due to stuck port data_in                    ;
; bearing_cnn_demo:u_demo|c2_mem[555][7]        ; Stuck at GND due to stuck port data_in                    ;
; bearing_cnn_demo:u_demo|c2_mem[556][7]        ; Stuck at GND due to stuck port data_in                    ;
; bearing_cnn_demo:u_demo|c2_mem[557][7]        ; Stuck at GND due to stuck port data_in                    ;
; bearing_cnn_demo:u_demo|c2_mem[558][7]        ; Stuck at GND due to stuck port data_in                    ;
; bearing_cnn_demo:u_demo|c2_mem[559][7]        ; Stuck at GND due to stuck port data_in                    ;
; bearing_cnn_demo:u_demo|c2_mem[560][7]        ; Stuck at GND due to stuck port data_in                    ;
; bearing_cnn_demo:u_demo|c2_mem[561][7]        ; Stuck at GND due to stuck port data_in                    ;
; bearing_cnn_demo:u_demo|c2_mem[562][7]        ; Stuck at GND due to stuck port data_in                    ;
; bearing_cnn_demo:u_demo|c2_mem[563][7]        ; Stuck at GND due to stuck port data_in                    ;
; bearing_cnn_demo:u_demo|c2_mem[564][7]        ; Stuck at GND due to stuck port data_in                    ;
; bearing_cnn_demo:u_demo|c2_mem[565][7]        ; Stuck at GND due to stuck port data_in                    ;
; bearing_cnn_demo:u_demo|c2_mem[566][7]        ; Stuck at GND due to stuck port data_in                    ;
; bearing_cnn_demo:u_demo|c2_mem[567][7]        ; Stuck at GND due to stuck port data_in                    ;
; bearing_cnn_demo:u_demo|c2_mem[568][7]        ; Stuck at GND due to stuck port data_in                    ;
; bearing_cnn_demo:u_demo|c2_mem[569][7]        ; Stuck at GND due to stuck port data_in                    ;
; bearing_cnn_demo:u_demo|c2_mem[570][7]        ; Stuck at GND due to stuck port data_in                    ;
; bearing_cnn_demo:u_demo|c2_mem[571][7]        ; Stuck at GND due to stuck port data_in                    ;
; bearing_cnn_demo:u_demo|c2_mem[572][7]        ; Stuck at GND due to stuck port data_in                    ;
; bearing_cnn_demo:u_demo|c2_mem[573][7]        ; Stuck at GND due to stuck port data_in                    ;
; bearing_cnn_demo:u_demo|c2_mem[574][7]        ; Stuck at GND due to stuck port data_in                    ;
; bearing_cnn_demo:u_demo|c2_mem[575][7]        ; Stuck at GND due to stuck port data_in                    ;
; bearing_cnn_demo:u_demo|c2_mem[576][7]        ; Stuck at GND due to stuck port data_in                    ;
; bearing_cnn_demo:u_demo|c2_mem[577][7]        ; Stuck at GND due to stuck port data_in                    ;
; bearing_cnn_demo:u_demo|c2_mem[578][7]        ; Stuck at GND due to stuck port data_in                    ;
; bearing_cnn_demo:u_demo|c2_mem[579][7]        ; Stuck at GND due to stuck port data_in                    ;
; bearing_cnn_demo:u_demo|c2_mem[580][7]        ; Stuck at GND due to stuck port data_in                    ;
; bearing_cnn_demo:u_demo|c2_mem[581][7]        ; Stuck at GND due to stuck port data_in                    ;
; bearing_cnn_demo:u_demo|c2_mem[582][7]        ; Stuck at GND due to stuck port data_in                    ;
; bearing_cnn_demo:u_demo|c2_mem[583][7]        ; Stuck at GND due to stuck port data_in                    ;
; bearing_cnn_demo:u_demo|c2_mem[584][7]        ; Stuck at GND due to stuck port data_in                    ;
; bearing_cnn_demo:u_demo|c2_mem[585][7]        ; Stuck at GND due to stuck port data_in                    ;
; bearing_cnn_demo:u_demo|c2_mem[586][7]        ; Stuck at GND due to stuck port data_in                    ;
; bearing_cnn_demo:u_demo|c2_mem[587][7]        ; Stuck at GND due to stuck port data_in                    ;
; bearing_cnn_demo:u_demo|c2_mem[588][7]        ; Stuck at GND due to stuck port data_in                    ;
; bearing_cnn_demo:u_demo|c2_mem[589][7]        ; Stuck at GND due to stuck port data_in                    ;
; bearing_cnn_demo:u_demo|c2_mem[590][7]        ; Stuck at GND due to stuck port data_in                    ;
; bearing_cnn_demo:u_demo|c2_mem[591][7]        ; Stuck at GND due to stuck port data_in                    ;
; bearing_cnn_demo:u_demo|c2_mem[592][7]        ; Stuck at GND due to stuck port data_in                    ;
; bearing_cnn_demo:u_demo|c2_mem[593][7]        ; Stuck at GND due to stuck port data_in                    ;
; bearing_cnn_demo:u_demo|c2_mem[594][7]        ; Stuck at GND due to stuck port data_in                    ;
; bearing_cnn_demo:u_demo|c2_mem[595][7]        ; Stuck at GND due to stuck port data_in                    ;
; bearing_cnn_demo:u_demo|c2_mem[596][7]        ; Stuck at GND due to stuck port data_in                    ;
; bearing_cnn_demo:u_demo|c2_mem[597][7]        ; Stuck at GND due to stuck port data_in                    ;
; bearing_cnn_demo:u_demo|c2_mem[598][7]        ; Stuck at GND due to stuck port data_in                    ;
; bearing_cnn_demo:u_demo|c2_mem[599][7]        ; Stuck at GND due to stuck port data_in                    ;
; bearing_cnn_demo:u_demo|c2_mem[600][7]        ; Stuck at GND due to stuck port data_in                    ;
; bearing_cnn_demo:u_demo|c2_mem[601][7]        ; Stuck at GND due to stuck port data_in                    ;
; bearing_cnn_demo:u_demo|c2_mem[602][7]        ; Stuck at GND due to stuck port data_in                    ;
; bearing_cnn_demo:u_demo|c2_mem[603][7]        ; Stuck at GND due to stuck port data_in                    ;
; bearing_cnn_demo:u_demo|c2_mem[604][7]        ; Stuck at GND due to stuck port data_in                    ;
; bearing_cnn_demo:u_demo|c2_mem[605][7]        ; Stuck at GND due to stuck port data_in                    ;
; bearing_cnn_demo:u_demo|c2_mem[606][7]        ; Stuck at GND due to stuck port data_in                    ;
; bearing_cnn_demo:u_demo|c2_mem[607][7]        ; Stuck at GND due to stuck port data_in                    ;
; bearing_cnn_demo:u_demo|c2_mem[608][7]        ; Stuck at GND due to stuck port data_in                    ;
; bearing_cnn_demo:u_demo|c2_mem[609][7]        ; Stuck at GND due to stuck port data_in                    ;
; bearing_cnn_demo:u_demo|c2_mem[610][7]        ; Stuck at GND due to stuck port data_in                    ;
; bearing_cnn_demo:u_demo|c2_mem[611][7]        ; Stuck at GND due to stuck port data_in                    ;
; bearing_cnn_demo:u_demo|c2_mem[612][7]        ; Stuck at GND due to stuck port data_in                    ;
; bearing_cnn_demo:u_demo|c2_mem[613][7]        ; Stuck at GND due to stuck port data_in                    ;
; bearing_cnn_demo:u_demo|c2_mem[614][7]        ; Stuck at GND due to stuck port data_in                    ;
; bearing_cnn_demo:u_demo|c2_mem[615][7]        ; Stuck at GND due to stuck port data_in                    ;
; bearing_cnn_demo:u_demo|c2_mem[616][7]        ; Stuck at GND due to stuck port data_in                    ;
; bearing_cnn_demo:u_demo|c2_mem[617][7]        ; Stuck at GND due to stuck port data_in                    ;
; bearing_cnn_demo:u_demo|c2_mem[618][7]        ; Stuck at GND due to stuck port data_in                    ;
; bearing_cnn_demo:u_demo|c2_mem[619][7]        ; Stuck at GND due to stuck port data_in                    ;
; bearing_cnn_demo:u_demo|c2_mem[620][7]        ; Stuck at GND due to stuck port data_in                    ;
; bearing_cnn_demo:u_demo|c2_mem[621][7]        ; Stuck at GND due to stuck port data_in                    ;
; bearing_cnn_demo:u_demo|c2_mem[622][7]        ; Stuck at GND due to stuck port data_in                    ;
; bearing_cnn_demo:u_demo|c2_mem[623][7]        ; Stuck at GND due to stuck port data_in                    ;
; bearing_cnn_demo:u_demo|c2_mem[624][7]        ; Stuck at GND due to stuck port data_in                    ;
; bearing_cnn_demo:u_demo|c2_mem[625][7]        ; Stuck at GND due to stuck port data_in                    ;
; bearing_cnn_demo:u_demo|c2_mem[626][7]        ; Stuck at GND due to stuck port data_in                    ;
; bearing_cnn_demo:u_demo|c2_mem[627][7]        ; Stuck at GND due to stuck port data_in                    ;
; bearing_cnn_demo:u_demo|c2_mem[628][7]        ; Stuck at GND due to stuck port data_in                    ;
; bearing_cnn_demo:u_demo|c2_mem[629][7]        ; Stuck at GND due to stuck port data_in                    ;
; bearing_cnn_demo:u_demo|c2_mem[630][7]        ; Stuck at GND due to stuck port data_in                    ;
; bearing_cnn_demo:u_demo|c2_mem[631][7]        ; Stuck at GND due to stuck port data_in                    ;
; bearing_cnn_demo:u_demo|c2_mem[632][7]        ; Stuck at GND due to stuck port data_in                    ;
; bearing_cnn_demo:u_demo|c2_mem[633][7]        ; Stuck at GND due to stuck port data_in                    ;
; bearing_cnn_demo:u_demo|c2_mem[634][7]        ; Stuck at GND due to stuck port data_in                    ;
; bearing_cnn_demo:u_demo|c2_mem[635][7]        ; Stuck at GND due to stuck port data_in                    ;
; bearing_cnn_demo:u_demo|c2_mem[636][7]        ; Stuck at GND due to stuck port data_in                    ;
; bearing_cnn_demo:u_demo|c2_mem[637][7]        ; Stuck at GND due to stuck port data_in                    ;
; bearing_cnn_demo:u_demo|c2_mem[638][7]        ; Stuck at GND due to stuck port data_in                    ;
; bearing_cnn_demo:u_demo|c2_mem[639][7]        ; Stuck at GND due to stuck port data_in                    ;
; bearing_cnn_demo:u_demo|c2_mem[640][7]        ; Stuck at GND due to stuck port data_in                    ;
; bearing_cnn_demo:u_demo|c2_mem[641][7]        ; Stuck at GND due to stuck port data_in                    ;
; bearing_cnn_demo:u_demo|c2_mem[642][7]        ; Stuck at GND due to stuck port data_in                    ;
; bearing_cnn_demo:u_demo|c2_mem[643][7]        ; Stuck at GND due to stuck port data_in                    ;
; bearing_cnn_demo:u_demo|c2_mem[644][7]        ; Stuck at GND due to stuck port data_in                    ;
; bearing_cnn_demo:u_demo|c2_mem[645][7]        ; Stuck at GND due to stuck port data_in                    ;
; bearing_cnn_demo:u_demo|c2_mem[646][7]        ; Stuck at GND due to stuck port data_in                    ;
; bearing_cnn_demo:u_demo|c2_mem[647][7]        ; Stuck at GND due to stuck port data_in                    ;
; bearing_cnn_demo:u_demo|c2_mem[648][7]        ; Stuck at GND due to stuck port data_in                    ;
; bearing_cnn_demo:u_demo|c2_mem[649][7]        ; Stuck at GND due to stuck port data_in                    ;
; bearing_cnn_demo:u_demo|c2_mem[650][7]        ; Stuck at GND due to stuck port data_in                    ;
; bearing_cnn_demo:u_demo|c2_mem[651][7]        ; Stuck at GND due to stuck port data_in                    ;
; bearing_cnn_demo:u_demo|c2_mem[652][7]        ; Stuck at GND due to stuck port data_in                    ;
; bearing_cnn_demo:u_demo|c2_mem[653][7]        ; Stuck at GND due to stuck port data_in                    ;
; bearing_cnn_demo:u_demo|c2_mem[654][7]        ; Stuck at GND due to stuck port data_in                    ;
; bearing_cnn_demo:u_demo|c2_mem[655][7]        ; Stuck at GND due to stuck port data_in                    ;
; bearing_cnn_demo:u_demo|c2_mem[656][7]        ; Stuck at GND due to stuck port data_in                    ;
; bearing_cnn_demo:u_demo|c2_mem[657][7]        ; Stuck at GND due to stuck port data_in                    ;
; bearing_cnn_demo:u_demo|c2_mem[658][7]        ; Stuck at GND due to stuck port data_in                    ;
; bearing_cnn_demo:u_demo|c2_mem[659][7]        ; Stuck at GND due to stuck port data_in                    ;
; bearing_cnn_demo:u_demo|c2_mem[660][7]        ; Stuck at GND due to stuck port data_in                    ;
; bearing_cnn_demo:u_demo|c2_mem[661][7]        ; Stuck at GND due to stuck port data_in                    ;
; bearing_cnn_demo:u_demo|c2_mem[662][7]        ; Stuck at GND due to stuck port data_in                    ;
; bearing_cnn_demo:u_demo|c2_mem[663][7]        ; Stuck at GND due to stuck port data_in                    ;
; bearing_cnn_demo:u_demo|c2_mem[664][7]        ; Stuck at GND due to stuck port data_in                    ;
; bearing_cnn_demo:u_demo|c2_mem[665][7]        ; Stuck at GND due to stuck port data_in                    ;
; bearing_cnn_demo:u_demo|c2_mem[666][7]        ; Stuck at GND due to stuck port data_in                    ;
; bearing_cnn_demo:u_demo|c2_mem[667][7]        ; Stuck at GND due to stuck port data_in                    ;
; bearing_cnn_demo:u_demo|c2_mem[668][7]        ; Stuck at GND due to stuck port data_in                    ;
; bearing_cnn_demo:u_demo|c2_mem[669][7]        ; Stuck at GND due to stuck port data_in                    ;
; bearing_cnn_demo:u_demo|c2_mem[670][7]        ; Stuck at GND due to stuck port data_in                    ;
; bearing_cnn_demo:u_demo|c2_mem[671][7]        ; Stuck at GND due to stuck port data_in                    ;
; bearing_cnn_demo:u_demo|c2_mem[672][7]        ; Stuck at GND due to stuck port data_in                    ;
; bearing_cnn_demo:u_demo|c2_mem[673][7]        ; Stuck at GND due to stuck port data_in                    ;
; bearing_cnn_demo:u_demo|c2_mem[674][7]        ; Stuck at GND due to stuck port data_in                    ;
; bearing_cnn_demo:u_demo|c2_mem[675][7]        ; Stuck at GND due to stuck port data_in                    ;
; bearing_cnn_demo:u_demo|c2_mem[676][7]        ; Stuck at GND due to stuck port data_in                    ;
; bearing_cnn_demo:u_demo|c2_mem[677][7]        ; Stuck at GND due to stuck port data_in                    ;
; bearing_cnn_demo:u_demo|c2_mem[678][7]        ; Stuck at GND due to stuck port data_in                    ;
; bearing_cnn_demo:u_demo|c2_mem[679][7]        ; Stuck at GND due to stuck port data_in                    ;
; bearing_cnn_demo:u_demo|c2_mem[680][7]        ; Stuck at GND due to stuck port data_in                    ;
; bearing_cnn_demo:u_demo|c2_mem[681][7]        ; Stuck at GND due to stuck port data_in                    ;
; bearing_cnn_demo:u_demo|c2_mem[682][7]        ; Stuck at GND due to stuck port data_in                    ;
; bearing_cnn_demo:u_demo|c2_mem[683][7]        ; Stuck at GND due to stuck port data_in                    ;
; bearing_cnn_demo:u_demo|c2_mem[684][7]        ; Stuck at GND due to stuck port data_in                    ;
; bearing_cnn_demo:u_demo|c2_mem[685][7]        ; Stuck at GND due to stuck port data_in                    ;
; bearing_cnn_demo:u_demo|c2_mem[686][7]        ; Stuck at GND due to stuck port data_in                    ;
; bearing_cnn_demo:u_demo|c2_mem[687][7]        ; Stuck at GND due to stuck port data_in                    ;
; bearing_cnn_demo:u_demo|c2_mem[688][7]        ; Stuck at GND due to stuck port data_in                    ;
; bearing_cnn_demo:u_demo|c2_mem[689][7]        ; Stuck at GND due to stuck port data_in                    ;
; bearing_cnn_demo:u_demo|c2_mem[690][7]        ; Stuck at GND due to stuck port data_in                    ;
; bearing_cnn_demo:u_demo|c2_mem[691][7]        ; Stuck at GND due to stuck port data_in                    ;
; bearing_cnn_demo:u_demo|c2_mem[692][7]        ; Stuck at GND due to stuck port data_in                    ;
; bearing_cnn_demo:u_demo|c2_mem[693][7]        ; Stuck at GND due to stuck port data_in                    ;
; bearing_cnn_demo:u_demo|c2_mem[694][7]        ; Stuck at GND due to stuck port data_in                    ;
; bearing_cnn_demo:u_demo|c2_mem[695][7]        ; Stuck at GND due to stuck port data_in                    ;
; bearing_cnn_demo:u_demo|c2_mem[696][7]        ; Stuck at GND due to stuck port data_in                    ;
; bearing_cnn_demo:u_demo|c2_mem[697][7]        ; Stuck at GND due to stuck port data_in                    ;
; bearing_cnn_demo:u_demo|c2_mem[698][7]        ; Stuck at GND due to stuck port data_in                    ;
; bearing_cnn_demo:u_demo|c2_mem[699][7]        ; Stuck at GND due to stuck port data_in                    ;
; bearing_cnn_demo:u_demo|c2_mem[700][7]        ; Stuck at GND due to stuck port data_in                    ;
; bearing_cnn_demo:u_demo|c2_mem[701][7]        ; Stuck at GND due to stuck port data_in                    ;
; bearing_cnn_demo:u_demo|c2_mem[702][7]        ; Stuck at GND due to stuck port data_in                    ;
; bearing_cnn_demo:u_demo|c2_mem[703][7]        ; Stuck at GND due to stuck port data_in                    ;
; bearing_cnn_demo:u_demo|c2_mem[704][7]        ; Stuck at GND due to stuck port data_in                    ;
; bearing_cnn_demo:u_demo|c2_mem[705][7]        ; Stuck at GND due to stuck port data_in                    ;
; bearing_cnn_demo:u_demo|c2_mem[706][7]        ; Stuck at GND due to stuck port data_in                    ;
; bearing_cnn_demo:u_demo|c2_mem[707][7]        ; Stuck at GND due to stuck port data_in                    ;
; bearing_cnn_demo:u_demo|c2_mem[708][7]        ; Stuck at GND due to stuck port data_in                    ;
; bearing_cnn_demo:u_demo|c2_mem[709][7]        ; Stuck at GND due to stuck port data_in                    ;
; bearing_cnn_demo:u_demo|c2_mem[710][7]        ; Stuck at GND due to stuck port data_in                    ;
; bearing_cnn_demo:u_demo|c2_mem[711][7]        ; Stuck at GND due to stuck port data_in                    ;
; bearing_cnn_demo:u_demo|c2_mem[712][7]        ; Stuck at GND due to stuck port data_in                    ;
; bearing_cnn_demo:u_demo|c2_mem[713][7]        ; Stuck at GND due to stuck port data_in                    ;
; bearing_cnn_demo:u_demo|c2_mem[714][7]        ; Stuck at GND due to stuck port data_in                    ;
; bearing_cnn_demo:u_demo|c2_mem[715][7]        ; Stuck at GND due to stuck port data_in                    ;
; bearing_cnn_demo:u_demo|c2_mem[716][7]        ; Stuck at GND due to stuck port data_in                    ;
; bearing_cnn_demo:u_demo|c2_mem[717][7]        ; Stuck at GND due to stuck port data_in                    ;
; bearing_cnn_demo:u_demo|c2_mem[718][7]        ; Stuck at GND due to stuck port data_in                    ;
; bearing_cnn_demo:u_demo|c2_mem[719][7]        ; Stuck at GND due to stuck port data_in                    ;
; bearing_cnn_demo:u_demo|c2_mem[720][7]        ; Stuck at GND due to stuck port data_in                    ;
; bearing_cnn_demo:u_demo|c2_mem[721][7]        ; Stuck at GND due to stuck port data_in                    ;
; bearing_cnn_demo:u_demo|c2_mem[722][7]        ; Stuck at GND due to stuck port data_in                    ;
; bearing_cnn_demo:u_demo|c2_mem[723][7]        ; Stuck at GND due to stuck port data_in                    ;
; bearing_cnn_demo:u_demo|c2_mem[724][7]        ; Stuck at GND due to stuck port data_in                    ;
; bearing_cnn_demo:u_demo|c2_mem[725][7]        ; Stuck at GND due to stuck port data_in                    ;
; bearing_cnn_demo:u_demo|c2_mem[726][7]        ; Stuck at GND due to stuck port data_in                    ;
; bearing_cnn_demo:u_demo|c2_mem[727][7]        ; Stuck at GND due to stuck port data_in                    ;
; bearing_cnn_demo:u_demo|c2_mem[728][7]        ; Stuck at GND due to stuck port data_in                    ;
; bearing_cnn_demo:u_demo|c2_mem[729][7]        ; Stuck at GND due to stuck port data_in                    ;
; bearing_cnn_demo:u_demo|c2_mem[730][7]        ; Stuck at GND due to stuck port data_in                    ;
; bearing_cnn_demo:u_demo|c2_mem[731][7]        ; Stuck at GND due to stuck port data_in                    ;
; bearing_cnn_demo:u_demo|c2_mem[732][7]        ; Stuck at GND due to stuck port data_in                    ;
; bearing_cnn_demo:u_demo|c2_mem[733][7]        ; Stuck at GND due to stuck port data_in                    ;
; bearing_cnn_demo:u_demo|c2_mem[734][7]        ; Stuck at GND due to stuck port data_in                    ;
; bearing_cnn_demo:u_demo|c2_mem[735][7]        ; Stuck at GND due to stuck port data_in                    ;
; bearing_cnn_demo:u_demo|c2_mem[736][7]        ; Stuck at GND due to stuck port data_in                    ;
; bearing_cnn_demo:u_demo|c2_mem[737][7]        ; Stuck at GND due to stuck port data_in                    ;
; bearing_cnn_demo:u_demo|c2_mem[738][7]        ; Stuck at GND due to stuck port data_in                    ;
; bearing_cnn_demo:u_demo|c2_mem[739][7]        ; Stuck at GND due to stuck port data_in                    ;
; bearing_cnn_demo:u_demo|c2_mem[740][7]        ; Stuck at GND due to stuck port data_in                    ;
; bearing_cnn_demo:u_demo|c2_mem[741][7]        ; Stuck at GND due to stuck port data_in                    ;
; bearing_cnn_demo:u_demo|c2_mem[742][7]        ; Stuck at GND due to stuck port data_in                    ;
; bearing_cnn_demo:u_demo|c2_mem[743][7]        ; Stuck at GND due to stuck port data_in                    ;
; bearing_cnn_demo:u_demo|c2_mem[744][7]        ; Stuck at GND due to stuck port data_in                    ;
; bearing_cnn_demo:u_demo|c2_mem[745][7]        ; Stuck at GND due to stuck port data_in                    ;
; bearing_cnn_demo:u_demo|c2_mem[746][7]        ; Stuck at GND due to stuck port data_in                    ;
; bearing_cnn_demo:u_demo|c2_mem[747][7]        ; Stuck at GND due to stuck port data_in                    ;
; bearing_cnn_demo:u_demo|c2_mem[748][7]        ; Stuck at GND due to stuck port data_in                    ;
; bearing_cnn_demo:u_demo|c2_mem[749][7]        ; Stuck at GND due to stuck port data_in                    ;
; bearing_cnn_demo:u_demo|c2_mem[750][7]        ; Stuck at GND due to stuck port data_in                    ;
; bearing_cnn_demo:u_demo|c2_mem[751][7]        ; Stuck at GND due to stuck port data_in                    ;
; bearing_cnn_demo:u_demo|c2_mem[752][7]        ; Stuck at GND due to stuck port data_in                    ;
; bearing_cnn_demo:u_demo|c2_mem[753][7]        ; Stuck at GND due to stuck port data_in                    ;
; bearing_cnn_demo:u_demo|c2_mem[754][7]        ; Stuck at GND due to stuck port data_in                    ;
; bearing_cnn_demo:u_demo|c2_mem[755][7]        ; Stuck at GND due to stuck port data_in                    ;
; bearing_cnn_demo:u_demo|c2_mem[756][7]        ; Stuck at GND due to stuck port data_in                    ;
; bearing_cnn_demo:u_demo|c2_mem[757][7]        ; Stuck at GND due to stuck port data_in                    ;
; bearing_cnn_demo:u_demo|c2_mem[758][7]        ; Stuck at GND due to stuck port data_in                    ;
; bearing_cnn_demo:u_demo|c2_mem[759][7]        ; Stuck at GND due to stuck port data_in                    ;
; bearing_cnn_demo:u_demo|c2_mem[760][7]        ; Stuck at GND due to stuck port data_in                    ;
; bearing_cnn_demo:u_demo|c2_mem[761][7]        ; Stuck at GND due to stuck port data_in                    ;
; bearing_cnn_demo:u_demo|c2_mem[762][7]        ; Stuck at GND due to stuck port data_in                    ;
; bearing_cnn_demo:u_demo|c2_mem[763][7]        ; Stuck at GND due to stuck port data_in                    ;
; bearing_cnn_demo:u_demo|c2_mem[764][7]        ; Stuck at GND due to stuck port data_in                    ;
; bearing_cnn_demo:u_demo|c2_mem[765][7]        ; Stuck at GND due to stuck port data_in                    ;
; bearing_cnn_demo:u_demo|c2_mem[766][7]        ; Stuck at GND due to stuck port data_in                    ;
; bearing_cnn_demo:u_demo|c2_mem[767][7]        ; Stuck at GND due to stuck port data_in                    ;
; bearing_cnn_demo:u_demo|c2_mem[768][7]        ; Stuck at GND due to stuck port data_in                    ;
; bearing_cnn_demo:u_demo|c2_mem[769][7]        ; Stuck at GND due to stuck port data_in                    ;
; bearing_cnn_demo:u_demo|c2_mem[770][7]        ; Stuck at GND due to stuck port data_in                    ;
; bearing_cnn_demo:u_demo|c2_mem[771][7]        ; Stuck at GND due to stuck port data_in                    ;
; bearing_cnn_demo:u_demo|c2_mem[772][7]        ; Stuck at GND due to stuck port data_in                    ;
; bearing_cnn_demo:u_demo|c2_mem[773][7]        ; Stuck at GND due to stuck port data_in                    ;
; bearing_cnn_demo:u_demo|c2_mem[774][7]        ; Stuck at GND due to stuck port data_in                    ;
; bearing_cnn_demo:u_demo|c2_mem[775][7]        ; Stuck at GND due to stuck port data_in                    ;
; bearing_cnn_demo:u_demo|c2_mem[776][7]        ; Stuck at GND due to stuck port data_in                    ;
; bearing_cnn_demo:u_demo|c2_mem[777][7]        ; Stuck at GND due to stuck port data_in                    ;
; bearing_cnn_demo:u_demo|c2_mem[778][7]        ; Stuck at GND due to stuck port data_in                    ;
; bearing_cnn_demo:u_demo|c2_mem[779][7]        ; Stuck at GND due to stuck port data_in                    ;
; bearing_cnn_demo:u_demo|c2_mem[780][7]        ; Stuck at GND due to stuck port data_in                    ;
; bearing_cnn_demo:u_demo|c2_mem[781][7]        ; Stuck at GND due to stuck port data_in                    ;
; bearing_cnn_demo:u_demo|c2_mem[782][7]        ; Stuck at GND due to stuck port data_in                    ;
; bearing_cnn_demo:u_demo|c2_mem[783][7]        ; Stuck at GND due to stuck port data_in                    ;
; bearing_cnn_demo:u_demo|c2_mem[784][7]        ; Stuck at GND due to stuck port data_in                    ;
; bearing_cnn_demo:u_demo|c2_mem[785][7]        ; Stuck at GND due to stuck port data_in                    ;
; bearing_cnn_demo:u_demo|c2_mem[786][7]        ; Stuck at GND due to stuck port data_in                    ;
; bearing_cnn_demo:u_demo|c2_mem[787][7]        ; Stuck at GND due to stuck port data_in                    ;
; bearing_cnn_demo:u_demo|c2_mem[788][7]        ; Stuck at GND due to stuck port data_in                    ;
; bearing_cnn_demo:u_demo|c2_mem[789][7]        ; Stuck at GND due to stuck port data_in                    ;
; bearing_cnn_demo:u_demo|c2_mem[790][7]        ; Stuck at GND due to stuck port data_in                    ;
; bearing_cnn_demo:u_demo|c2_mem[791][7]        ; Stuck at GND due to stuck port data_in                    ;
; bearing_cnn_demo:u_demo|c2_mem[792][7]        ; Stuck at GND due to stuck port data_in                    ;
; bearing_cnn_demo:u_demo|c2_mem[793][7]        ; Stuck at GND due to stuck port data_in                    ;
; bearing_cnn_demo:u_demo|c2_mem[794][7]        ; Stuck at GND due to stuck port data_in                    ;
; bearing_cnn_demo:u_demo|c2_mem[795][7]        ; Stuck at GND due to stuck port data_in                    ;
; bearing_cnn_demo:u_demo|c2_mem[796][7]        ; Stuck at GND due to stuck port data_in                    ;
; bearing_cnn_demo:u_demo|c2_mem[797][7]        ; Stuck at GND due to stuck port data_in                    ;
; bearing_cnn_demo:u_demo|c2_mem[798][7]        ; Stuck at GND due to stuck port data_in                    ;
; bearing_cnn_demo:u_demo|c2_mem[799][7]        ; Stuck at GND due to stuck port data_in                    ;
; bearing_cnn_demo:u_demo|c2_mem[800][7]        ; Stuck at GND due to stuck port data_in                    ;
; bearing_cnn_demo:u_demo|c2_mem[801][7]        ; Stuck at GND due to stuck port data_in                    ;
; bearing_cnn_demo:u_demo|c2_mem[802][7]        ; Stuck at GND due to stuck port data_in                    ;
; bearing_cnn_demo:u_demo|c2_mem[803][7]        ; Stuck at GND due to stuck port data_in                    ;
; bearing_cnn_demo:u_demo|c2_mem[804][7]        ; Stuck at GND due to stuck port data_in                    ;
; bearing_cnn_demo:u_demo|c2_mem[805][7]        ; Stuck at GND due to stuck port data_in                    ;
; bearing_cnn_demo:u_demo|c2_mem[806][7]        ; Stuck at GND due to stuck port data_in                    ;
; bearing_cnn_demo:u_demo|c2_mem[807][7]        ; Stuck at GND due to stuck port data_in                    ;
; bearing_cnn_demo:u_demo|c2_mem[808][7]        ; Stuck at GND due to stuck port data_in                    ;
; bearing_cnn_demo:u_demo|c2_mem[809][7]        ; Stuck at GND due to stuck port data_in                    ;
; bearing_cnn_demo:u_demo|c2_mem[810][7]        ; Stuck at GND due to stuck port data_in                    ;
; bearing_cnn_demo:u_demo|c2_mem[811][7]        ; Stuck at GND due to stuck port data_in                    ;
; bearing_cnn_demo:u_demo|c2_mem[812][7]        ; Stuck at GND due to stuck port data_in                    ;
; bearing_cnn_demo:u_demo|c2_mem[813][7]        ; Stuck at GND due to stuck port data_in                    ;
; bearing_cnn_demo:u_demo|c2_mem[814][7]        ; Stuck at GND due to stuck port data_in                    ;
; bearing_cnn_demo:u_demo|c2_mem[815][7]        ; Stuck at GND due to stuck port data_in                    ;
; bearing_cnn_demo:u_demo|c2_mem[816][7]        ; Stuck at GND due to stuck port data_in                    ;
; bearing_cnn_demo:u_demo|c2_mem[817][7]        ; Stuck at GND due to stuck port data_in                    ;
; bearing_cnn_demo:u_demo|c2_mem[818][7]        ; Stuck at GND due to stuck port data_in                    ;
; bearing_cnn_demo:u_demo|c2_mem[819][7]        ; Stuck at GND due to stuck port data_in                    ;
; bearing_cnn_demo:u_demo|c2_mem[820][7]        ; Stuck at GND due to stuck port data_in                    ;
; bearing_cnn_demo:u_demo|c2_mem[821][7]        ; Stuck at GND due to stuck port data_in                    ;
; bearing_cnn_demo:u_demo|c2_mem[822][7]        ; Stuck at GND due to stuck port data_in                    ;
; bearing_cnn_demo:u_demo|c2_mem[823][7]        ; Stuck at GND due to stuck port data_in                    ;
; bearing_cnn_demo:u_demo|c2_mem[824][7]        ; Stuck at GND due to stuck port data_in                    ;
; bearing_cnn_demo:u_demo|c2_mem[825][7]        ; Stuck at GND due to stuck port data_in                    ;
; bearing_cnn_demo:u_demo|c2_mem[826][7]        ; Stuck at GND due to stuck port data_in                    ;
; bearing_cnn_demo:u_demo|c2_mem[827][7]        ; Stuck at GND due to stuck port data_in                    ;
; bearing_cnn_demo:u_demo|c2_mem[828][7]        ; Stuck at GND due to stuck port data_in                    ;
; bearing_cnn_demo:u_demo|c2_mem[829][7]        ; Stuck at GND due to stuck port data_in                    ;
; bearing_cnn_demo:u_demo|c2_mem[830][7]        ; Stuck at GND due to stuck port data_in                    ;
; bearing_cnn_demo:u_demo|c2_mem[831][7]        ; Stuck at GND due to stuck port data_in                    ;
; bearing_cnn_demo:u_demo|c2_mem[832][7]        ; Stuck at GND due to stuck port data_in                    ;
; bearing_cnn_demo:u_demo|c2_mem[833][7]        ; Stuck at GND due to stuck port data_in                    ;
; bearing_cnn_demo:u_demo|c2_mem[834][7]        ; Stuck at GND due to stuck port data_in                    ;
; bearing_cnn_demo:u_demo|c2_mem[835][7]        ; Stuck at GND due to stuck port data_in                    ;
; bearing_cnn_demo:u_demo|c2_mem[836][7]        ; Stuck at GND due to stuck port data_in                    ;
; bearing_cnn_demo:u_demo|c2_mem[837][7]        ; Stuck at GND due to stuck port data_in                    ;
; bearing_cnn_demo:u_demo|c2_mem[838][7]        ; Stuck at GND due to stuck port data_in                    ;
; bearing_cnn_demo:u_demo|c2_mem[839][7]        ; Stuck at GND due to stuck port data_in                    ;
; bearing_cnn_demo:u_demo|c2_mem[840][7]        ; Stuck at GND due to stuck port data_in                    ;
; bearing_cnn_demo:u_demo|c2_mem[841][7]        ; Stuck at GND due to stuck port data_in                    ;
; bearing_cnn_demo:u_demo|c2_mem[842][7]        ; Stuck at GND due to stuck port data_in                    ;
; bearing_cnn_demo:u_demo|c2_mem[843][7]        ; Stuck at GND due to stuck port data_in                    ;
; bearing_cnn_demo:u_demo|c2_mem[844][7]        ; Stuck at GND due to stuck port data_in                    ;
; bearing_cnn_demo:u_demo|c2_mem[845][7]        ; Stuck at GND due to stuck port data_in                    ;
; bearing_cnn_demo:u_demo|c2_mem[846][7]        ; Stuck at GND due to stuck port data_in                    ;
; bearing_cnn_demo:u_demo|c2_mem[847][7]        ; Stuck at GND due to stuck port data_in                    ;
; bearing_cnn_demo:u_demo|c2_mem[848][7]        ; Stuck at GND due to stuck port data_in                    ;
; bearing_cnn_demo:u_demo|c2_mem[849][7]        ; Stuck at GND due to stuck port data_in                    ;
; bearing_cnn_demo:u_demo|c2_mem[850][7]        ; Stuck at GND due to stuck port data_in                    ;
; bearing_cnn_demo:u_demo|c2_mem[851][7]        ; Stuck at GND due to stuck port data_in                    ;
; bearing_cnn_demo:u_demo|c2_mem[852][7]        ; Stuck at GND due to stuck port data_in                    ;
; bearing_cnn_demo:u_demo|c2_mem[853][7]        ; Stuck at GND due to stuck port data_in                    ;
; bearing_cnn_demo:u_demo|c2_mem[854][7]        ; Stuck at GND due to stuck port data_in                    ;
; bearing_cnn_demo:u_demo|c2_mem[855][7]        ; Stuck at GND due to stuck port data_in                    ;
; bearing_cnn_demo:u_demo|c2_mem[856][7]        ; Stuck at GND due to stuck port data_in                    ;
; bearing_cnn_demo:u_demo|c2_mem[857][7]        ; Stuck at GND due to stuck port data_in                    ;
; bearing_cnn_demo:u_demo|c2_mem[858][7]        ; Stuck at GND due to stuck port data_in                    ;
; bearing_cnn_demo:u_demo|c2_mem[859][7]        ; Stuck at GND due to stuck port data_in                    ;
; bearing_cnn_demo:u_demo|c2_mem[860][7]        ; Stuck at GND due to stuck port data_in                    ;
; bearing_cnn_demo:u_demo|c2_mem[861][7]        ; Stuck at GND due to stuck port data_in                    ;
; bearing_cnn_demo:u_demo|c2_mem[862][7]        ; Stuck at GND due to stuck port data_in                    ;
; bearing_cnn_demo:u_demo|c2_mem[863][7]        ; Stuck at GND due to stuck port data_in                    ;
; bearing_cnn_demo:u_demo|c2_mem[864][7]        ; Stuck at GND due to stuck port data_in                    ;
; bearing_cnn_demo:u_demo|c2_mem[865][7]        ; Stuck at GND due to stuck port data_in                    ;
; bearing_cnn_demo:u_demo|c2_mem[866][7]        ; Stuck at GND due to stuck port data_in                    ;
; bearing_cnn_demo:u_demo|c2_mem[867][7]        ; Stuck at GND due to stuck port data_in                    ;
; bearing_cnn_demo:u_demo|c2_mem[868][7]        ; Stuck at GND due to stuck port data_in                    ;
; bearing_cnn_demo:u_demo|c2_mem[869][7]        ; Stuck at GND due to stuck port data_in                    ;
; bearing_cnn_demo:u_demo|c2_mem[870][7]        ; Stuck at GND due to stuck port data_in                    ;
; bearing_cnn_demo:u_demo|c2_mem[871][7]        ; Stuck at GND due to stuck port data_in                    ;
; bearing_cnn_demo:u_demo|c2_mem[872][7]        ; Stuck at GND due to stuck port data_in                    ;
; bearing_cnn_demo:u_demo|c2_mem[873][7]        ; Stuck at GND due to stuck port data_in                    ;
; bearing_cnn_demo:u_demo|c2_mem[874][7]        ; Stuck at GND due to stuck port data_in                    ;
; bearing_cnn_demo:u_demo|c2_mem[875][7]        ; Stuck at GND due to stuck port data_in                    ;
; bearing_cnn_demo:u_demo|c2_mem[876][7]        ; Stuck at GND due to stuck port data_in                    ;
; bearing_cnn_demo:u_demo|c2_mem[877][7]        ; Stuck at GND due to stuck port data_in                    ;
; bearing_cnn_demo:u_demo|c2_mem[878][7]        ; Stuck at GND due to stuck port data_in                    ;
; bearing_cnn_demo:u_demo|c2_mem[879][7]        ; Stuck at GND due to stuck port data_in                    ;
; bearing_cnn_demo:u_demo|c2_mem[880][7]        ; Stuck at GND due to stuck port data_in                    ;
; bearing_cnn_demo:u_demo|c2_mem[881][7]        ; Stuck at GND due to stuck port data_in                    ;
; bearing_cnn_demo:u_demo|c2_mem[882][7]        ; Stuck at GND due to stuck port data_in                    ;
; bearing_cnn_demo:u_demo|c2_mem[883][7]        ; Stuck at GND due to stuck port data_in                    ;
; bearing_cnn_demo:u_demo|c2_mem[884][7]        ; Stuck at GND due to stuck port data_in                    ;
; bearing_cnn_demo:u_demo|c2_mem[885][7]        ; Stuck at GND due to stuck port data_in                    ;
; bearing_cnn_demo:u_demo|c2_mem[886][7]        ; Stuck at GND due to stuck port data_in                    ;
; bearing_cnn_demo:u_demo|c2_mem[887][7]        ; Stuck at GND due to stuck port data_in                    ;
; bearing_cnn_demo:u_demo|c2_mem[888][7]        ; Stuck at GND due to stuck port data_in                    ;
; bearing_cnn_demo:u_demo|c2_mem[889][7]        ; Stuck at GND due to stuck port data_in                    ;
; bearing_cnn_demo:u_demo|c2_mem[890][7]        ; Stuck at GND due to stuck port data_in                    ;
; bearing_cnn_demo:u_demo|c2_mem[891][7]        ; Stuck at GND due to stuck port data_in                    ;
; bearing_cnn_demo:u_demo|c2_mem[892][7]        ; Stuck at GND due to stuck port data_in                    ;
; bearing_cnn_demo:u_demo|c2_mem[893][7]        ; Stuck at GND due to stuck port data_in                    ;
; bearing_cnn_demo:u_demo|c2_mem[894][7]        ; Stuck at GND due to stuck port data_in                    ;
; bearing_cnn_demo:u_demo|c2_mem[895][7]        ; Stuck at GND due to stuck port data_in                    ;
; bearing_cnn_demo:u_demo|c2_mem[896][7]        ; Stuck at GND due to stuck port data_in                    ;
; bearing_cnn_demo:u_demo|c2_mem[897][7]        ; Stuck at GND due to stuck port data_in                    ;
; bearing_cnn_demo:u_demo|c2_mem[898][7]        ; Stuck at GND due to stuck port data_in                    ;
; bearing_cnn_demo:u_demo|c2_mem[899][7]        ; Stuck at GND due to stuck port data_in                    ;
; bearing_cnn_demo:u_demo|c2_mem[900][7]        ; Stuck at GND due to stuck port data_in                    ;
; bearing_cnn_demo:u_demo|c2_mem[901][7]        ; Stuck at GND due to stuck port data_in                    ;
; bearing_cnn_demo:u_demo|c2_mem[902][7]        ; Stuck at GND due to stuck port data_in                    ;
; bearing_cnn_demo:u_demo|c2_mem[903][7]        ; Stuck at GND due to stuck port data_in                    ;
; bearing_cnn_demo:u_demo|c2_mem[904][7]        ; Stuck at GND due to stuck port data_in                    ;
; bearing_cnn_demo:u_demo|c2_mem[905][7]        ; Stuck at GND due to stuck port data_in                    ;
; bearing_cnn_demo:u_demo|c2_mem[906][7]        ; Stuck at GND due to stuck port data_in                    ;
; bearing_cnn_demo:u_demo|c2_mem[907][7]        ; Stuck at GND due to stuck port data_in                    ;
; bearing_cnn_demo:u_demo|c2_mem[908][7]        ; Stuck at GND due to stuck port data_in                    ;
; bearing_cnn_demo:u_demo|c2_mem[909][7]        ; Stuck at GND due to stuck port data_in                    ;
; bearing_cnn_demo:u_demo|c2_mem[910][7]        ; Stuck at GND due to stuck port data_in                    ;
; bearing_cnn_demo:u_demo|c2_mem[911][7]        ; Stuck at GND due to stuck port data_in                    ;
; bearing_cnn_demo:u_demo|c2_mem[912][7]        ; Stuck at GND due to stuck port data_in                    ;
; bearing_cnn_demo:u_demo|c2_mem[913][7]        ; Stuck at GND due to stuck port data_in                    ;
; bearing_cnn_demo:u_demo|c2_mem[914][7]        ; Stuck at GND due to stuck port data_in                    ;
; bearing_cnn_demo:u_demo|c2_mem[915][7]        ; Stuck at GND due to stuck port data_in                    ;
; bearing_cnn_demo:u_demo|c2_mem[916][7]        ; Stuck at GND due to stuck port data_in                    ;
; bearing_cnn_demo:u_demo|c2_mem[917][7]        ; Stuck at GND due to stuck port data_in                    ;
; bearing_cnn_demo:u_demo|c2_mem[918][7]        ; Stuck at GND due to stuck port data_in                    ;
; bearing_cnn_demo:u_demo|c2_mem[919][7]        ; Stuck at GND due to stuck port data_in                    ;
; bearing_cnn_demo:u_demo|c2_mem[920][7]        ; Stuck at GND due to stuck port data_in                    ;
; bearing_cnn_demo:u_demo|c2_mem[921][7]        ; Stuck at GND due to stuck port data_in                    ;
; bearing_cnn_demo:u_demo|c2_mem[922][7]        ; Stuck at GND due to stuck port data_in                    ;
; bearing_cnn_demo:u_demo|c2_mem[923][7]        ; Stuck at GND due to stuck port data_in                    ;
; bearing_cnn_demo:u_demo|c2_mem[924][7]        ; Stuck at GND due to stuck port data_in                    ;
; bearing_cnn_demo:u_demo|c2_mem[925][7]        ; Stuck at GND due to stuck port data_in                    ;
; bearing_cnn_demo:u_demo|c2_mem[926][7]        ; Stuck at GND due to stuck port data_in                    ;
; bearing_cnn_demo:u_demo|c2_mem[927][7]        ; Stuck at GND due to stuck port data_in                    ;
; bearing_cnn_demo:u_demo|c2_mem[928][7]        ; Stuck at GND due to stuck port data_in                    ;
; bearing_cnn_demo:u_demo|c2_mem[929][7]        ; Stuck at GND due to stuck port data_in                    ;
; bearing_cnn_demo:u_demo|c2_mem[930][7]        ; Stuck at GND due to stuck port data_in                    ;
; bearing_cnn_demo:u_demo|c2_mem[931][7]        ; Stuck at GND due to stuck port data_in                    ;
; bearing_cnn_demo:u_demo|c2_mem[932][7]        ; Stuck at GND due to stuck port data_in                    ;
; bearing_cnn_demo:u_demo|c2_mem[933][7]        ; Stuck at GND due to stuck port data_in                    ;
; bearing_cnn_demo:u_demo|c2_mem[934][7]        ; Stuck at GND due to stuck port data_in                    ;
; bearing_cnn_demo:u_demo|c2_mem[935][7]        ; Stuck at GND due to stuck port data_in                    ;
; bearing_cnn_demo:u_demo|c2_mem[936][7]        ; Stuck at GND due to stuck port data_in                    ;
; bearing_cnn_demo:u_demo|c2_mem[937][7]        ; Stuck at GND due to stuck port data_in                    ;
; bearing_cnn_demo:u_demo|c2_mem[938][7]        ; Stuck at GND due to stuck port data_in                    ;
; bearing_cnn_demo:u_demo|c2_mem[939][7]        ; Stuck at GND due to stuck port data_in                    ;
; bearing_cnn_demo:u_demo|c2_mem[940][7]        ; Stuck at GND due to stuck port data_in                    ;
; bearing_cnn_demo:u_demo|c2_mem[941][7]        ; Stuck at GND due to stuck port data_in                    ;
; bearing_cnn_demo:u_demo|c2_mem[942][7]        ; Stuck at GND due to stuck port data_in                    ;
; bearing_cnn_demo:u_demo|c2_mem[943][7]        ; Stuck at GND due to stuck port data_in                    ;
; bearing_cnn_demo:u_demo|c2_mem[944][7]        ; Stuck at GND due to stuck port data_in                    ;
; bearing_cnn_demo:u_demo|c2_mem[945][7]        ; Stuck at GND due to stuck port data_in                    ;
; bearing_cnn_demo:u_demo|c2_mem[946][7]        ; Stuck at GND due to stuck port data_in                    ;
; bearing_cnn_demo:u_demo|c2_mem[947][7]        ; Stuck at GND due to stuck port data_in                    ;
; bearing_cnn_demo:u_demo|c2_mem[948][7]        ; Stuck at GND due to stuck port data_in                    ;
; bearing_cnn_demo:u_demo|c2_mem[949][7]        ; Stuck at GND due to stuck port data_in                    ;
; bearing_cnn_demo:u_demo|c2_mem[950][7]        ; Stuck at GND due to stuck port data_in                    ;
; bearing_cnn_demo:u_demo|c2_mem[951][7]        ; Stuck at GND due to stuck port data_in                    ;
; bearing_cnn_demo:u_demo|c2_mem[952][7]        ; Stuck at GND due to stuck port data_in                    ;
; bearing_cnn_demo:u_demo|c2_mem[953][7]        ; Stuck at GND due to stuck port data_in                    ;
; bearing_cnn_demo:u_demo|c2_mem[954][7]        ; Stuck at GND due to stuck port data_in                    ;
; bearing_cnn_demo:u_demo|c2_mem[955][7]        ; Stuck at GND due to stuck port data_in                    ;
; bearing_cnn_demo:u_demo|c2_mem[956][7]        ; Stuck at GND due to stuck port data_in                    ;
; bearing_cnn_demo:u_demo|c2_mem[957][7]        ; Stuck at GND due to stuck port data_in                    ;
; bearing_cnn_demo:u_demo|c2_mem[958][7]        ; Stuck at GND due to stuck port data_in                    ;
; bearing_cnn_demo:u_demo|c2_mem[959][7]        ; Stuck at GND due to stuck port data_in                    ;
; bearing_cnn_demo:u_demo|c2_mem[960][7]        ; Stuck at GND due to stuck port data_in                    ;
; bearing_cnn_demo:u_demo|c2_mem[961][7]        ; Stuck at GND due to stuck port data_in                    ;
; bearing_cnn_demo:u_demo|c2_mem[962][7]        ; Stuck at GND due to stuck port data_in                    ;
; bearing_cnn_demo:u_demo|c2_mem[963][7]        ; Stuck at GND due to stuck port data_in                    ;
; bearing_cnn_demo:u_demo|c2_mem[964][7]        ; Stuck at GND due to stuck port data_in                    ;
; bearing_cnn_demo:u_demo|c2_mem[965][7]        ; Stuck at GND due to stuck port data_in                    ;
; bearing_cnn_demo:u_demo|c2_mem[966][7]        ; Stuck at GND due to stuck port data_in                    ;
; bearing_cnn_demo:u_demo|c2_mem[967][7]        ; Stuck at GND due to stuck port data_in                    ;
; bearing_cnn_demo:u_demo|c2_mem[968][7]        ; Stuck at GND due to stuck port data_in                    ;
; bearing_cnn_demo:u_demo|c2_mem[969][7]        ; Stuck at GND due to stuck port data_in                    ;
; bearing_cnn_demo:u_demo|c2_mem[970][7]        ; Stuck at GND due to stuck port data_in                    ;
; bearing_cnn_demo:u_demo|c2_mem[971][7]        ; Stuck at GND due to stuck port data_in                    ;
; bearing_cnn_demo:u_demo|c2_mem[972][7]        ; Stuck at GND due to stuck port data_in                    ;
; bearing_cnn_demo:u_demo|c2_mem[973][7]        ; Stuck at GND due to stuck port data_in                    ;
; bearing_cnn_demo:u_demo|c2_mem[974][7]        ; Stuck at GND due to stuck port data_in                    ;
; bearing_cnn_demo:u_demo|c2_mem[975][7]        ; Stuck at GND due to stuck port data_in                    ;
; bearing_cnn_demo:u_demo|c2_mem[976][7]        ; Stuck at GND due to stuck port data_in                    ;
; bearing_cnn_demo:u_demo|c2_mem[977][7]        ; Stuck at GND due to stuck port data_in                    ;
; bearing_cnn_demo:u_demo|c2_mem[978][7]        ; Stuck at GND due to stuck port data_in                    ;
; bearing_cnn_demo:u_demo|c2_mem[979][7]        ; Stuck at GND due to stuck port data_in                    ;
; bearing_cnn_demo:u_demo|c2_mem[980][7]        ; Stuck at GND due to stuck port data_in                    ;
; bearing_cnn_demo:u_demo|c2_mem[981][7]        ; Stuck at GND due to stuck port data_in                    ;
; bearing_cnn_demo:u_demo|c2_mem[982][7]        ; Stuck at GND due to stuck port data_in                    ;
; bearing_cnn_demo:u_demo|c2_mem[983][7]        ; Stuck at GND due to stuck port data_in                    ;
; bearing_cnn_demo:u_demo|c2_mem[984][7]        ; Stuck at GND due to stuck port data_in                    ;
; bearing_cnn_demo:u_demo|c2_mem[985][7]        ; Stuck at GND due to stuck port data_in                    ;
; bearing_cnn_demo:u_demo|c2_mem[986][7]        ; Stuck at GND due to stuck port data_in                    ;
; bearing_cnn_demo:u_demo|c2_mem[987][7]        ; Stuck at GND due to stuck port data_in                    ;
; bearing_cnn_demo:u_demo|c2_mem[988][7]        ; Stuck at GND due to stuck port data_in                    ;
; bearing_cnn_demo:u_demo|c2_mem[989][7]        ; Stuck at GND due to stuck port data_in                    ;
; bearing_cnn_demo:u_demo|c2_mem[990][7]        ; Stuck at GND due to stuck port data_in                    ;
; bearing_cnn_demo:u_demo|c2_mem[991][7]        ; Stuck at GND due to stuck port data_in                    ;
; bearing_cnn_demo:u_demo|c2_mem[992][7]        ; Stuck at GND due to stuck port data_in                    ;
; bearing_cnn_demo:u_demo|c2_mem[993][7]        ; Stuck at GND due to stuck port data_in                    ;
; bearing_cnn_demo:u_demo|c2_mem[994][7]        ; Stuck at GND due to stuck port data_in                    ;
; bearing_cnn_demo:u_demo|c2_mem[995][7]        ; Stuck at GND due to stuck port data_in                    ;
; bearing_cnn_demo:u_demo|c2_mem[996][7]        ; Stuck at GND due to stuck port data_in                    ;
; bearing_cnn_demo:u_demo|c2_mem[997][7]        ; Stuck at GND due to stuck port data_in                    ;
; bearing_cnn_demo:u_demo|c2_mem[998][7]        ; Stuck at GND due to stuck port data_in                    ;
; bearing_cnn_demo:u_demo|c2_mem[999][7]        ; Stuck at GND due to stuck port data_in                    ;
; bearing_cnn_demo:u_demo|c2_mem[1000][7]       ; Stuck at GND due to stuck port data_in                    ;
; bearing_cnn_demo:u_demo|c2_mem[1001][7]       ; Stuck at GND due to stuck port data_in                    ;
; bearing_cnn_demo:u_demo|c2_mem[1002][7]       ; Stuck at GND due to stuck port data_in                    ;
; bearing_cnn_demo:u_demo|c2_mem[1003][7]       ; Stuck at GND due to stuck port data_in                    ;
; bearing_cnn_demo:u_demo|c2_mem[1004][7]       ; Stuck at GND due to stuck port data_in                    ;
; bearing_cnn_demo:u_demo|c2_mem[1005][7]       ; Stuck at GND due to stuck port data_in                    ;
; bearing_cnn_demo:u_demo|c2_mem[1006][7]       ; Stuck at GND due to stuck port data_in                    ;
; bearing_cnn_demo:u_demo|c2_mem[1007][7]       ; Stuck at GND due to stuck port data_in                    ;
; bearing_cnn_demo:u_demo|c2_mem[1008][7]       ; Stuck at GND due to stuck port data_in                    ;
; bearing_cnn_demo:u_demo|c2_mem[1009][7]       ; Stuck at GND due to stuck port data_in                    ;
; bearing_cnn_demo:u_demo|c2_mem[1010][7]       ; Stuck at GND due to stuck port data_in                    ;
; bearing_cnn_demo:u_demo|c2_mem[1011][7]       ; Stuck at GND due to stuck port data_in                    ;
; bearing_cnn_demo:u_demo|c2_mem[1012][7]       ; Stuck at GND due to stuck port data_in                    ;
; bearing_cnn_demo:u_demo|c2_mem[1013][7]       ; Stuck at GND due to stuck port data_in                    ;
; bearing_cnn_demo:u_demo|c2_mem[1014][7]       ; Stuck at GND due to stuck port data_in                    ;
; bearing_cnn_demo:u_demo|c2_mem[1015][7]       ; Stuck at GND due to stuck port data_in                    ;
; bearing_cnn_demo:u_demo|c2_mem[1016][7]       ; Stuck at GND due to stuck port data_in                    ;
; bearing_cnn_demo:u_demo|c2_mem[1017][7]       ; Stuck at GND due to stuck port data_in                    ;
; bearing_cnn_demo:u_demo|c2_mem[1018][7]       ; Stuck at GND due to stuck port data_in                    ;
; bearing_cnn_demo:u_demo|c2_mem[1019][7]       ; Stuck at GND due to stuck port data_in                    ;
; bearing_cnn_demo:u_demo|c2_mem[1020][7]       ; Stuck at GND due to stuck port data_in                    ;
; bearing_cnn_demo:u_demo|c2_mem[1021][7]       ; Stuck at GND due to stuck port data_in                    ;
; bearing_cnn_demo:u_demo|c2_mem[1022][7]       ; Stuck at GND due to stuck port data_in                    ;
; bearing_cnn_demo:u_demo|c2_mem[1023][7]       ; Stuck at GND due to stuck port data_in                    ;
; bearing_cnn_demo:u_demo|st~12                 ; Lost fanout                                               ;
; bearing_cnn_demo:u_demo|st~13                 ; Lost fanout                                               ;
; bearing_cnn_demo:u_demo|st~14                 ; Lost fanout                                               ;
; bearing_cnn_demo:u_demo|st~15                 ; Lost fanout                                               ;
; bearing_cnn_demo:u_demo|pool_mem[1016][7]     ; Stuck at GND due to stuck port data_in                    ;
; bearing_cnn_demo:u_demo|pool_mem[1018][7]     ; Stuck at GND due to stuck port data_in                    ;
; bearing_cnn_demo:u_demo|pool_mem[1017][7]     ; Stuck at GND due to stuck port data_in                    ;
; bearing_cnn_demo:u_demo|pool_mem[1019][7]     ; Stuck at GND due to stuck port data_in                    ;
; bearing_cnn_demo:u_demo|pool_mem[24][7]       ; Stuck at GND due to stuck port data_in                    ;
; bearing_cnn_demo:u_demo|pool_mem[26][7]       ; Stuck at GND due to stuck port data_in                    ;
; bearing_cnn_demo:u_demo|pool_mem[25][7]       ; Stuck at GND due to stuck port data_in                    ;
; bearing_cnn_demo:u_demo|pool_mem[27][7]       ; Stuck at GND due to stuck port data_in                    ;
; bearing_cnn_demo:u_demo|pool_mem[120][7]      ; Stuck at GND due to stuck port data_in                    ;
; bearing_cnn_demo:u_demo|pool_mem[122][7]      ; Stuck at GND due to stuck port data_in                    ;
; bearing_cnn_demo:u_demo|pool_mem[121][7]      ; Stuck at GND due to stuck port data_in                    ;
; bearing_cnn_demo:u_demo|pool_mem[123][7]      ; Stuck at GND due to stuck port data_in                    ;
; bearing_cnn_demo:u_demo|pool_mem[152][7]      ; Stuck at GND due to stuck port data_in                    ;
; bearing_cnn_demo:u_demo|pool_mem[154][7]      ; Stuck at GND due to stuck port data_in                    ;
; bearing_cnn_demo:u_demo|pool_mem[153][7]      ; Stuck at GND due to stuck port data_in                    ;
; bearing_cnn_demo:u_demo|pool_mem[155][7]      ; Stuck at GND due to stuck port data_in                    ;
; bearing_cnn_demo:u_demo|pool_mem[56][7]       ; Stuck at GND due to stuck port data_in                    ;
; bearing_cnn_demo:u_demo|pool_mem[58][7]       ; Stuck at GND due to stuck port data_in                    ;
; bearing_cnn_demo:u_demo|pool_mem[57][7]       ; Stuck at GND due to stuck port data_in                    ;
; bearing_cnn_demo:u_demo|pool_mem[59][7]       ; Stuck at GND due to stuck port data_in                    ;
; bearing_cnn_demo:u_demo|pool_mem[88][7]       ; Stuck at GND due to stuck port data_in                    ;
; bearing_cnn_demo:u_demo|pool_mem[90][7]       ; Stuck at GND due to stuck port data_in                    ;
; bearing_cnn_demo:u_demo|pool_mem[89][7]       ; Stuck at GND due to stuck port data_in                    ;
; bearing_cnn_demo:u_demo|pool_mem[91][7]       ; Stuck at GND due to stuck port data_in                    ;
; bearing_cnn_demo:u_demo|pool_mem[184][7]      ; Stuck at GND due to stuck port data_in                    ;
; bearing_cnn_demo:u_demo|pool_mem[186][7]      ; Stuck at GND due to stuck port data_in                    ;
; bearing_cnn_demo:u_demo|pool_mem[185][7]      ; Stuck at GND due to stuck port data_in                    ;
; bearing_cnn_demo:u_demo|pool_mem[187][7]      ; Stuck at GND due to stuck port data_in                    ;
; bearing_cnn_demo:u_demo|pool_mem[216][7]      ; Stuck at GND due to stuck port data_in                    ;
; bearing_cnn_demo:u_demo|pool_mem[218][7]      ; Stuck at GND due to stuck port data_in                    ;
; bearing_cnn_demo:u_demo|pool_mem[217][7]      ; Stuck at GND due to stuck port data_in                    ;
; bearing_cnn_demo:u_demo|pool_mem[219][7]      ; Stuck at GND due to stuck port data_in                    ;
; bearing_cnn_demo:u_demo|pool_mem[1020][7]     ; Stuck at GND due to stuck port data_in                    ;
; bearing_cnn_demo:u_demo|pool_mem[1022][7]     ; Stuck at GND due to stuck port data_in                    ;
; bearing_cnn_demo:u_demo|pool_mem[1021][7]     ; Stuck at GND due to stuck port data_in                    ;
; bearing_cnn_demo:u_demo|pool_mem[1023][7]     ; Stuck at GND due to stuck port data_in                    ;
; bearing_cnn_demo:u_demo|pool_mem[28][7]       ; Stuck at GND due to stuck port data_in                    ;
; bearing_cnn_demo:u_demo|pool_mem[30][7]       ; Stuck at GND due to stuck port data_in                    ;
; bearing_cnn_demo:u_demo|pool_mem[29][7]       ; Stuck at GND due to stuck port data_in                    ;
; bearing_cnn_demo:u_demo|pool_mem[31][7]       ; Stuck at GND due to stuck port data_in                    ;
; bearing_cnn_demo:u_demo|pool_mem[124][7]      ; Stuck at GND due to stuck port data_in                    ;
; bearing_cnn_demo:u_demo|pool_mem[126][7]      ; Stuck at GND due to stuck port data_in                    ;
; bearing_cnn_demo:u_demo|pool_mem[125][7]      ; Stuck at GND due to stuck port data_in                    ;
; bearing_cnn_demo:u_demo|pool_mem[127][7]      ; Stuck at GND due to stuck port data_in                    ;
; bearing_cnn_demo:u_demo|pool_mem[156][7]      ; Stuck at GND due to stuck port data_in                    ;
; bearing_cnn_demo:u_demo|pool_mem[158][7]      ; Stuck at GND due to stuck port data_in                    ;
; bearing_cnn_demo:u_demo|pool_mem[157][7]      ; Stuck at GND due to stuck port data_in                    ;
; bearing_cnn_demo:u_demo|pool_mem[159][7]      ; Stuck at GND due to stuck port data_in                    ;
; bearing_cnn_demo:u_demo|pool_mem[60][7]       ; Stuck at GND due to stuck port data_in                    ;
; bearing_cnn_demo:u_demo|pool_mem[62][7]       ; Stuck at GND due to stuck port data_in                    ;
; bearing_cnn_demo:u_demo|pool_mem[61][7]       ; Stuck at GND due to stuck port data_in                    ;
; bearing_cnn_demo:u_demo|pool_mem[63][7]       ; Stuck at GND due to stuck port data_in                    ;
; bearing_cnn_demo:u_demo|pool_mem[92][7]       ; Stuck at GND due to stuck port data_in                    ;
; bearing_cnn_demo:u_demo|pool_mem[94][7]       ; Stuck at GND due to stuck port data_in                    ;
; bearing_cnn_demo:u_demo|pool_mem[93][7]       ; Stuck at GND due to stuck port data_in                    ;
; bearing_cnn_demo:u_demo|pool_mem[95][7]       ; Stuck at GND due to stuck port data_in                    ;
; bearing_cnn_demo:u_demo|pool_mem[188][7]      ; Stuck at GND due to stuck port data_in                    ;
; bearing_cnn_demo:u_demo|pool_mem[190][7]      ; Stuck at GND due to stuck port data_in                    ;
; bearing_cnn_demo:u_demo|pool_mem[189][7]      ; Stuck at GND due to stuck port data_in                    ;
; bearing_cnn_demo:u_demo|pool_mem[191][7]      ; Stuck at GND due to stuck port data_in                    ;
; bearing_cnn_demo:u_demo|pool_mem[220][7]      ; Stuck at GND due to stuck port data_in                    ;
; bearing_cnn_demo:u_demo|pool_mem[222][7]      ; Stuck at GND due to stuck port data_in                    ;
; bearing_cnn_demo:u_demo|pool_mem[221][7]      ; Stuck at GND due to stuck port data_in                    ;
; bearing_cnn_demo:u_demo|pool_mem[223][7]      ; Stuck at GND due to stuck port data_in                    ;
; bearing_cnn_demo:u_demo|pool_mem[8][7]        ; Stuck at GND due to stuck port data_in                    ;
; bearing_cnn_demo:u_demo|pool_mem[10][7]       ; Stuck at GND due to stuck port data_in                    ;
; bearing_cnn_demo:u_demo|pool_mem[9][7]        ; Stuck at GND due to stuck port data_in                    ;
; bearing_cnn_demo:u_demo|pool_mem[11][7]       ; Stuck at GND due to stuck port data_in                    ;
; bearing_cnn_demo:u_demo|pool_mem[72][7]       ; Stuck at GND due to stuck port data_in                    ;
; bearing_cnn_demo:u_demo|pool_mem[74][7]       ; Stuck at GND due to stuck port data_in                    ;
; bearing_cnn_demo:u_demo|pool_mem[73][7]       ; Stuck at GND due to stuck port data_in                    ;
; bearing_cnn_demo:u_demo|pool_mem[75][7]       ; Stuck at GND due to stuck port data_in                    ;
; bearing_cnn_demo:u_demo|pool_mem[136][7]      ; Stuck at GND due to stuck port data_in                    ;
; bearing_cnn_demo:u_demo|pool_mem[138][7]      ; Stuck at GND due to stuck port data_in                    ;
; bearing_cnn_demo:u_demo|pool_mem[137][7]      ; Stuck at GND due to stuck port data_in                    ;
; bearing_cnn_demo:u_demo|pool_mem[139][7]      ; Stuck at GND due to stuck port data_in                    ;
; bearing_cnn_demo:u_demo|pool_mem[200][7]      ; Stuck at GND due to stuck port data_in                    ;
; bearing_cnn_demo:u_demo|pool_mem[202][7]      ; Stuck at GND due to stuck port data_in                    ;
; bearing_cnn_demo:u_demo|pool_mem[201][7]      ; Stuck at GND due to stuck port data_in                    ;
; bearing_cnn_demo:u_demo|pool_mem[203][7]      ; Stuck at GND due to stuck port data_in                    ;
; bearing_cnn_demo:u_demo|pool_mem[40][7]       ; Stuck at GND due to stuck port data_in                    ;
; bearing_cnn_demo:u_demo|pool_mem[42][7]       ; Stuck at GND due to stuck port data_in                    ;
; bearing_cnn_demo:u_demo|pool_mem[41][7]       ; Stuck at GND due to stuck port data_in                    ;
; bearing_cnn_demo:u_demo|pool_mem[43][7]       ; Stuck at GND due to stuck port data_in                    ;
; bearing_cnn_demo:u_demo|pool_mem[104][7]      ; Stuck at GND due to stuck port data_in                    ;
; bearing_cnn_demo:u_demo|pool_mem[106][7]      ; Stuck at GND due to stuck port data_in                    ;
; bearing_cnn_demo:u_demo|pool_mem[105][7]      ; Stuck at GND due to stuck port data_in                    ;
; bearing_cnn_demo:u_demo|pool_mem[107][7]      ; Stuck at GND due to stuck port data_in                    ;
; bearing_cnn_demo:u_demo|pool_mem[168][7]      ; Stuck at GND due to stuck port data_in                    ;
; bearing_cnn_demo:u_demo|pool_mem[170][7]      ; Stuck at GND due to stuck port data_in                    ;
; bearing_cnn_demo:u_demo|pool_mem[169][7]      ; Stuck at GND due to stuck port data_in                    ;
; bearing_cnn_demo:u_demo|pool_mem[171][7]      ; Stuck at GND due to stuck port data_in                    ;
; bearing_cnn_demo:u_demo|pool_mem[232][7]      ; Stuck at GND due to stuck port data_in                    ;
; bearing_cnn_demo:u_demo|pool_mem[234][7]      ; Stuck at GND due to stuck port data_in                    ;
; bearing_cnn_demo:u_demo|pool_mem[233][7]      ; Stuck at GND due to stuck port data_in                    ;
; bearing_cnn_demo:u_demo|pool_mem[235][7]      ; Stuck at GND due to stuck port data_in                    ;
; bearing_cnn_demo:u_demo|pool_mem[12][7]       ; Stuck at GND due to stuck port data_in                    ;
; bearing_cnn_demo:u_demo|pool_mem[14][7]       ; Stuck at GND due to stuck port data_in                    ;
; bearing_cnn_demo:u_demo|pool_mem[13][7]       ; Stuck at GND due to stuck port data_in                    ;
; bearing_cnn_demo:u_demo|pool_mem[15][7]       ; Stuck at GND due to stuck port data_in                    ;
; bearing_cnn_demo:u_demo|pool_mem[76][7]       ; Stuck at GND due to stuck port data_in                    ;
; bearing_cnn_demo:u_demo|pool_mem[78][7]       ; Stuck at GND due to stuck port data_in                    ;
; bearing_cnn_demo:u_demo|pool_mem[77][7]       ; Stuck at GND due to stuck port data_in                    ;
; bearing_cnn_demo:u_demo|pool_mem[79][7]       ; Stuck at GND due to stuck port data_in                    ;
; bearing_cnn_demo:u_demo|pool_mem[140][7]      ; Stuck at GND due to stuck port data_in                    ;
; bearing_cnn_demo:u_demo|pool_mem[142][7]      ; Stuck at GND due to stuck port data_in                    ;
; bearing_cnn_demo:u_demo|pool_mem[141][7]      ; Stuck at GND due to stuck port data_in                    ;
; bearing_cnn_demo:u_demo|pool_mem[143][7]      ; Stuck at GND due to stuck port data_in                    ;
; bearing_cnn_demo:u_demo|pool_mem[204][7]      ; Stuck at GND due to stuck port data_in                    ;
; bearing_cnn_demo:u_demo|pool_mem[206][7]      ; Stuck at GND due to stuck port data_in                    ;
; bearing_cnn_demo:u_demo|pool_mem[205][7]      ; Stuck at GND due to stuck port data_in                    ;
; bearing_cnn_demo:u_demo|pool_mem[207][7]      ; Stuck at GND due to stuck port data_in                    ;
; bearing_cnn_demo:u_demo|pool_mem[44][7]       ; Stuck at GND due to stuck port data_in                    ;
; bearing_cnn_demo:u_demo|pool_mem[46][7]       ; Stuck at GND due to stuck port data_in                    ;
; bearing_cnn_demo:u_demo|pool_mem[45][7]       ; Stuck at GND due to stuck port data_in                    ;
; bearing_cnn_demo:u_demo|pool_mem[47][7]       ; Stuck at GND due to stuck port data_in                    ;
; bearing_cnn_demo:u_demo|pool_mem[108][7]      ; Stuck at GND due to stuck port data_in                    ;
; bearing_cnn_demo:u_demo|pool_mem[110][7]      ; Stuck at GND due to stuck port data_in                    ;
; bearing_cnn_demo:u_demo|pool_mem[109][7]      ; Stuck at GND due to stuck port data_in                    ;
; bearing_cnn_demo:u_demo|pool_mem[111][7]      ; Stuck at GND due to stuck port data_in                    ;
; bearing_cnn_demo:u_demo|pool_mem[172][7]      ; Stuck at GND due to stuck port data_in                    ;
; bearing_cnn_demo:u_demo|pool_mem[174][7]      ; Stuck at GND due to stuck port data_in                    ;
; bearing_cnn_demo:u_demo|pool_mem[173][7]      ; Stuck at GND due to stuck port data_in                    ;
; bearing_cnn_demo:u_demo|pool_mem[175][7]      ; Stuck at GND due to stuck port data_in                    ;
; bearing_cnn_demo:u_demo|pool_mem[236][7]      ; Stuck at GND due to stuck port data_in                    ;
; bearing_cnn_demo:u_demo|pool_mem[238][7]      ; Stuck at GND due to stuck port data_in                    ;
; bearing_cnn_demo:u_demo|pool_mem[237][7]      ; Stuck at GND due to stuck port data_in                    ;
; bearing_cnn_demo:u_demo|pool_mem[239][7]      ; Stuck at GND due to stuck port data_in                    ;
; bearing_cnn_demo:u_demo|pool_mem[0][7]        ; Stuck at GND due to stuck port data_in                    ;
; bearing_cnn_demo:u_demo|pool_mem[2][7]        ; Stuck at GND due to stuck port data_in                    ;
; bearing_cnn_demo:u_demo|pool_mem[1][7]        ; Stuck at GND due to stuck port data_in                    ;
; bearing_cnn_demo:u_demo|pool_mem[3][7]        ; Stuck at GND due to stuck port data_in                    ;
; bearing_cnn_demo:u_demo|pool_mem[64][7]       ; Stuck at GND due to stuck port data_in                    ;
; bearing_cnn_demo:u_demo|pool_mem[66][7]       ; Stuck at GND due to stuck port data_in                    ;
; bearing_cnn_demo:u_demo|pool_mem[65][7]       ; Stuck at GND due to stuck port data_in                    ;
; bearing_cnn_demo:u_demo|pool_mem[67][7]       ; Stuck at GND due to stuck port data_in                    ;
; bearing_cnn_demo:u_demo|pool_mem[32][7]       ; Stuck at GND due to stuck port data_in                    ;
; bearing_cnn_demo:u_demo|pool_mem[34][7]       ; Stuck at GND due to stuck port data_in                    ;
; bearing_cnn_demo:u_demo|pool_mem[33][7]       ; Stuck at GND due to stuck port data_in                    ;
; bearing_cnn_demo:u_demo|pool_mem[35][7]       ; Stuck at GND due to stuck port data_in                    ;
; bearing_cnn_demo:u_demo|pool_mem[96][7]       ; Stuck at GND due to stuck port data_in                    ;
; bearing_cnn_demo:u_demo|pool_mem[98][7]       ; Stuck at GND due to stuck port data_in                    ;
; bearing_cnn_demo:u_demo|pool_mem[97][7]       ; Stuck at GND due to stuck port data_in                    ;
; bearing_cnn_demo:u_demo|pool_mem[99][7]       ; Stuck at GND due to stuck port data_in                    ;
; bearing_cnn_demo:u_demo|pool_mem[4][7]        ; Stuck at GND due to stuck port data_in                    ;
; bearing_cnn_demo:u_demo|pool_mem[6][7]        ; Stuck at GND due to stuck port data_in                    ;
; bearing_cnn_demo:u_demo|pool_mem[5][7]        ; Stuck at GND due to stuck port data_in                    ;
; bearing_cnn_demo:u_demo|pool_mem[7][7]        ; Stuck at GND due to stuck port data_in                    ;
; bearing_cnn_demo:u_demo|pool_mem[68][7]       ; Stuck at GND due to stuck port data_in                    ;
; bearing_cnn_demo:u_demo|pool_mem[70][7]       ; Stuck at GND due to stuck port data_in                    ;
; bearing_cnn_demo:u_demo|pool_mem[69][7]       ; Stuck at GND due to stuck port data_in                    ;
; bearing_cnn_demo:u_demo|pool_mem[71][7]       ; Stuck at GND due to stuck port data_in                    ;
; bearing_cnn_demo:u_demo|pool_mem[36][7]       ; Stuck at GND due to stuck port data_in                    ;
; bearing_cnn_demo:u_demo|pool_mem[38][7]       ; Stuck at GND due to stuck port data_in                    ;
; bearing_cnn_demo:u_demo|pool_mem[37][7]       ; Stuck at GND due to stuck port data_in                    ;
; bearing_cnn_demo:u_demo|pool_mem[39][7]       ; Stuck at GND due to stuck port data_in                    ;
; bearing_cnn_demo:u_demo|pool_mem[100][7]      ; Stuck at GND due to stuck port data_in                    ;
; bearing_cnn_demo:u_demo|pool_mem[102][7]      ; Stuck at GND due to stuck port data_in                    ;
; bearing_cnn_demo:u_demo|pool_mem[101][7]      ; Stuck at GND due to stuck port data_in                    ;
; bearing_cnn_demo:u_demo|pool_mem[103][7]      ; Stuck at GND due to stuck port data_in                    ;
; bearing_cnn_demo:u_demo|pool_mem[128][7]      ; Stuck at GND due to stuck port data_in                    ;
; bearing_cnn_demo:u_demo|pool_mem[130][7]      ; Stuck at GND due to stuck port data_in                    ;
; bearing_cnn_demo:u_demo|pool_mem[129][7]      ; Stuck at GND due to stuck port data_in                    ;
; bearing_cnn_demo:u_demo|pool_mem[131][7]      ; Stuck at GND due to stuck port data_in                    ;
; bearing_cnn_demo:u_demo|pool_mem[192][7]      ; Stuck at GND due to stuck port data_in                    ;
; bearing_cnn_demo:u_demo|pool_mem[194][7]      ; Stuck at GND due to stuck port data_in                    ;
; bearing_cnn_demo:u_demo|pool_mem[193][7]      ; Stuck at GND due to stuck port data_in                    ;
; bearing_cnn_demo:u_demo|pool_mem[195][7]      ; Stuck at GND due to stuck port data_in                    ;
; bearing_cnn_demo:u_demo|pool_mem[160][7]      ; Stuck at GND due to stuck port data_in                    ;
; bearing_cnn_demo:u_demo|pool_mem[162][7]      ; Stuck at GND due to stuck port data_in                    ;
; bearing_cnn_demo:u_demo|pool_mem[161][7]      ; Stuck at GND due to stuck port data_in                    ;
; bearing_cnn_demo:u_demo|pool_mem[163][7]      ; Stuck at GND due to stuck port data_in                    ;
; bearing_cnn_demo:u_demo|pool_mem[224][7]      ; Stuck at GND due to stuck port data_in                    ;
; bearing_cnn_demo:u_demo|pool_mem[226][7]      ; Stuck at GND due to stuck port data_in                    ;
; bearing_cnn_demo:u_demo|pool_mem[225][7]      ; Stuck at GND due to stuck port data_in                    ;
; bearing_cnn_demo:u_demo|pool_mem[227][7]      ; Stuck at GND due to stuck port data_in                    ;
; bearing_cnn_demo:u_demo|pool_mem[132][7]      ; Stuck at GND due to stuck port data_in                    ;
; bearing_cnn_demo:u_demo|pool_mem[134][7]      ; Stuck at GND due to stuck port data_in                    ;
; bearing_cnn_demo:u_demo|pool_mem[133][7]      ; Stuck at GND due to stuck port data_in                    ;
; bearing_cnn_demo:u_demo|pool_mem[135][7]      ; Stuck at GND due to stuck port data_in                    ;
; bearing_cnn_demo:u_demo|pool_mem[196][7]      ; Stuck at GND due to stuck port data_in                    ;
; bearing_cnn_demo:u_demo|pool_mem[198][7]      ; Stuck at GND due to stuck port data_in                    ;
; bearing_cnn_demo:u_demo|pool_mem[197][7]      ; Stuck at GND due to stuck port data_in                    ;
; bearing_cnn_demo:u_demo|pool_mem[199][7]      ; Stuck at GND due to stuck port data_in                    ;
; bearing_cnn_demo:u_demo|pool_mem[164][7]      ; Stuck at GND due to stuck port data_in                    ;
; bearing_cnn_demo:u_demo|pool_mem[166][7]      ; Stuck at GND due to stuck port data_in                    ;
; bearing_cnn_demo:u_demo|pool_mem[165][7]      ; Stuck at GND due to stuck port data_in                    ;
; bearing_cnn_demo:u_demo|pool_mem[167][7]      ; Stuck at GND due to stuck port data_in                    ;
; bearing_cnn_demo:u_demo|pool_mem[228][7]      ; Stuck at GND due to stuck port data_in                    ;
; bearing_cnn_demo:u_demo|pool_mem[230][7]      ; Stuck at GND due to stuck port data_in                    ;
; bearing_cnn_demo:u_demo|pool_mem[229][7]      ; Stuck at GND due to stuck port data_in                    ;
; bearing_cnn_demo:u_demo|pool_mem[231][7]      ; Stuck at GND due to stuck port data_in                    ;
; bearing_cnn_demo:u_demo|pool_mem[16][7]       ; Stuck at GND due to stuck port data_in                    ;
; bearing_cnn_demo:u_demo|pool_mem[18][7]       ; Stuck at GND due to stuck port data_in                    ;
; bearing_cnn_demo:u_demo|pool_mem[17][7]       ; Stuck at GND due to stuck port data_in                    ;
; bearing_cnn_demo:u_demo|pool_mem[19][7]       ; Stuck at GND due to stuck port data_in                    ;
; bearing_cnn_demo:u_demo|pool_mem[20][7]       ; Stuck at GND due to stuck port data_in                    ;
; bearing_cnn_demo:u_demo|pool_mem[22][7]       ; Stuck at GND due to stuck port data_in                    ;
; bearing_cnn_demo:u_demo|pool_mem[21][7]       ; Stuck at GND due to stuck port data_in                    ;
; bearing_cnn_demo:u_demo|pool_mem[23][7]       ; Stuck at GND due to stuck port data_in                    ;
; bearing_cnn_demo:u_demo|pool_mem[144][7]      ; Stuck at GND due to stuck port data_in                    ;
; bearing_cnn_demo:u_demo|pool_mem[146][7]      ; Stuck at GND due to stuck port data_in                    ;
; bearing_cnn_demo:u_demo|pool_mem[145][7]      ; Stuck at GND due to stuck port data_in                    ;
; bearing_cnn_demo:u_demo|pool_mem[147][7]      ; Stuck at GND due to stuck port data_in                    ;
; bearing_cnn_demo:u_demo|pool_mem[148][7]      ; Stuck at GND due to stuck port data_in                    ;
; bearing_cnn_demo:u_demo|pool_mem[150][7]      ; Stuck at GND due to stuck port data_in                    ;
; bearing_cnn_demo:u_demo|pool_mem[149][7]      ; Stuck at GND due to stuck port data_in                    ;
; bearing_cnn_demo:u_demo|pool_mem[151][7]      ; Stuck at GND due to stuck port data_in                    ;
; bearing_cnn_demo:u_demo|pool_mem[80][7]       ; Stuck at GND due to stuck port data_in                    ;
; bearing_cnn_demo:u_demo|pool_mem[82][7]       ; Stuck at GND due to stuck port data_in                    ;
; bearing_cnn_demo:u_demo|pool_mem[81][7]       ; Stuck at GND due to stuck port data_in                    ;
; bearing_cnn_demo:u_demo|pool_mem[83][7]       ; Stuck at GND due to stuck port data_in                    ;
; bearing_cnn_demo:u_demo|pool_mem[84][7]       ; Stuck at GND due to stuck port data_in                    ;
; bearing_cnn_demo:u_demo|pool_mem[86][7]       ; Stuck at GND due to stuck port data_in                    ;
; bearing_cnn_demo:u_demo|pool_mem[85][7]       ; Stuck at GND due to stuck port data_in                    ;
; bearing_cnn_demo:u_demo|pool_mem[87][7]       ; Stuck at GND due to stuck port data_in                    ;
; bearing_cnn_demo:u_demo|pool_mem[208][7]      ; Stuck at GND due to stuck port data_in                    ;
; bearing_cnn_demo:u_demo|pool_mem[210][7]      ; Stuck at GND due to stuck port data_in                    ;
; bearing_cnn_demo:u_demo|pool_mem[209][7]      ; Stuck at GND due to stuck port data_in                    ;
; bearing_cnn_demo:u_demo|pool_mem[211][7]      ; Stuck at GND due to stuck port data_in                    ;
; bearing_cnn_demo:u_demo|pool_mem[212][7]      ; Stuck at GND due to stuck port data_in                    ;
; bearing_cnn_demo:u_demo|pool_mem[214][7]      ; Stuck at GND due to stuck port data_in                    ;
; bearing_cnn_demo:u_demo|pool_mem[213][7]      ; Stuck at GND due to stuck port data_in                    ;
; bearing_cnn_demo:u_demo|pool_mem[215][7]      ; Stuck at GND due to stuck port data_in                    ;
; bearing_cnn_demo:u_demo|pool_mem[48][7]       ; Stuck at GND due to stuck port data_in                    ;
; bearing_cnn_demo:u_demo|pool_mem[50][7]       ; Stuck at GND due to stuck port data_in                    ;
; bearing_cnn_demo:u_demo|pool_mem[49][7]       ; Stuck at GND due to stuck port data_in                    ;
; bearing_cnn_demo:u_demo|pool_mem[51][7]       ; Stuck at GND due to stuck port data_in                    ;
; bearing_cnn_demo:u_demo|pool_mem[52][7]       ; Stuck at GND due to stuck port data_in                    ;
; bearing_cnn_demo:u_demo|pool_mem[54][7]       ; Stuck at GND due to stuck port data_in                    ;
; bearing_cnn_demo:u_demo|pool_mem[53][7]       ; Stuck at GND due to stuck port data_in                    ;
; bearing_cnn_demo:u_demo|pool_mem[55][7]       ; Stuck at GND due to stuck port data_in                    ;
; bearing_cnn_demo:u_demo|pool_mem[176][7]      ; Stuck at GND due to stuck port data_in                    ;
; bearing_cnn_demo:u_demo|pool_mem[178][7]      ; Stuck at GND due to stuck port data_in                    ;
; bearing_cnn_demo:u_demo|pool_mem[177][7]      ; Stuck at GND due to stuck port data_in                    ;
; bearing_cnn_demo:u_demo|pool_mem[179][7]      ; Stuck at GND due to stuck port data_in                    ;
; bearing_cnn_demo:u_demo|pool_mem[180][7]      ; Stuck at GND due to stuck port data_in                    ;
; bearing_cnn_demo:u_demo|pool_mem[182][7]      ; Stuck at GND due to stuck port data_in                    ;
; bearing_cnn_demo:u_demo|pool_mem[181][7]      ; Stuck at GND due to stuck port data_in                    ;
; bearing_cnn_demo:u_demo|pool_mem[183][7]      ; Stuck at GND due to stuck port data_in                    ;
; bearing_cnn_demo:u_demo|pool_mem[112][7]      ; Stuck at GND due to stuck port data_in                    ;
; bearing_cnn_demo:u_demo|pool_mem[114][7]      ; Stuck at GND due to stuck port data_in                    ;
; bearing_cnn_demo:u_demo|pool_mem[113][7]      ; Stuck at GND due to stuck port data_in                    ;
; bearing_cnn_demo:u_demo|pool_mem[115][7]      ; Stuck at GND due to stuck port data_in                    ;
; bearing_cnn_demo:u_demo|pool_mem[116][7]      ; Stuck at GND due to stuck port data_in                    ;
; bearing_cnn_demo:u_demo|pool_mem[118][7]      ; Stuck at GND due to stuck port data_in                    ;
; bearing_cnn_demo:u_demo|pool_mem[117][7]      ; Stuck at GND due to stuck port data_in                    ;
; bearing_cnn_demo:u_demo|pool_mem[119][7]      ; Stuck at GND due to stuck port data_in                    ;
; bearing_cnn_demo:u_demo|pool_mem[240][7]      ; Stuck at GND due to stuck port data_in                    ;
; bearing_cnn_demo:u_demo|pool_mem[242][7]      ; Stuck at GND due to stuck port data_in                    ;
; bearing_cnn_demo:u_demo|pool_mem[241][7]      ; Stuck at GND due to stuck port data_in                    ;
; bearing_cnn_demo:u_demo|pool_mem[243][7]      ; Stuck at GND due to stuck port data_in                    ;
; bearing_cnn_demo:u_demo|pool_mem[244][7]      ; Stuck at GND due to stuck port data_in                    ;
; bearing_cnn_demo:u_demo|pool_mem[246][7]      ; Stuck at GND due to stuck port data_in                    ;
; bearing_cnn_demo:u_demo|pool_mem[245][7]      ; Stuck at GND due to stuck port data_in                    ;
; bearing_cnn_demo:u_demo|pool_mem[247][7]      ; Stuck at GND due to stuck port data_in                    ;
; bearing_cnn_demo:u_demo|pool_mem[248][7]      ; Stuck at GND due to stuck port data_in                    ;
; bearing_cnn_demo:u_demo|pool_mem[250][7]      ; Stuck at GND due to stuck port data_in                    ;
; bearing_cnn_demo:u_demo|pool_mem[249][7]      ; Stuck at GND due to stuck port data_in                    ;
; bearing_cnn_demo:u_demo|pool_mem[251][7]      ; Stuck at GND due to stuck port data_in                    ;
; bearing_cnn_demo:u_demo|pool_mem[264][7]      ; Stuck at GND due to stuck port data_in                    ;
; bearing_cnn_demo:u_demo|pool_mem[266][7]      ; Stuck at GND due to stuck port data_in                    ;
; bearing_cnn_demo:u_demo|pool_mem[265][7]      ; Stuck at GND due to stuck port data_in                    ;
; bearing_cnn_demo:u_demo|pool_mem[267][7]      ; Stuck at GND due to stuck port data_in                    ;
; bearing_cnn_demo:u_demo|pool_mem[280][7]      ; Stuck at GND due to stuck port data_in                    ;
; bearing_cnn_demo:u_demo|pool_mem[282][7]      ; Stuck at GND due to stuck port data_in                    ;
; bearing_cnn_demo:u_demo|pool_mem[281][7]      ; Stuck at GND due to stuck port data_in                    ;
; bearing_cnn_demo:u_demo|pool_mem[283][7]      ; Stuck at GND due to stuck port data_in                    ;
; bearing_cnn_demo:u_demo|pool_mem[296][7]      ; Stuck at GND due to stuck port data_in                    ;
; bearing_cnn_demo:u_demo|pool_mem[298][7]      ; Stuck at GND due to stuck port data_in                    ;
; bearing_cnn_demo:u_demo|pool_mem[297][7]      ; Stuck at GND due to stuck port data_in                    ;
; bearing_cnn_demo:u_demo|pool_mem[299][7]      ; Stuck at GND due to stuck port data_in                    ;
; bearing_cnn_demo:u_demo|pool_mem[252][7]      ; Stuck at GND due to stuck port data_in                    ;
; bearing_cnn_demo:u_demo|pool_mem[254][7]      ; Stuck at GND due to stuck port data_in                    ;
; bearing_cnn_demo:u_demo|pool_mem[253][7]      ; Stuck at GND due to stuck port data_in                    ;
; bearing_cnn_demo:u_demo|pool_mem[255][7]      ; Stuck at GND due to stuck port data_in                    ;
; bearing_cnn_demo:u_demo|pool_mem[268][7]      ; Stuck at GND due to stuck port data_in                    ;
; bearing_cnn_demo:u_demo|pool_mem[270][7]      ; Stuck at GND due to stuck port data_in                    ;
; bearing_cnn_demo:u_demo|pool_mem[269][7]      ; Stuck at GND due to stuck port data_in                    ;
; bearing_cnn_demo:u_demo|pool_mem[271][7]      ; Stuck at GND due to stuck port data_in                    ;
; bearing_cnn_demo:u_demo|pool_mem[284][7]      ; Stuck at GND due to stuck port data_in                    ;
; bearing_cnn_demo:u_demo|pool_mem[286][7]      ; Stuck at GND due to stuck port data_in                    ;
; bearing_cnn_demo:u_demo|pool_mem[285][7]      ; Stuck at GND due to stuck port data_in                    ;
; bearing_cnn_demo:u_demo|pool_mem[287][7]      ; Stuck at GND due to stuck port data_in                    ;
; bearing_cnn_demo:u_demo|pool_mem[300][7]      ; Stuck at GND due to stuck port data_in                    ;
; bearing_cnn_demo:u_demo|pool_mem[302][7]      ; Stuck at GND due to stuck port data_in                    ;
; bearing_cnn_demo:u_demo|pool_mem[301][7]      ; Stuck at GND due to stuck port data_in                    ;
; bearing_cnn_demo:u_demo|pool_mem[303][7]      ; Stuck at GND due to stuck port data_in                    ;
; bearing_cnn_demo:u_demo|pool_mem[376][7]      ; Stuck at GND due to stuck port data_in                    ;
; bearing_cnn_demo:u_demo|pool_mem[408][7]      ; Stuck at GND due to stuck port data_in                    ;
; bearing_cnn_demo:u_demo|pool_mem[378][7]      ; Stuck at GND due to stuck port data_in                    ;
; bearing_cnn_demo:u_demo|pool_mem[410][7]      ; Stuck at GND due to stuck port data_in                    ;
; bearing_cnn_demo:u_demo|pool_mem[392][7]      ; Stuck at GND due to stuck port data_in                    ;
; bearing_cnn_demo:u_demo|pool_mem[424][7]      ; Stuck at GND due to stuck port data_in                    ;
; bearing_cnn_demo:u_demo|pool_mem[394][7]      ; Stuck at GND due to stuck port data_in                    ;
; bearing_cnn_demo:u_demo|pool_mem[426][7]      ; Stuck at GND due to stuck port data_in                    ;
; bearing_cnn_demo:u_demo|pool_mem[377][7]      ; Stuck at GND due to stuck port data_in                    ;
; bearing_cnn_demo:u_demo|pool_mem[409][7]      ; Stuck at GND due to stuck port data_in                    ;
; bearing_cnn_demo:u_demo|pool_mem[379][7]      ; Stuck at GND due to stuck port data_in                    ;
; bearing_cnn_demo:u_demo|pool_mem[411][7]      ; Stuck at GND due to stuck port data_in                    ;
; bearing_cnn_demo:u_demo|pool_mem[393][7]      ; Stuck at GND due to stuck port data_in                    ;
; bearing_cnn_demo:u_demo|pool_mem[425][7]      ; Stuck at GND due to stuck port data_in                    ;
; bearing_cnn_demo:u_demo|pool_mem[395][7]      ; Stuck at GND due to stuck port data_in                    ;
; bearing_cnn_demo:u_demo|pool_mem[427][7]      ; Stuck at GND due to stuck port data_in                    ;
; bearing_cnn_demo:u_demo|pool_mem[380][7]      ; Stuck at GND due to stuck port data_in                    ;
; bearing_cnn_demo:u_demo|pool_mem[412][7]      ; Stuck at GND due to stuck port data_in                    ;
; bearing_cnn_demo:u_demo|pool_mem[382][7]      ; Stuck at GND due to stuck port data_in                    ;
; bearing_cnn_demo:u_demo|pool_mem[414][7]      ; Stuck at GND due to stuck port data_in                    ;
; bearing_cnn_demo:u_demo|pool_mem[396][7]      ; Stuck at GND due to stuck port data_in                    ;
; bearing_cnn_demo:u_demo|pool_mem[428][7]      ; Stuck at GND due to stuck port data_in                    ;
; bearing_cnn_demo:u_demo|pool_mem[398][7]      ; Stuck at GND due to stuck port data_in                    ;
; bearing_cnn_demo:u_demo|pool_mem[430][7]      ; Stuck at GND due to stuck port data_in                    ;
; bearing_cnn_demo:u_demo|pool_mem[381][7]      ; Stuck at GND due to stuck port data_in                    ;
; bearing_cnn_demo:u_demo|pool_mem[413][7]      ; Stuck at GND due to stuck port data_in                    ;
; bearing_cnn_demo:u_demo|pool_mem[383][7]      ; Stuck at GND due to stuck port data_in                    ;
; bearing_cnn_demo:u_demo|pool_mem[415][7]      ; Stuck at GND due to stuck port data_in                    ;
; bearing_cnn_demo:u_demo|pool_mem[397][7]      ; Stuck at GND due to stuck port data_in                    ;
; bearing_cnn_demo:u_demo|pool_mem[429][7]      ; Stuck at GND due to stuck port data_in                    ;
; bearing_cnn_demo:u_demo|pool_mem[399][7]      ; Stuck at GND due to stuck port data_in                    ;
; bearing_cnn_demo:u_demo|pool_mem[431][7]      ; Stuck at GND due to stuck port data_in                    ;
; bearing_cnn_demo:u_demo|pool_mem[256][7]      ; Stuck at GND due to stuck port data_in                    ;
; bearing_cnn_demo:u_demo|pool_mem[258][7]      ; Stuck at GND due to stuck port data_in                    ;
; bearing_cnn_demo:u_demo|pool_mem[257][7]      ; Stuck at GND due to stuck port data_in                    ;
; bearing_cnn_demo:u_demo|pool_mem[259][7]      ; Stuck at GND due to stuck port data_in                    ;
; bearing_cnn_demo:u_demo|pool_mem[272][7]      ; Stuck at GND due to stuck port data_in                    ;
; bearing_cnn_demo:u_demo|pool_mem[274][7]      ; Stuck at GND due to stuck port data_in                    ;
; bearing_cnn_demo:u_demo|pool_mem[273][7]      ; Stuck at GND due to stuck port data_in                    ;
; bearing_cnn_demo:u_demo|pool_mem[275][7]      ; Stuck at GND due to stuck port data_in                    ;
; bearing_cnn_demo:u_demo|pool_mem[384][7]      ; Stuck at GND due to stuck port data_in                    ;
; bearing_cnn_demo:u_demo|pool_mem[386][7]      ; Stuck at GND due to stuck port data_in                    ;
; bearing_cnn_demo:u_demo|pool_mem[385][7]      ; Stuck at GND due to stuck port data_in                    ;
; bearing_cnn_demo:u_demo|pool_mem[387][7]      ; Stuck at GND due to stuck port data_in                    ;
; bearing_cnn_demo:u_demo|pool_mem[400][7]      ; Stuck at GND due to stuck port data_in                    ;
; bearing_cnn_demo:u_demo|pool_mem[402][7]      ; Stuck at GND due to stuck port data_in                    ;
; bearing_cnn_demo:u_demo|pool_mem[401][7]      ; Stuck at GND due to stuck port data_in                    ;
; bearing_cnn_demo:u_demo|pool_mem[403][7]      ; Stuck at GND due to stuck port data_in                    ;
; bearing_cnn_demo:u_demo|pool_mem[288][7]      ; Stuck at GND due to stuck port data_in                    ;
; bearing_cnn_demo:u_demo|pool_mem[304][7]      ; Stuck at GND due to stuck port data_in                    ;
; bearing_cnn_demo:u_demo|pool_mem[290][7]      ; Stuck at GND due to stuck port data_in                    ;
; bearing_cnn_demo:u_demo|pool_mem[306][7]      ; Stuck at GND due to stuck port data_in                    ;
; bearing_cnn_demo:u_demo|pool_mem[416][7]      ; Stuck at GND due to stuck port data_in                    ;
; bearing_cnn_demo:u_demo|pool_mem[432][7]      ; Stuck at GND due to stuck port data_in                    ;
; bearing_cnn_demo:u_demo|pool_mem[418][7]      ; Stuck at GND due to stuck port data_in                    ;
; bearing_cnn_demo:u_demo|pool_mem[434][7]      ; Stuck at GND due to stuck port data_in                    ;
; bearing_cnn_demo:u_demo|pool_mem[289][7]      ; Stuck at GND due to stuck port data_in                    ;
; bearing_cnn_demo:u_demo|pool_mem[305][7]      ; Stuck at GND due to stuck port data_in                    ;
; bearing_cnn_demo:u_demo|pool_mem[291][7]      ; Stuck at GND due to stuck port data_in                    ;
; bearing_cnn_demo:u_demo|pool_mem[307][7]      ; Stuck at GND due to stuck port data_in                    ;
; bearing_cnn_demo:u_demo|pool_mem[417][7]      ; Stuck at GND due to stuck port data_in                    ;
; bearing_cnn_demo:u_demo|pool_mem[433][7]      ; Stuck at GND due to stuck port data_in                    ;
; bearing_cnn_demo:u_demo|pool_mem[419][7]      ; Stuck at GND due to stuck port data_in                    ;
; bearing_cnn_demo:u_demo|pool_mem[435][7]      ; Stuck at GND due to stuck port data_in                    ;
; bearing_cnn_demo:u_demo|pool_mem[260][7]      ; Stuck at GND due to stuck port data_in                    ;
; bearing_cnn_demo:u_demo|pool_mem[276][7]      ; Stuck at GND due to stuck port data_in                    ;
; bearing_cnn_demo:u_demo|pool_mem[261][7]      ; Stuck at GND due to stuck port data_in                    ;
; bearing_cnn_demo:u_demo|pool_mem[277][7]      ; Stuck at GND due to stuck port data_in                    ;
; bearing_cnn_demo:u_demo|pool_mem[388][7]      ; Stuck at GND due to stuck port data_in                    ;
; bearing_cnn_demo:u_demo|pool_mem[404][7]      ; Stuck at GND due to stuck port data_in                    ;
; bearing_cnn_demo:u_demo|pool_mem[389][7]      ; Stuck at GND due to stuck port data_in                    ;
; bearing_cnn_demo:u_demo|pool_mem[405][7]      ; Stuck at GND due to stuck port data_in                    ;
; bearing_cnn_demo:u_demo|pool_mem[262][7]      ; Stuck at GND due to stuck port data_in                    ;
; bearing_cnn_demo:u_demo|pool_mem[278][7]      ; Stuck at GND due to stuck port data_in                    ;
; bearing_cnn_demo:u_demo|pool_mem[263][7]      ; Stuck at GND due to stuck port data_in                    ;
; bearing_cnn_demo:u_demo|pool_mem[279][7]      ; Stuck at GND due to stuck port data_in                    ;
; bearing_cnn_demo:u_demo|pool_mem[390][7]      ; Stuck at GND due to stuck port data_in                    ;
; bearing_cnn_demo:u_demo|pool_mem[406][7]      ; Stuck at GND due to stuck port data_in                    ;
; bearing_cnn_demo:u_demo|pool_mem[391][7]      ; Stuck at GND due to stuck port data_in                    ;
; bearing_cnn_demo:u_demo|pool_mem[407][7]      ; Stuck at GND due to stuck port data_in                    ;
; bearing_cnn_demo:u_demo|pool_mem[292][7]      ; Stuck at GND due to stuck port data_in                    ;
; bearing_cnn_demo:u_demo|pool_mem[294][7]      ; Stuck at GND due to stuck port data_in                    ;
; bearing_cnn_demo:u_demo|pool_mem[293][7]      ; Stuck at GND due to stuck port data_in                    ;
; bearing_cnn_demo:u_demo|pool_mem[295][7]      ; Stuck at GND due to stuck port data_in                    ;
; bearing_cnn_demo:u_demo|pool_mem[308][7]      ; Stuck at GND due to stuck port data_in                    ;
; bearing_cnn_demo:u_demo|pool_mem[310][7]      ; Stuck at GND due to stuck port data_in                    ;
; bearing_cnn_demo:u_demo|pool_mem[309][7]      ; Stuck at GND due to stuck port data_in                    ;
; bearing_cnn_demo:u_demo|pool_mem[311][7]      ; Stuck at GND due to stuck port data_in                    ;
; bearing_cnn_demo:u_demo|pool_mem[420][7]      ; Stuck at GND due to stuck port data_in                    ;
; bearing_cnn_demo:u_demo|pool_mem[422][7]      ; Stuck at GND due to stuck port data_in                    ;
; bearing_cnn_demo:u_demo|pool_mem[421][7]      ; Stuck at GND due to stuck port data_in                    ;
; bearing_cnn_demo:u_demo|pool_mem[423][7]      ; Stuck at GND due to stuck port data_in                    ;
; bearing_cnn_demo:u_demo|pool_mem[436][7]      ; Stuck at GND due to stuck port data_in                    ;
; bearing_cnn_demo:u_demo|pool_mem[438][7]      ; Stuck at GND due to stuck port data_in                    ;
; bearing_cnn_demo:u_demo|pool_mem[437][7]      ; Stuck at GND due to stuck port data_in                    ;
; bearing_cnn_demo:u_demo|pool_mem[439][7]      ; Stuck at GND due to stuck port data_in                    ;
; bearing_cnn_demo:u_demo|pool_mem[312][7]      ; Stuck at GND due to stuck port data_in                    ;
; bearing_cnn_demo:u_demo|pool_mem[314][7]      ; Stuck at GND due to stuck port data_in                    ;
; bearing_cnn_demo:u_demo|pool_mem[313][7]      ; Stuck at GND due to stuck port data_in                    ;
; bearing_cnn_demo:u_demo|pool_mem[315][7]      ; Stuck at GND due to stuck port data_in                    ;
; bearing_cnn_demo:u_demo|pool_mem[316][7]      ; Stuck at GND due to stuck port data_in                    ;
; bearing_cnn_demo:u_demo|pool_mem[318][7]      ; Stuck at GND due to stuck port data_in                    ;
; bearing_cnn_demo:u_demo|pool_mem[317][7]      ; Stuck at GND due to stuck port data_in                    ;
; bearing_cnn_demo:u_demo|pool_mem[319][7]      ; Stuck at GND due to stuck port data_in                    ;
; bearing_cnn_demo:u_demo|pool_mem[328][7]      ; Stuck at GND due to stuck port data_in                    ;
; bearing_cnn_demo:u_demo|pool_mem[330][7]      ; Stuck at GND due to stuck port data_in                    ;
; bearing_cnn_demo:u_demo|pool_mem[329][7]      ; Stuck at GND due to stuck port data_in                    ;
; bearing_cnn_demo:u_demo|pool_mem[331][7]      ; Stuck at GND due to stuck port data_in                    ;
; bearing_cnn_demo:u_demo|pool_mem[332][7]      ; Stuck at GND due to stuck port data_in                    ;
; bearing_cnn_demo:u_demo|pool_mem[334][7]      ; Stuck at GND due to stuck port data_in                    ;
; bearing_cnn_demo:u_demo|pool_mem[333][7]      ; Stuck at GND due to stuck port data_in                    ;
; bearing_cnn_demo:u_demo|pool_mem[335][7]      ; Stuck at GND due to stuck port data_in                    ;
; bearing_cnn_demo:u_demo|pool_mem[344][7]      ; Stuck at GND due to stuck port data_in                    ;
; bearing_cnn_demo:u_demo|pool_mem[346][7]      ; Stuck at GND due to stuck port data_in                    ;
; bearing_cnn_demo:u_demo|pool_mem[345][7]      ; Stuck at GND due to stuck port data_in                    ;
; bearing_cnn_demo:u_demo|pool_mem[347][7]      ; Stuck at GND due to stuck port data_in                    ;
; bearing_cnn_demo:u_demo|pool_mem[348][7]      ; Stuck at GND due to stuck port data_in                    ;
; bearing_cnn_demo:u_demo|pool_mem[350][7]      ; Stuck at GND due to stuck port data_in                    ;
; bearing_cnn_demo:u_demo|pool_mem[349][7]      ; Stuck at GND due to stuck port data_in                    ;
; bearing_cnn_demo:u_demo|pool_mem[351][7]      ; Stuck at GND due to stuck port data_in                    ;
; bearing_cnn_demo:u_demo|pool_mem[360][7]      ; Stuck at GND due to stuck port data_in                    ;
; bearing_cnn_demo:u_demo|pool_mem[362][7]      ; Stuck at GND due to stuck port data_in                    ;
; bearing_cnn_demo:u_demo|pool_mem[361][7]      ; Stuck at GND due to stuck port data_in                    ;
; bearing_cnn_demo:u_demo|pool_mem[363][7]      ; Stuck at GND due to stuck port data_in                    ;
; bearing_cnn_demo:u_demo|pool_mem[364][7]      ; Stuck at GND due to stuck port data_in                    ;
; bearing_cnn_demo:u_demo|pool_mem[366][7]      ; Stuck at GND due to stuck port data_in                    ;
; bearing_cnn_demo:u_demo|pool_mem[365][7]      ; Stuck at GND due to stuck port data_in                    ;
; bearing_cnn_demo:u_demo|pool_mem[367][7]      ; Stuck at GND due to stuck port data_in                    ;
; bearing_cnn_demo:u_demo|pool_mem[440][7]      ; Stuck at GND due to stuck port data_in                    ;
; bearing_cnn_demo:u_demo|pool_mem[456][7]      ; Stuck at GND due to stuck port data_in                    ;
; bearing_cnn_demo:u_demo|pool_mem[442][7]      ; Stuck at GND due to stuck port data_in                    ;
; bearing_cnn_demo:u_demo|pool_mem[458][7]      ; Stuck at GND due to stuck port data_in                    ;
; bearing_cnn_demo:u_demo|pool_mem[444][7]      ; Stuck at GND due to stuck port data_in                    ;
; bearing_cnn_demo:u_demo|pool_mem[460][7]      ; Stuck at GND due to stuck port data_in                    ;
; bearing_cnn_demo:u_demo|pool_mem[446][7]      ; Stuck at GND due to stuck port data_in                    ;
; bearing_cnn_demo:u_demo|pool_mem[462][7]      ; Stuck at GND due to stuck port data_in                    ;
; bearing_cnn_demo:u_demo|pool_mem[441][7]      ; Stuck at GND due to stuck port data_in                    ;
; bearing_cnn_demo:u_demo|pool_mem[457][7]      ; Stuck at GND due to stuck port data_in                    ;
; bearing_cnn_demo:u_demo|pool_mem[443][7]      ; Stuck at GND due to stuck port data_in                    ;
; bearing_cnn_demo:u_demo|pool_mem[459][7]      ; Stuck at GND due to stuck port data_in                    ;
; bearing_cnn_demo:u_demo|pool_mem[445][7]      ; Stuck at GND due to stuck port data_in                    ;
; bearing_cnn_demo:u_demo|pool_mem[461][7]      ; Stuck at GND due to stuck port data_in                    ;
; bearing_cnn_demo:u_demo|pool_mem[447][7]      ; Stuck at GND due to stuck port data_in                    ;
; bearing_cnn_demo:u_demo|pool_mem[463][7]      ; Stuck at GND due to stuck port data_in                    ;
; bearing_cnn_demo:u_demo|pool_mem[472][7]      ; Stuck at GND due to stuck port data_in                    ;
; bearing_cnn_demo:u_demo|pool_mem[488][7]      ; Stuck at GND due to stuck port data_in                    ;
; bearing_cnn_demo:u_demo|pool_mem[474][7]      ; Stuck at GND due to stuck port data_in                    ;
; bearing_cnn_demo:u_demo|pool_mem[490][7]      ; Stuck at GND due to stuck port data_in                    ;
; bearing_cnn_demo:u_demo|pool_mem[476][7]      ; Stuck at GND due to stuck port data_in                    ;
; bearing_cnn_demo:u_demo|pool_mem[492][7]      ; Stuck at GND due to stuck port data_in                    ;
; bearing_cnn_demo:u_demo|pool_mem[478][7]      ; Stuck at GND due to stuck port data_in                    ;
; bearing_cnn_demo:u_demo|pool_mem[494][7]      ; Stuck at GND due to stuck port data_in                    ;
; bearing_cnn_demo:u_demo|pool_mem[473][7]      ; Stuck at GND due to stuck port data_in                    ;
; bearing_cnn_demo:u_demo|pool_mem[489][7]      ; Stuck at GND due to stuck port data_in                    ;
; bearing_cnn_demo:u_demo|pool_mem[475][7]      ; Stuck at GND due to stuck port data_in                    ;
; bearing_cnn_demo:u_demo|pool_mem[491][7]      ; Stuck at GND due to stuck port data_in                    ;
; bearing_cnn_demo:u_demo|pool_mem[477][7]      ; Stuck at GND due to stuck port data_in                    ;
; bearing_cnn_demo:u_demo|pool_mem[493][7]      ; Stuck at GND due to stuck port data_in                    ;
; bearing_cnn_demo:u_demo|pool_mem[479][7]      ; Stuck at GND due to stuck port data_in                    ;
; bearing_cnn_demo:u_demo|pool_mem[495][7]      ; Stuck at GND due to stuck port data_in                    ;
; bearing_cnn_demo:u_demo|pool_mem[320][7]      ; Stuck at GND due to stuck port data_in                    ;
; bearing_cnn_demo:u_demo|pool_mem[336][7]      ; Stuck at GND due to stuck port data_in                    ;
; bearing_cnn_demo:u_demo|pool_mem[352][7]      ; Stuck at GND due to stuck port data_in                    ;
; bearing_cnn_demo:u_demo|pool_mem[368][7]      ; Stuck at GND due to stuck port data_in                    ;
; bearing_cnn_demo:u_demo|pool_mem[322][7]      ; Stuck at GND due to stuck port data_in                    ;
; bearing_cnn_demo:u_demo|pool_mem[338][7]      ; Stuck at GND due to stuck port data_in                    ;
; bearing_cnn_demo:u_demo|pool_mem[354][7]      ; Stuck at GND due to stuck port data_in                    ;
; bearing_cnn_demo:u_demo|pool_mem[370][7]      ; Stuck at GND due to stuck port data_in                    ;
; bearing_cnn_demo:u_demo|pool_mem[321][7]      ; Stuck at GND due to stuck port data_in                    ;
; bearing_cnn_demo:u_demo|pool_mem[337][7]      ; Stuck at GND due to stuck port data_in                    ;
; bearing_cnn_demo:u_demo|pool_mem[353][7]      ; Stuck at GND due to stuck port data_in                    ;
; bearing_cnn_demo:u_demo|pool_mem[369][7]      ; Stuck at GND due to stuck port data_in                    ;
; bearing_cnn_demo:u_demo|pool_mem[323][7]      ; Stuck at GND due to stuck port data_in                    ;
; bearing_cnn_demo:u_demo|pool_mem[339][7]      ; Stuck at GND due to stuck port data_in                    ;
; bearing_cnn_demo:u_demo|pool_mem[355][7]      ; Stuck at GND due to stuck port data_in                    ;
; bearing_cnn_demo:u_demo|pool_mem[371][7]      ; Stuck at GND due to stuck port data_in                    ;
; bearing_cnn_demo:u_demo|pool_mem[324][7]      ; Stuck at GND due to stuck port data_in                    ;
; bearing_cnn_demo:u_demo|pool_mem[340][7]      ; Stuck at GND due to stuck port data_in                    ;
; bearing_cnn_demo:u_demo|pool_mem[356][7]      ; Stuck at GND due to stuck port data_in                    ;
; bearing_cnn_demo:u_demo|pool_mem[372][7]      ; Stuck at GND due to stuck port data_in                    ;
; bearing_cnn_demo:u_demo|pool_mem[326][7]      ; Stuck at GND due to stuck port data_in                    ;
; bearing_cnn_demo:u_demo|pool_mem[342][7]      ; Stuck at GND due to stuck port data_in                    ;
; bearing_cnn_demo:u_demo|pool_mem[358][7]      ; Stuck at GND due to stuck port data_in                    ;
; bearing_cnn_demo:u_demo|pool_mem[374][7]      ; Stuck at GND due to stuck port data_in                    ;
; bearing_cnn_demo:u_demo|pool_mem[325][7]      ; Stuck at GND due to stuck port data_in                    ;
; bearing_cnn_demo:u_demo|pool_mem[341][7]      ; Stuck at GND due to stuck port data_in                    ;
; bearing_cnn_demo:u_demo|pool_mem[357][7]      ; Stuck at GND due to stuck port data_in                    ;
; bearing_cnn_demo:u_demo|pool_mem[373][7]      ; Stuck at GND due to stuck port data_in                    ;
; bearing_cnn_demo:u_demo|pool_mem[327][7]      ; Stuck at GND due to stuck port data_in                    ;
; bearing_cnn_demo:u_demo|pool_mem[343][7]      ; Stuck at GND due to stuck port data_in                    ;
; bearing_cnn_demo:u_demo|pool_mem[359][7]      ; Stuck at GND due to stuck port data_in                    ;
; bearing_cnn_demo:u_demo|pool_mem[375][7]      ; Stuck at GND due to stuck port data_in                    ;
; bearing_cnn_demo:u_demo|pool_mem[448][7]      ; Stuck at GND due to stuck port data_in                    ;
; bearing_cnn_demo:u_demo|pool_mem[480][7]      ; Stuck at GND due to stuck port data_in                    ;
; bearing_cnn_demo:u_demo|pool_mem[450][7]      ; Stuck at GND due to stuck port data_in                    ;
; bearing_cnn_demo:u_demo|pool_mem[482][7]      ; Stuck at GND due to stuck port data_in                    ;
; bearing_cnn_demo:u_demo|pool_mem[464][7]      ; Stuck at GND due to stuck port data_in                    ;
; bearing_cnn_demo:u_demo|pool_mem[496][7]      ; Stuck at GND due to stuck port data_in                    ;
; bearing_cnn_demo:u_demo|pool_mem[466][7]      ; Stuck at GND due to stuck port data_in                    ;
; bearing_cnn_demo:u_demo|pool_mem[498][7]      ; Stuck at GND due to stuck port data_in                    ;
; bearing_cnn_demo:u_demo|pool_mem[449][7]      ; Stuck at GND due to stuck port data_in                    ;
; bearing_cnn_demo:u_demo|pool_mem[481][7]      ; Stuck at GND due to stuck port data_in                    ;
; bearing_cnn_demo:u_demo|pool_mem[451][7]      ; Stuck at GND due to stuck port data_in                    ;
; bearing_cnn_demo:u_demo|pool_mem[483][7]      ; Stuck at GND due to stuck port data_in                    ;
; bearing_cnn_demo:u_demo|pool_mem[465][7]      ; Stuck at GND due to stuck port data_in                    ;
; bearing_cnn_demo:u_demo|pool_mem[497][7]      ; Stuck at GND due to stuck port data_in                    ;
; bearing_cnn_demo:u_demo|pool_mem[467][7]      ; Stuck at GND due to stuck port data_in                    ;
; bearing_cnn_demo:u_demo|pool_mem[499][7]      ; Stuck at GND due to stuck port data_in                    ;
; bearing_cnn_demo:u_demo|pool_mem[452][7]      ; Stuck at GND due to stuck port data_in                    ;
; bearing_cnn_demo:u_demo|pool_mem[484][7]      ; Stuck at GND due to stuck port data_in                    ;
; bearing_cnn_demo:u_demo|pool_mem[453][7]      ; Stuck at GND due to stuck port data_in                    ;
; bearing_cnn_demo:u_demo|pool_mem[485][7]      ; Stuck at GND due to stuck port data_in                    ;
; bearing_cnn_demo:u_demo|pool_mem[468][7]      ; Stuck at GND due to stuck port data_in                    ;
; bearing_cnn_demo:u_demo|pool_mem[500][7]      ; Stuck at GND due to stuck port data_in                    ;
; bearing_cnn_demo:u_demo|pool_mem[469][7]      ; Stuck at GND due to stuck port data_in                    ;
; bearing_cnn_demo:u_demo|pool_mem[501][7]      ; Stuck at GND due to stuck port data_in                    ;
; bearing_cnn_demo:u_demo|pool_mem[454][7]      ; Stuck at GND due to stuck port data_in                    ;
; bearing_cnn_demo:u_demo|pool_mem[486][7]      ; Stuck at GND due to stuck port data_in                    ;
; bearing_cnn_demo:u_demo|pool_mem[455][7]      ; Stuck at GND due to stuck port data_in                    ;
; bearing_cnn_demo:u_demo|pool_mem[487][7]      ; Stuck at GND due to stuck port data_in                    ;
; bearing_cnn_demo:u_demo|pool_mem[470][7]      ; Stuck at GND due to stuck port data_in                    ;
; bearing_cnn_demo:u_demo|pool_mem[502][7]      ; Stuck at GND due to stuck port data_in                    ;
; bearing_cnn_demo:u_demo|pool_mem[471][7]      ; Stuck at GND due to stuck port data_in                    ;
; bearing_cnn_demo:u_demo|pool_mem[503][7]      ; Stuck at GND due to stuck port data_in                    ;
; bearing_cnn_demo:u_demo|pool_mem[504][7]      ; Stuck at GND due to stuck port data_in                    ;
; bearing_cnn_demo:u_demo|pool_mem[568][7]      ; Stuck at GND due to stuck port data_in                    ;
; bearing_cnn_demo:u_demo|pool_mem[506][7]      ; Stuck at GND due to stuck port data_in                    ;
; bearing_cnn_demo:u_demo|pool_mem[570][7]      ; Stuck at GND due to stuck port data_in                    ;
; bearing_cnn_demo:u_demo|pool_mem[520][7]      ; Stuck at GND due to stuck port data_in                    ;
; bearing_cnn_demo:u_demo|pool_mem[584][7]      ; Stuck at GND due to stuck port data_in                    ;
; bearing_cnn_demo:u_demo|pool_mem[522][7]      ; Stuck at GND due to stuck port data_in                    ;
; bearing_cnn_demo:u_demo|pool_mem[586][7]      ; Stuck at GND due to stuck port data_in                    ;
; bearing_cnn_demo:u_demo|pool_mem[505][7]      ; Stuck at GND due to stuck port data_in                    ;
; bearing_cnn_demo:u_demo|pool_mem[569][7]      ; Stuck at GND due to stuck port data_in                    ;
; bearing_cnn_demo:u_demo|pool_mem[507][7]      ; Stuck at GND due to stuck port data_in                    ;
; bearing_cnn_demo:u_demo|pool_mem[571][7]      ; Stuck at GND due to stuck port data_in                    ;
; bearing_cnn_demo:u_demo|pool_mem[521][7]      ; Stuck at GND due to stuck port data_in                    ;
; bearing_cnn_demo:u_demo|pool_mem[585][7]      ; Stuck at GND due to stuck port data_in                    ;
; bearing_cnn_demo:u_demo|pool_mem[523][7]      ; Stuck at GND due to stuck port data_in                    ;
; bearing_cnn_demo:u_demo|pool_mem[587][7]      ; Stuck at GND due to stuck port data_in                    ;
; bearing_cnn_demo:u_demo|pool_mem[508][7]      ; Stuck at GND due to stuck port data_in                    ;
; bearing_cnn_demo:u_demo|pool_mem[572][7]      ; Stuck at GND due to stuck port data_in                    ;
; bearing_cnn_demo:u_demo|pool_mem[524][7]      ; Stuck at GND due to stuck port data_in                    ;
; bearing_cnn_demo:u_demo|pool_mem[588][7]      ; Stuck at GND due to stuck port data_in                    ;
; bearing_cnn_demo:u_demo|pool_mem[510][7]      ; Stuck at GND due to stuck port data_in                    ;
; bearing_cnn_demo:u_demo|pool_mem[574][7]      ; Stuck at GND due to stuck port data_in                    ;
; bearing_cnn_demo:u_demo|pool_mem[526][7]      ; Stuck at GND due to stuck port data_in                    ;
; bearing_cnn_demo:u_demo|pool_mem[590][7]      ; Stuck at GND due to stuck port data_in                    ;
; bearing_cnn_demo:u_demo|pool_mem[509][7]      ; Stuck at GND due to stuck port data_in                    ;
; bearing_cnn_demo:u_demo|pool_mem[573][7]      ; Stuck at GND due to stuck port data_in                    ;
; bearing_cnn_demo:u_demo|pool_mem[525][7]      ; Stuck at GND due to stuck port data_in                    ;
; bearing_cnn_demo:u_demo|pool_mem[589][7]      ; Stuck at GND due to stuck port data_in                    ;
; bearing_cnn_demo:u_demo|pool_mem[511][7]      ; Stuck at GND due to stuck port data_in                    ;
; bearing_cnn_demo:u_demo|pool_mem[575][7]      ; Stuck at GND due to stuck port data_in                    ;
; bearing_cnn_demo:u_demo|pool_mem[527][7]      ; Stuck at GND due to stuck port data_in                    ;
; bearing_cnn_demo:u_demo|pool_mem[591][7]      ; Stuck at GND due to stuck port data_in                    ;
; bearing_cnn_demo:u_demo|pool_mem[632][7]      ; Stuck at GND due to stuck port data_in                    ;
; bearing_cnn_demo:u_demo|pool_mem[696][7]      ; Stuck at GND due to stuck port data_in                    ;
; bearing_cnn_demo:u_demo|pool_mem[633][7]      ; Stuck at GND due to stuck port data_in                    ;
; bearing_cnn_demo:u_demo|pool_mem[697][7]      ; Stuck at GND due to stuck port data_in                    ;
; bearing_cnn_demo:u_demo|pool_mem[648][7]      ; Stuck at GND due to stuck port data_in                    ;
; bearing_cnn_demo:u_demo|pool_mem[712][7]      ; Stuck at GND due to stuck port data_in                    ;
; bearing_cnn_demo:u_demo|pool_mem[649][7]      ; Stuck at GND due to stuck port data_in                    ;
; bearing_cnn_demo:u_demo|pool_mem[713][7]      ; Stuck at GND due to stuck port data_in                    ;
; bearing_cnn_demo:u_demo|pool_mem[634][7]      ; Stuck at GND due to stuck port data_in                    ;
; bearing_cnn_demo:u_demo|pool_mem[698][7]      ; Stuck at GND due to stuck port data_in                    ;
; bearing_cnn_demo:u_demo|pool_mem[635][7]      ; Stuck at GND due to stuck port data_in                    ;
; bearing_cnn_demo:u_demo|pool_mem[699][7]      ; Stuck at GND due to stuck port data_in                    ;
; bearing_cnn_demo:u_demo|pool_mem[650][7]      ; Stuck at GND due to stuck port data_in                    ;
; bearing_cnn_demo:u_demo|pool_mem[714][7]      ; Stuck at GND due to stuck port data_in                    ;
; bearing_cnn_demo:u_demo|pool_mem[651][7]      ; Stuck at GND due to stuck port data_in                    ;
; bearing_cnn_demo:u_demo|pool_mem[715][7]      ; Stuck at GND due to stuck port data_in                    ;
; bearing_cnn_demo:u_demo|pool_mem[636][7]      ; Stuck at GND due to stuck port data_in                    ;
; bearing_cnn_demo:u_demo|pool_mem[700][7]      ; Stuck at GND due to stuck port data_in                    ;
; bearing_cnn_demo:u_demo|pool_mem[638][7]      ; Stuck at GND due to stuck port data_in                    ;
; bearing_cnn_demo:u_demo|pool_mem[702][7]      ; Stuck at GND due to stuck port data_in                    ;
; bearing_cnn_demo:u_demo|pool_mem[652][7]      ; Stuck at GND due to stuck port data_in                    ;
; bearing_cnn_demo:u_demo|pool_mem[716][7]      ; Stuck at GND due to stuck port data_in                    ;
; bearing_cnn_demo:u_demo|pool_mem[654][7]      ; Stuck at GND due to stuck port data_in                    ;
; bearing_cnn_demo:u_demo|pool_mem[718][7]      ; Stuck at GND due to stuck port data_in                    ;
; bearing_cnn_demo:u_demo|pool_mem[637][7]      ; Stuck at GND due to stuck port data_in                    ;
; bearing_cnn_demo:u_demo|pool_mem[701][7]      ; Stuck at GND due to stuck port data_in                    ;
; bearing_cnn_demo:u_demo|pool_mem[639][7]      ; Stuck at GND due to stuck port data_in                    ;
; bearing_cnn_demo:u_demo|pool_mem[703][7]      ; Stuck at GND due to stuck port data_in                    ;
; bearing_cnn_demo:u_demo|pool_mem[653][7]      ; Stuck at GND due to stuck port data_in                    ;
; bearing_cnn_demo:u_demo|pool_mem[717][7]      ; Stuck at GND due to stuck port data_in                    ;
; bearing_cnn_demo:u_demo|pool_mem[655][7]      ; Stuck at GND due to stuck port data_in                    ;
; bearing_cnn_demo:u_demo|pool_mem[719][7]      ; Stuck at GND due to stuck port data_in                    ;
; bearing_cnn_demo:u_demo|pool_mem[512][7]      ; Stuck at GND due to stuck port data_in                    ;
; bearing_cnn_demo:u_demo|pool_mem[576][7]      ; Stuck at GND due to stuck port data_in                    ;
; bearing_cnn_demo:u_demo|pool_mem[513][7]      ; Stuck at GND due to stuck port data_in                    ;
; bearing_cnn_demo:u_demo|pool_mem[577][7]      ; Stuck at GND due to stuck port data_in                    ;
; bearing_cnn_demo:u_demo|pool_mem[528][7]      ; Stuck at GND due to stuck port data_in                    ;
; bearing_cnn_demo:u_demo|pool_mem[592][7]      ; Stuck at GND due to stuck port data_in                    ;
; bearing_cnn_demo:u_demo|pool_mem[529][7]      ; Stuck at GND due to stuck port data_in                    ;
; bearing_cnn_demo:u_demo|pool_mem[593][7]      ; Stuck at GND due to stuck port data_in                    ;
; bearing_cnn_demo:u_demo|pool_mem[514][7]      ; Stuck at GND due to stuck port data_in                    ;
; bearing_cnn_demo:u_demo|pool_mem[578][7]      ; Stuck at GND due to stuck port data_in                    ;
; bearing_cnn_demo:u_demo|pool_mem[515][7]      ; Stuck at GND due to stuck port data_in                    ;
; bearing_cnn_demo:u_demo|pool_mem[579][7]      ; Stuck at GND due to stuck port data_in                    ;
; bearing_cnn_demo:u_demo|pool_mem[530][7]      ; Stuck at GND due to stuck port data_in                    ;
; bearing_cnn_demo:u_demo|pool_mem[594][7]      ; Stuck at GND due to stuck port data_in                    ;
; bearing_cnn_demo:u_demo|pool_mem[531][7]      ; Stuck at GND due to stuck port data_in                    ;
; bearing_cnn_demo:u_demo|pool_mem[595][7]      ; Stuck at GND due to stuck port data_in                    ;
; bearing_cnn_demo:u_demo|pool_mem[516][7]      ; Stuck at GND due to stuck port data_in                    ;
; bearing_cnn_demo:u_demo|pool_mem[580][7]      ; Stuck at GND due to stuck port data_in                    ;
; bearing_cnn_demo:u_demo|pool_mem[518][7]      ; Stuck at GND due to stuck port data_in                    ;
; bearing_cnn_demo:u_demo|pool_mem[582][7]      ; Stuck at GND due to stuck port data_in                    ;
; bearing_cnn_demo:u_demo|pool_mem[532][7]      ; Stuck at GND due to stuck port data_in                    ;
; bearing_cnn_demo:u_demo|pool_mem[596][7]      ; Stuck at GND due to stuck port data_in                    ;
; bearing_cnn_demo:u_demo|pool_mem[534][7]      ; Stuck at GND due to stuck port data_in                    ;
; bearing_cnn_demo:u_demo|pool_mem[598][7]      ; Stuck at GND due to stuck port data_in                    ;
; bearing_cnn_demo:u_demo|pool_mem[517][7]      ; Stuck at GND due to stuck port data_in                    ;
; bearing_cnn_demo:u_demo|pool_mem[581][7]      ; Stuck at GND due to stuck port data_in                    ;
; bearing_cnn_demo:u_demo|pool_mem[519][7]      ; Stuck at GND due to stuck port data_in                    ;
; bearing_cnn_demo:u_demo|pool_mem[583][7]      ; Stuck at GND due to stuck port data_in                    ;
; bearing_cnn_demo:u_demo|pool_mem[533][7]      ; Stuck at GND due to stuck port data_in                    ;
; bearing_cnn_demo:u_demo|pool_mem[597][7]      ; Stuck at GND due to stuck port data_in                    ;
; bearing_cnn_demo:u_demo|pool_mem[535][7]      ; Stuck at GND due to stuck port data_in                    ;
; bearing_cnn_demo:u_demo|pool_mem[599][7]      ; Stuck at GND due to stuck port data_in                    ;
; bearing_cnn_demo:u_demo|pool_mem[640][7]      ; Stuck at GND due to stuck port data_in                    ;
; bearing_cnn_demo:u_demo|pool_mem[704][7]      ; Stuck at GND due to stuck port data_in                    ;
; bearing_cnn_demo:u_demo|pool_mem[656][7]      ; Stuck at GND due to stuck port data_in                    ;
; bearing_cnn_demo:u_demo|pool_mem[720][7]      ; Stuck at GND due to stuck port data_in                    ;
; bearing_cnn_demo:u_demo|pool_mem[642][7]      ; Stuck at GND due to stuck port data_in                    ;
; bearing_cnn_demo:u_demo|pool_mem[706][7]      ; Stuck at GND due to stuck port data_in                    ;
; bearing_cnn_demo:u_demo|pool_mem[658][7]      ; Stuck at GND due to stuck port data_in                    ;
; bearing_cnn_demo:u_demo|pool_mem[722][7]      ; Stuck at GND due to stuck port data_in                    ;
; bearing_cnn_demo:u_demo|pool_mem[641][7]      ; Stuck at GND due to stuck port data_in                    ;
; bearing_cnn_demo:u_demo|pool_mem[705][7]      ; Stuck at GND due to stuck port data_in                    ;
; bearing_cnn_demo:u_demo|pool_mem[657][7]      ; Stuck at GND due to stuck port data_in                    ;
; bearing_cnn_demo:u_demo|pool_mem[721][7]      ; Stuck at GND due to stuck port data_in                    ;
; bearing_cnn_demo:u_demo|pool_mem[643][7]      ; Stuck at GND due to stuck port data_in                    ;
; bearing_cnn_demo:u_demo|pool_mem[707][7]      ; Stuck at GND due to stuck port data_in                    ;
; bearing_cnn_demo:u_demo|pool_mem[659][7]      ; Stuck at GND due to stuck port data_in                    ;
; bearing_cnn_demo:u_demo|pool_mem[723][7]      ; Stuck at GND due to stuck port data_in                    ;
; bearing_cnn_demo:u_demo|pool_mem[644][7]      ; Stuck at GND due to stuck port data_in                    ;
; bearing_cnn_demo:u_demo|pool_mem[708][7]      ; Stuck at GND due to stuck port data_in                    ;
; bearing_cnn_demo:u_demo|pool_mem[645][7]      ; Stuck at GND due to stuck port data_in                    ;
; bearing_cnn_demo:u_demo|pool_mem[709][7]      ; Stuck at GND due to stuck port data_in                    ;
; bearing_cnn_demo:u_demo|pool_mem[660][7]      ; Stuck at GND due to stuck port data_in                    ;
; bearing_cnn_demo:u_demo|pool_mem[724][7]      ; Stuck at GND due to stuck port data_in                    ;
; bearing_cnn_demo:u_demo|pool_mem[661][7]      ; Stuck at GND due to stuck port data_in                    ;
; bearing_cnn_demo:u_demo|pool_mem[725][7]      ; Stuck at GND due to stuck port data_in                    ;
; bearing_cnn_demo:u_demo|pool_mem[646][7]      ; Stuck at GND due to stuck port data_in                    ;
; bearing_cnn_demo:u_demo|pool_mem[710][7]      ; Stuck at GND due to stuck port data_in                    ;
; bearing_cnn_demo:u_demo|pool_mem[647][7]      ; Stuck at GND due to stuck port data_in                    ;
; bearing_cnn_demo:u_demo|pool_mem[711][7]      ; Stuck at GND due to stuck port data_in                    ;
; bearing_cnn_demo:u_demo|pool_mem[662][7]      ; Stuck at GND due to stuck port data_in                    ;
; bearing_cnn_demo:u_demo|pool_mem[726][7]      ; Stuck at GND due to stuck port data_in                    ;
; bearing_cnn_demo:u_demo|pool_mem[663][7]      ; Stuck at GND due to stuck port data_in                    ;
; bearing_cnn_demo:u_demo|pool_mem[727][7]      ; Stuck at GND due to stuck port data_in                    ;
; bearing_cnn_demo:u_demo|pool_mem[536][7]      ; Stuck at GND due to stuck port data_in                    ;
; bearing_cnn_demo:u_demo|pool_mem[600][7]      ; Stuck at GND due to stuck port data_in                    ;
; bearing_cnn_demo:u_demo|pool_mem[540][7]      ; Stuck at GND due to stuck port data_in                    ;
; bearing_cnn_demo:u_demo|pool_mem[604][7]      ; Stuck at GND due to stuck port data_in                    ;
; bearing_cnn_demo:u_demo|pool_mem[538][7]      ; Stuck at GND due to stuck port data_in                    ;
; bearing_cnn_demo:u_demo|pool_mem[602][7]      ; Stuck at GND due to stuck port data_in                    ;
; bearing_cnn_demo:u_demo|pool_mem[542][7]      ; Stuck at GND due to stuck port data_in                    ;
; bearing_cnn_demo:u_demo|pool_mem[606][7]      ; Stuck at GND due to stuck port data_in                    ;
; bearing_cnn_demo:u_demo|pool_mem[537][7]      ; Stuck at GND due to stuck port data_in                    ;
; bearing_cnn_demo:u_demo|pool_mem[601][7]      ; Stuck at GND due to stuck port data_in                    ;
; bearing_cnn_demo:u_demo|pool_mem[541][7]      ; Stuck at GND due to stuck port data_in                    ;
; bearing_cnn_demo:u_demo|pool_mem[605][7]      ; Stuck at GND due to stuck port data_in                    ;
; bearing_cnn_demo:u_demo|pool_mem[539][7]      ; Stuck at GND due to stuck port data_in                    ;
; bearing_cnn_demo:u_demo|pool_mem[603][7]      ; Stuck at GND due to stuck port data_in                    ;
; bearing_cnn_demo:u_demo|pool_mem[543][7]      ; Stuck at GND due to stuck port data_in                    ;
; bearing_cnn_demo:u_demo|pool_mem[607][7]      ; Stuck at GND due to stuck port data_in                    ;
; bearing_cnn_demo:u_demo|pool_mem[664][7]      ; Stuck at GND due to stuck port data_in                    ;
; bearing_cnn_demo:u_demo|pool_mem[728][7]      ; Stuck at GND due to stuck port data_in                    ;
; bearing_cnn_demo:u_demo|pool_mem[668][7]      ; Stuck at GND due to stuck port data_in                    ;
; bearing_cnn_demo:u_demo|pool_mem[732][7]      ; Stuck at GND due to stuck port data_in                    ;
; bearing_cnn_demo:u_demo|pool_mem[666][7]      ; Stuck at GND due to stuck port data_in                    ;
; bearing_cnn_demo:u_demo|pool_mem[730][7]      ; Stuck at GND due to stuck port data_in                    ;
; bearing_cnn_demo:u_demo|pool_mem[670][7]      ; Stuck at GND due to stuck port data_in                    ;
; bearing_cnn_demo:u_demo|pool_mem[734][7]      ; Stuck at GND due to stuck port data_in                    ;
; bearing_cnn_demo:u_demo|pool_mem[665][7]      ; Stuck at GND due to stuck port data_in                    ;
; bearing_cnn_demo:u_demo|pool_mem[729][7]      ; Stuck at GND due to stuck port data_in                    ;
; bearing_cnn_demo:u_demo|pool_mem[669][7]      ; Stuck at GND due to stuck port data_in                    ;
; bearing_cnn_demo:u_demo|pool_mem[733][7]      ; Stuck at GND due to stuck port data_in                    ;
; bearing_cnn_demo:u_demo|pool_mem[667][7]      ; Stuck at GND due to stuck port data_in                    ;
; bearing_cnn_demo:u_demo|pool_mem[731][7]      ; Stuck at GND due to stuck port data_in                    ;
; bearing_cnn_demo:u_demo|pool_mem[671][7]      ; Stuck at GND due to stuck port data_in                    ;
; bearing_cnn_demo:u_demo|pool_mem[735][7]      ; Stuck at GND due to stuck port data_in                    ;
; bearing_cnn_demo:u_demo|pool_mem[552][7]      ; Stuck at GND due to stuck port data_in                    ;
; bearing_cnn_demo:u_demo|pool_mem[616][7]      ; Stuck at GND due to stuck port data_in                    ;
; bearing_cnn_demo:u_demo|pool_mem[556][7]      ; Stuck at GND due to stuck port data_in                    ;
; bearing_cnn_demo:u_demo|pool_mem[620][7]      ; Stuck at GND due to stuck port data_in                    ;
; bearing_cnn_demo:u_demo|pool_mem[554][7]      ; Stuck at GND due to stuck port data_in                    ;
; bearing_cnn_demo:u_demo|pool_mem[618][7]      ; Stuck at GND due to stuck port data_in                    ;
; bearing_cnn_demo:u_demo|pool_mem[558][7]      ; Stuck at GND due to stuck port data_in                    ;
; bearing_cnn_demo:u_demo|pool_mem[622][7]      ; Stuck at GND due to stuck port data_in                    ;
; bearing_cnn_demo:u_demo|pool_mem[553][7]      ; Stuck at GND due to stuck port data_in                    ;
; bearing_cnn_demo:u_demo|pool_mem[617][7]      ; Stuck at GND due to stuck port data_in                    ;
; bearing_cnn_demo:u_demo|pool_mem[557][7]      ; Stuck at GND due to stuck port data_in                    ;
; bearing_cnn_demo:u_demo|pool_mem[621][7]      ; Stuck at GND due to stuck port data_in                    ;
; bearing_cnn_demo:u_demo|pool_mem[555][7]      ; Stuck at GND due to stuck port data_in                    ;
; bearing_cnn_demo:u_demo|pool_mem[619][7]      ; Stuck at GND due to stuck port data_in                    ;
; bearing_cnn_demo:u_demo|pool_mem[559][7]      ; Stuck at GND due to stuck port data_in                    ;
; bearing_cnn_demo:u_demo|pool_mem[623][7]      ; Stuck at GND due to stuck port data_in                    ;
; bearing_cnn_demo:u_demo|pool_mem[680][7]      ; Stuck at GND due to stuck port data_in                    ;
; bearing_cnn_demo:u_demo|pool_mem[744][7]      ; Stuck at GND due to stuck port data_in                    ;
; bearing_cnn_demo:u_demo|pool_mem[684][7]      ; Stuck at GND due to stuck port data_in                    ;
; bearing_cnn_demo:u_demo|pool_mem[748][7]      ; Stuck at GND due to stuck port data_in                    ;
; bearing_cnn_demo:u_demo|pool_mem[682][7]      ; Stuck at GND due to stuck port data_in                    ;
; bearing_cnn_demo:u_demo|pool_mem[746][7]      ; Stuck at GND due to stuck port data_in                    ;
; bearing_cnn_demo:u_demo|pool_mem[686][7]      ; Stuck at GND due to stuck port data_in                    ;
; bearing_cnn_demo:u_demo|pool_mem[750][7]      ; Stuck at GND due to stuck port data_in                    ;
; bearing_cnn_demo:u_demo|pool_mem[681][7]      ; Stuck at GND due to stuck port data_in                    ;
; bearing_cnn_demo:u_demo|pool_mem[745][7]      ; Stuck at GND due to stuck port data_in                    ;
; bearing_cnn_demo:u_demo|pool_mem[685][7]      ; Stuck at GND due to stuck port data_in                    ;
; bearing_cnn_demo:u_demo|pool_mem[749][7]      ; Stuck at GND due to stuck port data_in                    ;
; bearing_cnn_demo:u_demo|pool_mem[683][7]      ; Stuck at GND due to stuck port data_in                    ;
; bearing_cnn_demo:u_demo|pool_mem[747][7]      ; Stuck at GND due to stuck port data_in                    ;
; bearing_cnn_demo:u_demo|pool_mem[687][7]      ; Stuck at GND due to stuck port data_in                    ;
; bearing_cnn_demo:u_demo|pool_mem[751][7]      ; Stuck at GND due to stuck port data_in                    ;
; bearing_cnn_demo:u_demo|pool_mem[544][7]      ; Stuck at GND due to stuck port data_in                    ;
; bearing_cnn_demo:u_demo|pool_mem[560][7]      ; Stuck at GND due to stuck port data_in                    ;
; bearing_cnn_demo:u_demo|pool_mem[672][7]      ; Stuck at GND due to stuck port data_in                    ;
; bearing_cnn_demo:u_demo|pool_mem[688][7]      ; Stuck at GND due to stuck port data_in                    ;
; bearing_cnn_demo:u_demo|pool_mem[546][7]      ; Stuck at GND due to stuck port data_in                    ;
; bearing_cnn_demo:u_demo|pool_mem[562][7]      ; Stuck at GND due to stuck port data_in                    ;
; bearing_cnn_demo:u_demo|pool_mem[674][7]      ; Stuck at GND due to stuck port data_in                    ;
; bearing_cnn_demo:u_demo|pool_mem[690][7]      ; Stuck at GND due to stuck port data_in                    ;
; bearing_cnn_demo:u_demo|pool_mem[545][7]      ; Stuck at GND due to stuck port data_in                    ;
; bearing_cnn_demo:u_demo|pool_mem[561][7]      ; Stuck at GND due to stuck port data_in                    ;
; bearing_cnn_demo:u_demo|pool_mem[673][7]      ; Stuck at GND due to stuck port data_in                    ;
; bearing_cnn_demo:u_demo|pool_mem[689][7]      ; Stuck at GND due to stuck port data_in                    ;
; bearing_cnn_demo:u_demo|pool_mem[547][7]      ; Stuck at GND due to stuck port data_in                    ;
; bearing_cnn_demo:u_demo|pool_mem[563][7]      ; Stuck at GND due to stuck port data_in                    ;
; bearing_cnn_demo:u_demo|pool_mem[675][7]      ; Stuck at GND due to stuck port data_in                    ;
; bearing_cnn_demo:u_demo|pool_mem[691][7]      ; Stuck at GND due to stuck port data_in                    ;
; bearing_cnn_demo:u_demo|pool_mem[548][7]      ; Stuck at GND due to stuck port data_in                    ;
; bearing_cnn_demo:u_demo|pool_mem[676][7]      ; Stuck at GND due to stuck port data_in                    ;
; bearing_cnn_demo:u_demo|pool_mem[550][7]      ; Stuck at GND due to stuck port data_in                    ;
; bearing_cnn_demo:u_demo|pool_mem[678][7]      ; Stuck at GND due to stuck port data_in                    ;
; bearing_cnn_demo:u_demo|pool_mem[564][7]      ; Stuck at GND due to stuck port data_in                    ;
; bearing_cnn_demo:u_demo|pool_mem[692][7]      ; Stuck at GND due to stuck port data_in                    ;
; bearing_cnn_demo:u_demo|pool_mem[566][7]      ; Stuck at GND due to stuck port data_in                    ;
; bearing_cnn_demo:u_demo|pool_mem[694][7]      ; Stuck at GND due to stuck port data_in                    ;
; bearing_cnn_demo:u_demo|pool_mem[549][7]      ; Stuck at GND due to stuck port data_in                    ;
; bearing_cnn_demo:u_demo|pool_mem[677][7]      ; Stuck at GND due to stuck port data_in                    ;
; bearing_cnn_demo:u_demo|pool_mem[551][7]      ; Stuck at GND due to stuck port data_in                    ;
; bearing_cnn_demo:u_demo|pool_mem[679][7]      ; Stuck at GND due to stuck port data_in                    ;
; bearing_cnn_demo:u_demo|pool_mem[565][7]      ; Stuck at GND due to stuck port data_in                    ;
; bearing_cnn_demo:u_demo|pool_mem[693][7]      ; Stuck at GND due to stuck port data_in                    ;
; bearing_cnn_demo:u_demo|pool_mem[567][7]      ; Stuck at GND due to stuck port data_in                    ;
; bearing_cnn_demo:u_demo|pool_mem[695][7]      ; Stuck at GND due to stuck port data_in                    ;
; bearing_cnn_demo:u_demo|pool_mem[608][7]      ; Stuck at GND due to stuck port data_in                    ;
; bearing_cnn_demo:u_demo|pool_mem[624][7]      ; Stuck at GND due to stuck port data_in                    ;
; bearing_cnn_demo:u_demo|pool_mem[736][7]      ; Stuck at GND due to stuck port data_in                    ;
; bearing_cnn_demo:u_demo|pool_mem[752][7]      ; Stuck at GND due to stuck port data_in                    ;
; bearing_cnn_demo:u_demo|pool_mem[610][7]      ; Stuck at GND due to stuck port data_in                    ;
; bearing_cnn_demo:u_demo|pool_mem[626][7]      ; Stuck at GND due to stuck port data_in                    ;
; bearing_cnn_demo:u_demo|pool_mem[738][7]      ; Stuck at GND due to stuck port data_in                    ;
; bearing_cnn_demo:u_demo|pool_mem[754][7]      ; Stuck at GND due to stuck port data_in                    ;
; bearing_cnn_demo:u_demo|pool_mem[609][7]      ; Stuck at GND due to stuck port data_in                    ;
; bearing_cnn_demo:u_demo|pool_mem[625][7]      ; Stuck at GND due to stuck port data_in                    ;
; bearing_cnn_demo:u_demo|pool_mem[737][7]      ; Stuck at GND due to stuck port data_in                    ;
; bearing_cnn_demo:u_demo|pool_mem[753][7]      ; Stuck at GND due to stuck port data_in                    ;
; bearing_cnn_demo:u_demo|pool_mem[611][7]      ; Stuck at GND due to stuck port data_in                    ;
; bearing_cnn_demo:u_demo|pool_mem[627][7]      ; Stuck at GND due to stuck port data_in                    ;
; bearing_cnn_demo:u_demo|pool_mem[739][7]      ; Stuck at GND due to stuck port data_in                    ;
; bearing_cnn_demo:u_demo|pool_mem[755][7]      ; Stuck at GND due to stuck port data_in                    ;
; bearing_cnn_demo:u_demo|pool_mem[612][7]      ; Stuck at GND due to stuck port data_in                    ;
; bearing_cnn_demo:u_demo|pool_mem[628][7]      ; Stuck at GND due to stuck port data_in                    ;
; bearing_cnn_demo:u_demo|pool_mem[740][7]      ; Stuck at GND due to stuck port data_in                    ;
; bearing_cnn_demo:u_demo|pool_mem[756][7]      ; Stuck at GND due to stuck port data_in                    ;
; bearing_cnn_demo:u_demo|pool_mem[614][7]      ; Stuck at GND due to stuck port data_in                    ;
; bearing_cnn_demo:u_demo|pool_mem[630][7]      ; Stuck at GND due to stuck port data_in                    ;
; bearing_cnn_demo:u_demo|pool_mem[742][7]      ; Stuck at GND due to stuck port data_in                    ;
; bearing_cnn_demo:u_demo|pool_mem[758][7]      ; Stuck at GND due to stuck port data_in                    ;
; bearing_cnn_demo:u_demo|pool_mem[613][7]      ; Stuck at GND due to stuck port data_in                    ;
; bearing_cnn_demo:u_demo|pool_mem[629][7]      ; Stuck at GND due to stuck port data_in                    ;
; bearing_cnn_demo:u_demo|pool_mem[741][7]      ; Stuck at GND due to stuck port data_in                    ;
; bearing_cnn_demo:u_demo|pool_mem[757][7]      ; Stuck at GND due to stuck port data_in                    ;
; bearing_cnn_demo:u_demo|pool_mem[615][7]      ; Stuck at GND due to stuck port data_in                    ;
; bearing_cnn_demo:u_demo|pool_mem[631][7]      ; Stuck at GND due to stuck port data_in                    ;
; bearing_cnn_demo:u_demo|pool_mem[743][7]      ; Stuck at GND due to stuck port data_in                    ;
; bearing_cnn_demo:u_demo|pool_mem[759][7]      ; Stuck at GND due to stuck port data_in                    ;
; bearing_cnn_demo:u_demo|pool_mem[760][7]      ; Stuck at GND due to stuck port data_in                    ;
; bearing_cnn_demo:u_demo|pool_mem[768][7]      ; Stuck at GND due to stuck port data_in                    ;
; bearing_cnn_demo:u_demo|pool_mem[792][7]      ; Stuck at GND due to stuck port data_in                    ;
; bearing_cnn_demo:u_demo|pool_mem[800][7]      ; Stuck at GND due to stuck port data_in                    ;
; bearing_cnn_demo:u_demo|pool_mem[888][7]      ; Stuck at GND due to stuck port data_in                    ;
; bearing_cnn_demo:u_demo|pool_mem[896][7]      ; Stuck at GND due to stuck port data_in                    ;
; bearing_cnn_demo:u_demo|pool_mem[920][7]      ; Stuck at GND due to stuck port data_in                    ;
; bearing_cnn_demo:u_demo|pool_mem[928][7]      ; Stuck at GND due to stuck port data_in                    ;
; bearing_cnn_demo:u_demo|pool_mem[761][7]      ; Stuck at GND due to stuck port data_in                    ;
; bearing_cnn_demo:u_demo|pool_mem[769][7]      ; Stuck at GND due to stuck port data_in                    ;
; bearing_cnn_demo:u_demo|pool_mem[793][7]      ; Stuck at GND due to stuck port data_in                    ;
; bearing_cnn_demo:u_demo|pool_mem[801][7]      ; Stuck at GND due to stuck port data_in                    ;
; bearing_cnn_demo:u_demo|pool_mem[889][7]      ; Stuck at GND due to stuck port data_in                    ;
; bearing_cnn_demo:u_demo|pool_mem[897][7]      ; Stuck at GND due to stuck port data_in                    ;
; bearing_cnn_demo:u_demo|pool_mem[921][7]      ; Stuck at GND due to stuck port data_in                    ;
; bearing_cnn_demo:u_demo|pool_mem[929][7]      ; Stuck at GND due to stuck port data_in                    ;
; bearing_cnn_demo:u_demo|pool_mem[764][7]      ; Stuck at GND due to stuck port data_in                    ;
; bearing_cnn_demo:u_demo|pool_mem[772][7]      ; Stuck at GND due to stuck port data_in                    ;
; bearing_cnn_demo:u_demo|pool_mem[796][7]      ; Stuck at GND due to stuck port data_in                    ;
; bearing_cnn_demo:u_demo|pool_mem[804][7]      ; Stuck at GND due to stuck port data_in                    ;
; bearing_cnn_demo:u_demo|pool_mem[892][7]      ; Stuck at GND due to stuck port data_in                    ;
; bearing_cnn_demo:u_demo|pool_mem[900][7]      ; Stuck at GND due to stuck port data_in                    ;
; bearing_cnn_demo:u_demo|pool_mem[924][7]      ; Stuck at GND due to stuck port data_in                    ;
; bearing_cnn_demo:u_demo|pool_mem[932][7]      ; Stuck at GND due to stuck port data_in                    ;
; bearing_cnn_demo:u_demo|pool_mem[765][7]      ; Stuck at GND due to stuck port data_in                    ;
; bearing_cnn_demo:u_demo|pool_mem[773][7]      ; Stuck at GND due to stuck port data_in                    ;
; bearing_cnn_demo:u_demo|pool_mem[797][7]      ; Stuck at GND due to stuck port data_in                    ;
; bearing_cnn_demo:u_demo|pool_mem[805][7]      ; Stuck at GND due to stuck port data_in                    ;
; bearing_cnn_demo:u_demo|pool_mem[893][7]      ; Stuck at GND due to stuck port data_in                    ;
; bearing_cnn_demo:u_demo|pool_mem[901][7]      ; Stuck at GND due to stuck port data_in                    ;
; bearing_cnn_demo:u_demo|pool_mem[925][7]      ; Stuck at GND due to stuck port data_in                    ;
; bearing_cnn_demo:u_demo|pool_mem[933][7]      ; Stuck at GND due to stuck port data_in                    ;
; bearing_cnn_demo:u_demo|pool_mem[762][7]      ; Stuck at GND due to stuck port data_in                    ;
; bearing_cnn_demo:u_demo|pool_mem[770][7]      ; Stuck at GND due to stuck port data_in                    ;
; bearing_cnn_demo:u_demo|pool_mem[794][7]      ; Stuck at GND due to stuck port data_in                    ;
; bearing_cnn_demo:u_demo|pool_mem[802][7]      ; Stuck at GND due to stuck port data_in                    ;
; bearing_cnn_demo:u_demo|pool_mem[890][7]      ; Stuck at GND due to stuck port data_in                    ;
; bearing_cnn_demo:u_demo|pool_mem[898][7]      ; Stuck at GND due to stuck port data_in                    ;
; bearing_cnn_demo:u_demo|pool_mem[922][7]      ; Stuck at GND due to stuck port data_in                    ;
; bearing_cnn_demo:u_demo|pool_mem[930][7]      ; Stuck at GND due to stuck port data_in                    ;
; bearing_cnn_demo:u_demo|pool_mem[763][7]      ; Stuck at GND due to stuck port data_in                    ;
; bearing_cnn_demo:u_demo|pool_mem[771][7]      ; Stuck at GND due to stuck port data_in                    ;
; bearing_cnn_demo:u_demo|pool_mem[795][7]      ; Stuck at GND due to stuck port data_in                    ;
; bearing_cnn_demo:u_demo|pool_mem[803][7]      ; Stuck at GND due to stuck port data_in                    ;
; bearing_cnn_demo:u_demo|pool_mem[891][7]      ; Stuck at GND due to stuck port data_in                    ;
; bearing_cnn_demo:u_demo|pool_mem[899][7]      ; Stuck at GND due to stuck port data_in                    ;
; bearing_cnn_demo:u_demo|pool_mem[923][7]      ; Stuck at GND due to stuck port data_in                    ;
; bearing_cnn_demo:u_demo|pool_mem[931][7]      ; Stuck at GND due to stuck port data_in                    ;
; bearing_cnn_demo:u_demo|pool_mem[766][7]      ; Stuck at GND due to stuck port data_in                    ;
; bearing_cnn_demo:u_demo|pool_mem[774][7]      ; Stuck at GND due to stuck port data_in                    ;
; bearing_cnn_demo:u_demo|pool_mem[798][7]      ; Stuck at GND due to stuck port data_in                    ;
; bearing_cnn_demo:u_demo|pool_mem[806][7]      ; Stuck at GND due to stuck port data_in                    ;
; bearing_cnn_demo:u_demo|pool_mem[894][7]      ; Stuck at GND due to stuck port data_in                    ;
; bearing_cnn_demo:u_demo|pool_mem[902][7]      ; Stuck at GND due to stuck port data_in                    ;
; bearing_cnn_demo:u_demo|pool_mem[926][7]      ; Stuck at GND due to stuck port data_in                    ;
; bearing_cnn_demo:u_demo|pool_mem[934][7]      ; Stuck at GND due to stuck port data_in                    ;
; bearing_cnn_demo:u_demo|pool_mem[767][7]      ; Stuck at GND due to stuck port data_in                    ;
; bearing_cnn_demo:u_demo|pool_mem[775][7]      ; Stuck at GND due to stuck port data_in                    ;
; bearing_cnn_demo:u_demo|pool_mem[799][7]      ; Stuck at GND due to stuck port data_in                    ;
; bearing_cnn_demo:u_demo|pool_mem[807][7]      ; Stuck at GND due to stuck port data_in                    ;
; bearing_cnn_demo:u_demo|pool_mem[895][7]      ; Stuck at GND due to stuck port data_in                    ;
; bearing_cnn_demo:u_demo|pool_mem[903][7]      ; Stuck at GND due to stuck port data_in                    ;
; bearing_cnn_demo:u_demo|pool_mem[927][7]      ; Stuck at GND due to stuck port data_in                    ;
; bearing_cnn_demo:u_demo|pool_mem[935][7]      ; Stuck at GND due to stuck port data_in                    ;
; bearing_cnn_demo:u_demo|pool_mem[824][7]      ; Stuck at GND due to stuck port data_in                    ;
; bearing_cnn_demo:u_demo|pool_mem[832][7]      ; Stuck at GND due to stuck port data_in                    ;
; bearing_cnn_demo:u_demo|pool_mem[856][7]      ; Stuck at GND due to stuck port data_in                    ;
; bearing_cnn_demo:u_demo|pool_mem[864][7]      ; Stuck at GND due to stuck port data_in                    ;
; bearing_cnn_demo:u_demo|pool_mem[828][7]      ; Stuck at GND due to stuck port data_in                    ;
; bearing_cnn_demo:u_demo|pool_mem[836][7]      ; Stuck at GND due to stuck port data_in                    ;
; bearing_cnn_demo:u_demo|pool_mem[860][7]      ; Stuck at GND due to stuck port data_in                    ;
; bearing_cnn_demo:u_demo|pool_mem[868][7]      ; Stuck at GND due to stuck port data_in                    ;
; bearing_cnn_demo:u_demo|pool_mem[825][7]      ; Stuck at GND due to stuck port data_in                    ;
; bearing_cnn_demo:u_demo|pool_mem[833][7]      ; Stuck at GND due to stuck port data_in                    ;
; bearing_cnn_demo:u_demo|pool_mem[857][7]      ; Stuck at GND due to stuck port data_in                    ;
; bearing_cnn_demo:u_demo|pool_mem[865][7]      ; Stuck at GND due to stuck port data_in                    ;
; bearing_cnn_demo:u_demo|pool_mem[829][7]      ; Stuck at GND due to stuck port data_in                    ;
; bearing_cnn_demo:u_demo|pool_mem[837][7]      ; Stuck at GND due to stuck port data_in                    ;
; bearing_cnn_demo:u_demo|pool_mem[861][7]      ; Stuck at GND due to stuck port data_in                    ;
; bearing_cnn_demo:u_demo|pool_mem[869][7]      ; Stuck at GND due to stuck port data_in                    ;
; bearing_cnn_demo:u_demo|pool_mem[952][7]      ; Stuck at GND due to stuck port data_in                    ;
; bearing_cnn_demo:u_demo|pool_mem[960][7]      ; Stuck at GND due to stuck port data_in                    ;
; bearing_cnn_demo:u_demo|pool_mem[984][7]      ; Stuck at GND due to stuck port data_in                    ;
; bearing_cnn_demo:u_demo|pool_mem[992][7]      ; Stuck at GND due to stuck port data_in                    ;
; bearing_cnn_demo:u_demo|pool_mem[956][7]      ; Stuck at GND due to stuck port data_in                    ;
; bearing_cnn_demo:u_demo|pool_mem[964][7]      ; Stuck at GND due to stuck port data_in                    ;
; bearing_cnn_demo:u_demo|pool_mem[988][7]      ; Stuck at GND due to stuck port data_in                    ;
; bearing_cnn_demo:u_demo|pool_mem[996][7]      ; Stuck at GND due to stuck port data_in                    ;
; bearing_cnn_demo:u_demo|pool_mem[953][7]      ; Stuck at GND due to stuck port data_in                    ;
; bearing_cnn_demo:u_demo|pool_mem[961][7]      ; Stuck at GND due to stuck port data_in                    ;
; bearing_cnn_demo:u_demo|pool_mem[985][7]      ; Stuck at GND due to stuck port data_in                    ;
; bearing_cnn_demo:u_demo|pool_mem[993][7]      ; Stuck at GND due to stuck port data_in                    ;
; bearing_cnn_demo:u_demo|pool_mem[957][7]      ; Stuck at GND due to stuck port data_in                    ;
; bearing_cnn_demo:u_demo|pool_mem[965][7]      ; Stuck at GND due to stuck port data_in                    ;
; bearing_cnn_demo:u_demo|pool_mem[989][7]      ; Stuck at GND due to stuck port data_in                    ;
; bearing_cnn_demo:u_demo|pool_mem[997][7]      ; Stuck at GND due to stuck port data_in                    ;
; bearing_cnn_demo:u_demo|pool_mem[826][7]      ; Stuck at GND due to stuck port data_in                    ;
; bearing_cnn_demo:u_demo|pool_mem[830][7]      ; Stuck at GND due to stuck port data_in                    ;
; bearing_cnn_demo:u_demo|pool_mem[834][7]      ; Stuck at GND due to stuck port data_in                    ;
; bearing_cnn_demo:u_demo|pool_mem[838][7]      ; Stuck at GND due to stuck port data_in                    ;
; bearing_cnn_demo:u_demo|pool_mem[858][7]      ; Stuck at GND due to stuck port data_in                    ;
; bearing_cnn_demo:u_demo|pool_mem[862][7]      ; Stuck at GND due to stuck port data_in                    ;
; bearing_cnn_demo:u_demo|pool_mem[866][7]      ; Stuck at GND due to stuck port data_in                    ;
; bearing_cnn_demo:u_demo|pool_mem[870][7]      ; Stuck at GND due to stuck port data_in                    ;
; bearing_cnn_demo:u_demo|pool_mem[827][7]      ; Stuck at GND due to stuck port data_in                    ;
; bearing_cnn_demo:u_demo|pool_mem[831][7]      ; Stuck at GND due to stuck port data_in                    ;
; bearing_cnn_demo:u_demo|pool_mem[835][7]      ; Stuck at GND due to stuck port data_in                    ;
; bearing_cnn_demo:u_demo|pool_mem[839][7]      ; Stuck at GND due to stuck port data_in                    ;
; bearing_cnn_demo:u_demo|pool_mem[859][7]      ; Stuck at GND due to stuck port data_in                    ;
; bearing_cnn_demo:u_demo|pool_mem[863][7]      ; Stuck at GND due to stuck port data_in                    ;
; bearing_cnn_demo:u_demo|pool_mem[867][7]      ; Stuck at GND due to stuck port data_in                    ;
; bearing_cnn_demo:u_demo|pool_mem[871][7]      ; Stuck at GND due to stuck port data_in                    ;
; bearing_cnn_demo:u_demo|pool_mem[954][7]      ; Stuck at GND due to stuck port data_in                    ;
; bearing_cnn_demo:u_demo|pool_mem[958][7]      ; Stuck at GND due to stuck port data_in                    ;
; bearing_cnn_demo:u_demo|pool_mem[962][7]      ; Stuck at GND due to stuck port data_in                    ;
; bearing_cnn_demo:u_demo|pool_mem[966][7]      ; Stuck at GND due to stuck port data_in                    ;
; bearing_cnn_demo:u_demo|pool_mem[986][7]      ; Stuck at GND due to stuck port data_in                    ;
; bearing_cnn_demo:u_demo|pool_mem[990][7]      ; Stuck at GND due to stuck port data_in                    ;
; bearing_cnn_demo:u_demo|pool_mem[994][7]      ; Stuck at GND due to stuck port data_in                    ;
; bearing_cnn_demo:u_demo|pool_mem[998][7]      ; Stuck at GND due to stuck port data_in                    ;
; bearing_cnn_demo:u_demo|pool_mem[955][7]      ; Stuck at GND due to stuck port data_in                    ;
; bearing_cnn_demo:u_demo|pool_mem[959][7]      ; Stuck at GND due to stuck port data_in                    ;
; bearing_cnn_demo:u_demo|pool_mem[963][7]      ; Stuck at GND due to stuck port data_in                    ;
; bearing_cnn_demo:u_demo|pool_mem[967][7]      ; Stuck at GND due to stuck port data_in                    ;
; bearing_cnn_demo:u_demo|pool_mem[987][7]      ; Stuck at GND due to stuck port data_in                    ;
; bearing_cnn_demo:u_demo|pool_mem[991][7]      ; Stuck at GND due to stuck port data_in                    ;
; bearing_cnn_demo:u_demo|pool_mem[995][7]      ; Stuck at GND due to stuck port data_in                    ;
; bearing_cnn_demo:u_demo|pool_mem[999][7]      ; Stuck at GND due to stuck port data_in                    ;
; bearing_cnn_demo:u_demo|pool_mem[776][7]      ; Stuck at GND due to stuck port data_in                    ;
; bearing_cnn_demo:u_demo|pool_mem[784][7]      ; Stuck at GND due to stuck port data_in                    ;
; bearing_cnn_demo:u_demo|pool_mem[808][7]      ; Stuck at GND due to stuck port data_in                    ;
; bearing_cnn_demo:u_demo|pool_mem[816][7]      ; Stuck at GND due to stuck port data_in                    ;
; bearing_cnn_demo:u_demo|pool_mem[778][7]      ; Stuck at GND due to stuck port data_in                    ;
; bearing_cnn_demo:u_demo|pool_mem[786][7]      ; Stuck at GND due to stuck port data_in                    ;
; bearing_cnn_demo:u_demo|pool_mem[810][7]      ; Stuck at GND due to stuck port data_in                    ;
; bearing_cnn_demo:u_demo|pool_mem[818][7]      ; Stuck at GND due to stuck port data_in                    ;
; bearing_cnn_demo:u_demo|pool_mem[777][7]      ; Stuck at GND due to stuck port data_in                    ;
; bearing_cnn_demo:u_demo|pool_mem[785][7]      ; Stuck at GND due to stuck port data_in                    ;
; bearing_cnn_demo:u_demo|pool_mem[809][7]      ; Stuck at GND due to stuck port data_in                    ;
; bearing_cnn_demo:u_demo|pool_mem[817][7]      ; Stuck at GND due to stuck port data_in                    ;
; bearing_cnn_demo:u_demo|pool_mem[779][7]      ; Stuck at GND due to stuck port data_in                    ;
; bearing_cnn_demo:u_demo|pool_mem[787][7]      ; Stuck at GND due to stuck port data_in                    ;
; bearing_cnn_demo:u_demo|pool_mem[811][7]      ; Stuck at GND due to stuck port data_in                    ;
; bearing_cnn_demo:u_demo|pool_mem[819][7]      ; Stuck at GND due to stuck port data_in                    ;
; bearing_cnn_demo:u_demo|pool_mem[780][7]      ; Stuck at GND due to stuck port data_in                    ;
; bearing_cnn_demo:u_demo|pool_mem[788][7]      ; Stuck at GND due to stuck port data_in                    ;
; bearing_cnn_demo:u_demo|pool_mem[812][7]      ; Stuck at GND due to stuck port data_in                    ;
; bearing_cnn_demo:u_demo|pool_mem[820][7]      ; Stuck at GND due to stuck port data_in                    ;
; bearing_cnn_demo:u_demo|pool_mem[782][7]      ; Stuck at GND due to stuck port data_in                    ;
; bearing_cnn_demo:u_demo|pool_mem[790][7]      ; Stuck at GND due to stuck port data_in                    ;
; bearing_cnn_demo:u_demo|pool_mem[814][7]      ; Stuck at GND due to stuck port data_in                    ;
; bearing_cnn_demo:u_demo|pool_mem[822][7]      ; Stuck at GND due to stuck port data_in                    ;
; bearing_cnn_demo:u_demo|pool_mem[781][7]      ; Stuck at GND due to stuck port data_in                    ;
; bearing_cnn_demo:u_demo|pool_mem[789][7]      ; Stuck at GND due to stuck port data_in                    ;
; bearing_cnn_demo:u_demo|pool_mem[813][7]      ; Stuck at GND due to stuck port data_in                    ;
; bearing_cnn_demo:u_demo|pool_mem[821][7]      ; Stuck at GND due to stuck port data_in                    ;
; bearing_cnn_demo:u_demo|pool_mem[783][7]      ; Stuck at GND due to stuck port data_in                    ;
; bearing_cnn_demo:u_demo|pool_mem[791][7]      ; Stuck at GND due to stuck port data_in                    ;
; bearing_cnn_demo:u_demo|pool_mem[815][7]      ; Stuck at GND due to stuck port data_in                    ;
; bearing_cnn_demo:u_demo|pool_mem[823][7]      ; Stuck at GND due to stuck port data_in                    ;
; bearing_cnn_demo:u_demo|pool_mem[904][7]      ; Stuck at GND due to stuck port data_in                    ;
; bearing_cnn_demo:u_demo|pool_mem[912][7]      ; Stuck at GND due to stuck port data_in                    ;
; bearing_cnn_demo:u_demo|pool_mem[936][7]      ; Stuck at GND due to stuck port data_in                    ;
; bearing_cnn_demo:u_demo|pool_mem[944][7]      ; Stuck at GND due to stuck port data_in                    ;
; bearing_cnn_demo:u_demo|pool_mem[906][7]      ; Stuck at GND due to stuck port data_in                    ;
; bearing_cnn_demo:u_demo|pool_mem[914][7]      ; Stuck at GND due to stuck port data_in                    ;
; bearing_cnn_demo:u_demo|pool_mem[938][7]      ; Stuck at GND due to stuck port data_in                    ;
; bearing_cnn_demo:u_demo|pool_mem[946][7]      ; Stuck at GND due to stuck port data_in                    ;
; bearing_cnn_demo:u_demo|pool_mem[905][7]      ; Stuck at GND due to stuck port data_in                    ;
; bearing_cnn_demo:u_demo|pool_mem[913][7]      ; Stuck at GND due to stuck port data_in                    ;
; bearing_cnn_demo:u_demo|pool_mem[937][7]      ; Stuck at GND due to stuck port data_in                    ;
; bearing_cnn_demo:u_demo|pool_mem[945][7]      ; Stuck at GND due to stuck port data_in                    ;
; bearing_cnn_demo:u_demo|pool_mem[907][7]      ; Stuck at GND due to stuck port data_in                    ;
; bearing_cnn_demo:u_demo|pool_mem[915][7]      ; Stuck at GND due to stuck port data_in                    ;
; bearing_cnn_demo:u_demo|pool_mem[939][7]      ; Stuck at GND due to stuck port data_in                    ;
; bearing_cnn_demo:u_demo|pool_mem[947][7]      ; Stuck at GND due to stuck port data_in                    ;
; bearing_cnn_demo:u_demo|pool_mem[908][7]      ; Stuck at GND due to stuck port data_in                    ;
; bearing_cnn_demo:u_demo|pool_mem[916][7]      ; Stuck at GND due to stuck port data_in                    ;
; bearing_cnn_demo:u_demo|pool_mem[940][7]      ; Stuck at GND due to stuck port data_in                    ;
; bearing_cnn_demo:u_demo|pool_mem[948][7]      ; Stuck at GND due to stuck port data_in                    ;
; bearing_cnn_demo:u_demo|pool_mem[910][7]      ; Stuck at GND due to stuck port data_in                    ;
; bearing_cnn_demo:u_demo|pool_mem[918][7]      ; Stuck at GND due to stuck port data_in                    ;
; bearing_cnn_demo:u_demo|pool_mem[942][7]      ; Stuck at GND due to stuck port data_in                    ;
; bearing_cnn_demo:u_demo|pool_mem[950][7]      ; Stuck at GND due to stuck port data_in                    ;
; bearing_cnn_demo:u_demo|pool_mem[909][7]      ; Stuck at GND due to stuck port data_in                    ;
; bearing_cnn_demo:u_demo|pool_mem[917][7]      ; Stuck at GND due to stuck port data_in                    ;
; bearing_cnn_demo:u_demo|pool_mem[941][7]      ; Stuck at GND due to stuck port data_in                    ;
; bearing_cnn_demo:u_demo|pool_mem[949][7]      ; Stuck at GND due to stuck port data_in                    ;
; bearing_cnn_demo:u_demo|pool_mem[911][7]      ; Stuck at GND due to stuck port data_in                    ;
; bearing_cnn_demo:u_demo|pool_mem[919][7]      ; Stuck at GND due to stuck port data_in                    ;
; bearing_cnn_demo:u_demo|pool_mem[943][7]      ; Stuck at GND due to stuck port data_in                    ;
; bearing_cnn_demo:u_demo|pool_mem[951][7]      ; Stuck at GND due to stuck port data_in                    ;
; bearing_cnn_demo:u_demo|pool_mem[840][7]      ; Stuck at GND due to stuck port data_in                    ;
; bearing_cnn_demo:u_demo|pool_mem[848][7]      ; Stuck at GND due to stuck port data_in                    ;
; bearing_cnn_demo:u_demo|pool_mem[968][7]      ; Stuck at GND due to stuck port data_in                    ;
; bearing_cnn_demo:u_demo|pool_mem[976][7]      ; Stuck at GND due to stuck port data_in                    ;
; bearing_cnn_demo:u_demo|pool_mem[842][7]      ; Stuck at GND due to stuck port data_in                    ;
; bearing_cnn_demo:u_demo|pool_mem[850][7]      ; Stuck at GND due to stuck port data_in                    ;
; bearing_cnn_demo:u_demo|pool_mem[970][7]      ; Stuck at GND due to stuck port data_in                    ;
; bearing_cnn_demo:u_demo|pool_mem[978][7]      ; Stuck at GND due to stuck port data_in                    ;
; bearing_cnn_demo:u_demo|pool_mem[841][7]      ; Stuck at GND due to stuck port data_in                    ;
; bearing_cnn_demo:u_demo|pool_mem[849][7]      ; Stuck at GND due to stuck port data_in                    ;
; bearing_cnn_demo:u_demo|pool_mem[969][7]      ; Stuck at GND due to stuck port data_in                    ;
; bearing_cnn_demo:u_demo|pool_mem[977][7]      ; Stuck at GND due to stuck port data_in                    ;
; bearing_cnn_demo:u_demo|pool_mem[843][7]      ; Stuck at GND due to stuck port data_in                    ;
; bearing_cnn_demo:u_demo|pool_mem[851][7]      ; Stuck at GND due to stuck port data_in                    ;
; bearing_cnn_demo:u_demo|pool_mem[971][7]      ; Stuck at GND due to stuck port data_in                    ;
; bearing_cnn_demo:u_demo|pool_mem[979][7]      ; Stuck at GND due to stuck port data_in                    ;
; bearing_cnn_demo:u_demo|pool_mem[844][7]      ; Stuck at GND due to stuck port data_in                    ;
; bearing_cnn_demo:u_demo|pool_mem[852][7]      ; Stuck at GND due to stuck port data_in                    ;
; bearing_cnn_demo:u_demo|pool_mem[972][7]      ; Stuck at GND due to stuck port data_in                    ;
; bearing_cnn_demo:u_demo|pool_mem[980][7]      ; Stuck at GND due to stuck port data_in                    ;
; bearing_cnn_demo:u_demo|pool_mem[846][7]      ; Stuck at GND due to stuck port data_in                    ;
; bearing_cnn_demo:u_demo|pool_mem[854][7]      ; Stuck at GND due to stuck port data_in                    ;
; bearing_cnn_demo:u_demo|pool_mem[974][7]      ; Stuck at GND due to stuck port data_in                    ;
; bearing_cnn_demo:u_demo|pool_mem[982][7]      ; Stuck at GND due to stuck port data_in                    ;
; bearing_cnn_demo:u_demo|pool_mem[845][7]      ; Stuck at GND due to stuck port data_in                    ;
; bearing_cnn_demo:u_demo|pool_mem[853][7]      ; Stuck at GND due to stuck port data_in                    ;
; bearing_cnn_demo:u_demo|pool_mem[973][7]      ; Stuck at GND due to stuck port data_in                    ;
; bearing_cnn_demo:u_demo|pool_mem[981][7]      ; Stuck at GND due to stuck port data_in                    ;
; bearing_cnn_demo:u_demo|pool_mem[847][7]      ; Stuck at GND due to stuck port data_in                    ;
; bearing_cnn_demo:u_demo|pool_mem[855][7]      ; Stuck at GND due to stuck port data_in                    ;
; bearing_cnn_demo:u_demo|pool_mem[975][7]      ; Stuck at GND due to stuck port data_in                    ;
; bearing_cnn_demo:u_demo|pool_mem[983][7]      ; Stuck at GND due to stuck port data_in                    ;
; bearing_cnn_demo:u_demo|pool_mem[872][7]      ; Stuck at GND due to stuck port data_in                    ;
; bearing_cnn_demo:u_demo|pool_mem[880][7]      ; Stuck at GND due to stuck port data_in                    ;
; bearing_cnn_demo:u_demo|pool_mem[1000][7]     ; Stuck at GND due to stuck port data_in                    ;
; bearing_cnn_demo:u_demo|pool_mem[1008][7]     ; Stuck at GND due to stuck port data_in                    ;
; bearing_cnn_demo:u_demo|pool_mem[874][7]      ; Stuck at GND due to stuck port data_in                    ;
; bearing_cnn_demo:u_demo|pool_mem[882][7]      ; Stuck at GND due to stuck port data_in                    ;
; bearing_cnn_demo:u_demo|pool_mem[1002][7]     ; Stuck at GND due to stuck port data_in                    ;
; bearing_cnn_demo:u_demo|pool_mem[1010][7]     ; Stuck at GND due to stuck port data_in                    ;
; bearing_cnn_demo:u_demo|pool_mem[873][7]      ; Stuck at GND due to stuck port data_in                    ;
; bearing_cnn_demo:u_demo|pool_mem[881][7]      ; Stuck at GND due to stuck port data_in                    ;
; bearing_cnn_demo:u_demo|pool_mem[1001][7]     ; Stuck at GND due to stuck port data_in                    ;
; bearing_cnn_demo:u_demo|pool_mem[1009][7]     ; Stuck at GND due to stuck port data_in                    ;
; bearing_cnn_demo:u_demo|pool_mem[875][7]      ; Stuck at GND due to stuck port data_in                    ;
; bearing_cnn_demo:u_demo|pool_mem[883][7]      ; Stuck at GND due to stuck port data_in                    ;
; bearing_cnn_demo:u_demo|pool_mem[1003][7]     ; Stuck at GND due to stuck port data_in                    ;
; bearing_cnn_demo:u_demo|pool_mem[1011][7]     ; Stuck at GND due to stuck port data_in                    ;
; bearing_cnn_demo:u_demo|pool_mem[876][7]      ; Stuck at GND due to stuck port data_in                    ;
; bearing_cnn_demo:u_demo|pool_mem[884][7]      ; Stuck at GND due to stuck port data_in                    ;
; bearing_cnn_demo:u_demo|pool_mem[1004][7]     ; Stuck at GND due to stuck port data_in                    ;
; bearing_cnn_demo:u_demo|pool_mem[1012][7]     ; Stuck at GND due to stuck port data_in                    ;
; bearing_cnn_demo:u_demo|pool_mem[878][7]      ; Stuck at GND due to stuck port data_in                    ;
; bearing_cnn_demo:u_demo|pool_mem[886][7]      ; Stuck at GND due to stuck port data_in                    ;
; bearing_cnn_demo:u_demo|pool_mem[1006][7]     ; Stuck at GND due to stuck port data_in                    ;
; bearing_cnn_demo:u_demo|pool_mem[1014][7]     ; Stuck at GND due to stuck port data_in                    ;
; bearing_cnn_demo:u_demo|pool_mem[877][7]      ; Stuck at GND due to stuck port data_in                    ;
; bearing_cnn_demo:u_demo|pool_mem[885][7]      ; Stuck at GND due to stuck port data_in                    ;
; bearing_cnn_demo:u_demo|pool_mem[1005][7]     ; Stuck at GND due to stuck port data_in                    ;
; bearing_cnn_demo:u_demo|pool_mem[1013][7]     ; Stuck at GND due to stuck port data_in                    ;
; bearing_cnn_demo:u_demo|pool_mem[879][7]      ; Stuck at GND due to stuck port data_in                    ;
; bearing_cnn_demo:u_demo|pool_mem[887][7]      ; Stuck at GND due to stuck port data_in                    ;
; bearing_cnn_demo:u_demo|pool_mem[1007][7]     ; Stuck at GND due to stuck port data_in                    ;
; bearing_cnn_demo:u_demo|pool_mem[1015][7]     ; Stuck at GND due to stuck port data_in                    ;
; Total Number of Removed Registers = 4356      ;                                                           ;
+-----------------------------------------------+-----------------------------------------------------------+


+------------------------------------------------------+
; General Register Statistics                          ;
+----------------------------------------------+-------+
; Statistic                                    ; Value ;
+----------------------------------------------+-------+
; Total registers                              ; 29983 ;
; Number of registers using Synchronous Clear  ; 1168  ;
; Number of registers using Synchronous Load   ; 0     ;
; Number of registers using Asynchronous Clear ; 1055  ;
; Number of registers using Asynchronous Load  ; 0     ;
; Number of registers using Clock Enable       ; 22774 ;
; Number of registers using Preset             ; 0     ;
+----------------------------------------------+-------+


+---------------------------------------------------------------------------------------------------------------------------------------------------------------------------+
; Multiplexer Restructuring Statistics (Restructuring Performed)                                                                                                            ;
+--------------------+-----------+---------------+----------------------+------------------------+------------+-------------------------------------------------------------+
; Multiplexer Inputs ; Bus Width ; Baseline Area ; Area if Restructured ; Saving if Restructured ; Registered ; Example Multiplexer Output                                  ;
+--------------------+-----------+---------------+----------------------+------------------------+------------+-------------------------------------------------------------+
; 128:1              ; 136 bits  ; 11560 LEs     ; 11560 LEs            ; 0 LEs                  ; No         ; |de10_standard_hw_top|bearing_cnn_demo:u_demo|Mux173        ;
; 3:1                ; 7 bits    ; 14 LEs        ; 14 LEs               ; 0 LEs                  ; Yes        ; |de10_standard_hw_top|bearing_cnn_demo:u_demo|logits[0][6]  ;
; 3:1                ; 7 bits    ; 14 LEs        ; 14 LEs               ; 0 LEs                  ; Yes        ; |de10_standard_hw_top|bearing_cnn_demo:u_demo|logits[3][0]  ;
; 3:1                ; 7 bits    ; 14 LEs        ; 14 LEs               ; 0 LEs                  ; Yes        ; |de10_standard_hw_top|bearing_cnn_demo:u_demo|logits[1][6]  ;
; 3:1                ; 7 bits    ; 14 LEs        ; 14 LEs               ; 0 LEs                  ; Yes        ; |de10_standard_hw_top|bearing_cnn_demo:u_demo|logits[2][6]  ;
; 7:1                ; 131 bits  ; 524 LEs       ; 0 LEs                ; 524 LEs                ; Yes        ; |de10_standard_hw_top|bearing_cnn_demo:u_demo|fc_acc[1][3]  ;
; 8:1                ; 8 bits    ; 40 LEs        ; 40 LEs               ; 0 LEs                  ; No         ; |de10_standard_hw_top|bearing_cnn_demo:u_demo|Mux378        ;
; 1024:1             ; 8 bits    ; 5456 LEs      ; 5456 LEs             ; 0 LEs                  ; No         ; |de10_standard_hw_top|bearing_cnn_demo:u_demo|Mux221        ;
; 4:1                ; 7 bits    ; 14 LEs        ; 14 LEs               ; 0 LEs                  ; Yes        ; |de10_standard_hw_top|bearing_cnn_demo:u_demo|gap_mem[0][3] ;
; 4:1                ; 7 bits    ; 14 LEs        ; 14 LEs               ; 0 LEs                  ; Yes        ; |de10_standard_hw_top|bearing_cnn_demo:u_demo|gap_mem[1][3] ;
; 4:1                ; 7 bits    ; 14 LEs        ; 14 LEs               ; 0 LEs                  ; Yes        ; |de10_standard_hw_top|bearing_cnn_demo:u_demo|gap_mem[2][1] ;
; 4:1                ; 7 bits    ; 14 LEs        ; 14 LEs               ; 0 LEs                  ; Yes        ; |de10_standard_hw_top|bearing_cnn_demo:u_demo|gap_mem[3][6] ;
; 4:1                ; 7 bits    ; 14 LEs        ; 14 LEs               ; 0 LEs                  ; Yes        ; |de10_standard_hw_top|bearing_cnn_demo:u_demo|gap_mem[4][5] ;
; 4:1                ; 7 bits    ; 14 LEs        ; 14 LEs               ; 0 LEs                  ; Yes        ; |de10_standard_hw_top|bearing_cnn_demo:u_demo|gap_mem[5][1] ;
; 4:1                ; 7 bits    ; 14 LEs        ; 14 LEs               ; 0 LEs                  ; Yes        ; |de10_standard_hw_top|bearing_cnn_demo:u_demo|gap_mem[6][5] ;
; 4:1                ; 7 bits    ; 14 LEs        ; 14 LEs               ; 0 LEs                  ; Yes        ; |de10_standard_hw_top|bearing_cnn_demo:u_demo|gap_mem[7][6] ;
; 6:1                ; 259 bits  ; 1036 LEs      ; 0 LEs                ; 1036 LEs               ; Yes        ; |de10_standard_hw_top|bearing_cnn_demo:u_demo|c1_acc[0][31] ;
; 7:1                ; 256 bits  ; 1024 LEs      ; 0 LEs                ; 1024 LEs               ; Yes        ; |de10_standard_hw_top|bearing_cnn_demo:u_demo|gap_acc[2][7] ;
; 8:1                ; 256 bits  ; 1280 LEs      ; 0 LEs                ; 1280 LEs               ; Yes        ; |de10_standard_hw_top|bearing_cnn_demo:u_demo|c2_acc[5][2]  ;
; 9:1                ; 3 bits    ; 18 LEs        ; 6 LEs                ; 12 LEs                 ; Yes        ; |de10_standard_hw_top|bearing_cnn_demo:u_demo|c2_in_ch[1]   ;
; 9:1                ; 2 bits    ; 12 LEs        ; 4 LEs                ; 8 LEs                  ; Yes        ; |de10_standard_hw_top|bearing_cnn_demo:u_demo|c2_tap[1]     ;
; 9:1                ; 9 bits    ; 54 LEs        ; 0 LEs                ; 54 LEs                 ; Yes        ; |de10_standard_hw_top|bearing_cnn_demo:u_demo|pos[8]        ;
; 3:1                ; 7 bits    ; 14 LEs        ; 14 LEs               ; 0 LEs                  ; No         ; |de10_standard_hw_top|bearing_cnn_demo:u_demo|quantize32    ;
; 3:1                ; 7 bits    ; 14 LEs        ; 14 LEs               ; 0 LEs                  ; No         ; |de10_standard_hw_top|bearing_cnn_demo:u_demo|quantize32    ;
; 3:1                ; 7 bits    ; 14 LEs        ; 14 LEs               ; 0 LEs                  ; No         ; |de10_standard_hw_top|bearing_cnn_demo:u_demo|quantize32    ;
; 3:1                ; 7 bits    ; 14 LEs        ; 14 LEs               ; 0 LEs                  ; No         ; |de10_standard_hw_top|bearing_cnn_demo:u_demo|quantize32    ;
; 3:1                ; 7 bits    ; 14 LEs        ; 14 LEs               ; 0 LEs                  ; No         ; |de10_standard_hw_top|bearing_cnn_demo:u_demo|quantize32    ;
; 3:1                ; 7 bits    ; 14 LEs        ; 14 LEs               ; 0 LEs                  ; No         ; |de10_standard_hw_top|bearing_cnn_demo:u_demo|quantize32    ;
; 3:1                ; 7 bits    ; 14 LEs        ; 14 LEs               ; 0 LEs                  ; No         ; |de10_standard_hw_top|bearing_cnn_demo:u_demo|quantize32    ;
; 3:1                ; 7 bits    ; 14 LEs        ; 14 LEs               ; 0 LEs                  ; No         ; |de10_standard_hw_top|bearing_cnn_demo:u_demo|quantize32    ;
; 3:1                ; 7 bits    ; 14 LEs        ; 14 LEs               ; 0 LEs                  ; No         ; |de10_standard_hw_top|bearing_cnn_demo:u_demo|quantize32    ;
; 3:1                ; 7 bits    ; 14 LEs        ; 14 LEs               ; 0 LEs                  ; No         ; |de10_standard_hw_top|bearing_cnn_demo:u_demo|quantize32    ;
; 3:1                ; 7 bits    ; 14 LEs        ; 14 LEs               ; 0 LEs                  ; No         ; |de10_standard_hw_top|bearing_cnn_demo:u_demo|quantize32    ;
; 3:1                ; 7 bits    ; 14 LEs        ; 14 LEs               ; 0 LEs                  ; No         ; |de10_standard_hw_top|bearing_cnn_demo:u_demo|quantize32    ;
; 3:1                ; 7 bits    ; 14 LEs        ; 14 LEs               ; 0 LEs                  ; No         ; |de10_standard_hw_top|bearing_cnn_demo:u_demo|quantize32    ;
; 3:1                ; 7 bits    ; 14 LEs        ; 14 LEs               ; 0 LEs                  ; No         ; |de10_standard_hw_top|bearing_cnn_demo:u_demo|quantize32    ;
; 3:1                ; 7 bits    ; 14 LEs        ; 14 LEs               ; 0 LEs                  ; No         ; |de10_standard_hw_top|bearing_cnn_demo:u_demo|quantize32    ;
; 3:1                ; 7 bits    ; 14 LEs        ; 14 LEs               ; 0 LEs                  ; No         ; |de10_standard_hw_top|bearing_cnn_demo:u_demo|quantize32    ;
; 128:1              ; 56 bits   ; 4760 LEs      ; 4760 LEs             ; 0 LEs                  ; No         ; |de10_standard_hw_top|bearing_cnn_demo:u_demo|Mux326        ;
; 12:1               ; 5 bits    ; 40 LEs        ; 20 LEs               ; 20 LEs                 ; No         ; |de10_standard_hw_top|bearing_cnn_demo:u_demo|Selector271   ;
+--------------------+-----------+---------------+----------------------+------------------------+------------+-------------------------------------------------------------+


+----------------------------------------------------------------------------------------------------------------------+
; Port Connectivity Checks: "bearing_cnn_demo:u_demo"                                                                  ;
+------------+--------+----------+-------------------------------------------------------------------------------------+
; Port       ; Type   ; Severity ; Details                                                                             ;
+------------+--------+----------+-------------------------------------------------------------------------------------+
; logits_out ; Output ; Info     ; Connected to dangling logic. Logic that only feeds a dangling port will be removed. ;
+------------+--------+----------+-------------------------------------------------------------------------------------+


+-----------------------------------------------------+
; Post-Synthesis Netlist Statistics for Top Partition ;
+-----------------------+-----------------------------+
; Type                  ; Count                       ;
+-----------------------+-----------------------------+
; arriav_ff             ; 29983                       ;
;     CLR               ; 41                          ;
;     ENA               ; 21504                       ;
;     ENA CLR           ; 102                         ;
;     ENA CLR SCLR      ; 912                         ;
;     ENA SCLR          ; 256                         ;
;     plain             ; 7168                        ;
; arriav_lcell_comb     ; 20233                       ;
;     arith             ; 1909                        ;
;         0 data inputs ; 3                           ;
;         1 data inputs ; 1311                        ;
;         2 data inputs ; 536                         ;
;         3 data inputs ; 3                           ;
;         4 data inputs ; 56                          ;
;     extend            ; 16                          ;
;         7 data inputs ; 16                          ;
;     normal            ; 18308                       ;
;         0 data inputs ; 1                           ;
;         1 data inputs ; 7                           ;
;         2 data inputs ; 193                         ;
;         3 data inputs ; 309                         ;
;         4 data inputs ; 94                          ;
;         5 data inputs ; 6637                        ;
;         6 data inputs ; 11067                       ;
; arriav_mac            ; 20                          ;
; boundary_port         ; 14                          ;
;                       ;                             ;
; Max LUT depth         ; 11.80                       ;
; Average LUT depth     ; 7.91                        ;
+-----------------------+-----------------------------+


+-------------------------------+
; Elapsed Time Per Partition    ;
+----------------+--------------+
; Partition Name ; Elapsed Time ;
+----------------+--------------+
; Top            ; 00:00:39     ;
+----------------+--------------+


+-------------------------------+
; Analysis & Synthesis Messages ;
+-------------------------------+
Info: *******************************************************************
Info: Running Quartus Prime Analysis & Synthesis
    Info: Version 25.1std.0 Build 1129 10/21/2025 SC Lite Edition
    Info: Processing started: Sat Oct  3 18:06:22 2026
Info: Command: quartus_map --read_settings_files=on --write_settings_files=off de10_standard_hw -c de10_standard_hw
Warning (18236): Number of processors has not been specified which may cause overloading on shared machines.  Set the global assignment NUM_PARALLEL_PROCESSORS in your QSF to an appropriate value for best performance.
Info (20030): Parallel compilation is enabled and will use 8 of the 8 processors detected
Warning (10259): Verilog HDL error at pkg_accelerator.sv(156): constant value overflow File: /home/raone/fpga-ai-accelerator/rtl/pkg_accelerator.sv Line: 156
Info (12021): Found 1 design units, including 0 entities, in source file /home/raone/fpga-ai-accelerator/rtl/pkg_accelerator.sv
    Info (12022): Found design unit 1: pkg_accelerator (SystemVerilog) File: /home/raone/fpga-ai-accelerator/rtl/pkg_accelerator.sv Line: 17
Warning (10335): Unrecognized synthesis attribute "use_dsp" at ../../rtl/mac_unit.sv(79) File: /home/raone/fpga-ai-accelerator/rtl/mac_unit.sv Line: 79
Info (12021): Found 1 design units, including 1 entities, in source file /home/raone/fpga-ai-accelerator/rtl/mac_unit.sv
    Info (12023): Found entity 1: mac_unit File: /home/raone/fpga-ai-accelerator/rtl/mac_unit.sv Line: 25
Info (12021): Found 1 design units, including 1 entities, in source file /home/raone/fpga-ai-accelerator/rtl/systolic_array.sv
    Info (12023): Found entity 1: systolic_array File: /home/raone/fpga-ai-accelerator/rtl/systolic_array.sv Line: 27
Warning (10335): Unrecognized synthesis attribute "ram_style" at ../../rtl/sram_controller.sv(52) File: /home/raone/fpga-ai-accelerator/rtl/sram_controller.sv Line: 52
Warning (10335): Unrecognized synthesis attribute "DONT_TOUCH" at ../../rtl/sram_controller.sv(52) File: /home/raone/fpga-ai-accelerator/rtl/sram_controller.sv Line: 52
Warning (10335): Unrecognized synthesis attribute "ram_style" at ../../rtl/sram_controller.sv(55) File: /home/raone/fpga-ai-accelerator/rtl/sram_controller.sv Line: 55
Warning (10335): Unrecognized synthesis attribute "DONT_TOUCH" at ../../rtl/sram_controller.sv(55) File: /home/raone/fpga-ai-accelerator/rtl/sram_controller.sv Line: 55
Info (12021): Found 1 design units, including 1 entities, in source file /home/raone/fpga-ai-accelerator/rtl/sram_controller.sv
    Info (12023): Found entity 1: sram_controller File: /home/raone/fpga-ai-accelerator/rtl/sram_controller.sv Line: 24
Info (12021): Found 1 design units, including 1 entities, in source file /home/raone/fpga-ai-accelerator/rtl/axi_stream_input.sv
    Info (12023): Found entity 1: axi_stream_input File: /home/raone/fpga-ai-accelerator/rtl/axi_stream_input.sv Line: 27
Info (12021): Found 1 design units, including 1 entities, in source file /home/raone/fpga-ai-accelerator/rtl/axi_stream_output.sv
    Info (12023): Found entity 1: axi_stream_output File: /home/raone/fpga-ai-accelerator/rtl/axi_stream_output.sv Line: 19
Warning (10259): Verilog HDL error at quantize_unit.sv(109): constant value overflow File: /home/raone/fpga-ai-accelerator/rtl/quantize_unit.sv Line: 109
Info (12021): Found 1 design units, including 1 entities, in source file /home/raone/fpga-ai-accelerator/rtl/quantize_unit.sv
    Info (12023): Found entity 1: quantize_unit File: /home/raone/fpga-ai-accelerator/rtl/quantize_unit.sv Line: 22
Info (12021): Found 1 design units, including 1 entities, in source file /home/raone/fpga-ai-accelerator/rtl/layer_ctrl_fsm.sv
    Info (12023): Found entity 1: layer_ctrl_fsm File: /home/raone/fpga-ai-accelerator/rtl/layer_ctrl_fsm.sv Line: 35
Info (12021): Found 1 design units, including 1 entities, in source file /home/raone/fpga-ai-accelerator/rtl/inference_accelerator_top.sv
    Info (12023): Found entity 1: inference_accelerator_top File: /home/raone/fpga-ai-accelerator/rtl/inference_accelerator_top.sv Line: 28
Warning (10259): Verilog HDL error at bearing_cnn_demo.sv(139): constant value overflow File: /home/raone/fpga-ai-accelerator/quartus/de10_standard_hw/bearing_cnn_demo.sv Line: 139
Warning (10259): Verilog HDL error at bearing_cnn_demo.sv(162): constant value overflow File: /home/raone/fpga-ai-accelerator/quartus/de10_standard_hw/bearing_cnn_demo.sv Line: 162
Info (12021): Found 1 design units, including 1 entities, in source file bearing_cnn_demo.sv
    Info (12023): Found entity 1: bearing_cnn_demo File: /home/raone/fpga-ai-accelerator/quartus/de10_standard_hw/bearing_cnn_demo.sv Line: 26
Info (12021): Found 1 design units, including 1 entities, in source file de10_standard_hw_top.sv
    Info (12023): Found entity 1: de10_standard_hw_top File: /home/raone/fpga-ai-accelerator/quartus/de10_standard_hw/de10_standard_hw_top.sv Line: 1
Info (12127): Elaborating entity "de10_standard_hw_top" for the top level hierarchy
Info (12128): Elaborating entity "bearing_cnn_demo" for hierarchy "bearing_cnn_demo:u_demo" File: /home/raone/fpga-ai-accelerator/quartus/de10_standard_hw/de10_standard_hw_top.sv Line: 50
Warning (13024): Output pins are stuck at VCC or GND
    Warning (13410): Pin "LEDR[9]" is stuck at GND File: /home/raone/fpga-ai-accelerator/quartus/de10_standard_hw/de10_standard_hw_top.sv Line: 6
Info (286030): Timing-Driven Synthesis is running
Info (17049): 4 registers lost all their fanouts during netlist optimizations.
Info (16010): Generating hard_block partition "hard_block:auto_generated_inst"
    Info (16011): Adding 0 node(s), including 0 DDIO, 0 PLL, 0 transceiver and 0 LCELL
Info (21057): Implemented 42909 device resources after synthesis - the final resource count might be different
    Info (21058): Implemented 4 input pins
    Info (21059): Implemented 10 output pins
    Info (21061): Implemented 42875 logic cells
    Info (21062): Implemented 20 DSP elements
Info: Quartus Prime Analysis & Synthesis was successful. 0 errors, 12 warnings
    Info: Peak virtual memory: 1762 megabytes
    Info: Processing ended: Sat Oct  3 18:08:02 2026
    Info: Elapsed time: 00:01:40
    Info: Total CPU time (on all processors): 00:02:32


