Analysis & Synthesis report for de10_standard
Fri Sep 11 03:20:09 2026
Quartus Prime Version 23.1std.1 Build 993 05/14/2024 SC Standard Edition


---------------------
; Table of Contents ;
---------------------
  1. Legal Notice
  2. Analysis & Synthesis Summary
  3. Analysis & Synthesis Settings
  4. Parallel Compilation
  5. Analysis & Synthesis Source Files Read
  6. Analysis & Synthesis Resource Usage Summary
  7. Analysis & Synthesis Resource Utilization by Entity
  8. Analysis & Synthesis RAM Summary
  9. Analysis & Synthesis DSP Block Usage Summary
 10. State Machine - |inference_accelerator_top|layer_ctrl_fsm:u_fsm|state_reg
 11. Registers Removed During Synthesis
 12. General Register Statistics
 13. Registers Packed Into Inferred Megafunctions
 14. Multiplexer Restructuring Statistics (Restructuring Performed)
 15. Source assignments for sram_controller:u_sram|altsyncram:mem_bank0_rtl_0|altsyncram_09q1:auto_generated
 16. Source assignments for sram_controller:u_sram|altsyncram:mem_bank1_rtl_0|altsyncram_09q1:auto_generated
 17. Parameter Settings for Inferred Entity Instance: sram_controller:u_sram|altsyncram:mem_bank0_rtl_0
 18. Parameter Settings for Inferred Entity Instance: sram_controller:u_sram|altsyncram:mem_bank1_rtl_0
 19. altsyncram Parameter Settings by Entity Instance
 20. Port Connectivity Checks: "systolic_array:u_array|mac_unit:gen_row[7].gen_col[7].u_pe"
 21. Port Connectivity Checks: "systolic_array:u_array|mac_unit:gen_row[7].gen_col[6].u_pe"
 22. Port Connectivity Checks: "systolic_array:u_array|mac_unit:gen_row[7].gen_col[5].u_pe"
 23. Port Connectivity Checks: "systolic_array:u_array|mac_unit:gen_row[7].gen_col[4].u_pe"
 24. Port Connectivity Checks: "systolic_array:u_array|mac_unit:gen_row[7].gen_col[3].u_pe"
 25. Port Connectivity Checks: "systolic_array:u_array|mac_unit:gen_row[7].gen_col[2].u_pe"
 26. Port Connectivity Checks: "systolic_array:u_array|mac_unit:gen_row[7].gen_col[1].u_pe"
 27. Port Connectivity Checks: "systolic_array:u_array|mac_unit:gen_row[7].gen_col[0].u_pe"
 28. Port Connectivity Checks: "systolic_array:u_array|mac_unit:gen_row[6].gen_col[7].u_pe"
 29. Port Connectivity Checks: "systolic_array:u_array|mac_unit:gen_row[6].gen_col[6].u_pe"
 30. Port Connectivity Checks: "systolic_array:u_array|mac_unit:gen_row[6].gen_col[5].u_pe"
 31. Port Connectivity Checks: "systolic_array:u_array|mac_unit:gen_row[6].gen_col[4].u_pe"
 32. Port Connectivity Checks: "systolic_array:u_array|mac_unit:gen_row[6].gen_col[3].u_pe"
 33. Port Connectivity Checks: "systolic_array:u_array|mac_unit:gen_row[6].gen_col[2].u_pe"
 34. Port Connectivity Checks: "systolic_array:u_array|mac_unit:gen_row[6].gen_col[1].u_pe"
 35. Port Connectivity Checks: "systolic_array:u_array|mac_unit:gen_row[6].gen_col[0].u_pe"
 36. Port Connectivity Checks: "systolic_array:u_array|mac_unit:gen_row[5].gen_col[7].u_pe"
 37. Port Connectivity Checks: "systolic_array:u_array|mac_unit:gen_row[5].gen_col[6].u_pe"
 38. Port Connectivity Checks: "systolic_array:u_array|mac_unit:gen_row[5].gen_col[5].u_pe"
 39. Port Connectivity Checks: "systolic_array:u_array|mac_unit:gen_row[5].gen_col[4].u_pe"
 40. Port Connectivity Checks: "systolic_array:u_array|mac_unit:gen_row[5].gen_col[3].u_pe"
 41. Port Connectivity Checks: "systolic_array:u_array|mac_unit:gen_row[5].gen_col[2].u_pe"
 42. Port Connectivity Checks: "systolic_array:u_array|mac_unit:gen_row[5].gen_col[1].u_pe"
 43. Port Connectivity Checks: "systolic_array:u_array|mac_unit:gen_row[5].gen_col[0].u_pe"
 44. Port Connectivity Checks: "systolic_array:u_array|mac_unit:gen_row[4].gen_col[7].u_pe"
 45. Port Connectivity Checks: "systolic_array:u_array|mac_unit:gen_row[4].gen_col[6].u_pe"
 46. Port Connectivity Checks: "systolic_array:u_array|mac_unit:gen_row[4].gen_col[5].u_pe"
 47. Port Connectivity Checks: "systolic_array:u_array|mac_unit:gen_row[4].gen_col[4].u_pe"
 48. Port Connectivity Checks: "systolic_array:u_array|mac_unit:gen_row[4].gen_col[3].u_pe"
 49. Port Connectivity Checks: "systolic_array:u_array|mac_unit:gen_row[4].gen_col[2].u_pe"
 50. Port Connectivity Checks: "systolic_array:u_array|mac_unit:gen_row[4].gen_col[1].u_pe"
 51. Port Connectivity Checks: "systolic_array:u_array|mac_unit:gen_row[4].gen_col[0].u_pe"
 52. Port Connectivity Checks: "systolic_array:u_array|mac_unit:gen_row[3].gen_col[7].u_pe"
 53. Port Connectivity Checks: "systolic_array:u_array|mac_unit:gen_row[3].gen_col[6].u_pe"
 54. Port Connectivity Checks: "systolic_array:u_array|mac_unit:gen_row[3].gen_col[5].u_pe"
 55. Port Connectivity Checks: "systolic_array:u_array|mac_unit:gen_row[3].gen_col[4].u_pe"
 56. Port Connectivity Checks: "systolic_array:u_array|mac_unit:gen_row[3].gen_col[3].u_pe"
 57. Port Connectivity Checks: "systolic_array:u_array|mac_unit:gen_row[3].gen_col[2].u_pe"
 58. Port Connectivity Checks: "systolic_array:u_array|mac_unit:gen_row[3].gen_col[1].u_pe"
 59. Port Connectivity Checks: "systolic_array:u_array|mac_unit:gen_row[3].gen_col[0].u_pe"
 60. Port Connectivity Checks: "systolic_array:u_array|mac_unit:gen_row[2].gen_col[7].u_pe"
 61. Port Connectivity Checks: "systolic_array:u_array|mac_unit:gen_row[2].gen_col[6].u_pe"
 62. Port Connectivity Checks: "systolic_array:u_array|mac_unit:gen_row[2].gen_col[5].u_pe"
 63. Port Connectivity Checks: "systolic_array:u_array|mac_unit:gen_row[2].gen_col[4].u_pe"
 64. Port Connectivity Checks: "systolic_array:u_array|mac_unit:gen_row[2].gen_col[3].u_pe"
 65. Port Connectivity Checks: "systolic_array:u_array|mac_unit:gen_row[2].gen_col[2].u_pe"
 66. Port Connectivity Checks: "systolic_array:u_array|mac_unit:gen_row[2].gen_col[1].u_pe"
 67. Port Connectivity Checks: "systolic_array:u_array|mac_unit:gen_row[2].gen_col[0].u_pe"
 68. Port Connectivity Checks: "systolic_array:u_array|mac_unit:gen_row[1].gen_col[7].u_pe"
 69. Port Connectivity Checks: "systolic_array:u_array|mac_unit:gen_row[1].gen_col[6].u_pe"
 70. Port Connectivity Checks: "systolic_array:u_array|mac_unit:gen_row[1].gen_col[5].u_pe"
 71. Port Connectivity Checks: "systolic_array:u_array|mac_unit:gen_row[1].gen_col[4].u_pe"
 72. Port Connectivity Checks: "systolic_array:u_array|mac_unit:gen_row[1].gen_col[3].u_pe"
 73. Port Connectivity Checks: "systolic_array:u_array|mac_unit:gen_row[1].gen_col[2].u_pe"
 74. Port Connectivity Checks: "systolic_array:u_array|mac_unit:gen_row[1].gen_col[1].u_pe"
 75. Port Connectivity Checks: "systolic_array:u_array|mac_unit:gen_row[1].gen_col[0].u_pe"
 76. Port Connectivity Checks: "systolic_array:u_array|mac_unit:gen_row[0].gen_col[7].u_pe"
 77. Port Connectivity Checks: "systolic_array:u_array|mac_unit:gen_row[0].gen_col[6].u_pe"
 78. Port Connectivity Checks: "systolic_array:u_array|mac_unit:gen_row[0].gen_col[5].u_pe"
 79. Port Connectivity Checks: "systolic_array:u_array|mac_unit:gen_row[0].gen_col[4].u_pe"
 80. Port Connectivity Checks: "systolic_array:u_array|mac_unit:gen_row[0].gen_col[3].u_pe"
 81. Port Connectivity Checks: "systolic_array:u_array|mac_unit:gen_row[0].gen_col[2].u_pe"
 82. Port Connectivity Checks: "systolic_array:u_array|mac_unit:gen_row[0].gen_col[1].u_pe"
 83. Port Connectivity Checks: "systolic_array:u_array|mac_unit:gen_row[0].gen_col[0].u_pe"
 84. Port Connectivity Checks: "layer_ctrl_fsm:u_fsm"
 85. Post-Synthesis Netlist Statistics for Top Partition
 86. Elapsed Time Per Partition
 87. Analysis & Synthesis Messages



----------------
; Legal Notice ;
----------------
Copyright (C) 2024  Intel Corporation. All rights reserved.
Your use of Intel Corporation's design tools, logic functions 
and other software and tools, and any partner logic 
functions, and any output files from any of the foregoing 
(including device programming or simulation files), and any 
associated documentation or information are expressly subject 
to the terms and conditions of the Intel Program License 
Subscription Agreement, the Intel Quartus Prime License Agreement,
the Intel FPGA IP License Agreement, or other applicable license
agreement, including, without limitation, that your use is for
the sole purpose of programming logic devices manufactured by
Intel and sold by Intel or its authorized distributors.  Please
refer to the applicable agreement for further details, at
https://fpgasoftware.intel.com/eula.



+--------------------------------------------------------------------------------------+
; Analysis & Synthesis Summary                                                         ;
+---------------------------------+----------------------------------------------------+
; Analysis & Synthesis Status     ; Successful - Fri Sep 11 03:20:09 2026              ;
; Quartus Prime Version           ; 23.1std.1 Build 993 05/14/2024 SC Standard Edition ;
; Revision Name                   ; de10_standard                                      ;
; Top-level Entity Name           ; inference_accelerator_top                          ;
; Family                          ; Cyclone V                                          ;
; Logic utilization (in ALMs)     ; N/A                                                ;
; Total registers                 ; 5188                                               ;
; Total pins                      ; 68                                                 ;
; Total virtual pins              ; 509                                                ;
; Total block memory bits         ; 131,072                                            ;
; Total DSP Blocks                ; 65                                                 ;
; Total HSSI RX PCSs              ; 0                                                  ;
; Total HSSI PMA RX Deserializers ; 0                                                  ;
; Total HSSI TX PCSs              ; 0                                                  ;
; Total HSSI PMA TX Serializers   ; 0                                                  ;
; Total PLLs                      ; 0                                                  ;
; Total DLLs                      ; 0                                                  ;
+---------------------------------+----------------------------------------------------+


+----------------------------------------------------------------------------------------------------------------------------------+
; Analysis & Synthesis Settings                                                                                                    ;
+---------------------------------------------------------------------------------+---------------------------+--------------------+
; Option                                                                          ; Setting                   ; Default Value      ;
+---------------------------------------------------------------------------------+---------------------------+--------------------+
; Device                                                                          ; 5CSXFC6D6F31C6            ;                    ;
; Top-level entity name                                                           ; inference_accelerator_top ; de10_standard      ;
; Family name                                                                     ; Cyclone V                 ; Cyclone V          ;
; Use smart compilation                                                           ; Off                       ; Off                ;
; Enable parallel Assembler and Timing Analyzer during compilation                ; On                        ; On                 ;
; Enable compact report table                                                     ; Off                       ; Off                ;
; Restructure Multiplexers                                                        ; Auto                      ; Auto               ;
; MLAB Add Timing Constraints For Mixed-Port Feed-Through Mode Setting Don't Care ; Off                       ; Off                ;
; Create Debugging Nodes for IP Cores                                             ; Off                       ; Off                ;
; Preserve fewer node names                                                       ; On                        ; On                 ;
; Intel FPGA IP Evaluation Mode                                                   ; Enable                    ; Enable             ;
; Verilog Version                                                                 ; Verilog_2001              ; Verilog_2001       ;
; VHDL Version                                                                    ; VHDL_1993                 ; VHDL_1993          ;
; State Machine Processing                                                        ; Auto                      ; Auto               ;
; Safe State Machine                                                              ; Off                       ; Off                ;
; Extract Verilog State Machines                                                  ; On                        ; On                 ;
; Extract VHDL State Machines                                                     ; On                        ; On                 ;
; Ignore Verilog initial constructs                                               ; Off                       ; Off                ;
; Iteration limit for constant Verilog loops                                      ; 5000                      ; 5000               ;
; Iteration limit for non-constant Verilog loops                                  ; 250                       ; 250                ;
; Add Pass-Through Logic to Inferred RAMs                                         ; On                        ; On                 ;
; Infer RAMs from Raw Logic                                                       ; On                        ; On                 ;
; Parallel Synthesis                                                              ; On                        ; On                 ;
; DSP Block Balancing                                                             ; Auto                      ; Auto               ;
; NOT Gate Push-Back                                                              ; On                        ; On                 ;
; Power-Up Don't Care                                                             ; On                        ; On                 ;
; Remove Redundant Logic Cells                                                    ; Off                       ; Off                ;
; Remove Duplicate Registers                                                      ; On                        ; On                 ;
; Ignore CARRY Buffers                                                            ; Off                       ; Off                ;
; Ignore CASCADE Buffers                                                          ; Off                       ; Off                ;
; Ignore GLOBAL Buffers                                                           ; Off                       ; Off                ;
; Ignore ROW GLOBAL Buffers                                                       ; Off                       ; Off                ;
; Ignore LCELL Buffers                                                            ; Off                       ; Off                ;
; Ignore SOFT Buffers                                                             ; On                        ; On                 ;
; Limit AHDL Integers to 32 Bits                                                  ; Off                       ; Off                ;
; Optimization Technique                                                          ; Balanced                  ; Balanced           ;
; Carry Chain Length                                                              ; 70                        ; 70                 ;
; Auto Carry Chains                                                               ; On                        ; On                 ;
; Auto Open-Drain Pins                                                            ; On                        ; On                 ;
; Perform WYSIWYG Primitive Resynthesis                                           ; Off                       ; Off                ;
; Auto ROM Replacement                                                            ; On                        ; On                 ;
; Auto RAM Replacement                                                            ; On                        ; On                 ;
; Auto DSP Block Replacement                                                      ; On                        ; On                 ;
; Auto Shift Register Replacement                                                 ; Auto                      ; Auto               ;
; Allow Shift Register Merging across Hierarchies                                 ; Auto                      ; Auto               ;
; Auto Clock Enable Replacement                                                   ; On                        ; On                 ;
; Strict RAM Replacement                                                          ; Off                       ; Off                ;
; Allow Synchronous Control Signals                                               ; On                        ; On                 ;
; Force Use of Synchronous Clear Signals                                          ; Off                       ; Off                ;
; Auto Resource Sharing                                                           ; Off                       ; Off                ;
; Allow Any RAM Size For Recognition                                              ; Off                       ; Off                ;
; Allow Any ROM Size For Recognition                                              ; Off                       ; Off                ;
; Allow Any Shift Register Size For Recognition                                   ; Off                       ; Off                ;
; Use LogicLock Constraints during Resource Balancing                             ; On                        ; On                 ;
; Ignore translate_off and synthesis_off directives                               ; Off                       ; Off                ;
; Timing-Driven Synthesis                                                         ; On                        ; On                 ;
; Report Parameter Settings                                                       ; On                        ; On                 ;
; Report Source Assignments                                                       ; On                        ; On                 ;
; Report Connectivity Checks                                                      ; On                        ; On                 ;
; Ignore Maximum Fan-Out Assignments                                              ; Off                       ; Off                ;
; Synchronization Register Chain Length                                           ; 3                         ; 3                  ;
; Power Optimization During Synthesis                                             ; Normal compilation        ; Normal compilation ;
; HDL message level                                                               ; Level2                    ; Level2             ;
; Suppress Register Optimization Related Messages                                 ; Off                       ; Off                ;
; Number of Removed Registers Reported in Synthesis Report                        ; 5000                      ; 5000               ;
; Number of Swept Nodes Reported in Synthesis Report                              ; 5000                      ; 5000               ;
; Number of Inverted Registers Reported in Synthesis Report                       ; 100                       ; 100                ;
; Clock MUX Protection                                                            ; On                        ; On                 ;
; Auto Gated Clock Conversion                                                     ; Off                       ; Off                ;
; Block Design Naming                                                             ; Auto                      ; Auto               ;
; SDC constraint protection                                                       ; Off                       ; Off                ;
; Synthesis Effort                                                                ; Auto                      ; Auto               ;
; Shift Register Replacement - Allow Asynchronous Clear Signal                    ; On                        ; On                 ;
; Pre-Mapping Resynthesis Optimization                                            ; Off                       ; Off                ;
; Analysis & Synthesis Message Level                                              ; Medium                    ; Medium             ;
; Disable Register Merging Across Hierarchies                                     ; Auto                      ; Auto               ;
; Resource Aware Inference For Block RAM                                          ; On                        ; On                 ;
; Automatic Parallel Synthesis                                                    ; On                        ; On                 ;
; Partial Reconfiguration Bitstream ID                                            ; Off                       ; Off                ;
+---------------------------------------------------------------------------------+---------------------------+--------------------+


+------------------------------------------+
; Parallel Compilation                     ;
+----------------------------+-------------+
; Processors                 ; Number      ;
+----------------------------+-------------+
; Number detected on machine ; 8           ;
; Maximum allowed            ; 8           ;
;                            ;             ;
; Average used               ; 1.01        ;
; Maximum used               ; 8           ;
;                            ;             ;
; Usage by Processor         ; % Time Used ;
;     Processor 1            ; 100.0%      ;
;     Processor 2            ;   0.2%      ;
;     Processor 3            ;   0.1%      ;
;     Processor 4            ;   0.1%      ;
;     Processor 5            ;   0.1%      ;
;     Processor 6            ;   0.1%      ;
;     Processor 7            ;   0.1%      ;
;     Processor 8            ;   0.1%      ;
+----------------------------+-------------+


+-----------------------------------------------------------------------------------------------------------------------------------------------------------------------------------------+
; Analysis & Synthesis Source Files Read                                                                                                                                                  ;
+----------------------------------------+-----------------+------------------------------+-------------------------------------------------------------------------------------+---------+
; File Name with User-Entered Path       ; Used in Netlist ; File Type                    ; File Name with Absolute Path                                                        ; Library ;
+----------------------------------------+-----------------+------------------------------+-------------------------------------------------------------------------------------+---------+
; ../../rtl/pkg_accelerator.sv           ; yes             ; User SystemVerilog HDL File  ; /home/raone/fpga-ai-accelerator/rtl/pkg_accelerator.sv                              ;         ;
; ../../rtl/mac_unit.sv                  ; yes             ; User SystemVerilog HDL File  ; /home/raone/fpga-ai-accelerator/rtl/mac_unit.sv                                     ;         ;
; ../../rtl/systolic_array.sv            ; yes             ; User SystemVerilog HDL File  ; /home/raone/fpga-ai-accelerator/rtl/systolic_array.sv                               ;         ;
; ../../rtl/sram_controller.sv           ; yes             ; User SystemVerilog HDL File  ; /home/raone/fpga-ai-accelerator/rtl/sram_controller.sv                              ;         ;
; ../../rtl/axi_stream_input.sv          ; yes             ; User SystemVerilog HDL File  ; /home/raone/fpga-ai-accelerator/rtl/axi_stream_input.sv                             ;         ;
; ../../rtl/axi_stream_output.sv         ; yes             ; User SystemVerilog HDL File  ; /home/raone/fpga-ai-accelerator/rtl/axi_stream_output.sv                            ;         ;
; ../../rtl/quantize_unit.sv             ; yes             ; User SystemVerilog HDL File  ; /home/raone/fpga-ai-accelerator/rtl/quantize_unit.sv                                ;         ;
; ../../rtl/layer_ctrl_fsm.sv            ; yes             ; User SystemVerilog HDL File  ; /home/raone/fpga-ai-accelerator/rtl/layer_ctrl_fsm.sv                               ;         ;
; ../../rtl/inference_accelerator_top.sv ; yes             ; User SystemVerilog HDL File  ; /home/raone/fpga-ai-accelerator/rtl/inference_accelerator_top.sv                    ;         ;
; altsyncram.tdf                         ; yes             ; Megafunction                 ; /home/raone/intelFPGA/23.1std/quartus/libraries/megafunctions/altsyncram.tdf        ;         ;
; stratix_ram_block.inc                  ; yes             ; Megafunction                 ; /home/raone/intelFPGA/23.1std/quartus/libraries/megafunctions/stratix_ram_block.inc ;         ;
; lpm_mux.inc                            ; yes             ; Megafunction                 ; /home/raone/intelFPGA/23.1std/quartus/libraries/megafunctions/lpm_mux.inc           ;         ;
; lpm_decode.inc                         ; yes             ; Megafunction                 ; /home/raone/intelFPGA/23.1std/quartus/libraries/megafunctions/lpm_decode.inc        ;         ;
; aglobal231.inc                         ; yes             ; Megafunction                 ; /home/raone/intelFPGA/23.1std/quartus/libraries/megafunctions/aglobal231.inc        ;         ;
; a_rdenreg.inc                          ; yes             ; Megafunction                 ; /home/raone/intelFPGA/23.1std/quartus/libraries/megafunctions/a_rdenreg.inc         ;         ;
; altrom.inc                             ; yes             ; Megafunction                 ; /home/raone/intelFPGA/23.1std/quartus/libraries/megafunctions/altrom.inc            ;         ;
; altram.inc                             ; yes             ; Megafunction                 ; /home/raone/intelFPGA/23.1std/quartus/libraries/megafunctions/altram.inc            ;         ;
; altdpram.inc                           ; yes             ; Megafunction                 ; /home/raone/intelFPGA/23.1std/quartus/libraries/megafunctions/altdpram.inc          ;         ;
; db/altsyncram_09q1.tdf                 ; yes             ; Auto-Generated Megafunction  ; /home/raone/fpga-ai-accelerator/quartus/de10_standard/db/altsyncram_09q1.tdf        ;         ;
+----------------------------------------+-----------------+------------------------------+-------------------------------------------------------------------------------------+---------+


+------------------------------------------------------+
; Analysis & Synthesis Resource Usage Summary          ;
+---------------------------------------------+--------+
; Resource                                    ; Usage  ;
+---------------------------------------------+--------+
; Estimate of Logic utilization (ALMs needed) ; 3293   ;
;                                             ;        ;
; Combinational ALUT usage for logic          ; 4636   ;
;     -- 7 input functions                    ; 0      ;
;     -- 6 input functions                    ; 609    ;
;     -- 5 input functions                    ; 411    ;
;     -- 4 input functions                    ; 48     ;
;     -- <=3 input functions                  ; 3568   ;
;                                             ;        ;
; Dedicated logic registers                   ; 5188   ;
;                                             ;        ;
; Virtual pins                                ; 509    ;
; I/O pins                                    ; 68     ;
; Total MLAB memory bits                      ; 0      ;
; Total block memory bits                     ; 131072 ;
;                                             ;        ;
; Total DSP Blocks                            ; 65     ;
;                                             ;        ;
; Maximum fan-out node                        ; clk    ;
; Maximum fan-out                             ; 5316   ;
; Total fan-out                               ; 47090  ;
; Average fan-out                             ; 4.42   ;
+---------------------------------------------+--------+


+---------------------------------------------------------------------------------------------------------------------------------------------------------------------------------------------------------------------------------------------------------------------------------------------------------------+
; Analysis & Synthesis Resource Utilization by Entity                                                                                                                                                                                                                                                           ;
+---------------------------------------------+---------------------+---------------------------+-------------------+------------+------+--------------+-------------------------------------------------------------------------------------------------------------+---------------------------+--------------+
; Compilation Hierarchy Node                  ; Combinational ALUTs ; Dedicated Logic Registers ; Block Memory Bits ; DSP Blocks ; Pins ; Virtual Pins ; Full Hierarchy Name                                                                                         ; Entity Name               ; Library Name ;
+---------------------------------------------+---------------------+---------------------------+-------------------+------------+------+--------------+-------------------------------------------------------------------------------------------------------------+---------------------------+--------------+
; |inference_accelerator_top                  ; 4636 (2)            ; 5188 (2)                  ; 131072            ; 65         ; 68   ; 509          ; |inference_accelerator_top                                                                                  ; inference_accelerator_top ; work         ;
;    |axi_stream_input:u_axi_in|              ; 6 (6)               ; 291 (291)                 ; 0                 ; 0          ; 0    ; 0            ; |inference_accelerator_top|axi_stream_input:u_axi_in                                                        ; axi_stream_input          ; work         ;
;    |axi_stream_output:u_axi_out|            ; 4 (4)               ; 66 (66)                   ; 0                 ; 0          ; 0    ; 0            ; |inference_accelerator_top|axi_stream_output:u_axi_out                                                      ; axi_stream_output         ; work         ;
;    |layer_ctrl_fsm:u_fsm|                   ; 547 (547)           ; 425 (425)                 ; 0                 ; 1          ; 0    ; 0            ; |inference_accelerator_top|layer_ctrl_fsm:u_fsm                                                             ; layer_ctrl_fsm            ; work         ;
;    |quantize_unit:u_quant|                  ; 910 (910)           ; 330 (330)                 ; 0                 ; 0          ; 0    ; 0            ; |inference_accelerator_top|quantize_unit:u_quant                                                            ; quantize_unit             ; work         ;
;    |sram_controller:u_sram|                 ; 5 (5)               ; 131 (131)                 ; 131072            ; 0          ; 0    ; 0            ; |inference_accelerator_top|sram_controller:u_sram                                                           ; sram_controller           ; work         ;
;       |altsyncram:mem_bank0_rtl_0|          ; 0 (0)               ; 0 (0)                     ; 65536             ; 0          ; 0    ; 0            ; |inference_accelerator_top|sram_controller:u_sram|altsyncram:mem_bank0_rtl_0                                ; altsyncram                ; work         ;
;          |altsyncram_09q1:auto_generated|   ; 0 (0)               ; 0 (0)                     ; 65536             ; 0          ; 0    ; 0            ; |inference_accelerator_top|sram_controller:u_sram|altsyncram:mem_bank0_rtl_0|altsyncram_09q1:auto_generated ; altsyncram_09q1           ; work         ;
;       |altsyncram:mem_bank1_rtl_0|          ; 0 (0)               ; 0 (0)                     ; 65536             ; 0          ; 0    ; 0            ; |inference_accelerator_top|sram_controller:u_sram|altsyncram:mem_bank1_rtl_0                                ; altsyncram                ; work         ;
;          |altsyncram_09q1:auto_generated|   ; 0 (0)               ; 0 (0)                     ; 65536             ; 0          ; 0    ; 0            ; |inference_accelerator_top|sram_controller:u_sram|altsyncram:mem_bank1_rtl_0|altsyncram_09q1:auto_generated ; altsyncram_09q1           ; work         ;
;    |systolic_array:u_array|                 ; 3162 (1049)         ; 3943 (231)                ; 0                 ; 64         ; 0    ; 0            ; |inference_accelerator_top|systolic_array:u_array                                                           ; systolic_array            ; work         ;
;       |mac_unit:gen_row[0].gen_col[0].u_pe| ; 33 (33)             ; 60 (60)                   ; 0                 ; 1          ; 0    ; 0            ; |inference_accelerator_top|systolic_array:u_array|mac_unit:gen_row[0].gen_col[0].u_pe                       ; mac_unit                  ; work         ;
;       |mac_unit:gen_row[0].gen_col[1].u_pe| ; 33 (33)             ; 60 (60)                   ; 0                 ; 1          ; 0    ; 0            ; |inference_accelerator_top|systolic_array:u_array|mac_unit:gen_row[0].gen_col[1].u_pe                       ; mac_unit                  ; work         ;
;       |mac_unit:gen_row[0].gen_col[2].u_pe| ; 33 (33)             ; 57 (57)                   ; 0                 ; 1          ; 0    ; 0            ; |inference_accelerator_top|systolic_array:u_array|mac_unit:gen_row[0].gen_col[2].u_pe                       ; mac_unit                  ; work         ;
;       |mac_unit:gen_row[0].gen_col[3].u_pe| ; 33 (33)             ; 57 (57)                   ; 0                 ; 1          ; 0    ; 0            ; |inference_accelerator_top|systolic_array:u_array|mac_unit:gen_row[0].gen_col[3].u_pe                       ; mac_unit                  ; work         ;
;       |mac_unit:gen_row[0].gen_col[4].u_pe| ; 33 (33)             ; 57 (57)                   ; 0                 ; 1          ; 0    ; 0            ; |inference_accelerator_top|systolic_array:u_array|mac_unit:gen_row[0].gen_col[4].u_pe                       ; mac_unit                  ; work         ;
;       |mac_unit:gen_row[0].gen_col[5].u_pe| ; 33 (33)             ; 57 (57)                   ; 0                 ; 1          ; 0    ; 0            ; |inference_accelerator_top|systolic_array:u_array|mac_unit:gen_row[0].gen_col[5].u_pe                       ; mac_unit                  ; work         ;
;       |mac_unit:gen_row[0].gen_col[6].u_pe| ; 33 (33)             ; 57 (57)                   ; 0                 ; 1          ; 0    ; 0            ; |inference_accelerator_top|systolic_array:u_array|mac_unit:gen_row[0].gen_col[6].u_pe                       ; mac_unit                  ; work         ;
;       |mac_unit:gen_row[0].gen_col[7].u_pe| ; 33 (33)             ; 57 (57)                   ; 0                 ; 1          ; 0    ; 0            ; |inference_accelerator_top|systolic_array:u_array|mac_unit:gen_row[0].gen_col[7].u_pe                       ; mac_unit                  ; work         ;
;       |mac_unit:gen_row[1].gen_col[0].u_pe| ; 33 (33)             ; 59 (59)                   ; 0                 ; 1          ; 0    ; 0            ; |inference_accelerator_top|systolic_array:u_array|mac_unit:gen_row[1].gen_col[0].u_pe                       ; mac_unit                  ; work         ;
;       |mac_unit:gen_row[1].gen_col[1].u_pe| ; 33 (33)             ; 62 (62)                   ; 0                 ; 1          ; 0    ; 0            ; |inference_accelerator_top|systolic_array:u_array|mac_unit:gen_row[1].gen_col[1].u_pe                       ; mac_unit                  ; work         ;
;       |mac_unit:gen_row[1].gen_col[2].u_pe| ; 33 (33)             ; 63 (63)                   ; 0                 ; 1          ; 0    ; 0            ; |inference_accelerator_top|systolic_array:u_array|mac_unit:gen_row[1].gen_col[2].u_pe                       ; mac_unit                  ; work         ;
;       |mac_unit:gen_row[1].gen_col[3].u_pe| ; 33 (33)             ; 64 (64)                   ; 0                 ; 1          ; 0    ; 0            ; |inference_accelerator_top|systolic_array:u_array|mac_unit:gen_row[1].gen_col[3].u_pe                       ; mac_unit                  ; work         ;
;       |mac_unit:gen_row[1].gen_col[4].u_pe| ; 33 (33)             ; 57 (57)                   ; 0                 ; 1          ; 0    ; 0            ; |inference_accelerator_top|systolic_array:u_array|mac_unit:gen_row[1].gen_col[4].u_pe                       ; mac_unit                  ; work         ;
;       |mac_unit:gen_row[1].gen_col[5].u_pe| ; 33 (33)             ; 57 (57)                   ; 0                 ; 1          ; 0    ; 0            ; |inference_accelerator_top|systolic_array:u_array|mac_unit:gen_row[1].gen_col[5].u_pe                       ; mac_unit                  ; work         ;
;       |mac_unit:gen_row[1].gen_col[6].u_pe| ; 33 (33)             ; 58 (58)                   ; 0                 ; 1          ; 0    ; 0            ; |inference_accelerator_top|systolic_array:u_array|mac_unit:gen_row[1].gen_col[6].u_pe                       ; mac_unit                  ; work         ;
;       |mac_unit:gen_row[1].gen_col[7].u_pe| ; 33 (33)             ; 61 (61)                   ; 0                 ; 1          ; 0    ; 0            ; |inference_accelerator_top|systolic_array:u_array|mac_unit:gen_row[1].gen_col[7].u_pe                       ; mac_unit                  ; work         ;
;       |mac_unit:gen_row[2].gen_col[0].u_pe| ; 33 (33)             ; 59 (59)                   ; 0                 ; 1          ; 0    ; 0            ; |inference_accelerator_top|systolic_array:u_array|mac_unit:gen_row[2].gen_col[0].u_pe                       ; mac_unit                  ; work         ;
;       |mac_unit:gen_row[2].gen_col[1].u_pe| ; 33 (33)             ; 57 (57)                   ; 0                 ; 1          ; 0    ; 0            ; |inference_accelerator_top|systolic_array:u_array|mac_unit:gen_row[2].gen_col[1].u_pe                       ; mac_unit                  ; work         ;
;       |mac_unit:gen_row[2].gen_col[2].u_pe| ; 33 (33)             ; 57 (57)                   ; 0                 ; 1          ; 0    ; 0            ; |inference_accelerator_top|systolic_array:u_array|mac_unit:gen_row[2].gen_col[2].u_pe                       ; mac_unit                  ; work         ;
;       |mac_unit:gen_row[2].gen_col[3].u_pe| ; 33 (33)             ; 57 (57)                   ; 0                 ; 1          ; 0    ; 0            ; |inference_accelerator_top|systolic_array:u_array|mac_unit:gen_row[2].gen_col[3].u_pe                       ; mac_unit                  ; work         ;
;       |mac_unit:gen_row[2].gen_col[4].u_pe| ; 33 (33)             ; 57 (57)                   ; 0                 ; 1          ; 0    ; 0            ; |inference_accelerator_top|systolic_array:u_array|mac_unit:gen_row[2].gen_col[4].u_pe                       ; mac_unit                  ; work         ;
;       |mac_unit:gen_row[2].gen_col[5].u_pe| ; 33 (33)             ; 58 (58)                   ; 0                 ; 1          ; 0    ; 0            ; |inference_accelerator_top|systolic_array:u_array|mac_unit:gen_row[2].gen_col[5].u_pe                       ; mac_unit                  ; work         ;
;       |mac_unit:gen_row[2].gen_col[6].u_pe| ; 33 (33)             ; 62 (62)                   ; 0                 ; 1          ; 0    ; 0            ; |inference_accelerator_top|systolic_array:u_array|mac_unit:gen_row[2].gen_col[6].u_pe                       ; mac_unit                  ; work         ;
;       |mac_unit:gen_row[2].gen_col[7].u_pe| ; 33 (33)             ; 59 (59)                   ; 0                 ; 1          ; 0    ; 0            ; |inference_accelerator_top|systolic_array:u_array|mac_unit:gen_row[2].gen_col[7].u_pe                       ; mac_unit                  ; work         ;
;       |mac_unit:gen_row[3].gen_col[0].u_pe| ; 33 (33)             ; 57 (57)                   ; 0                 ; 1          ; 0    ; 0            ; |inference_accelerator_top|systolic_array:u_array|mac_unit:gen_row[3].gen_col[0].u_pe                       ; mac_unit                  ; work         ;
;       |mac_unit:gen_row[3].gen_col[1].u_pe| ; 33 (33)             ; 57 (57)                   ; 0                 ; 1          ; 0    ; 0            ; |inference_accelerator_top|systolic_array:u_array|mac_unit:gen_row[3].gen_col[1].u_pe                       ; mac_unit                  ; work         ;
;       |mac_unit:gen_row[3].gen_col[2].u_pe| ; 33 (33)             ; 58 (58)                   ; 0                 ; 1          ; 0    ; 0            ; |inference_accelerator_top|systolic_array:u_array|mac_unit:gen_row[3].gen_col[2].u_pe                       ; mac_unit                  ; work         ;
;       |mac_unit:gen_row[3].gen_col[3].u_pe| ; 33 (33)             ; 58 (58)                   ; 0                 ; 1          ; 0    ; 0            ; |inference_accelerator_top|systolic_array:u_array|mac_unit:gen_row[3].gen_col[3].u_pe                       ; mac_unit                  ; work         ;
;       |mac_unit:gen_row[3].gen_col[4].u_pe| ; 33 (33)             ; 64 (64)                   ; 0                 ; 1          ; 0    ; 0            ; |inference_accelerator_top|systolic_array:u_array|mac_unit:gen_row[3].gen_col[4].u_pe                       ; mac_unit                  ; work         ;
;       |mac_unit:gen_row[3].gen_col[5].u_pe| ; 33 (33)             ; 61 (61)                   ; 0                 ; 1          ; 0    ; 0            ; |inference_accelerator_top|systolic_array:u_array|mac_unit:gen_row[3].gen_col[5].u_pe                       ; mac_unit                  ; work         ;
;       |mac_unit:gen_row[3].gen_col[6].u_pe| ; 33 (33)             ; 57 (57)                   ; 0                 ; 1          ; 0    ; 0            ; |inference_accelerator_top|systolic_array:u_array|mac_unit:gen_row[3].gen_col[6].u_pe                       ; mac_unit                  ; work         ;
;       |mac_unit:gen_row[3].gen_col[7].u_pe| ; 33 (33)             ; 57 (57)                   ; 0                 ; 1          ; 0    ; 0            ; |inference_accelerator_top|systolic_array:u_array|mac_unit:gen_row[3].gen_col[7].u_pe                       ; mac_unit                  ; work         ;
;       |mac_unit:gen_row[4].gen_col[0].u_pe| ; 33 (33)             ; 58 (58)                   ; 0                 ; 1          ; 0    ; 0            ; |inference_accelerator_top|systolic_array:u_array|mac_unit:gen_row[4].gen_col[0].u_pe                       ; mac_unit                  ; work         ;
;       |mac_unit:gen_row[4].gen_col[1].u_pe| ; 33 (33)             ; 57 (57)                   ; 0                 ; 1          ; 0    ; 0            ; |inference_accelerator_top|systolic_array:u_array|mac_unit:gen_row[4].gen_col[1].u_pe                       ; mac_unit                  ; work         ;
;       |mac_unit:gen_row[4].gen_col[2].u_pe| ; 33 (33)             ; 57 (57)                   ; 0                 ; 1          ; 0    ; 0            ; |inference_accelerator_top|systolic_array:u_array|mac_unit:gen_row[4].gen_col[2].u_pe                       ; mac_unit                  ; work         ;
;       |mac_unit:gen_row[4].gen_col[3].u_pe| ; 33 (33)             ; 57 (57)                   ; 0                 ; 1          ; 0    ; 0            ; |inference_accelerator_top|systolic_array:u_array|mac_unit:gen_row[4].gen_col[3].u_pe                       ; mac_unit                  ; work         ;
;       |mac_unit:gen_row[4].gen_col[4].u_pe| ; 33 (33)             ; 58 (58)                   ; 0                 ; 1          ; 0    ; 0            ; |inference_accelerator_top|systolic_array:u_array|mac_unit:gen_row[4].gen_col[4].u_pe                       ; mac_unit                  ; work         ;
;       |mac_unit:gen_row[4].gen_col[5].u_pe| ; 33 (33)             ; 59 (59)                   ; 0                 ; 1          ; 0    ; 0            ; |inference_accelerator_top|systolic_array:u_array|mac_unit:gen_row[4].gen_col[5].u_pe                       ; mac_unit                  ; work         ;
;       |mac_unit:gen_row[4].gen_col[6].u_pe| ; 33 (33)             ; 58 (58)                   ; 0                 ; 1          ; 0    ; 0            ; |inference_accelerator_top|systolic_array:u_array|mac_unit:gen_row[4].gen_col[6].u_pe                       ; mac_unit                  ; work         ;
;       |mac_unit:gen_row[4].gen_col[7].u_pe| ; 33 (33)             ; 58 (58)                   ; 0                 ; 1          ; 0    ; 0            ; |inference_accelerator_top|systolic_array:u_array|mac_unit:gen_row[4].gen_col[7].u_pe                       ; mac_unit                  ; work         ;
;       |mac_unit:gen_row[5].gen_col[0].u_pe| ; 33 (33)             ; 57 (57)                   ; 0                 ; 1          ; 0    ; 0            ; |inference_accelerator_top|systolic_array:u_array|mac_unit:gen_row[5].gen_col[0].u_pe                       ; mac_unit                  ; work         ;
;       |mac_unit:gen_row[5].gen_col[1].u_pe| ; 33 (33)             ; 57 (57)                   ; 0                 ; 1          ; 0    ; 0            ; |inference_accelerator_top|systolic_array:u_array|mac_unit:gen_row[5].gen_col[1].u_pe                       ; mac_unit                  ; work         ;
;       |mac_unit:gen_row[5].gen_col[2].u_pe| ; 33 (33)             ; 58 (58)                   ; 0                 ; 1          ; 0    ; 0            ; |inference_accelerator_top|systolic_array:u_array|mac_unit:gen_row[5].gen_col[2].u_pe                       ; mac_unit                  ; work         ;
;       |mac_unit:gen_row[5].gen_col[3].u_pe| ; 33 (33)             ; 57 (57)                   ; 0                 ; 1          ; 0    ; 0            ; |inference_accelerator_top|systolic_array:u_array|mac_unit:gen_row[5].gen_col[3].u_pe                       ; mac_unit                  ; work         ;
;       |mac_unit:gen_row[5].gen_col[4].u_pe| ; 33 (33)             ; 57 (57)                   ; 0                 ; 1          ; 0    ; 0            ; |inference_accelerator_top|systolic_array:u_array|mac_unit:gen_row[5].gen_col[4].u_pe                       ; mac_unit                  ; work         ;
;       |mac_unit:gen_row[5].gen_col[5].u_pe| ; 33 (33)             ; 58 (58)                   ; 0                 ; 1          ; 0    ; 0            ; |inference_accelerator_top|systolic_array:u_array|mac_unit:gen_row[5].gen_col[5].u_pe                       ; mac_unit                  ; work         ;
;       |mac_unit:gen_row[5].gen_col[6].u_pe| ; 33 (33)             ; 57 (57)                   ; 0                 ; 1          ; 0    ; 0            ; |inference_accelerator_top|systolic_array:u_array|mac_unit:gen_row[5].gen_col[6].u_pe                       ; mac_unit                  ; work         ;
;       |mac_unit:gen_row[5].gen_col[7].u_pe| ; 33 (33)             ; 58 (58)                   ; 0                 ; 1          ; 0    ; 0            ; |inference_accelerator_top|systolic_array:u_array|mac_unit:gen_row[5].gen_col[7].u_pe                       ; mac_unit                  ; work         ;
;       |mac_unit:gen_row[6].gen_col[0].u_pe| ; 34 (34)             ; 57 (57)                   ; 0                 ; 1          ; 0    ; 0            ; |inference_accelerator_top|systolic_array:u_array|mac_unit:gen_row[6].gen_col[0].u_pe                       ; mac_unit                  ; work         ;
;       |mac_unit:gen_row[6].gen_col[1].u_pe| ; 33 (33)             ; 57 (57)                   ; 0                 ; 1          ; 0    ; 0            ; |inference_accelerator_top|systolic_array:u_array|mac_unit:gen_row[6].gen_col[1].u_pe                       ; mac_unit                  ; work         ;
;       |mac_unit:gen_row[6].gen_col[2].u_pe| ; 33 (33)             ; 57 (57)                   ; 0                 ; 1          ; 0    ; 0            ; |inference_accelerator_top|systolic_array:u_array|mac_unit:gen_row[6].gen_col[2].u_pe                       ; mac_unit                  ; work         ;
;       |mac_unit:gen_row[6].gen_col[3].u_pe| ; 33 (33)             ; 57 (57)                   ; 0                 ; 1          ; 0    ; 0            ; |inference_accelerator_top|systolic_array:u_array|mac_unit:gen_row[6].gen_col[3].u_pe                       ; mac_unit                  ; work         ;
;       |mac_unit:gen_row[6].gen_col[4].u_pe| ; 33 (33)             ; 57 (57)                   ; 0                 ; 1          ; 0    ; 0            ; |inference_accelerator_top|systolic_array:u_array|mac_unit:gen_row[6].gen_col[4].u_pe                       ; mac_unit                  ; work         ;
;       |mac_unit:gen_row[6].gen_col[5].u_pe| ; 33 (33)             ; 57 (57)                   ; 0                 ; 1          ; 0    ; 0            ; |inference_accelerator_top|systolic_array:u_array|mac_unit:gen_row[6].gen_col[5].u_pe                       ; mac_unit                  ; work         ;
;       |mac_unit:gen_row[6].gen_col[6].u_pe| ; 33 (33)             ; 58 (58)                   ; 0                 ; 1          ; 0    ; 0            ; |inference_accelerator_top|systolic_array:u_array|mac_unit:gen_row[6].gen_col[6].u_pe                       ; mac_unit                  ; work         ;
;       |mac_unit:gen_row[6].gen_col[7].u_pe| ; 33 (33)             ; 57 (57)                   ; 0                 ; 1          ; 0    ; 0            ; |inference_accelerator_top|systolic_array:u_array|mac_unit:gen_row[6].gen_col[7].u_pe                       ; mac_unit                  ; work         ;
;       |mac_unit:gen_row[7].gen_col[0].u_pe| ; 33 (33)             ; 57 (57)                   ; 0                 ; 1          ; 0    ; 0            ; |inference_accelerator_top|systolic_array:u_array|mac_unit:gen_row[7].gen_col[0].u_pe                       ; mac_unit                  ; work         ;
;       |mac_unit:gen_row[7].gen_col[1].u_pe| ; 33 (33)             ; 57 (57)                   ; 0                 ; 1          ; 0    ; 0            ; |inference_accelerator_top|systolic_array:u_array|mac_unit:gen_row[7].gen_col[1].u_pe                       ; mac_unit                  ; work         ;
;       |mac_unit:gen_row[7].gen_col[2].u_pe| ; 33 (33)             ; 57 (57)                   ; 0                 ; 1          ; 0    ; 0            ; |inference_accelerator_top|systolic_array:u_array|mac_unit:gen_row[7].gen_col[2].u_pe                       ; mac_unit                  ; work         ;
;       |mac_unit:gen_row[7].gen_col[3].u_pe| ; 33 (33)             ; 57 (57)                   ; 0                 ; 1          ; 0    ; 0            ; |inference_accelerator_top|systolic_array:u_array|mac_unit:gen_row[7].gen_col[3].u_pe                       ; mac_unit                  ; work         ;
;       |mac_unit:gen_row[7].gen_col[4].u_pe| ; 33 (33)             ; 57 (57)                   ; 0                 ; 1          ; 0    ; 0            ; |inference_accelerator_top|systolic_array:u_array|mac_unit:gen_row[7].gen_col[4].u_pe                       ; mac_unit                  ; work         ;
;       |mac_unit:gen_row[7].gen_col[5].u_pe| ; 33 (33)             ; 57 (57)                   ; 0                 ; 1          ; 0    ; 0            ; |inference_accelerator_top|systolic_array:u_array|mac_unit:gen_row[7].gen_col[5].u_pe                       ; mac_unit                  ; work         ;
;       |mac_unit:gen_row[7].gen_col[6].u_pe| ; 33 (33)             ; 57 (57)                   ; 0                 ; 1          ; 0    ; 0            ; |inference_accelerator_top|systolic_array:u_array|mac_unit:gen_row[7].gen_col[6].u_pe                       ; mac_unit                  ; work         ;
;       |mac_unit:gen_row[7].gen_col[7].u_pe| ; 33 (33)             ; 57 (57)                   ; 0                 ; 1          ; 0    ; 0            ; |inference_accelerator_top|systolic_array:u_array|mac_unit:gen_row[7].gen_col[7].u_pe                       ; mac_unit                  ; work         ;
+---------------------------------------------+---------------------+---------------------------+-------------------+------------+------+--------------+-------------------------------------------------------------------------------------------------------------+---------------------------+--------------+
Note: For table entries with two numbers listed, the numbers in parentheses indicate the number of resources of the given type used by the specific entity alone. The numbers listed outside of parentheses indicate the total resources of the given type used by the specific entity and all of its sub-entities in the hierarchy.


+--------------------------------------------------------------------------------------------------------------------------------------------------------------------------------------------------+
; Analysis & Synthesis RAM Summary                                                                                                                                                                 ;
+---------------------------------------------------------------------------------------------+------+------------------+--------------+--------------+--------------+--------------+-------+------+
; Name                                                                                        ; Type ; Mode             ; Port A Depth ; Port A Width ; Port B Depth ; Port B Width ; Size  ; MIF  ;
+---------------------------------------------------------------------------------------------+------+------------------+--------------+--------------+--------------+--------------+-------+------+
; sram_controller:u_sram|altsyncram:mem_bank0_rtl_0|altsyncram_09q1:auto_generated|ALTSYNCRAM ; AUTO ; Simple Dual Port ; 1024         ; 64           ; 1024         ; 64           ; 65536 ; None ;
; sram_controller:u_sram|altsyncram:mem_bank1_rtl_0|altsyncram_09q1:auto_generated|ALTSYNCRAM ; AUTO ; Simple Dual Port ; 1024         ; 64           ; 1024         ; 64           ; 65536 ; None ;
+---------------------------------------------------------------------------------------------+------+------------------+--------------+--------------+--------------+--------------+-------+------+


+-----------------------------------------------+
; Analysis & Synthesis DSP Block Usage Summary  ;
+---------------------------------+-------------+
; Statistic                       ; Number Used ;
+---------------------------------+-------------+
; Independent 9x9                 ; 64          ;
; Independent 18x18 plus 36       ; 1           ;
; Total number of DSP blocks      ; 65          ;
;                                 ;             ;
; Fixed Point Signed Multiplier   ; 64          ;
; Fixed Point Unsigned Multiplier ; 1           ;
+---------------------------------+-------------+


Encoding Type:  One-Hot
+------------------------------------------------------------------------------------------------------------------------------------------------------------------------------------------------------------------------------------------------------------------------------------------------------------+
; State Machine - |inference_accelerator_top|layer_ctrl_fsm:u_fsm|state_reg                                                                                                                                                                                                                                  ;
+----------------------------+--------------------+--------------------------+-------------------------+----------------------------+---------------------+---------------------+-----------------------+------------------------+----------------------------+-------------------------+--------------------+
; Name                       ; state_reg.FSM_DONE ; state_reg.FSM_NEXT_LAYER ; state_reg.FSM_NEXT_TILE ; state_reg.FSM_STORE_OUTPUT ; state_reg.FSM_QUANT ; state_reg.FSM_DRAIN ; state_reg.FSM_COMPUTE ; state_reg.FSM_LOAD_ACT ; state_reg.FSM_LOAD_WEIGHTS ; state_reg.FSM_LOAD_DESC ; state_reg.FSM_IDLE ;
+----------------------------+--------------------+--------------------------+-------------------------+----------------------------+---------------------+---------------------+-----------------------+------------------------+----------------------------+-------------------------+--------------------+
; state_reg.FSM_IDLE         ; 0                  ; 0                        ; 0                       ; 0                          ; 0                   ; 0                   ; 0                     ; 0                      ; 0                          ; 0                       ; 0                  ;
; state_reg.FSM_LOAD_DESC    ; 0                  ; 0                        ; 0                       ; 0                          ; 0                   ; 0                   ; 0                     ; 0                      ; 0                          ; 1                       ; 1                  ;
; state_reg.FSM_LOAD_WEIGHTS ; 0                  ; 0                        ; 0                       ; 0                          ; 0                   ; 0                   ; 0                     ; 0                      ; 1                          ; 0                       ; 1                  ;
; state_reg.FSM_LOAD_ACT     ; 0                  ; 0                        ; 0                       ; 0                          ; 0                   ; 0                   ; 0                     ; 1                      ; 0                          ; 0                       ; 1                  ;
; state_reg.FSM_COMPUTE      ; 0                  ; 0                        ; 0                       ; 0                          ; 0                   ; 0                   ; 1                     ; 0                      ; 0                          ; 0                       ; 1                  ;
; state_reg.FSM_DRAIN        ; 0                  ; 0                        ; 0                       ; 0                          ; 0                   ; 1                   ; 0                     ; 0                      ; 0                          ; 0                       ; 1                  ;
; state_reg.FSM_QUANT        ; 0                  ; 0                        ; 0                       ; 0                          ; 1                   ; 0                   ; 0                     ; 0                      ; 0                          ; 0                       ; 1                  ;
; state_reg.FSM_STORE_OUTPUT ; 0                  ; 0                        ; 0                       ; 1                          ; 0                   ; 0                   ; 0                     ; 0                      ; 0                          ; 0                       ; 1                  ;
; state_reg.FSM_NEXT_TILE    ; 0                  ; 0                        ; 1                       ; 0                          ; 0                   ; 0                   ; 0                     ; 0                      ; 0                          ; 0                       ; 1                  ;
; state_reg.FSM_NEXT_LAYER   ; 0                  ; 1                        ; 0                       ; 0                          ; 0                   ; 0                   ; 0                     ; 0                      ; 0                          ; 0                       ; 1                  ;
; state_reg.FSM_DONE         ; 1                  ; 0                        ; 0                       ; 0                          ; 0                   ; 0                   ; 0                     ; 0                      ; 0                          ; 0                       ; 1                  ;
+----------------------------+--------------------+--------------------------+-------------------------+----------------------------+---------------------+---------------------+-----------------------+------------------------+----------------------------+-------------------------+--------------------+


+-----------------------------------------------------------------------------------------------------------------------------------------------------------+
; Registers Removed During Synthesis                                                                                                                        ;
+-----------------------------------------------------------------------+-----------------------------------------------------------------------------------+
; Register name                                                         ; Reason for Removal                                                                ;
+-----------------------------------------------------------------------+-----------------------------------------------------------------------------------+
; systolic_array:u_array|mac_unit:gen_row[0].gen_col[7].u_pe|wgt_reg[7] ; Merged with systolic_array:u_array|mac_unit:gen_row[7].gen_col[7].u_pe|wgt_reg[7] ;
; systolic_array:u_array|mac_unit:gen_row[0].gen_col[7].u_pe|wgt_reg[6] ; Merged with systolic_array:u_array|mac_unit:gen_row[7].gen_col[7].u_pe|wgt_reg[6] ;
; systolic_array:u_array|mac_unit:gen_row[0].gen_col[7].u_pe|wgt_reg[5] ; Merged with systolic_array:u_array|mac_unit:gen_row[7].gen_col[7].u_pe|wgt_reg[5] ;
; systolic_array:u_array|mac_unit:gen_row[0].gen_col[7].u_pe|wgt_reg[4] ; Merged with systolic_array:u_array|mac_unit:gen_row[7].gen_col[7].u_pe|wgt_reg[4] ;
; systolic_array:u_array|mac_unit:gen_row[0].gen_col[7].u_pe|wgt_reg[3] ; Merged with systolic_array:u_array|mac_unit:gen_row[7].gen_col[7].u_pe|wgt_reg[3] ;
; systolic_array:u_array|mac_unit:gen_row[0].gen_col[7].u_pe|wgt_reg[2] ; Merged with systolic_array:u_array|mac_unit:gen_row[7].gen_col[7].u_pe|wgt_reg[2] ;
; systolic_array:u_array|mac_unit:gen_row[0].gen_col[7].u_pe|wgt_reg[0] ; Merged with systolic_array:u_array|mac_unit:gen_row[7].gen_col[7].u_pe|wgt_reg[0] ;
; systolic_array:u_array|mac_unit:gen_row[3].gen_col[6].u_pe|wgt_reg[7] ; Merged with systolic_array:u_array|mac_unit:gen_row[7].gen_col[6].u_pe|wgt_reg[7] ;
; systolic_array:u_array|mac_unit:gen_row[3].gen_col[6].u_pe|wgt_reg[6] ; Merged with systolic_array:u_array|mac_unit:gen_row[7].gen_col[6].u_pe|wgt_reg[6] ;
; systolic_array:u_array|mac_unit:gen_row[5].gen_col[6].u_pe|wgt_reg[6] ; Merged with systolic_array:u_array|mac_unit:gen_row[7].gen_col[6].u_pe|wgt_reg[6] ;
; systolic_array:u_array|mac_unit:gen_row[3].gen_col[6].u_pe|wgt_reg[5] ; Merged with systolic_array:u_array|mac_unit:gen_row[7].gen_col[6].u_pe|wgt_reg[5] ;
; systolic_array:u_array|mac_unit:gen_row[3].gen_col[6].u_pe|wgt_reg[4] ; Merged with systolic_array:u_array|mac_unit:gen_row[7].gen_col[6].u_pe|wgt_reg[4] ;
; systolic_array:u_array|mac_unit:gen_row[3].gen_col[6].u_pe|wgt_reg[3] ; Merged with systolic_array:u_array|mac_unit:gen_row[7].gen_col[6].u_pe|wgt_reg[3] ;
; systolic_array:u_array|mac_unit:gen_row[6].gen_col[6].u_pe|wgt_reg[2] ; Merged with systolic_array:u_array|mac_unit:gen_row[7].gen_col[6].u_pe|wgt_reg[2] ;
; systolic_array:u_array|mac_unit:gen_row[3].gen_col[6].u_pe|wgt_reg[2] ; Merged with systolic_array:u_array|mac_unit:gen_row[7].gen_col[6].u_pe|wgt_reg[2] ;
; systolic_array:u_array|mac_unit:gen_row[3].gen_col[6].u_pe|wgt_reg[0] ; Merged with systolic_array:u_array|mac_unit:gen_row[7].gen_col[6].u_pe|wgt_reg[0] ;
; systolic_array:u_array|mac_unit:gen_row[2].gen_col[5].u_pe|wgt_reg[7] ; Merged with systolic_array:u_array|mac_unit:gen_row[7].gen_col[5].u_pe|wgt_reg[7] ;
; systolic_array:u_array|mac_unit:gen_row[2].gen_col[5].u_pe|wgt_reg[6] ; Merged with systolic_array:u_array|mac_unit:gen_row[7].gen_col[5].u_pe|wgt_reg[6] ;
; systolic_array:u_array|mac_unit:gen_row[5].gen_col[5].u_pe|wgt_reg[5] ; Merged with systolic_array:u_array|mac_unit:gen_row[7].gen_col[5].u_pe|wgt_reg[5] ;
; systolic_array:u_array|mac_unit:gen_row[2].gen_col[5].u_pe|wgt_reg[5] ; Merged with systolic_array:u_array|mac_unit:gen_row[7].gen_col[5].u_pe|wgt_reg[5] ;
; systolic_array:u_array|mac_unit:gen_row[2].gen_col[5].u_pe|wgt_reg[4] ; Merged with systolic_array:u_array|mac_unit:gen_row[7].gen_col[5].u_pe|wgt_reg[4] ;
; systolic_array:u_array|mac_unit:gen_row[3].gen_col[5].u_pe|wgt_reg[3] ; Merged with systolic_array:u_array|mac_unit:gen_row[7].gen_col[5].u_pe|wgt_reg[3] ;
; systolic_array:u_array|mac_unit:gen_row[5].gen_col[5].u_pe|wgt_reg[3] ; Merged with systolic_array:u_array|mac_unit:gen_row[7].gen_col[5].u_pe|wgt_reg[3] ;
; systolic_array:u_array|mac_unit:gen_row[2].gen_col[5].u_pe|wgt_reg[2] ; Merged with systolic_array:u_array|mac_unit:gen_row[7].gen_col[5].u_pe|wgt_reg[2] ;
; systolic_array:u_array|mac_unit:gen_row[5].gen_col[5].u_pe|wgt_reg[1] ; Merged with systolic_array:u_array|mac_unit:gen_row[7].gen_col[5].u_pe|wgt_reg[1] ;
; systolic_array:u_array|mac_unit:gen_row[2].gen_col[5].u_pe|wgt_reg[1] ; Merged with systolic_array:u_array|mac_unit:gen_row[7].gen_col[5].u_pe|wgt_reg[1] ;
; systolic_array:u_array|mac_unit:gen_row[2].gen_col[5].u_pe|wgt_reg[0] ; Merged with systolic_array:u_array|mac_unit:gen_row[7].gen_col[5].u_pe|wgt_reg[0] ;
; systolic_array:u_array|mac_unit:gen_row[1].gen_col[4].u_pe|wgt_reg[7] ; Merged with systolic_array:u_array|mac_unit:gen_row[7].gen_col[4].u_pe|wgt_reg[7] ;
; systolic_array:u_array|mac_unit:gen_row[1].gen_col[4].u_pe|wgt_reg[6] ; Merged with systolic_array:u_array|mac_unit:gen_row[7].gen_col[4].u_pe|wgt_reg[6] ;
; systolic_array:u_array|mac_unit:gen_row[1].gen_col[4].u_pe|wgt_reg[5] ; Merged with systolic_array:u_array|mac_unit:gen_row[7].gen_col[4].u_pe|wgt_reg[5] ;
; systolic_array:u_array|mac_unit:gen_row[1].gen_col[4].u_pe|wgt_reg[4] ; Merged with systolic_array:u_array|mac_unit:gen_row[7].gen_col[4].u_pe|wgt_reg[4] ;
; systolic_array:u_array|mac_unit:gen_row[1].gen_col[4].u_pe|wgt_reg[3] ; Merged with systolic_array:u_array|mac_unit:gen_row[7].gen_col[4].u_pe|wgt_reg[3] ;
; systolic_array:u_array|mac_unit:gen_row[1].gen_col[4].u_pe|wgt_reg[2] ; Merged with systolic_array:u_array|mac_unit:gen_row[7].gen_col[4].u_pe|wgt_reg[2] ;
; systolic_array:u_array|mac_unit:gen_row[1].gen_col[4].u_pe|wgt_reg[1] ; Merged with systolic_array:u_array|mac_unit:gen_row[7].gen_col[4].u_pe|wgt_reg[1] ;
; systolic_array:u_array|mac_unit:gen_row[1].gen_col[4].u_pe|wgt_reg[0] ; Merged with systolic_array:u_array|mac_unit:gen_row[7].gen_col[4].u_pe|wgt_reg[0] ;
; systolic_array:u_array|mac_unit:gen_row[6].gen_col[4].u_pe|wgt_reg[0] ; Merged with systolic_array:u_array|mac_unit:gen_row[7].gen_col[4].u_pe|wgt_reg[0] ;
; systolic_array:u_array|mac_unit:gen_row[4].gen_col[3].u_pe|wgt_reg[7] ; Merged with systolic_array:u_array|mac_unit:gen_row[7].gen_col[3].u_pe|wgt_reg[7] ;
; systolic_array:u_array|mac_unit:gen_row[0].gen_col[3].u_pe|wgt_reg[7] ; Merged with systolic_array:u_array|mac_unit:gen_row[7].gen_col[3].u_pe|wgt_reg[7] ;
; systolic_array:u_array|mac_unit:gen_row[4].gen_col[3].u_pe|wgt_reg[6] ; Merged with systolic_array:u_array|mac_unit:gen_row[7].gen_col[3].u_pe|wgt_reg[6] ;
; systolic_array:u_array|mac_unit:gen_row[6].gen_col[3].u_pe|wgt_reg[4] ; Merged with systolic_array:u_array|mac_unit:gen_row[7].gen_col[3].u_pe|wgt_reg[4] ;
; systolic_array:u_array|mac_unit:gen_row[4].gen_col[3].u_pe|wgt_reg[4] ; Merged with systolic_array:u_array|mac_unit:gen_row[7].gen_col[3].u_pe|wgt_reg[4] ;
; systolic_array:u_array|mac_unit:gen_row[6].gen_col[3].u_pe|wgt_reg[2] ; Merged with systolic_array:u_array|mac_unit:gen_row[7].gen_col[3].u_pe|wgt_reg[2] ;
; systolic_array:u_array|mac_unit:gen_row[4].gen_col[3].u_pe|wgt_reg[2] ; Merged with systolic_array:u_array|mac_unit:gen_row[7].gen_col[3].u_pe|wgt_reg[2] ;
; systolic_array:u_array|mac_unit:gen_row[0].gen_col[3].u_pe|wgt_reg[2] ; Merged with systolic_array:u_array|mac_unit:gen_row[7].gen_col[3].u_pe|wgt_reg[2] ;
; systolic_array:u_array|mac_unit:gen_row[6].gen_col[3].u_pe|wgt_reg[0] ; Merged with systolic_array:u_array|mac_unit:gen_row[7].gen_col[3].u_pe|wgt_reg[0] ;
; systolic_array:u_array|mac_unit:gen_row[4].gen_col[3].u_pe|wgt_reg[0] ; Merged with systolic_array:u_array|mac_unit:gen_row[7].gen_col[3].u_pe|wgt_reg[0] ;
; systolic_array:u_array|mac_unit:gen_row[0].gen_col[3].u_pe|wgt_reg[0] ; Merged with systolic_array:u_array|mac_unit:gen_row[7].gen_col[3].u_pe|wgt_reg[0] ;
; systolic_array:u_array|mac_unit:gen_row[1].gen_col[2].u_pe|wgt_reg[6] ; Merged with systolic_array:u_array|mac_unit:gen_row[7].gen_col[2].u_pe|wgt_reg[6] ;
; systolic_array:u_array|mac_unit:gen_row[0].gen_col[2].u_pe|wgt_reg[2] ; Merged with systolic_array:u_array|mac_unit:gen_row[7].gen_col[2].u_pe|wgt_reg[2] ;
; systolic_array:u_array|mac_unit:gen_row[4].gen_col[2].u_pe|wgt_reg[2] ; Merged with systolic_array:u_array|mac_unit:gen_row[7].gen_col[2].u_pe|wgt_reg[2] ;
; systolic_array:u_array|mac_unit:gen_row[6].gen_col[2].u_pe|wgt_reg[2] ; Merged with systolic_array:u_array|mac_unit:gen_row[7].gen_col[2].u_pe|wgt_reg[2] ;
; systolic_array:u_array|mac_unit:gen_row[2].gen_col[1].u_pe|wgt_reg[7] ; Merged with systolic_array:u_array|mac_unit:gen_row[7].gen_col[1].u_pe|wgt_reg[7] ;
; systolic_array:u_array|mac_unit:gen_row[0].gen_col[1].u_pe|wgt_reg[7] ; Merged with systolic_array:u_array|mac_unit:gen_row[7].gen_col[1].u_pe|wgt_reg[7] ;
; systolic_array:u_array|mac_unit:gen_row[4].gen_col[1].u_pe|wgt_reg[7] ; Merged with systolic_array:u_array|mac_unit:gen_row[7].gen_col[1].u_pe|wgt_reg[7] ;
; systolic_array:u_array|mac_unit:gen_row[3].gen_col[1].u_pe|wgt_reg[5] ; Merged with systolic_array:u_array|mac_unit:gen_row[7].gen_col[1].u_pe|wgt_reg[5] ;
; systolic_array:u_array|mac_unit:gen_row[6].gen_col[1].u_pe|wgt_reg[3] ; Merged with systolic_array:u_array|mac_unit:gen_row[7].gen_col[1].u_pe|wgt_reg[3] ;
; systolic_array:u_array|mac_unit:gen_row[3].gen_col[1].u_pe|wgt_reg[1] ; Merged with systolic_array:u_array|mac_unit:gen_row[7].gen_col[1].u_pe|wgt_reg[1] ;
; systolic_array:u_array|mac_unit:gen_row[3].gen_col[0].u_pe|wgt_reg[7] ; Merged with systolic_array:u_array|mac_unit:gen_row[7].gen_col[0].u_pe|wgt_reg[7] ;
; systolic_array:u_array|mac_unit:gen_row[3].gen_col[0].u_pe|wgt_reg[6] ; Merged with systolic_array:u_array|mac_unit:gen_row[7].gen_col[0].u_pe|wgt_reg[6] ;
; systolic_array:u_array|mac_unit:gen_row[3].gen_col[0].u_pe|wgt_reg[5] ; Merged with systolic_array:u_array|mac_unit:gen_row[7].gen_col[0].u_pe|wgt_reg[5] ;
; systolic_array:u_array|mac_unit:gen_row[6].gen_col[0].u_pe|wgt_reg[4] ; Merged with systolic_array:u_array|mac_unit:gen_row[7].gen_col[0].u_pe|wgt_reg[4] ;
; systolic_array:u_array|mac_unit:gen_row[3].gen_col[0].u_pe|wgt_reg[4] ; Merged with systolic_array:u_array|mac_unit:gen_row[7].gen_col[0].u_pe|wgt_reg[4] ;
; systolic_array:u_array|mac_unit:gen_row[3].gen_col[0].u_pe|wgt_reg[3] ; Merged with systolic_array:u_array|mac_unit:gen_row[7].gen_col[0].u_pe|wgt_reg[3] ;
; systolic_array:u_array|mac_unit:gen_row[3].gen_col[0].u_pe|wgt_reg[2] ; Merged with systolic_array:u_array|mac_unit:gen_row[7].gen_col[0].u_pe|wgt_reg[2] ;
; systolic_array:u_array|mac_unit:gen_row[3].gen_col[0].u_pe|wgt_reg[1] ; Merged with systolic_array:u_array|mac_unit:gen_row[7].gen_col[0].u_pe|wgt_reg[1] ;
; systolic_array:u_array|mac_unit:gen_row[3].gen_col[0].u_pe|wgt_reg[0] ; Merged with systolic_array:u_array|mac_unit:gen_row[7].gen_col[0].u_pe|wgt_reg[0] ;
; systolic_array:u_array|mac_unit:gen_row[2].gen_col[7].u_pe|wgt_reg[5] ; Merged with systolic_array:u_array|mac_unit:gen_row[6].gen_col[7].u_pe|wgt_reg[5] ;
; systolic_array:u_array|mac_unit:gen_row[2].gen_col[7].u_pe|wgt_reg[1] ; Merged with systolic_array:u_array|mac_unit:gen_row[6].gen_col[7].u_pe|wgt_reg[1] ;
; systolic_array:u_array|mac_unit:gen_row[1].gen_col[6].u_pe|wgt_reg[6] ; Merged with systolic_array:u_array|mac_unit:gen_row[6].gen_col[6].u_pe|wgt_reg[6] ;
; systolic_array:u_array|mac_unit:gen_row[1].gen_col[6].u_pe|wgt_reg[4] ; Merged with systolic_array:u_array|mac_unit:gen_row[6].gen_col[6].u_pe|wgt_reg[4] ;
; systolic_array:u_array|mac_unit:gen_row[1].gen_col[6].u_pe|wgt_reg[0] ; Merged with systolic_array:u_array|mac_unit:gen_row[6].gen_col[6].u_pe|wgt_reg[0] ;
; systolic_array:u_array|mac_unit:gen_row[1].gen_col[5].u_pe|wgt_reg[7] ; Merged with systolic_array:u_array|mac_unit:gen_row[6].gen_col[5].u_pe|wgt_reg[7] ;
; systolic_array:u_array|mac_unit:gen_row[1].gen_col[5].u_pe|wgt_reg[6] ; Merged with systolic_array:u_array|mac_unit:gen_row[6].gen_col[5].u_pe|wgt_reg[6] ;
; systolic_array:u_array|mac_unit:gen_row[1].gen_col[5].u_pe|wgt_reg[5] ; Merged with systolic_array:u_array|mac_unit:gen_row[6].gen_col[5].u_pe|wgt_reg[5] ;
; systolic_array:u_array|mac_unit:gen_row[1].gen_col[5].u_pe|wgt_reg[4] ; Merged with systolic_array:u_array|mac_unit:gen_row[6].gen_col[5].u_pe|wgt_reg[4] ;
; systolic_array:u_array|mac_unit:gen_row[1].gen_col[5].u_pe|wgt_reg[3] ; Merged with systolic_array:u_array|mac_unit:gen_row[6].gen_col[5].u_pe|wgt_reg[3] ;
; systolic_array:u_array|mac_unit:gen_row[1].gen_col[5].u_pe|wgt_reg[2] ; Merged with systolic_array:u_array|mac_unit:gen_row[6].gen_col[5].u_pe|wgt_reg[2] ;
; systolic_array:u_array|mac_unit:gen_row[1].gen_col[5].u_pe|wgt_reg[1] ; Merged with systolic_array:u_array|mac_unit:gen_row[6].gen_col[5].u_pe|wgt_reg[1] ;
; systolic_array:u_array|mac_unit:gen_row[1].gen_col[5].u_pe|wgt_reg[0] ; Merged with systolic_array:u_array|mac_unit:gen_row[6].gen_col[5].u_pe|wgt_reg[0] ;
; systolic_array:u_array|mac_unit:gen_row[4].gen_col[4].u_pe|wgt_reg[6] ; Merged with systolic_array:u_array|mac_unit:gen_row[6].gen_col[4].u_pe|wgt_reg[6] ;
; systolic_array:u_array|mac_unit:gen_row[4].gen_col[4].u_pe|wgt_reg[2] ; Merged with systolic_array:u_array|mac_unit:gen_row[6].gen_col[4].u_pe|wgt_reg[2] ;
; systolic_array:u_array|mac_unit:gen_row[4].gen_col[3].u_pe|wgt_reg[3] ; Merged with systolic_array:u_array|mac_unit:gen_row[6].gen_col[3].u_pe|wgt_reg[3] ;
; systolic_array:u_array|mac_unit:gen_row[0].gen_col[3].u_pe|wgt_reg[3] ; Merged with systolic_array:u_array|mac_unit:gen_row[6].gen_col[3].u_pe|wgt_reg[3] ;
; systolic_array:u_array|mac_unit:gen_row[4].gen_col[3].u_pe|wgt_reg[1] ; Merged with systolic_array:u_array|mac_unit:gen_row[6].gen_col[3].u_pe|wgt_reg[1] ;
; systolic_array:u_array|mac_unit:gen_row[0].gen_col[3].u_pe|wgt_reg[1] ; Merged with systolic_array:u_array|mac_unit:gen_row[6].gen_col[3].u_pe|wgt_reg[1] ;
; systolic_array:u_array|mac_unit:gen_row[0].gen_col[2].u_pe|wgt_reg[4] ; Merged with systolic_array:u_array|mac_unit:gen_row[6].gen_col[2].u_pe|wgt_reg[4] ;
; systolic_array:u_array|mac_unit:gen_row[4].gen_col[2].u_pe|wgt_reg[4] ; Merged with systolic_array:u_array|mac_unit:gen_row[6].gen_col[2].u_pe|wgt_reg[4] ;
; systolic_array:u_array|mac_unit:gen_row[0].gen_col[2].u_pe|wgt_reg[0] ; Merged with systolic_array:u_array|mac_unit:gen_row[6].gen_col[2].u_pe|wgt_reg[0] ;
; systolic_array:u_array|mac_unit:gen_row[4].gen_col[2].u_pe|wgt_reg[0] ; Merged with systolic_array:u_array|mac_unit:gen_row[6].gen_col[2].u_pe|wgt_reg[0] ;
; systolic_array:u_array|mac_unit:gen_row[5].gen_col[0].u_pe|wgt_reg[0] ; Merged with systolic_array:u_array|mac_unit:gen_row[6].gen_col[0].u_pe|wgt_reg[0] ;
; systolic_array:u_array|mac_unit:gen_row[3].gen_col[7].u_pe|wgt_reg[5] ; Merged with systolic_array:u_array|mac_unit:gen_row[5].gen_col[7].u_pe|wgt_reg[5] ;
; systolic_array:u_array|mac_unit:gen_row[3].gen_col[7].u_pe|wgt_reg[1] ; Merged with systolic_array:u_array|mac_unit:gen_row[5].gen_col[7].u_pe|wgt_reg[1] ;
; systolic_array:u_array|mac_unit:gen_row[1].gen_col[6].u_pe|wgt_reg[2] ; Merged with systolic_array:u_array|mac_unit:gen_row[5].gen_col[6].u_pe|wgt_reg[2] ;
; systolic_array:u_array|mac_unit:gen_row[3].gen_col[5].u_pe|wgt_reg[7] ; Merged with systolic_array:u_array|mac_unit:gen_row[5].gen_col[5].u_pe|wgt_reg[7] ;
; systolic_array:u_array|mac_unit:gen_row[2].gen_col[4].u_pe|wgt_reg[7] ; Merged with systolic_array:u_array|mac_unit:gen_row[5].gen_col[4].u_pe|wgt_reg[7] ;
; systolic_array:u_array|mac_unit:gen_row[2].gen_col[4].u_pe|wgt_reg[6] ; Merged with systolic_array:u_array|mac_unit:gen_row[5].gen_col[4].u_pe|wgt_reg[6] ;
; systolic_array:u_array|mac_unit:gen_row[2].gen_col[4].u_pe|wgt_reg[5] ; Merged with systolic_array:u_array|mac_unit:gen_row[5].gen_col[4].u_pe|wgt_reg[5] ;
; systolic_array:u_array|mac_unit:gen_row[3].gen_col[4].u_pe|wgt_reg[4] ; Merged with systolic_array:u_array|mac_unit:gen_row[5].gen_col[4].u_pe|wgt_reg[4] ;
; systolic_array:u_array|mac_unit:gen_row[2].gen_col[4].u_pe|wgt_reg[3] ; Merged with systolic_array:u_array|mac_unit:gen_row[5].gen_col[4].u_pe|wgt_reg[3] ;
; systolic_array:u_array|mac_unit:gen_row[2].gen_col[4].u_pe|wgt_reg[2] ; Merged with systolic_array:u_array|mac_unit:gen_row[5].gen_col[4].u_pe|wgt_reg[2] ;
; systolic_array:u_array|mac_unit:gen_row[2].gen_col[4].u_pe|wgt_reg[1] ; Merged with systolic_array:u_array|mac_unit:gen_row[5].gen_col[4].u_pe|wgt_reg[1] ;
; systolic_array:u_array|mac_unit:gen_row[2].gen_col[4].u_pe|wgt_reg[0] ; Merged with systolic_array:u_array|mac_unit:gen_row[5].gen_col[4].u_pe|wgt_reg[0] ;
; systolic_array:u_array|mac_unit:gen_row[2].gen_col[3].u_pe|wgt_reg[7] ; Merged with systolic_array:u_array|mac_unit:gen_row[5].gen_col[3].u_pe|wgt_reg[7] ;
; systolic_array:u_array|mac_unit:gen_row[2].gen_col[3].u_pe|wgt_reg[6] ; Merged with systolic_array:u_array|mac_unit:gen_row[5].gen_col[3].u_pe|wgt_reg[6] ;
; systolic_array:u_array|mac_unit:gen_row[3].gen_col[3].u_pe|wgt_reg[5] ; Merged with systolic_array:u_array|mac_unit:gen_row[5].gen_col[3].u_pe|wgt_reg[5] ;
; systolic_array:u_array|mac_unit:gen_row[2].gen_col[3].u_pe|wgt_reg[4] ; Merged with systolic_array:u_array|mac_unit:gen_row[5].gen_col[3].u_pe|wgt_reg[4] ;
; systolic_array:u_array|mac_unit:gen_row[2].gen_col[3].u_pe|wgt_reg[3] ; Merged with systolic_array:u_array|mac_unit:gen_row[5].gen_col[3].u_pe|wgt_reg[3] ;
; systolic_array:u_array|mac_unit:gen_row[2].gen_col[3].u_pe|wgt_reg[2] ; Merged with systolic_array:u_array|mac_unit:gen_row[5].gen_col[3].u_pe|wgt_reg[2] ;
; systolic_array:u_array|mac_unit:gen_row[2].gen_col[3].u_pe|wgt_reg[1] ; Merged with systolic_array:u_array|mac_unit:gen_row[5].gen_col[3].u_pe|wgt_reg[1] ;
; systolic_array:u_array|mac_unit:gen_row[2].gen_col[3].u_pe|wgt_reg[0] ; Merged with systolic_array:u_array|mac_unit:gen_row[5].gen_col[3].u_pe|wgt_reg[0] ;
; systolic_array:u_array|mac_unit:gen_row[2].gen_col[2].u_pe|wgt_reg[7] ; Merged with systolic_array:u_array|mac_unit:gen_row[5].gen_col[2].u_pe|wgt_reg[7] ;
; systolic_array:u_array|mac_unit:gen_row[3].gen_col[2].u_pe|wgt_reg[6] ; Merged with systolic_array:u_array|mac_unit:gen_row[5].gen_col[2].u_pe|wgt_reg[6] ;
; systolic_array:u_array|mac_unit:gen_row[2].gen_col[2].u_pe|wgt_reg[5] ; Merged with systolic_array:u_array|mac_unit:gen_row[5].gen_col[2].u_pe|wgt_reg[5] ;
; systolic_array:u_array|mac_unit:gen_row[2].gen_col[2].u_pe|wgt_reg[4] ; Merged with systolic_array:u_array|mac_unit:gen_row[5].gen_col[2].u_pe|wgt_reg[4] ;
; systolic_array:u_array|mac_unit:gen_row[2].gen_col[2].u_pe|wgt_reg[3] ; Merged with systolic_array:u_array|mac_unit:gen_row[5].gen_col[2].u_pe|wgt_reg[3] ;
; systolic_array:u_array|mac_unit:gen_row[2].gen_col[2].u_pe|wgt_reg[2] ; Merged with systolic_array:u_array|mac_unit:gen_row[5].gen_col[2].u_pe|wgt_reg[2] ;
; systolic_array:u_array|mac_unit:gen_row[2].gen_col[2].u_pe|wgt_reg[1] ; Merged with systolic_array:u_array|mac_unit:gen_row[5].gen_col[2].u_pe|wgt_reg[1] ;
; systolic_array:u_array|mac_unit:gen_row[2].gen_col[2].u_pe|wgt_reg[0] ; Merged with systolic_array:u_array|mac_unit:gen_row[5].gen_col[2].u_pe|wgt_reg[0] ;
; systolic_array:u_array|mac_unit:gen_row[3].gen_col[1].u_pe|wgt_reg[7] ; Merged with systolic_array:u_array|mac_unit:gen_row[5].gen_col[1].u_pe|wgt_reg[7] ;
; systolic_array:u_array|mac_unit:gen_row[2].gen_col[1].u_pe|wgt_reg[5] ; Merged with systolic_array:u_array|mac_unit:gen_row[5].gen_col[1].u_pe|wgt_reg[5] ;
; systolic_array:u_array|mac_unit:gen_row[2].gen_col[1].u_pe|wgt_reg[3] ; Merged with systolic_array:u_array|mac_unit:gen_row[5].gen_col[1].u_pe|wgt_reg[3] ;
; systolic_array:u_array|mac_unit:gen_row[2].gen_col[1].u_pe|wgt_reg[1] ; Merged with systolic_array:u_array|mac_unit:gen_row[5].gen_col[1].u_pe|wgt_reg[1] ;
; systolic_array:u_array|mac_unit:gen_row[2].gen_col[0].u_pe|wgt_reg[6] ; Merged with systolic_array:u_array|mac_unit:gen_row[5].gen_col[0].u_pe|wgt_reg[6] ;
; systolic_array:u_array|mac_unit:gen_row[2].gen_col[0].u_pe|wgt_reg[4] ; Merged with systolic_array:u_array|mac_unit:gen_row[5].gen_col[0].u_pe|wgt_reg[4] ;
; systolic_array:u_array|mac_unit:gen_row[2].gen_col[0].u_pe|wgt_reg[2] ; Merged with systolic_array:u_array|mac_unit:gen_row[5].gen_col[0].u_pe|wgt_reg[2] ;
; systolic_array:u_array|mac_unit:gen_row[1].gen_col[7].u_pe|wgt_reg[5] ; Merged with systolic_array:u_array|mac_unit:gen_row[4].gen_col[7].u_pe|wgt_reg[5] ;
; systolic_array:u_array|mac_unit:gen_row[1].gen_col[7].u_pe|wgt_reg[1] ; Merged with systolic_array:u_array|mac_unit:gen_row[4].gen_col[7].u_pe|wgt_reg[1] ;
; systolic_array:u_array|mac_unit:gen_row[0].gen_col[6].u_pe|wgt_reg[6] ; Merged with systolic_array:u_array|mac_unit:gen_row[4].gen_col[6].u_pe|wgt_reg[6] ;
; systolic_array:u_array|mac_unit:gen_row[0].gen_col[5].u_pe|wgt_reg[5] ; Merged with systolic_array:u_array|mac_unit:gen_row[4].gen_col[5].u_pe|wgt_reg[5] ;
; systolic_array:u_array|mac_unit:gen_row[0].gen_col[5].u_pe|wgt_reg[1] ; Merged with systolic_array:u_array|mac_unit:gen_row[4].gen_col[5].u_pe|wgt_reg[1] ;
; systolic_array:u_array|mac_unit:gen_row[0].gen_col[4].u_pe|wgt_reg[7] ; Merged with systolic_array:u_array|mac_unit:gen_row[4].gen_col[4].u_pe|wgt_reg[7] ;
; systolic_array:u_array|mac_unit:gen_row[0].gen_col[4].u_pe|wgt_reg[5] ; Merged with systolic_array:u_array|mac_unit:gen_row[4].gen_col[4].u_pe|wgt_reg[5] ;
; systolic_array:u_array|mac_unit:gen_row[0].gen_col[4].u_pe|wgt_reg[3] ; Merged with systolic_array:u_array|mac_unit:gen_row[4].gen_col[4].u_pe|wgt_reg[3] ;
; systolic_array:u_array|mac_unit:gen_row[0].gen_col[4].u_pe|wgt_reg[1] ; Merged with systolic_array:u_array|mac_unit:gen_row[4].gen_col[4].u_pe|wgt_reg[1] ;
; systolic_array:u_array|mac_unit:gen_row[2].gen_col[3].u_pe|wgt_reg[5] ; Merged with systolic_array:u_array|mac_unit:gen_row[4].gen_col[3].u_pe|wgt_reg[5] ;
; systolic_array:u_array|mac_unit:gen_row[0].gen_col[3].u_pe|wgt_reg[5] ; Merged with systolic_array:u_array|mac_unit:gen_row[4].gen_col[3].u_pe|wgt_reg[5] ;
; systolic_array:u_array|mac_unit:gen_row[0].gen_col[2].u_pe|wgt_reg[7] ; Merged with systolic_array:u_array|mac_unit:gen_row[4].gen_col[2].u_pe|wgt_reg[7] ;
; systolic_array:u_array|mac_unit:gen_row[2].gen_col[2].u_pe|wgt_reg[6] ; Merged with systolic_array:u_array|mac_unit:gen_row[4].gen_col[2].u_pe|wgt_reg[6] ;
; systolic_array:u_array|mac_unit:gen_row[0].gen_col[2].u_pe|wgt_reg[6] ; Merged with systolic_array:u_array|mac_unit:gen_row[4].gen_col[2].u_pe|wgt_reg[6] ;
; systolic_array:u_array|mac_unit:gen_row[0].gen_col[2].u_pe|wgt_reg[5] ; Merged with systolic_array:u_array|mac_unit:gen_row[4].gen_col[2].u_pe|wgt_reg[5] ;
; systolic_array:u_array|mac_unit:gen_row[0].gen_col[2].u_pe|wgt_reg[3] ; Merged with systolic_array:u_array|mac_unit:gen_row[4].gen_col[2].u_pe|wgt_reg[3] ;
; systolic_array:u_array|mac_unit:gen_row[0].gen_col[2].u_pe|wgt_reg[1] ; Merged with systolic_array:u_array|mac_unit:gen_row[4].gen_col[2].u_pe|wgt_reg[1] ;
; systolic_array:u_array|mac_unit:gen_row[0].gen_col[1].u_pe|wgt_reg[5] ; Merged with systolic_array:u_array|mac_unit:gen_row[4].gen_col[1].u_pe|wgt_reg[5] ;
; systolic_array:u_array|mac_unit:gen_row[0].gen_col[1].u_pe|wgt_reg[3] ; Merged with systolic_array:u_array|mac_unit:gen_row[4].gen_col[1].u_pe|wgt_reg[3] ;
; systolic_array:u_array|mac_unit:gen_row[0].gen_col[1].u_pe|wgt_reg[1] ; Merged with systolic_array:u_array|mac_unit:gen_row[4].gen_col[1].u_pe|wgt_reg[1] ;
; systolic_array:u_array|mac_unit:gen_row[0].gen_col[0].u_pe|wgt_reg[6] ; Merged with systolic_array:u_array|mac_unit:gen_row[4].gen_col[0].u_pe|wgt_reg[6] ;
; systolic_array:u_array|mac_unit:gen_row[0].gen_col[0].u_pe|wgt_reg[4] ; Merged with systolic_array:u_array|mac_unit:gen_row[4].gen_col[0].u_pe|wgt_reg[4] ;
; systolic_array:u_array|mac_unit:gen_row[0].gen_col[0].u_pe|wgt_reg[2] ; Merged with systolic_array:u_array|mac_unit:gen_row[4].gen_col[0].u_pe|wgt_reg[2] ;
; systolic_array:u_array|mac_unit:gen_row[0].gen_col[0].u_pe|wgt_reg[0] ; Merged with systolic_array:u_array|mac_unit:gen_row[4].gen_col[0].u_pe|wgt_reg[0] ;
; systolic_array:u_array|mac_unit:gen_row[1].gen_col[0].u_pe|wgt_reg[0] ; Merged with systolic_array:u_array|mac_unit:gen_row[2].gen_col[0].u_pe|wgt_reg[0] ;
; systolic_array:u_array|mac_unit:gen_row[6].gen_col[3].u_pe|wgt_reg[6] ; Merged with systolic_array:u_array|mac_unit:gen_row[7].gen_col[3].u_pe|wgt_reg[6] ;
; systolic_array:u_array|mac_unit:gen_row[0].gen_col[3].u_pe|wgt_reg[4] ; Merged with systolic_array:u_array|mac_unit:gen_row[7].gen_col[3].u_pe|wgt_reg[4] ;
; systolic_array:u_array|mac_unit:gen_row[3].gen_col[2].u_pe|wgt_reg[2] ; Merged with systolic_array:u_array|mac_unit:gen_row[7].gen_col[2].u_pe|wgt_reg[2] ;
; systolic_array:u_array|mac_unit:gen_row[6].gen_col[0].u_pe|wgt_reg[0] ; Merged with systolic_array:u_array|mac_unit:gen_row[7].gen_col[0].u_pe|wgt_reg[0] ;
; systolic_array:u_array|mac_unit:gen_row[5].gen_col[7].u_pe|wgt_reg[1] ; Merged with systolic_array:u_array|mac_unit:gen_row[6].gen_col[7].u_pe|wgt_reg[1] ;
; systolic_array:u_array|mac_unit:gen_row[1].gen_col[6].u_pe|wgt_reg[7] ; Merged with systolic_array:u_array|mac_unit:gen_row[6].gen_col[6].u_pe|wgt_reg[7] ;
; systolic_array:u_array|mac_unit:gen_row[1].gen_col[6].u_pe|wgt_reg[3] ; Merged with systolic_array:u_array|mac_unit:gen_row[6].gen_col[6].u_pe|wgt_reg[3] ;
; systolic_array:u_array|mac_unit:gen_row[4].gen_col[5].u_pe|wgt_reg[6] ; Merged with systolic_array:u_array|mac_unit:gen_row[6].gen_col[5].u_pe|wgt_reg[6] ;
; systolic_array:u_array|mac_unit:gen_row[4].gen_col[4].u_pe|wgt_reg[1] ; Merged with systolic_array:u_array|mac_unit:gen_row[6].gen_col[4].u_pe|wgt_reg[1] ;
; systolic_array:u_array|mac_unit:gen_row[4].gen_col[1].u_pe|wgt_reg[5] ; Merged with systolic_array:u_array|mac_unit:gen_row[6].gen_col[1].u_pe|wgt_reg[5] ;
; systolic_array:u_array|mac_unit:gen_row[2].gen_col[6].u_pe|wgt_reg[3] ; Merged with systolic_array:u_array|mac_unit:gen_row[5].gen_col[6].u_pe|wgt_reg[3] ;
; systolic_array:u_array|mac_unit:gen_row[0].gen_col[6].u_pe|wgt_reg[7] ; Merged with systolic_array:u_array|mac_unit:gen_row[4].gen_col[6].u_pe|wgt_reg[7] ;
; systolic_array:u_array|mac_unit:gen_row[0].gen_col[5].u_pe|wgt_reg[3] ; Merged with systolic_array:u_array|mac_unit:gen_row[4].gen_col[5].u_pe|wgt_reg[3] ;
; systolic_array:u_array|mac_unit:gen_row[0].gen_col[4].u_pe|wgt_reg[4] ; Merged with systolic_array:u_array|mac_unit:gen_row[4].gen_col[4].u_pe|wgt_reg[4] ;
; systolic_array:u_array|mac_unit:gen_row[1].gen_col[6].u_pe|wgt_reg[5] ; Merged with systolic_array:u_array|mac_unit:gen_row[2].gen_col[6].u_pe|wgt_reg[5] ;
; systolic_array:u_array|mac_unit:gen_row[4].gen_col[7].u_pe|wgt_reg[5] ; Merged with systolic_array:u_array|mac_unit:gen_row[7].gen_col[7].u_pe|wgt_reg[5] ;
; systolic_array:u_array|mac_unit:gen_row[5].gen_col[6].u_pe|wgt_reg[4] ; Merged with systolic_array:u_array|mac_unit:gen_row[7].gen_col[6].u_pe|wgt_reg[4] ;
; systolic_array:u_array|mac_unit:gen_row[5].gen_col[6].u_pe|wgt_reg[0] ; Merged with systolic_array:u_array|mac_unit:gen_row[7].gen_col[6].u_pe|wgt_reg[0] ;
; systolic_array:u_array|mac_unit:gen_row[6].gen_col[2].u_pe|wgt_reg[4] ; Merged with systolic_array:u_array|mac_unit:gen_row[7].gen_col[2].u_pe|wgt_reg[4] ;
; systolic_array:u_array|mac_unit:gen_row[4].gen_col[6].u_pe|wgt_reg[6] ; Merged with systolic_array:u_array|mac_unit:gen_row[6].gen_col[6].u_pe|wgt_reg[6] ;
; systolic_array:u_array|mac_unit:gen_row[4].gen_col[4].u_pe|wgt_reg[7] ; Merged with systolic_array:u_array|mac_unit:gen_row[6].gen_col[4].u_pe|wgt_reg[7] ;
; systolic_array:u_array|mac_unit:gen_row[0].gen_col[4].u_pe|wgt_reg[2] ; Merged with systolic_array:u_array|mac_unit:gen_row[6].gen_col[4].u_pe|wgt_reg[2] ;
; systolic_array:u_array|mac_unit:gen_row[4].gen_col[3].u_pe|wgt_reg[5] ; Merged with systolic_array:u_array|mac_unit:gen_row[6].gen_col[3].u_pe|wgt_reg[5] ;
; systolic_array:u_array|mac_unit:gen_row[4].gen_col[0].u_pe|wgt_reg[1] ; Merged with systolic_array:u_array|mac_unit:gen_row[6].gen_col[0].u_pe|wgt_reg[1] ;
; systolic_array:u_array|mac_unit:gen_row[1].gen_col[7].u_pe|wgt_reg[7] ; Merged with systolic_array:u_array|mac_unit:gen_row[5].gen_col[7].u_pe|wgt_reg[7] ;
; systolic_array:u_array|mac_unit:gen_row[2].gen_col[4].u_pe|wgt_reg[4] ; Merged with systolic_array:u_array|mac_unit:gen_row[5].gen_col[4].u_pe|wgt_reg[4] ;
; systolic_array:u_array|mac_unit:gen_row[0].gen_col[5].u_pe|wgt_reg[0] ; Merged with systolic_array:u_array|mac_unit:gen_row[4].gen_col[5].u_pe|wgt_reg[0] ;
; systolic_array:u_array|mac_unit:gen_row[0].gen_col[4].u_pe|wgt_reg[0] ; Merged with systolic_array:u_array|mac_unit:gen_row[4].gen_col[4].u_pe|wgt_reg[0] ;
; systolic_array:u_array|mac_unit:gen_row[1].gen_col[0].u_pe|wgt_reg[4] ; Merged with systolic_array:u_array|mac_unit:gen_row[4].gen_col[0].u_pe|wgt_reg[4] ;
; systolic_array:u_array|mac_unit:gen_row[6].gen_col[1].u_pe|wgt_reg[7] ; Merged with systolic_array:u_array|mac_unit:gen_row[7].gen_col[1].u_pe|wgt_reg[7] ;
; systolic_array:u_array|mac_unit:gen_row[4].gen_col[0].u_pe|wgt_reg[0] ; Merged with systolic_array:u_array|mac_unit:gen_row[7].gen_col[0].u_pe|wgt_reg[0] ;
; systolic_array:u_array|mac_unit:gen_row[0].gen_col[5].u_pe|wgt_reg[6] ; Merged with systolic_array:u_array|mac_unit:gen_row[6].gen_col[5].u_pe|wgt_reg[6] ;
; systolic_array:u_array|mac_unit:gen_row[4].gen_col[2].u_pe|wgt_reg[6] ; Merged with systolic_array:u_array|mac_unit:gen_row[6].gen_col[2].u_pe|wgt_reg[6] ;
; systolic_array:u_array|mac_unit:gen_row[3].gen_col[1].u_pe|wgt_reg[2] ; Merged with systolic_array:u_array|mac_unit:gen_row[6].gen_col[1].u_pe|wgt_reg[2] ;
; systolic_array:u_array|mac_unit:gen_row[2].gen_col[7].u_pe|wgt_reg[2] ; Merged with systolic_array:u_array|mac_unit:gen_row[5].gen_col[7].u_pe|wgt_reg[2] ;
; systolic_array:u_array|mac_unit:gen_row[0].gen_col[6].u_pe|wgt_reg[3] ; Merged with systolic_array:u_array|mac_unit:gen_row[4].gen_col[6].u_pe|wgt_reg[3] ;
; systolic_array:u_array|mac_unit:gen_row[0].gen_col[5].u_pe|wgt_reg[7] ; Merged with systolic_array:u_array|mac_unit:gen_row[4].gen_col[5].u_pe|wgt_reg[7] ;
; systolic_array:u_array|mac_unit:gen_row[3].gen_col[5].u_pe|wgt_reg[5] ; Merged with systolic_array:u_array|mac_unit:gen_row[4].gen_col[5].u_pe|wgt_reg[5] ;
; systolic_array:u_array|mac_unit:gen_row[0].gen_col[5].u_pe|wgt_reg[4] ; Merged with systolic_array:u_array|mac_unit:gen_row[4].gen_col[5].u_pe|wgt_reg[4] ;
; systolic_array:u_array|mac_unit:gen_row[0].gen_col[0].u_pe|wgt_reg[3] ; Merged with systolic_array:u_array|mac_unit:gen_row[4].gen_col[0].u_pe|wgt_reg[3] ;
; systolic_array:u_array|mac_unit:gen_row[5].gen_col[5].u_pe|wgt_reg[7] ; Merged with systolic_array:u_array|mac_unit:gen_row[7].gen_col[5].u_pe|wgt_reg[7] ;
; systolic_array:u_array|mac_unit:gen_row[4].gen_col[4].u_pe|wgt_reg[5] ; Merged with systolic_array:u_array|mac_unit:gen_row[6].gen_col[4].u_pe|wgt_reg[5] ;
; systolic_array:u_array|mac_unit:gen_row[4].gen_col[4].u_pe|wgt_reg[3] ; Merged with systolic_array:u_array|mac_unit:gen_row[6].gen_col[4].u_pe|wgt_reg[3] ;
; systolic_array:u_array|mac_unit:gen_row[3].gen_col[7].u_pe|wgt_reg[0] ; Merged with systolic_array:u_array|mac_unit:gen_row[5].gen_col[7].u_pe|wgt_reg[0] ;
; systolic_array:u_array|mac_unit:gen_row[2].gen_col[6].u_pe|wgt_reg[1] ; Merged with systolic_array:u_array|mac_unit:gen_row[5].gen_col[6].u_pe|wgt_reg[1] ;
; systolic_array:u_array|mac_unit:gen_row[1].gen_col[2].u_pe|wgt_reg[7] ; Merged with systolic_array:u_array|mac_unit:gen_row[5].gen_col[2].u_pe|wgt_reg[7] ;
; systolic_array:u_array|mac_unit:gen_row[2].gen_col[1].u_pe|wgt_reg[6] ; Merged with systolic_array:u_array|mac_unit:gen_row[5].gen_col[1].u_pe|wgt_reg[6] ;
; systolic_array:u_array|mac_unit:gen_row[0].gen_col[6].u_pe|wgt_reg[1] ; Merged with systolic_array:u_array|mac_unit:gen_row[4].gen_col[6].u_pe|wgt_reg[1] ;
; systolic_array:u_array|mac_unit:gen_row[1].gen_col[0].u_pe|wgt_reg[3] ; Merged with systolic_array:u_array|mac_unit:gen_row[4].gen_col[0].u_pe|wgt_reg[3] ;
; systolic_array:u_array|mac_unit:gen_row[0].gen_col[3].u_pe|wgt_reg[6] ; Merged with systolic_array:u_array|mac_unit:gen_row[7].gen_col[3].u_pe|wgt_reg[6] ;
; systolic_array:u_array|mac_unit:gen_row[4].gen_col[1].u_pe|wgt_reg[3] ; Merged with systolic_array:u_array|mac_unit:gen_row[7].gen_col[1].u_pe|wgt_reg[3] ;
; systolic_array:u_array|mac_unit:gen_row[0].gen_col[4].u_pe|wgt_reg[6] ; Merged with systolic_array:u_array|mac_unit:gen_row[6].gen_col[4].u_pe|wgt_reg[6] ;
; systolic_array:u_array|mac_unit:gen_row[3].gen_col[5].u_pe|wgt_reg[6] ; Merged with systolic_array:u_array|mac_unit:gen_row[5].gen_col[5].u_pe|wgt_reg[6] ;
; systolic_array:u_array|mac_unit:gen_row[0].gen_col[6].u_pe|wgt_reg[5] ; Merged with systolic_array:u_array|mac_unit:gen_row[4].gen_col[6].u_pe|wgt_reg[5] ;
; systolic_array:u_array|mac_unit:gen_row[0].gen_col[6].u_pe|wgt_reg[4] ; Merged with systolic_array:u_array|mac_unit:gen_row[4].gen_col[6].u_pe|wgt_reg[4] ;
; systolic_array:u_array|mac_unit:gen_row[0].gen_col[6].u_pe|wgt_reg[0] ; Merged with systolic_array:u_array|mac_unit:gen_row[4].gen_col[6].u_pe|wgt_reg[0] ;
; systolic_array:u_array|mac_unit:gen_row[0].gen_col[5].u_pe|wgt_reg[2] ; Merged with systolic_array:u_array|mac_unit:gen_row[4].gen_col[5].u_pe|wgt_reg[2] ;
; systolic_array:u_array|mac_unit:gen_row[2].gen_col[6].u_pe|wgt_reg[6] ; Merged with systolic_array:u_array|mac_unit:gen_row[7].gen_col[6].u_pe|wgt_reg[6] ;
; systolic_array:u_array|mac_unit:gen_row[0].gen_col[7].u_pe|wgt_reg[1] ; Merged with systolic_array:u_array|mac_unit:gen_row[4].gen_col[7].u_pe|wgt_reg[1] ;
; systolic_array:u_array|mac_unit:gen_row[1].gen_col[1].u_pe|wgt_reg[2] ; Merged with systolic_array:u_array|mac_unit:gen_row[4].gen_col[1].u_pe|wgt_reg[2] ;
; systolic_array:u_array|mac_unit:gen_row[1].gen_col[7].u_pe|wgt_reg[3] ; Merged with systolic_array:u_array|mac_unit:gen_row[6].gen_col[7].u_pe|wgt_reg[3] ;
; systolic_array:u_array|mac_unit:gen_row[1].gen_col[3].u_pe|wgt_reg[1] ; Merged with systolic_array:u_array|mac_unit:gen_row[5].gen_col[3].u_pe|wgt_reg[1] ;
; systolic_array:u_array|mac_unit:gen_row[0].gen_col[6].u_pe|wgt_reg[2] ; Merged with systolic_array:u_array|mac_unit:gen_row[4].gen_col[6].u_pe|wgt_reg[2] ;
; systolic_array:u_array|mac_unit:gen_row[0].gen_col[1].u_pe|wgt_reg[4] ; Merged with systolic_array:u_array|mac_unit:gen_row[1].gen_col[1].u_pe|wgt_reg[4] ;
; systolic_array:u_array|mac_unit:gen_row[1].gen_col[0].u_pe|wgt_reg[7] ; Merged with systolic_array:u_array|mac_unit:gen_row[4].gen_col[0].u_pe|wgt_reg[7] ;
; layer_ctrl_fsm:u_fsm|err_flag_reg                                     ; Merged with layer_ctrl_fsm:u_fsm|err_code_reg[0]                                  ;
; layer_ctrl_fsm:u_fsm|err_code_reg[2,3]                                ; Merged with layer_ctrl_fsm:u_fsm|err_code_reg[1]                                  ;
; systolic_array:u_array|mac_unit:gen_row[7].gen_col[0].u_pe|wgt_reg[0] ; Merged with systolic_array:u_array|mac_unit:gen_row[2].gen_col[0].u_pe|wgt_reg[0] ;
; systolic_array:u_array|mac_unit:gen_row[1].gen_col[0].u_pe|wgt_reg[1] ; Merged with systolic_array:u_array|mac_unit:gen_row[0].gen_col[0].u_pe|wgt_reg[1] ;
; systolic_array:u_array|mac_unit:gen_row[2].gen_col[0].u_pe|wgt_reg[1] ; Merged with systolic_array:u_array|mac_unit:gen_row[0].gen_col[0].u_pe|wgt_reg[1] ;
; systolic_array:u_array|mac_unit:gen_row[5].gen_col[0].u_pe|wgt_reg[1] ; Merged with systolic_array:u_array|mac_unit:gen_row[0].gen_col[0].u_pe|wgt_reg[1] ;
; systolic_array:u_array|mac_unit:gen_row[6].gen_col[0].u_pe|wgt_reg[1] ; Merged with systolic_array:u_array|mac_unit:gen_row[0].gen_col[0].u_pe|wgt_reg[1] ;
; systolic_array:u_array|mac_unit:gen_row[7].gen_col[0].u_pe|wgt_reg[1] ; Merged with systolic_array:u_array|mac_unit:gen_row[0].gen_col[0].u_pe|wgt_reg[1] ;
; systolic_array:u_array|mac_unit:gen_row[4].gen_col[0].u_pe|wgt_reg[2] ; Merged with systolic_array:u_array|mac_unit:gen_row[1].gen_col[0].u_pe|wgt_reg[2] ;
; systolic_array:u_array|mac_unit:gen_row[5].gen_col[0].u_pe|wgt_reg[2] ; Merged with systolic_array:u_array|mac_unit:gen_row[1].gen_col[0].u_pe|wgt_reg[2] ;
; systolic_array:u_array|mac_unit:gen_row[6].gen_col[0].u_pe|wgt_reg[2] ; Merged with systolic_array:u_array|mac_unit:gen_row[1].gen_col[0].u_pe|wgt_reg[2] ;
; systolic_array:u_array|mac_unit:gen_row[7].gen_col[0].u_pe|wgt_reg[2] ; Merged with systolic_array:u_array|mac_unit:gen_row[1].gen_col[0].u_pe|wgt_reg[2] ;
; systolic_array:u_array|mac_unit:gen_row[4].gen_col[0].u_pe|wgt_reg[3] ; Merged with systolic_array:u_array|mac_unit:gen_row[2].gen_col[0].u_pe|wgt_reg[3] ;
; systolic_array:u_array|mac_unit:gen_row[5].gen_col[0].u_pe|wgt_reg[3] ; Merged with systolic_array:u_array|mac_unit:gen_row[2].gen_col[0].u_pe|wgt_reg[3] ;
; systolic_array:u_array|mac_unit:gen_row[6].gen_col[0].u_pe|wgt_reg[3] ; Merged with systolic_array:u_array|mac_unit:gen_row[2].gen_col[0].u_pe|wgt_reg[3] ;
; systolic_array:u_array|mac_unit:gen_row[7].gen_col[0].u_pe|wgt_reg[3] ; Merged with systolic_array:u_array|mac_unit:gen_row[2].gen_col[0].u_pe|wgt_reg[3] ;
; systolic_array:u_array|mac_unit:gen_row[5].gen_col[0].u_pe|wgt_reg[4] ; Merged with systolic_array:u_array|mac_unit:gen_row[4].gen_col[0].u_pe|wgt_reg[4] ;
; systolic_array:u_array|mac_unit:gen_row[7].gen_col[0].u_pe|wgt_reg[4] ; Merged with systolic_array:u_array|mac_unit:gen_row[4].gen_col[0].u_pe|wgt_reg[4] ;
; systolic_array:u_array|mac_unit:gen_row[1].gen_col[0].u_pe|wgt_reg[5] ; Merged with systolic_array:u_array|mac_unit:gen_row[0].gen_col[0].u_pe|wgt_reg[5] ;
; systolic_array:u_array|mac_unit:gen_row[2].gen_col[0].u_pe|wgt_reg[5] ; Merged with systolic_array:u_array|mac_unit:gen_row[0].gen_col[0].u_pe|wgt_reg[5] ;
; systolic_array:u_array|mac_unit:gen_row[4].gen_col[0].u_pe|wgt_reg[5] ; Merged with systolic_array:u_array|mac_unit:gen_row[0].gen_col[0].u_pe|wgt_reg[5] ;
; systolic_array:u_array|mac_unit:gen_row[5].gen_col[0].u_pe|wgt_reg[5] ; Merged with systolic_array:u_array|mac_unit:gen_row[0].gen_col[0].u_pe|wgt_reg[5] ;
; systolic_array:u_array|mac_unit:gen_row[6].gen_col[0].u_pe|wgt_reg[5] ; Merged with systolic_array:u_array|mac_unit:gen_row[0].gen_col[0].u_pe|wgt_reg[5] ;
; systolic_array:u_array|mac_unit:gen_row[7].gen_col[0].u_pe|wgt_reg[5] ; Merged with systolic_array:u_array|mac_unit:gen_row[0].gen_col[0].u_pe|wgt_reg[5] ;
; systolic_array:u_array|mac_unit:gen_row[4].gen_col[0].u_pe|wgt_reg[6] ; Merged with systolic_array:u_array|mac_unit:gen_row[1].gen_col[0].u_pe|wgt_reg[6] ;
; systolic_array:u_array|mac_unit:gen_row[5].gen_col[0].u_pe|wgt_reg[6] ; Merged with systolic_array:u_array|mac_unit:gen_row[1].gen_col[0].u_pe|wgt_reg[6] ;
; systolic_array:u_array|mac_unit:gen_row[6].gen_col[0].u_pe|wgt_reg[6] ; Merged with systolic_array:u_array|mac_unit:gen_row[1].gen_col[0].u_pe|wgt_reg[6] ;
; systolic_array:u_array|mac_unit:gen_row[7].gen_col[0].u_pe|wgt_reg[6] ; Merged with systolic_array:u_array|mac_unit:gen_row[1].gen_col[0].u_pe|wgt_reg[6] ;
; systolic_array:u_array|mac_unit:gen_row[2].gen_col[0].u_pe|wgt_reg[7] ; Merged with systolic_array:u_array|mac_unit:gen_row[0].gen_col[0].u_pe|wgt_reg[7] ;
; systolic_array:u_array|mac_unit:gen_row[4].gen_col[0].u_pe|wgt_reg[7] ; Merged with systolic_array:u_array|mac_unit:gen_row[0].gen_col[0].u_pe|wgt_reg[7] ;
; systolic_array:u_array|mac_unit:gen_row[5].gen_col[0].u_pe|wgt_reg[7] ; Merged with systolic_array:u_array|mac_unit:gen_row[0].gen_col[0].u_pe|wgt_reg[7] ;
; systolic_array:u_array|mac_unit:gen_row[6].gen_col[0].u_pe|wgt_reg[7] ; Merged with systolic_array:u_array|mac_unit:gen_row[0].gen_col[0].u_pe|wgt_reg[7] ;
; systolic_array:u_array|mac_unit:gen_row[7].gen_col[0].u_pe|wgt_reg[7] ; Merged with systolic_array:u_array|mac_unit:gen_row[0].gen_col[0].u_pe|wgt_reg[7] ;
; systolic_array:u_array|mac_unit:gen_row[1].gen_col[1].u_pe|wgt_reg[0] ; Merged with systolic_array:u_array|mac_unit:gen_row[0].gen_col[1].u_pe|wgt_reg[0] ;
; systolic_array:u_array|mac_unit:gen_row[2].gen_col[1].u_pe|wgt_reg[0] ; Merged with systolic_array:u_array|mac_unit:gen_row[0].gen_col[1].u_pe|wgt_reg[0] ;
; systolic_array:u_array|mac_unit:gen_row[3].gen_col[1].u_pe|wgt_reg[0] ; Merged with systolic_array:u_array|mac_unit:gen_row[0].gen_col[1].u_pe|wgt_reg[0] ;
; systolic_array:u_array|mac_unit:gen_row[4].gen_col[1].u_pe|wgt_reg[0] ; Merged with systolic_array:u_array|mac_unit:gen_row[0].gen_col[1].u_pe|wgt_reg[0] ;
; systolic_array:u_array|mac_unit:gen_row[5].gen_col[1].u_pe|wgt_reg[0] ; Merged with systolic_array:u_array|mac_unit:gen_row[0].gen_col[1].u_pe|wgt_reg[0] ;
; systolic_array:u_array|mac_unit:gen_row[6].gen_col[1].u_pe|wgt_reg[0] ; Merged with systolic_array:u_array|mac_unit:gen_row[0].gen_col[1].u_pe|wgt_reg[0] ;
; systolic_array:u_array|mac_unit:gen_row[7].gen_col[1].u_pe|wgt_reg[0] ; Merged with systolic_array:u_array|mac_unit:gen_row[0].gen_col[1].u_pe|wgt_reg[0] ;
; systolic_array:u_array|mac_unit:gen_row[4].gen_col[1].u_pe|wgt_reg[1] ; Merged with systolic_array:u_array|mac_unit:gen_row[1].gen_col[1].u_pe|wgt_reg[1] ;
; systolic_array:u_array|mac_unit:gen_row[5].gen_col[1].u_pe|wgt_reg[1] ; Merged with systolic_array:u_array|mac_unit:gen_row[1].gen_col[1].u_pe|wgt_reg[1] ;
; systolic_array:u_array|mac_unit:gen_row[6].gen_col[1].u_pe|wgt_reg[1] ; Merged with systolic_array:u_array|mac_unit:gen_row[1].gen_col[1].u_pe|wgt_reg[1] ;
; systolic_array:u_array|mac_unit:gen_row[7].gen_col[1].u_pe|wgt_reg[1] ; Merged with systolic_array:u_array|mac_unit:gen_row[1].gen_col[1].u_pe|wgt_reg[1] ;
; systolic_array:u_array|mac_unit:gen_row[2].gen_col[1].u_pe|wgt_reg[2] ; Merged with systolic_array:u_array|mac_unit:gen_row[0].gen_col[1].u_pe|wgt_reg[2] ;
; systolic_array:u_array|mac_unit:gen_row[4].gen_col[1].u_pe|wgt_reg[2] ; Merged with systolic_array:u_array|mac_unit:gen_row[0].gen_col[1].u_pe|wgt_reg[2] ;
; systolic_array:u_array|mac_unit:gen_row[5].gen_col[1].u_pe|wgt_reg[2] ; Merged with systolic_array:u_array|mac_unit:gen_row[0].gen_col[1].u_pe|wgt_reg[2] ;
; systolic_array:u_array|mac_unit:gen_row[6].gen_col[1].u_pe|wgt_reg[2] ; Merged with systolic_array:u_array|mac_unit:gen_row[0].gen_col[1].u_pe|wgt_reg[2] ;
; systolic_array:u_array|mac_unit:gen_row[7].gen_col[1].u_pe|wgt_reg[2] ; Merged with systolic_array:u_array|mac_unit:gen_row[0].gen_col[1].u_pe|wgt_reg[2] ;
; systolic_array:u_array|mac_unit:gen_row[3].gen_col[1].u_pe|wgt_reg[3] ; Merged with systolic_array:u_array|mac_unit:gen_row[1].gen_col[1].u_pe|wgt_reg[3] ;
; systolic_array:u_array|mac_unit:gen_row[5].gen_col[1].u_pe|wgt_reg[3] ; Merged with systolic_array:u_array|mac_unit:gen_row[1].gen_col[1].u_pe|wgt_reg[3] ;
; systolic_array:u_array|mac_unit:gen_row[7].gen_col[1].u_pe|wgt_reg[3] ; Merged with systolic_array:u_array|mac_unit:gen_row[1].gen_col[1].u_pe|wgt_reg[3] ;
; systolic_array:u_array|mac_unit:gen_row[2].gen_col[1].u_pe|wgt_reg[4] ; Merged with systolic_array:u_array|mac_unit:gen_row[1].gen_col[1].u_pe|wgt_reg[4] ;
; systolic_array:u_array|mac_unit:gen_row[3].gen_col[1].u_pe|wgt_reg[4] ; Merged with systolic_array:u_array|mac_unit:gen_row[1].gen_col[1].u_pe|wgt_reg[4] ;
; systolic_array:u_array|mac_unit:gen_row[4].gen_col[1].u_pe|wgt_reg[4] ; Merged with systolic_array:u_array|mac_unit:gen_row[1].gen_col[1].u_pe|wgt_reg[4] ;
; systolic_array:u_array|mac_unit:gen_row[5].gen_col[1].u_pe|wgt_reg[4] ; Merged with systolic_array:u_array|mac_unit:gen_row[1].gen_col[1].u_pe|wgt_reg[4] ;
; systolic_array:u_array|mac_unit:gen_row[6].gen_col[1].u_pe|wgt_reg[4] ; Merged with systolic_array:u_array|mac_unit:gen_row[1].gen_col[1].u_pe|wgt_reg[4] ;
; systolic_array:u_array|mac_unit:gen_row[7].gen_col[1].u_pe|wgt_reg[4] ; Merged with systolic_array:u_array|mac_unit:gen_row[1].gen_col[1].u_pe|wgt_reg[4] ;
; systolic_array:u_array|mac_unit:gen_row[5].gen_col[1].u_pe|wgt_reg[5] ; Merged with systolic_array:u_array|mac_unit:gen_row[1].gen_col[1].u_pe|wgt_reg[5] ;
; systolic_array:u_array|mac_unit:gen_row[6].gen_col[1].u_pe|wgt_reg[5] ; Merged with systolic_array:u_array|mac_unit:gen_row[1].gen_col[1].u_pe|wgt_reg[5] ;
; systolic_array:u_array|mac_unit:gen_row[7].gen_col[1].u_pe|wgt_reg[5] ; Merged with systolic_array:u_array|mac_unit:gen_row[1].gen_col[1].u_pe|wgt_reg[5] ;
; systolic_array:u_array|mac_unit:gen_row[1].gen_col[1].u_pe|wgt_reg[6] ; Merged with systolic_array:u_array|mac_unit:gen_row[0].gen_col[1].u_pe|wgt_reg[6] ;
; systolic_array:u_array|mac_unit:gen_row[3].gen_col[1].u_pe|wgt_reg[6] ; Merged with systolic_array:u_array|mac_unit:gen_row[0].gen_col[1].u_pe|wgt_reg[6] ;
; systolic_array:u_array|mac_unit:gen_row[4].gen_col[1].u_pe|wgt_reg[6] ; Merged with systolic_array:u_array|mac_unit:gen_row[0].gen_col[1].u_pe|wgt_reg[6] ;
; systolic_array:u_array|mac_unit:gen_row[5].gen_col[1].u_pe|wgt_reg[6] ; Merged with systolic_array:u_array|mac_unit:gen_row[0].gen_col[1].u_pe|wgt_reg[6] ;
; systolic_array:u_array|mac_unit:gen_row[6].gen_col[1].u_pe|wgt_reg[6] ; Merged with systolic_array:u_array|mac_unit:gen_row[0].gen_col[1].u_pe|wgt_reg[6] ;
; systolic_array:u_array|mac_unit:gen_row[7].gen_col[1].u_pe|wgt_reg[6] ; Merged with systolic_array:u_array|mac_unit:gen_row[0].gen_col[1].u_pe|wgt_reg[6] ;
; systolic_array:u_array|mac_unit:gen_row[5].gen_col[1].u_pe|wgt_reg[7] ; Merged with systolic_array:u_array|mac_unit:gen_row[1].gen_col[1].u_pe|wgt_reg[7] ;
; systolic_array:u_array|mac_unit:gen_row[7].gen_col[1].u_pe|wgt_reg[7] ; Merged with systolic_array:u_array|mac_unit:gen_row[1].gen_col[1].u_pe|wgt_reg[7] ;
; systolic_array:u_array|mac_unit:gen_row[3].gen_col[2].u_pe|wgt_reg[0] ; Merged with systolic_array:u_array|mac_unit:gen_row[1].gen_col[2].u_pe|wgt_reg[0] ;
; systolic_array:u_array|mac_unit:gen_row[5].gen_col[2].u_pe|wgt_reg[0] ; Merged with systolic_array:u_array|mac_unit:gen_row[1].gen_col[2].u_pe|wgt_reg[0] ;
; systolic_array:u_array|mac_unit:gen_row[6].gen_col[2].u_pe|wgt_reg[0] ; Merged with systolic_array:u_array|mac_unit:gen_row[1].gen_col[2].u_pe|wgt_reg[0] ;
; systolic_array:u_array|mac_unit:gen_row[7].gen_col[2].u_pe|wgt_reg[0] ; Merged with systolic_array:u_array|mac_unit:gen_row[1].gen_col[2].u_pe|wgt_reg[0] ;
; systolic_array:u_array|mac_unit:gen_row[3].gen_col[2].u_pe|wgt_reg[1] ; Merged with systolic_array:u_array|mac_unit:gen_row[1].gen_col[2].u_pe|wgt_reg[1] ;
; systolic_array:u_array|mac_unit:gen_row[4].gen_col[2].u_pe|wgt_reg[1] ; Merged with systolic_array:u_array|mac_unit:gen_row[1].gen_col[2].u_pe|wgt_reg[1] ;
; systolic_array:u_array|mac_unit:gen_row[5].gen_col[2].u_pe|wgt_reg[1] ; Merged with systolic_array:u_array|mac_unit:gen_row[1].gen_col[2].u_pe|wgt_reg[1] ;
; systolic_array:u_array|mac_unit:gen_row[6].gen_col[2].u_pe|wgt_reg[1] ; Merged with systolic_array:u_array|mac_unit:gen_row[1].gen_col[2].u_pe|wgt_reg[1] ;
; systolic_array:u_array|mac_unit:gen_row[7].gen_col[2].u_pe|wgt_reg[1] ; Merged with systolic_array:u_array|mac_unit:gen_row[1].gen_col[2].u_pe|wgt_reg[1] ;
; systolic_array:u_array|mac_unit:gen_row[5].gen_col[2].u_pe|wgt_reg[2] ; Merged with systolic_array:u_array|mac_unit:gen_row[1].gen_col[2].u_pe|wgt_reg[2] ;
; systolic_array:u_array|mac_unit:gen_row[7].gen_col[2].u_pe|wgt_reg[2] ; Merged with systolic_array:u_array|mac_unit:gen_row[1].gen_col[2].u_pe|wgt_reg[2] ;
; systolic_array:u_array|mac_unit:gen_row[3].gen_col[2].u_pe|wgt_reg[3] ; Merged with systolic_array:u_array|mac_unit:gen_row[1].gen_col[2].u_pe|wgt_reg[3] ;
; systolic_array:u_array|mac_unit:gen_row[4].gen_col[2].u_pe|wgt_reg[3] ; Merged with systolic_array:u_array|mac_unit:gen_row[1].gen_col[2].u_pe|wgt_reg[3] ;
; systolic_array:u_array|mac_unit:gen_row[5].gen_col[2].u_pe|wgt_reg[3] ; Merged with systolic_array:u_array|mac_unit:gen_row[1].gen_col[2].u_pe|wgt_reg[3] ;
; systolic_array:u_array|mac_unit:gen_row[6].gen_col[2].u_pe|wgt_reg[3] ; Merged with systolic_array:u_array|mac_unit:gen_row[1].gen_col[2].u_pe|wgt_reg[3] ;
; systolic_array:u_array|mac_unit:gen_row[7].gen_col[2].u_pe|wgt_reg[3] ; Merged with systolic_array:u_array|mac_unit:gen_row[1].gen_col[2].u_pe|wgt_reg[3] ;
; systolic_array:u_array|mac_unit:gen_row[3].gen_col[2].u_pe|wgt_reg[4] ; Merged with systolic_array:u_array|mac_unit:gen_row[1].gen_col[2].u_pe|wgt_reg[4] ;
; systolic_array:u_array|mac_unit:gen_row[5].gen_col[2].u_pe|wgt_reg[4] ; Merged with systolic_array:u_array|mac_unit:gen_row[1].gen_col[2].u_pe|wgt_reg[4] ;
; systolic_array:u_array|mac_unit:gen_row[7].gen_col[2].u_pe|wgt_reg[4] ; Merged with systolic_array:u_array|mac_unit:gen_row[1].gen_col[2].u_pe|wgt_reg[4] ;
; systolic_array:u_array|mac_unit:gen_row[3].gen_col[2].u_pe|wgt_reg[5] ; Merged with systolic_array:u_array|mac_unit:gen_row[1].gen_col[2].u_pe|wgt_reg[5] ;
; systolic_array:u_array|mac_unit:gen_row[4].gen_col[2].u_pe|wgt_reg[5] ; Merged with systolic_array:u_array|mac_unit:gen_row[1].gen_col[2].u_pe|wgt_reg[5] ;
; systolic_array:u_array|mac_unit:gen_row[5].gen_col[2].u_pe|wgt_reg[5] ; Merged with systolic_array:u_array|mac_unit:gen_row[1].gen_col[2].u_pe|wgt_reg[5] ;
; systolic_array:u_array|mac_unit:gen_row[6].gen_col[2].u_pe|wgt_reg[5] ; Merged with systolic_array:u_array|mac_unit:gen_row[1].gen_col[2].u_pe|wgt_reg[5] ;
; systolic_array:u_array|mac_unit:gen_row[7].gen_col[2].u_pe|wgt_reg[5] ; Merged with systolic_array:u_array|mac_unit:gen_row[1].gen_col[2].u_pe|wgt_reg[5] ;
; systolic_array:u_array|mac_unit:gen_row[6].gen_col[2].u_pe|wgt_reg[6] ; Merged with systolic_array:u_array|mac_unit:gen_row[5].gen_col[2].u_pe|wgt_reg[6] ;
; systolic_array:u_array|mac_unit:gen_row[7].gen_col[2].u_pe|wgt_reg[6] ; Merged with systolic_array:u_array|mac_unit:gen_row[5].gen_col[2].u_pe|wgt_reg[6] ;
; systolic_array:u_array|mac_unit:gen_row[4].gen_col[2].u_pe|wgt_reg[7] ; Merged with systolic_array:u_array|mac_unit:gen_row[3].gen_col[2].u_pe|wgt_reg[7] ;
; systolic_array:u_array|mac_unit:gen_row[5].gen_col[2].u_pe|wgt_reg[7] ; Merged with systolic_array:u_array|mac_unit:gen_row[3].gen_col[2].u_pe|wgt_reg[7] ;
; systolic_array:u_array|mac_unit:gen_row[6].gen_col[2].u_pe|wgt_reg[7] ; Merged with systolic_array:u_array|mac_unit:gen_row[3].gen_col[2].u_pe|wgt_reg[7] ;
; systolic_array:u_array|mac_unit:gen_row[7].gen_col[2].u_pe|wgt_reg[7] ; Merged with systolic_array:u_array|mac_unit:gen_row[3].gen_col[2].u_pe|wgt_reg[7] ;
; systolic_array:u_array|mac_unit:gen_row[3].gen_col[3].u_pe|wgt_reg[0] ; Merged with systolic_array:u_array|mac_unit:gen_row[1].gen_col[3].u_pe|wgt_reg[0] ;
; systolic_array:u_array|mac_unit:gen_row[5].gen_col[3].u_pe|wgt_reg[0] ; Merged with systolic_array:u_array|mac_unit:gen_row[1].gen_col[3].u_pe|wgt_reg[0] ;
; systolic_array:u_array|mac_unit:gen_row[7].gen_col[3].u_pe|wgt_reg[0] ; Merged with systolic_array:u_array|mac_unit:gen_row[1].gen_col[3].u_pe|wgt_reg[0] ;
; systolic_array:u_array|mac_unit:gen_row[5].gen_col[3].u_pe|wgt_reg[1] ; Merged with systolic_array:u_array|mac_unit:gen_row[3].gen_col[3].u_pe|wgt_reg[1] ;
; systolic_array:u_array|mac_unit:gen_row[6].gen_col[3].u_pe|wgt_reg[1] ; Merged with systolic_array:u_array|mac_unit:gen_row[3].gen_col[3].u_pe|wgt_reg[1] ;
; systolic_array:u_array|mac_unit:gen_row[7].gen_col[3].u_pe|wgt_reg[1] ; Merged with systolic_array:u_array|mac_unit:gen_row[3].gen_col[3].u_pe|wgt_reg[1] ;
; systolic_array:u_array|mac_unit:gen_row[3].gen_col[3].u_pe|wgt_reg[2] ; Merged with systolic_array:u_array|mac_unit:gen_row[1].gen_col[3].u_pe|wgt_reg[2] ;
; systolic_array:u_array|mac_unit:gen_row[5].gen_col[3].u_pe|wgt_reg[2] ; Merged with systolic_array:u_array|mac_unit:gen_row[1].gen_col[3].u_pe|wgt_reg[2] ;
; systolic_array:u_array|mac_unit:gen_row[7].gen_col[3].u_pe|wgt_reg[2] ; Merged with systolic_array:u_array|mac_unit:gen_row[1].gen_col[3].u_pe|wgt_reg[2] ;
; systolic_array:u_array|mac_unit:gen_row[3].gen_col[3].u_pe|wgt_reg[3] ; Merged with systolic_array:u_array|mac_unit:gen_row[1].gen_col[3].u_pe|wgt_reg[3] ;
; systolic_array:u_array|mac_unit:gen_row[5].gen_col[3].u_pe|wgt_reg[3] ; Merged with systolic_array:u_array|mac_unit:gen_row[1].gen_col[3].u_pe|wgt_reg[3] ;
; systolic_array:u_array|mac_unit:gen_row[6].gen_col[3].u_pe|wgt_reg[3] ; Merged with systolic_array:u_array|mac_unit:gen_row[1].gen_col[3].u_pe|wgt_reg[3] ;
; systolic_array:u_array|mac_unit:gen_row[7].gen_col[3].u_pe|wgt_reg[3] ; Merged with systolic_array:u_array|mac_unit:gen_row[1].gen_col[3].u_pe|wgt_reg[3] ;
; systolic_array:u_array|mac_unit:gen_row[3].gen_col[3].u_pe|wgt_reg[4] ; Merged with systolic_array:u_array|mac_unit:gen_row[1].gen_col[3].u_pe|wgt_reg[4] ;
; systolic_array:u_array|mac_unit:gen_row[5].gen_col[3].u_pe|wgt_reg[4] ; Merged with systolic_array:u_array|mac_unit:gen_row[1].gen_col[3].u_pe|wgt_reg[4] ;
; systolic_array:u_array|mac_unit:gen_row[7].gen_col[3].u_pe|wgt_reg[4] ; Merged with systolic_array:u_array|mac_unit:gen_row[1].gen_col[3].u_pe|wgt_reg[4] ;
; systolic_array:u_array|mac_unit:gen_row[5].gen_col[3].u_pe|wgt_reg[5] ; Merged with systolic_array:u_array|mac_unit:gen_row[1].gen_col[3].u_pe|wgt_reg[5] ;
; systolic_array:u_array|mac_unit:gen_row[6].gen_col[3].u_pe|wgt_reg[5] ; Merged with systolic_array:u_array|mac_unit:gen_row[1].gen_col[3].u_pe|wgt_reg[5] ;
; systolic_array:u_array|mac_unit:gen_row[7].gen_col[3].u_pe|wgt_reg[5] ; Merged with systolic_array:u_array|mac_unit:gen_row[1].gen_col[3].u_pe|wgt_reg[5] ;
; systolic_array:u_array|mac_unit:gen_row[3].gen_col[3].u_pe|wgt_reg[6] ; Merged with systolic_array:u_array|mac_unit:gen_row[1].gen_col[3].u_pe|wgt_reg[6] ;
; systolic_array:u_array|mac_unit:gen_row[5].gen_col[3].u_pe|wgt_reg[6] ; Merged with systolic_array:u_array|mac_unit:gen_row[1].gen_col[3].u_pe|wgt_reg[6] ;
; systolic_array:u_array|mac_unit:gen_row[7].gen_col[3].u_pe|wgt_reg[6] ; Merged with systolic_array:u_array|mac_unit:gen_row[1].gen_col[3].u_pe|wgt_reg[6] ;
; systolic_array:u_array|mac_unit:gen_row[3].gen_col[3].u_pe|wgt_reg[7] ; Merged with systolic_array:u_array|mac_unit:gen_row[1].gen_col[3].u_pe|wgt_reg[7] ;
; systolic_array:u_array|mac_unit:gen_row[5].gen_col[3].u_pe|wgt_reg[7] ; Merged with systolic_array:u_array|mac_unit:gen_row[1].gen_col[3].u_pe|wgt_reg[7] ;
; systolic_array:u_array|mac_unit:gen_row[6].gen_col[3].u_pe|wgt_reg[7] ; Merged with systolic_array:u_array|mac_unit:gen_row[1].gen_col[3].u_pe|wgt_reg[7] ;
; systolic_array:u_array|mac_unit:gen_row[7].gen_col[3].u_pe|wgt_reg[7] ; Merged with systolic_array:u_array|mac_unit:gen_row[1].gen_col[3].u_pe|wgt_reg[7] ;
; systolic_array:u_array|mac_unit:gen_row[4].gen_col[4].u_pe|wgt_reg[0] ; Merged with systolic_array:u_array|mac_unit:gen_row[3].gen_col[4].u_pe|wgt_reg[0] ;
; systolic_array:u_array|mac_unit:gen_row[5].gen_col[4].u_pe|wgt_reg[0] ; Merged with systolic_array:u_array|mac_unit:gen_row[3].gen_col[4].u_pe|wgt_reg[0] ;
; systolic_array:u_array|mac_unit:gen_row[7].gen_col[4].u_pe|wgt_reg[0] ; Merged with systolic_array:u_array|mac_unit:gen_row[3].gen_col[4].u_pe|wgt_reg[0] ;
; systolic_array:u_array|mac_unit:gen_row[5].gen_col[4].u_pe|wgt_reg[1] ; Merged with systolic_array:u_array|mac_unit:gen_row[3].gen_col[4].u_pe|wgt_reg[1] ;
; systolic_array:u_array|mac_unit:gen_row[6].gen_col[4].u_pe|wgt_reg[1] ; Merged with systolic_array:u_array|mac_unit:gen_row[3].gen_col[4].u_pe|wgt_reg[1] ;
; systolic_array:u_array|mac_unit:gen_row[7].gen_col[4].u_pe|wgt_reg[1] ; Merged with systolic_array:u_array|mac_unit:gen_row[3].gen_col[4].u_pe|wgt_reg[1] ;
; systolic_array:u_array|mac_unit:gen_row[5].gen_col[4].u_pe|wgt_reg[2] ; Merged with systolic_array:u_array|mac_unit:gen_row[3].gen_col[4].u_pe|wgt_reg[2] ;
; systolic_array:u_array|mac_unit:gen_row[6].gen_col[4].u_pe|wgt_reg[2] ; Merged with systolic_array:u_array|mac_unit:gen_row[3].gen_col[4].u_pe|wgt_reg[2] ;
; systolic_array:u_array|mac_unit:gen_row[7].gen_col[4].u_pe|wgt_reg[2] ; Merged with systolic_array:u_array|mac_unit:gen_row[3].gen_col[4].u_pe|wgt_reg[2] ;
; systolic_array:u_array|mac_unit:gen_row[5].gen_col[4].u_pe|wgt_reg[3] ; Merged with systolic_array:u_array|mac_unit:gen_row[3].gen_col[4].u_pe|wgt_reg[3] ;
; systolic_array:u_array|mac_unit:gen_row[6].gen_col[4].u_pe|wgt_reg[3] ; Merged with systolic_array:u_array|mac_unit:gen_row[3].gen_col[4].u_pe|wgt_reg[3] ;
; systolic_array:u_array|mac_unit:gen_row[7].gen_col[4].u_pe|wgt_reg[3] ; Merged with systolic_array:u_array|mac_unit:gen_row[3].gen_col[4].u_pe|wgt_reg[3] ;
; systolic_array:u_array|mac_unit:gen_row[5].gen_col[4].u_pe|wgt_reg[4] ; Merged with systolic_array:u_array|mac_unit:gen_row[4].gen_col[4].u_pe|wgt_reg[4] ;
; systolic_array:u_array|mac_unit:gen_row[6].gen_col[4].u_pe|wgt_reg[4] ; Merged with systolic_array:u_array|mac_unit:gen_row[4].gen_col[4].u_pe|wgt_reg[4] ;
; systolic_array:u_array|mac_unit:gen_row[7].gen_col[4].u_pe|wgt_reg[4] ; Merged with systolic_array:u_array|mac_unit:gen_row[4].gen_col[4].u_pe|wgt_reg[4] ;
; systolic_array:u_array|mac_unit:gen_row[5].gen_col[4].u_pe|wgt_reg[5] ; Merged with systolic_array:u_array|mac_unit:gen_row[3].gen_col[4].u_pe|wgt_reg[5] ;
; systolic_array:u_array|mac_unit:gen_row[6].gen_col[4].u_pe|wgt_reg[5] ; Merged with systolic_array:u_array|mac_unit:gen_row[3].gen_col[4].u_pe|wgt_reg[5] ;
; systolic_array:u_array|mac_unit:gen_row[7].gen_col[4].u_pe|wgt_reg[5] ; Merged with systolic_array:u_array|mac_unit:gen_row[3].gen_col[4].u_pe|wgt_reg[5] ;
; systolic_array:u_array|mac_unit:gen_row[5].gen_col[4].u_pe|wgt_reg[6] ; Merged with systolic_array:u_array|mac_unit:gen_row[3].gen_col[4].u_pe|wgt_reg[6] ;
; systolic_array:u_array|mac_unit:gen_row[6].gen_col[4].u_pe|wgt_reg[6] ; Merged with systolic_array:u_array|mac_unit:gen_row[3].gen_col[4].u_pe|wgt_reg[6] ;
; systolic_array:u_array|mac_unit:gen_row[7].gen_col[4].u_pe|wgt_reg[6] ; Merged with systolic_array:u_array|mac_unit:gen_row[3].gen_col[4].u_pe|wgt_reg[6] ;
; systolic_array:u_array|mac_unit:gen_row[5].gen_col[4].u_pe|wgt_reg[7] ; Merged with systolic_array:u_array|mac_unit:gen_row[3].gen_col[4].u_pe|wgt_reg[7] ;
; systolic_array:u_array|mac_unit:gen_row[6].gen_col[4].u_pe|wgt_reg[7] ; Merged with systolic_array:u_array|mac_unit:gen_row[3].gen_col[4].u_pe|wgt_reg[7] ;
; systolic_array:u_array|mac_unit:gen_row[7].gen_col[4].u_pe|wgt_reg[7] ; Merged with systolic_array:u_array|mac_unit:gen_row[3].gen_col[4].u_pe|wgt_reg[7] ;
; systolic_array:u_array|mac_unit:gen_row[4].gen_col[5].u_pe|wgt_reg[0] ; Merged with systolic_array:u_array|mac_unit:gen_row[3].gen_col[5].u_pe|wgt_reg[0] ;
; systolic_array:u_array|mac_unit:gen_row[5].gen_col[5].u_pe|wgt_reg[0] ; Merged with systolic_array:u_array|mac_unit:gen_row[3].gen_col[5].u_pe|wgt_reg[0] ;
; systolic_array:u_array|mac_unit:gen_row[6].gen_col[5].u_pe|wgt_reg[0] ; Merged with systolic_array:u_array|mac_unit:gen_row[3].gen_col[5].u_pe|wgt_reg[0] ;
; systolic_array:u_array|mac_unit:gen_row[7].gen_col[5].u_pe|wgt_reg[0] ; Merged with systolic_array:u_array|mac_unit:gen_row[3].gen_col[5].u_pe|wgt_reg[0] ;
; systolic_array:u_array|mac_unit:gen_row[4].gen_col[5].u_pe|wgt_reg[1] ; Merged with systolic_array:u_array|mac_unit:gen_row[3].gen_col[5].u_pe|wgt_reg[1] ;
; systolic_array:u_array|mac_unit:gen_row[6].gen_col[5].u_pe|wgt_reg[1] ; Merged with systolic_array:u_array|mac_unit:gen_row[3].gen_col[5].u_pe|wgt_reg[1] ;
; systolic_array:u_array|mac_unit:gen_row[7].gen_col[5].u_pe|wgt_reg[1] ; Merged with systolic_array:u_array|mac_unit:gen_row[3].gen_col[5].u_pe|wgt_reg[1] ;
; systolic_array:u_array|mac_unit:gen_row[4].gen_col[5].u_pe|wgt_reg[2] ; Merged with systolic_array:u_array|mac_unit:gen_row[3].gen_col[5].u_pe|wgt_reg[2] ;
; systolic_array:u_array|mac_unit:gen_row[5].gen_col[5].u_pe|wgt_reg[2] ; Merged with systolic_array:u_array|mac_unit:gen_row[3].gen_col[5].u_pe|wgt_reg[2] ;
; systolic_array:u_array|mac_unit:gen_row[6].gen_col[5].u_pe|wgt_reg[2] ; Merged with systolic_array:u_array|mac_unit:gen_row[3].gen_col[5].u_pe|wgt_reg[2] ;
; systolic_array:u_array|mac_unit:gen_row[7].gen_col[5].u_pe|wgt_reg[2] ; Merged with systolic_array:u_array|mac_unit:gen_row[3].gen_col[5].u_pe|wgt_reg[2] ;
; systolic_array:u_array|mac_unit:gen_row[4].gen_col[5].u_pe|wgt_reg[3] ; Merged with systolic_array:u_array|mac_unit:gen_row[2].gen_col[5].u_pe|wgt_reg[3] ;
; systolic_array:u_array|mac_unit:gen_row[6].gen_col[5].u_pe|wgt_reg[3] ; Merged with systolic_array:u_array|mac_unit:gen_row[2].gen_col[5].u_pe|wgt_reg[3] ;
; systolic_array:u_array|mac_unit:gen_row[7].gen_col[5].u_pe|wgt_reg[3] ; Merged with systolic_array:u_array|mac_unit:gen_row[2].gen_col[5].u_pe|wgt_reg[3] ;
; systolic_array:u_array|mac_unit:gen_row[4].gen_col[5].u_pe|wgt_reg[4] ; Merged with systolic_array:u_array|mac_unit:gen_row[3].gen_col[5].u_pe|wgt_reg[4] ;
; systolic_array:u_array|mac_unit:gen_row[5].gen_col[5].u_pe|wgt_reg[4] ; Merged with systolic_array:u_array|mac_unit:gen_row[3].gen_col[5].u_pe|wgt_reg[4] ;
; systolic_array:u_array|mac_unit:gen_row[6].gen_col[5].u_pe|wgt_reg[4] ; Merged with systolic_array:u_array|mac_unit:gen_row[3].gen_col[5].u_pe|wgt_reg[4] ;
; systolic_array:u_array|mac_unit:gen_row[7].gen_col[5].u_pe|wgt_reg[4] ; Merged with systolic_array:u_array|mac_unit:gen_row[3].gen_col[5].u_pe|wgt_reg[4] ;
; systolic_array:u_array|mac_unit:gen_row[6].gen_col[5].u_pe|wgt_reg[5] ; Merged with systolic_array:u_array|mac_unit:gen_row[4].gen_col[5].u_pe|wgt_reg[5] ;
; systolic_array:u_array|mac_unit:gen_row[7].gen_col[5].u_pe|wgt_reg[5] ; Merged with systolic_array:u_array|mac_unit:gen_row[4].gen_col[5].u_pe|wgt_reg[5] ;
; systolic_array:u_array|mac_unit:gen_row[6].gen_col[5].u_pe|wgt_reg[6] ; Merged with systolic_array:u_array|mac_unit:gen_row[5].gen_col[5].u_pe|wgt_reg[6] ;
; systolic_array:u_array|mac_unit:gen_row[7].gen_col[5].u_pe|wgt_reg[6] ; Merged with systolic_array:u_array|mac_unit:gen_row[5].gen_col[5].u_pe|wgt_reg[6] ;
; systolic_array:u_array|mac_unit:gen_row[6].gen_col[5].u_pe|wgt_reg[7] ; Merged with systolic_array:u_array|mac_unit:gen_row[4].gen_col[5].u_pe|wgt_reg[7] ;
; systolic_array:u_array|mac_unit:gen_row[7].gen_col[5].u_pe|wgt_reg[7] ; Merged with systolic_array:u_array|mac_unit:gen_row[4].gen_col[5].u_pe|wgt_reg[7] ;
; systolic_array:u_array|mac_unit:gen_row[4].gen_col[6].u_pe|wgt_reg[0] ; Merged with systolic_array:u_array|mac_unit:gen_row[2].gen_col[6].u_pe|wgt_reg[0] ;
; systolic_array:u_array|mac_unit:gen_row[6].gen_col[6].u_pe|wgt_reg[0] ; Merged with systolic_array:u_array|mac_unit:gen_row[2].gen_col[6].u_pe|wgt_reg[0] ;
; systolic_array:u_array|mac_unit:gen_row[7].gen_col[6].u_pe|wgt_reg[0] ; Merged with systolic_array:u_array|mac_unit:gen_row[2].gen_col[6].u_pe|wgt_reg[0] ;
; systolic_array:u_array|mac_unit:gen_row[2].gen_col[7].u_pe|wgt_reg[0] ; Merged with systolic_array:u_array|mac_unit:gen_row[1].gen_col[7].u_pe|wgt_reg[0] ;
; systolic_array:u_array|mac_unit:gen_row[4].gen_col[7].u_pe|wgt_reg[0] ; Merged with systolic_array:u_array|mac_unit:gen_row[1].gen_col[7].u_pe|wgt_reg[0] ;
; systolic_array:u_array|mac_unit:gen_row[5].gen_col[7].u_pe|wgt_reg[0] ; Merged with systolic_array:u_array|mac_unit:gen_row[1].gen_col[7].u_pe|wgt_reg[0] ;
; systolic_array:u_array|mac_unit:gen_row[6].gen_col[7].u_pe|wgt_reg[0] ; Merged with systolic_array:u_array|mac_unit:gen_row[1].gen_col[7].u_pe|wgt_reg[0] ;
; systolic_array:u_array|mac_unit:gen_row[7].gen_col[7].u_pe|wgt_reg[0] ; Merged with systolic_array:u_array|mac_unit:gen_row[1].gen_col[7].u_pe|wgt_reg[0] ;
; systolic_array:u_array|mac_unit:gen_row[3].gen_col[6].u_pe|wgt_reg[1] ; Merged with systolic_array:u_array|mac_unit:gen_row[1].gen_col[6].u_pe|wgt_reg[1] ;
; systolic_array:u_array|mac_unit:gen_row[4].gen_col[6].u_pe|wgt_reg[1] ; Merged with systolic_array:u_array|mac_unit:gen_row[1].gen_col[6].u_pe|wgt_reg[1] ;
; systolic_array:u_array|mac_unit:gen_row[5].gen_col[6].u_pe|wgt_reg[1] ; Merged with systolic_array:u_array|mac_unit:gen_row[1].gen_col[6].u_pe|wgt_reg[1] ;
; systolic_array:u_array|mac_unit:gen_row[6].gen_col[6].u_pe|wgt_reg[1] ; Merged with systolic_array:u_array|mac_unit:gen_row[1].gen_col[6].u_pe|wgt_reg[1] ;
; systolic_array:u_array|mac_unit:gen_row[7].gen_col[6].u_pe|wgt_reg[1] ; Merged with systolic_array:u_array|mac_unit:gen_row[1].gen_col[6].u_pe|wgt_reg[1] ;
; systolic_array:u_array|mac_unit:gen_row[4].gen_col[6].u_pe|wgt_reg[2] ; Merged with systolic_array:u_array|mac_unit:gen_row[2].gen_col[6].u_pe|wgt_reg[2] ;
; systolic_array:u_array|mac_unit:gen_row[5].gen_col[6].u_pe|wgt_reg[2] ; Merged with systolic_array:u_array|mac_unit:gen_row[2].gen_col[6].u_pe|wgt_reg[2] ;
; systolic_array:u_array|mac_unit:gen_row[7].gen_col[6].u_pe|wgt_reg[2] ; Merged with systolic_array:u_array|mac_unit:gen_row[2].gen_col[6].u_pe|wgt_reg[2] ;
; systolic_array:u_array|mac_unit:gen_row[5].gen_col[6].u_pe|wgt_reg[3] ; Merged with systolic_array:u_array|mac_unit:gen_row[4].gen_col[6].u_pe|wgt_reg[3] ;
; systolic_array:u_array|mac_unit:gen_row[6].gen_col[6].u_pe|wgt_reg[3] ; Merged with systolic_array:u_array|mac_unit:gen_row[4].gen_col[6].u_pe|wgt_reg[3] ;
; systolic_array:u_array|mac_unit:gen_row[7].gen_col[6].u_pe|wgt_reg[3] ; Merged with systolic_array:u_array|mac_unit:gen_row[4].gen_col[6].u_pe|wgt_reg[3] ;
; systolic_array:u_array|mac_unit:gen_row[4].gen_col[6].u_pe|wgt_reg[4] ; Merged with systolic_array:u_array|mac_unit:gen_row[2].gen_col[6].u_pe|wgt_reg[4] ;
; systolic_array:u_array|mac_unit:gen_row[6].gen_col[6].u_pe|wgt_reg[4] ; Merged with systolic_array:u_array|mac_unit:gen_row[2].gen_col[6].u_pe|wgt_reg[4] ;
; systolic_array:u_array|mac_unit:gen_row[7].gen_col[6].u_pe|wgt_reg[4] ; Merged with systolic_array:u_array|mac_unit:gen_row[2].gen_col[6].u_pe|wgt_reg[4] ;
; systolic_array:u_array|mac_unit:gen_row[4].gen_col[6].u_pe|wgt_reg[5] ; Merged with systolic_array:u_array|mac_unit:gen_row[2].gen_col[6].u_pe|wgt_reg[5] ;
; systolic_array:u_array|mac_unit:gen_row[5].gen_col[6].u_pe|wgt_reg[5] ; Merged with systolic_array:u_array|mac_unit:gen_row[2].gen_col[6].u_pe|wgt_reg[5] ;
; systolic_array:u_array|mac_unit:gen_row[6].gen_col[6].u_pe|wgt_reg[5] ; Merged with systolic_array:u_array|mac_unit:gen_row[2].gen_col[6].u_pe|wgt_reg[5] ;
; systolic_array:u_array|mac_unit:gen_row[7].gen_col[6].u_pe|wgt_reg[5] ; Merged with systolic_array:u_array|mac_unit:gen_row[2].gen_col[6].u_pe|wgt_reg[5] ;
; systolic_array:u_array|mac_unit:gen_row[7].gen_col[6].u_pe|wgt_reg[6] ; Merged with systolic_array:u_array|mac_unit:gen_row[6].gen_col[6].u_pe|wgt_reg[6] ;
; systolic_array:u_array|mac_unit:gen_row[4].gen_col[6].u_pe|wgt_reg[7] ; Merged with systolic_array:u_array|mac_unit:gen_row[2].gen_col[6].u_pe|wgt_reg[7] ;
; systolic_array:u_array|mac_unit:gen_row[5].gen_col[6].u_pe|wgt_reg[7] ; Merged with systolic_array:u_array|mac_unit:gen_row[2].gen_col[6].u_pe|wgt_reg[7] ;
; systolic_array:u_array|mac_unit:gen_row[6].gen_col[6].u_pe|wgt_reg[7] ; Merged with systolic_array:u_array|mac_unit:gen_row[2].gen_col[6].u_pe|wgt_reg[7] ;
; systolic_array:u_array|mac_unit:gen_row[7].gen_col[6].u_pe|wgt_reg[7] ; Merged with systolic_array:u_array|mac_unit:gen_row[2].gen_col[6].u_pe|wgt_reg[7] ;
; systolic_array:u_array|mac_unit:gen_row[6].gen_col[7].u_pe|wgt_reg[1] ; Merged with systolic_array:u_array|mac_unit:gen_row[4].gen_col[7].u_pe|wgt_reg[1] ;
; systolic_array:u_array|mac_unit:gen_row[7].gen_col[7].u_pe|wgt_reg[1] ; Merged with systolic_array:u_array|mac_unit:gen_row[4].gen_col[7].u_pe|wgt_reg[1] ;
; systolic_array:u_array|mac_unit:gen_row[3].gen_col[7].u_pe|wgt_reg[2] ; Merged with systolic_array:u_array|mac_unit:gen_row[1].gen_col[7].u_pe|wgt_reg[2] ;
; systolic_array:u_array|mac_unit:gen_row[4].gen_col[7].u_pe|wgt_reg[2] ; Merged with systolic_array:u_array|mac_unit:gen_row[1].gen_col[7].u_pe|wgt_reg[2] ;
; systolic_array:u_array|mac_unit:gen_row[5].gen_col[7].u_pe|wgt_reg[2] ; Merged with systolic_array:u_array|mac_unit:gen_row[1].gen_col[7].u_pe|wgt_reg[2] ;
; systolic_array:u_array|mac_unit:gen_row[6].gen_col[7].u_pe|wgt_reg[2] ; Merged with systolic_array:u_array|mac_unit:gen_row[1].gen_col[7].u_pe|wgt_reg[2] ;
; systolic_array:u_array|mac_unit:gen_row[7].gen_col[7].u_pe|wgt_reg[2] ; Merged with systolic_array:u_array|mac_unit:gen_row[1].gen_col[7].u_pe|wgt_reg[2] ;
; systolic_array:u_array|mac_unit:gen_row[3].gen_col[7].u_pe|wgt_reg[3] ; Merged with systolic_array:u_array|mac_unit:gen_row[2].gen_col[7].u_pe|wgt_reg[3] ;
; systolic_array:u_array|mac_unit:gen_row[4].gen_col[7].u_pe|wgt_reg[3] ; Merged with systolic_array:u_array|mac_unit:gen_row[2].gen_col[7].u_pe|wgt_reg[3] ;
; systolic_array:u_array|mac_unit:gen_row[5].gen_col[7].u_pe|wgt_reg[3] ; Merged with systolic_array:u_array|mac_unit:gen_row[2].gen_col[7].u_pe|wgt_reg[3] ;
; systolic_array:u_array|mac_unit:gen_row[6].gen_col[7].u_pe|wgt_reg[3] ; Merged with systolic_array:u_array|mac_unit:gen_row[2].gen_col[7].u_pe|wgt_reg[3] ;
; systolic_array:u_array|mac_unit:gen_row[7].gen_col[7].u_pe|wgt_reg[3] ; Merged with systolic_array:u_array|mac_unit:gen_row[2].gen_col[7].u_pe|wgt_reg[3] ;
; systolic_array:u_array|mac_unit:gen_row[2].gen_col[7].u_pe|wgt_reg[4] ; Merged with systolic_array:u_array|mac_unit:gen_row[1].gen_col[7].u_pe|wgt_reg[4] ;
; systolic_array:u_array|mac_unit:gen_row[3].gen_col[7].u_pe|wgt_reg[4] ; Merged with systolic_array:u_array|mac_unit:gen_row[1].gen_col[7].u_pe|wgt_reg[4] ;
; systolic_array:u_array|mac_unit:gen_row[4].gen_col[7].u_pe|wgt_reg[4] ; Merged with systolic_array:u_array|mac_unit:gen_row[1].gen_col[7].u_pe|wgt_reg[4] ;
; systolic_array:u_array|mac_unit:gen_row[5].gen_col[7].u_pe|wgt_reg[4] ; Merged with systolic_array:u_array|mac_unit:gen_row[1].gen_col[7].u_pe|wgt_reg[4] ;
; systolic_array:u_array|mac_unit:gen_row[6].gen_col[7].u_pe|wgt_reg[4] ; Merged with systolic_array:u_array|mac_unit:gen_row[1].gen_col[7].u_pe|wgt_reg[4] ;
; systolic_array:u_array|mac_unit:gen_row[7].gen_col[7].u_pe|wgt_reg[4] ; Merged with systolic_array:u_array|mac_unit:gen_row[1].gen_col[7].u_pe|wgt_reg[4] ;
; systolic_array:u_array|mac_unit:gen_row[6].gen_col[7].u_pe|wgt_reg[5] ; Merged with systolic_array:u_array|mac_unit:gen_row[5].gen_col[7].u_pe|wgt_reg[5] ;
; systolic_array:u_array|mac_unit:gen_row[7].gen_col[7].u_pe|wgt_reg[5] ; Merged with systolic_array:u_array|mac_unit:gen_row[5].gen_col[7].u_pe|wgt_reg[5] ;
; systolic_array:u_array|mac_unit:gen_row[2].gen_col[7].u_pe|wgt_reg[6] ; Merged with systolic_array:u_array|mac_unit:gen_row[1].gen_col[7].u_pe|wgt_reg[6] ;
; systolic_array:u_array|mac_unit:gen_row[3].gen_col[7].u_pe|wgt_reg[6] ; Merged with systolic_array:u_array|mac_unit:gen_row[1].gen_col[7].u_pe|wgt_reg[6] ;
; systolic_array:u_array|mac_unit:gen_row[4].gen_col[7].u_pe|wgt_reg[6] ; Merged with systolic_array:u_array|mac_unit:gen_row[1].gen_col[7].u_pe|wgt_reg[6] ;
; systolic_array:u_array|mac_unit:gen_row[5].gen_col[7].u_pe|wgt_reg[6] ; Merged with systolic_array:u_array|mac_unit:gen_row[1].gen_col[7].u_pe|wgt_reg[6] ;
; systolic_array:u_array|mac_unit:gen_row[6].gen_col[7].u_pe|wgt_reg[6] ; Merged with systolic_array:u_array|mac_unit:gen_row[1].gen_col[7].u_pe|wgt_reg[6] ;
; systolic_array:u_array|mac_unit:gen_row[7].gen_col[7].u_pe|wgt_reg[6] ; Merged with systolic_array:u_array|mac_unit:gen_row[1].gen_col[7].u_pe|wgt_reg[6] ;
; systolic_array:u_array|mac_unit:gen_row[3].gen_col[7].u_pe|wgt_reg[7] ; Merged with systolic_array:u_array|mac_unit:gen_row[2].gen_col[7].u_pe|wgt_reg[7] ;
; systolic_array:u_array|mac_unit:gen_row[4].gen_col[7].u_pe|wgt_reg[7] ; Merged with systolic_array:u_array|mac_unit:gen_row[2].gen_col[7].u_pe|wgt_reg[7] ;
; systolic_array:u_array|mac_unit:gen_row[5].gen_col[7].u_pe|wgt_reg[7] ; Merged with systolic_array:u_array|mac_unit:gen_row[2].gen_col[7].u_pe|wgt_reg[7] ;
; systolic_array:u_array|mac_unit:gen_row[6].gen_col[7].u_pe|wgt_reg[7] ; Merged with systolic_array:u_array|mac_unit:gen_row[2].gen_col[7].u_pe|wgt_reg[7] ;
; systolic_array:u_array|mac_unit:gen_row[7].gen_col[7].u_pe|wgt_reg[7] ; Merged with systolic_array:u_array|mac_unit:gen_row[2].gen_col[7].u_pe|wgt_reg[7] ;
; layer_ctrl_fsm:u_fsm|err_code_reg[1]                                  ; Stuck at GND due to stuck port data_in                                            ;
; layer_ctrl_fsm:u_fsm|state_reg~4                                      ; Lost fanout                                                                       ;
; layer_ctrl_fsm:u_fsm|state_reg~5                                      ; Lost fanout                                                                       ;
; layer_ctrl_fsm:u_fsm|state_reg~6                                      ; Lost fanout                                                                       ;
; layer_ctrl_fsm:u_fsm|state_reg~7                                      ; Lost fanout                                                                       ;
; Total Number of Removed Registers = 456                               ;                                                                                   ;
+-----------------------------------------------------------------------+-----------------------------------------------------------------------------------+


+------------------------------------------------------+
; General Register Statistics                          ;
+----------------------------------------------+-------+
; Statistic                                    ; Value ;
+----------------------------------------------+-------+
; Total registers                              ; 5188  ;
; Number of registers using Synchronous Clear  ; 4904  ;
; Number of registers using Synchronous Load   ; 64    ;
; Number of registers using Asynchronous Clear ; 5132  ;
; Number of registers using Asynchronous Load  ; 0     ;
; Number of registers using Clock Enable       ; 4930  ;
; Number of registers using Preset             ; 0     ;
+----------------------------------------------+-------+


+-----------------------------------------------------------------------------------------------+
; Registers Packed Into Inferred Megafunctions                                                  ;
+-----------------------------------------------+----------------------------------------+------+
; Register Name                                 ; Megafunction                           ; Type ;
+-----------------------------------------------+----------------------------------------+------+
; sram_controller:u_sram|bank0_rd_stage1[0..63] ; sram_controller:u_sram|mem_bank0_rtl_0 ; RAM  ;
; sram_controller:u_sram|bank1_rd_stage1[0..63] ; sram_controller:u_sram|mem_bank1_rtl_0 ; RAM  ;
+-----------------------------------------------+----------------------------------------+------+


+-----------------------------------------------------------------------------------------------------------------------------------------------------------------------------------------------------------------+
; Multiplexer Restructuring Statistics (Restructuring Performed)                                                                                                                                                  ;
+--------------------+-----------+---------------+----------------------+------------------------+------------+---------------------------------------------------------------------------------------------------+
; Multiplexer Inputs ; Bus Width ; Baseline Area ; Area if Restructured ; Saving if Restructured ; Registered ; Example Multiplexer Output                                                                        ;
+--------------------+-----------+---------------+----------------------+------------------------+------------+---------------------------------------------------------------------------------------------------+
; 3:1                ; 65 bits   ; 130 LEs       ; 0 LEs                ; 130 LEs                ; Yes        ; |inference_accelerator_top|axi_stream_output:u_axi_out|out_data_reg[30]                           ;
; 3:1                ; 3808 bits ; 7616 LEs      ; 0 LEs                ; 7616 LEs               ; Yes        ; |inference_accelerator_top|systolic_array:u_array|mac_unit:gen_row[6].gen_col[0].u_pe|acc_reg[22] ;
; 3:1                ; 32 bits   ; 64 LEs        ; 0 LEs                ; 64 LEs                 ; Yes        ; |inference_accelerator_top|layer_ctrl_fsm:u_fsm|perf_ctr_reg[6][10]                               ;
; 3:1                ; 32 bits   ; 64 LEs        ; 0 LEs                ; 64 LEs                 ; Yes        ; |inference_accelerator_top|layer_ctrl_fsm:u_fsm|perf_ctr_reg[5][31]                               ;
; 3:1                ; 32 bits   ; 64 LEs        ; 0 LEs                ; 64 LEs                 ; Yes        ; |inference_accelerator_top|layer_ctrl_fsm:u_fsm|perf_ctr_reg[4][22]                               ;
; 3:1                ; 225 bits  ; 450 LEs       ; 0 LEs                ; 450 LEs                ; Yes        ; |inference_accelerator_top|axi_stream_input:u_axi_in|skew_sr[5][5][4]                             ;
; 3:1                ; 32 bits   ; 64 LEs        ; 0 LEs                ; 64 LEs                 ; Yes        ; |inference_accelerator_top|layer_ctrl_fsm:u_fsm|perf_ctr_reg[3][15]                               ;
; 3:1                ; 32 bits   ; 64 LEs        ; 0 LEs                ; 64 LEs                 ; Yes        ; |inference_accelerator_top|layer_ctrl_fsm:u_fsm|perf_ctr_reg[2][14]                               ;
; 3:1                ; 32 bits   ; 64 LEs        ; 0 LEs                ; 64 LEs                 ; Yes        ; |inference_accelerator_top|layer_ctrl_fsm:u_fsm|perf_ctr_reg[1][24]                               ;
; 3:1                ; 7 bits    ; 14 LEs        ; 14 LEs               ; 0 LEs                  ; Yes        ; |inference_accelerator_top|quantize_unit:u_quant|stage2_data[0][2]                                ;
; 3:1                ; 7 bits    ; 14 LEs        ; 14 LEs               ; 0 LEs                  ; Yes        ; |inference_accelerator_top|quantize_unit:u_quant|stage2_data[1][4]                                ;
; 3:1                ; 7 bits    ; 14 LEs        ; 14 LEs               ; 0 LEs                  ; Yes        ; |inference_accelerator_top|quantize_unit:u_quant|stage2_data[2][0]                                ;
; 3:1                ; 7 bits    ; 14 LEs        ; 14 LEs               ; 0 LEs                  ; Yes        ; |inference_accelerator_top|quantize_unit:u_quant|stage2_data[3][4]                                ;
; 3:1                ; 7 bits    ; 14 LEs        ; 14 LEs               ; 0 LEs                  ; Yes        ; |inference_accelerator_top|quantize_unit:u_quant|stage2_data[4][4]                                ;
; 3:1                ; 7 bits    ; 14 LEs        ; 14 LEs               ; 0 LEs                  ; Yes        ; |inference_accelerator_top|quantize_unit:u_quant|stage2_data[5][6]                                ;
; 3:1                ; 7 bits    ; 14 LEs        ; 14 LEs               ; 0 LEs                  ; Yes        ; |inference_accelerator_top|quantize_unit:u_quant|stage2_data[6][3]                                ;
; 3:1                ; 7 bits    ; 14 LEs        ; 14 LEs               ; 0 LEs                  ; Yes        ; |inference_accelerator_top|quantize_unit:u_quant|stage2_data[7][1]                                ;
; 3:1                ; 6 bits    ; 12 LEs        ; 6 LEs                ; 6 LEs                  ; Yes        ; |inference_accelerator_top|systolic_array:u_array|valid_cnt[4]                                    ;
; 3:1                ; 32 bits   ; 64 LEs        ; 0 LEs                ; 64 LEs                 ; Yes        ; |inference_accelerator_top|layer_ctrl_fsm:u_fsm|perf_ctr_reg[0][1]                                ;
; 3:1                ; 32 bits   ; 64 LEs        ; 0 LEs                ; 64 LEs                 ; Yes        ; |inference_accelerator_top|layer_ctrl_fsm:u_fsm|perf_ctr_reg[7][31]                               ;
; 4:1                ; 64 bits   ; 128 LEs       ; 0 LEs                ; 128 LEs                ; Yes        ; |inference_accelerator_top|axi_stream_input:u_axi_in|skew_sr[2][0][6]                             ;
; 5:1                ; 64 bits   ; 192 LEs       ; 0 LEs                ; 192 LEs                ; Yes        ; |inference_accelerator_top|systolic_array:u_array|gen_north_skew[5].wgt_skew[0][0]                ;
; 6:1                ; 16 bits   ; 64 LEs        ; 0 LEs                ; 64 LEs                 ; Yes        ; |inference_accelerator_top|layer_ctrl_fsm:u_fsm|oc_tile_idx[8]                                    ;
; 7:1                ; 5 bits    ; 20 LEs        ; 10 LEs               ; 10 LEs                 ; Yes        ; |inference_accelerator_top|layer_ctrl_fsm:u_fsm|drain_cnt[4]                                      ;
; 7:1                ; 5 bits    ; 20 LEs        ; 10 LEs               ; 10 LEs                 ; Yes        ; |inference_accelerator_top|layer_ctrl_fsm:u_fsm|compute_cnt[1]                                    ;
; 7:1                ; 16 bits   ; 64 LEs        ; 0 LEs                ; 64 LEs                 ; Yes        ; |inference_accelerator_top|layer_ctrl_fsm:u_fsm|spatial_idx[10]                                   ;
; 8:1                ; 16 bits   ; 80 LEs        ; 0 LEs                ; 80 LEs                 ; Yes        ; |inference_accelerator_top|layer_ctrl_fsm:u_fsm|ic_tile_idx[6]                                    ;
; 10:1               ; 10 bits   ; 60 LEs        ; 0 LEs                ; 60 LEs                 ; Yes        ; |inference_accelerator_top|layer_ctrl_fsm:u_fsm|wgt_addr_cnt[8]                                   ;
; 4:1                ; 8 bits    ; 16 LEs        ; 16 LEs               ; 0 LEs                  ; No         ; |inference_accelerator_top|quantize_unit:u_quant|ShiftRight5                                      ;
; 4:1                ; 200 bits  ; 400 LEs       ; 400 LEs              ; 0 LEs                  ; No         ; |inference_accelerator_top|quantize_unit:u_quant|ShiftRight7                                      ;
; 4:1                ; 32 bits   ; 64 LEs        ; 64 LEs               ; 0 LEs                  ; No         ; |inference_accelerator_top|quantize_unit:u_quant|ShiftRight6                                      ;
; 4:1                ; 56 bits   ; 112 LEs       ; 112 LEs              ; 0 LEs                  ; No         ; |inference_accelerator_top|quantize_unit:u_quant|ShiftRight3                                      ;
; 5:1                ; 96 bits   ; 288 LEs       ; 288 LEs              ; 0 LEs                  ; No         ; |inference_accelerator_top|quantize_unit:u_quant|ShiftRight6                                      ;
; 8:1                ; 32 bits   ; 160 LEs       ; 160 LEs              ; 0 LEs                  ; No         ; |inference_accelerator_top|quantize_unit:u_quant|ShiftRight7                                      ;
; 12:1               ; 4 bits    ; 32 LEs        ; 24 LEs               ; 8 LEs                  ; No         ; |inference_accelerator_top|layer_ctrl_fsm:u_fsm|state_next.FSM_LOAD_WEIGHTS                       ;
+--------------------+-----------+---------------+----------------------+------------------------+------------+---------------------------------------------------------------------------------------------------+


+---------------------------------------------------------------------------------------------------------+
; Source assignments for sram_controller:u_sram|altsyncram:mem_bank0_rtl_0|altsyncram_09q1:auto_generated ;
+---------------------------------+--------------------+------+-------------------------------------------+
; Assignment                      ; Value              ; From ; To                                        ;
+---------------------------------+--------------------+------+-------------------------------------------+
; OPTIMIZE_POWER_DURING_SYNTHESIS ; NORMAL_COMPILATION ; -    ; -                                         ;
+---------------------------------+--------------------+------+-------------------------------------------+


+---------------------------------------------------------------------------------------------------------+
; Source assignments for sram_controller:u_sram|altsyncram:mem_bank1_rtl_0|altsyncram_09q1:auto_generated ;
+---------------------------------+--------------------+------+-------------------------------------------+
; Assignment                      ; Value              ; From ; To                                        ;
+---------------------------------+--------------------+------+-------------------------------------------+
; OPTIMIZE_POWER_DURING_SYNTHESIS ; NORMAL_COMPILATION ; -    ; -                                         ;
+---------------------------------+--------------------+------+-------------------------------------------+


+----------------------------------------------------------------------------------------------------+
; Parameter Settings for Inferred Entity Instance: sram_controller:u_sram|altsyncram:mem_bank0_rtl_0 ;
+------------------------------------+----------------------+----------------------------------------+
; Parameter Name                     ; Value                ; Type                                   ;
+------------------------------------+----------------------+----------------------------------------+
; BYTE_SIZE_BLOCK                    ; 8                    ; Untyped                                ;
; AUTO_CARRY_CHAINS                  ; ON                   ; AUTO_CARRY                             ;
; IGNORE_CARRY_BUFFERS               ; OFF                  ; IGNORE_CARRY                           ;
; AUTO_CASCADE_CHAINS                ; ON                   ; AUTO_CASCADE                           ;
; IGNORE_CASCADE_BUFFERS             ; OFF                  ; IGNORE_CASCADE                         ;
; WIDTH_BYTEENA                      ; 1                    ; Untyped                                ;
; OPERATION_MODE                     ; DUAL_PORT            ; Untyped                                ;
; WIDTH_A                            ; 64                   ; Untyped                                ;
; WIDTHAD_A                          ; 10                   ; Untyped                                ;
; NUMWORDS_A                         ; 1024                 ; Untyped                                ;
; OUTDATA_REG_A                      ; UNREGISTERED         ; Untyped                                ;
; ADDRESS_ACLR_A                     ; NONE                 ; Untyped                                ;
; OUTDATA_ACLR_A                     ; NONE                 ; Untyped                                ;
; WRCONTROL_ACLR_A                   ; NONE                 ; Untyped                                ;
; INDATA_ACLR_A                      ; NONE                 ; Untyped                                ;
; BYTEENA_ACLR_A                     ; NONE                 ; Untyped                                ;
; WIDTH_B                            ; 64                   ; Untyped                                ;
; WIDTHAD_B                          ; 10                   ; Untyped                                ;
; NUMWORDS_B                         ; 1024                 ; Untyped                                ;
; INDATA_REG_B                       ; CLOCK1               ; Untyped                                ;
; WRCONTROL_WRADDRESS_REG_B          ; CLOCK1               ; Untyped                                ;
; RDCONTROL_REG_B                    ; CLOCK0               ; Untyped                                ;
; ADDRESS_REG_B                      ; CLOCK0               ; Untyped                                ;
; OUTDATA_REG_B                      ; UNREGISTERED         ; Untyped                                ;
; BYTEENA_REG_B                      ; CLOCK1               ; Untyped                                ;
; INDATA_ACLR_B                      ; NONE                 ; Untyped                                ;
; WRCONTROL_ACLR_B                   ; NONE                 ; Untyped                                ;
; ADDRESS_ACLR_B                     ; NONE                 ; Untyped                                ;
; OUTDATA_ACLR_B                     ; NONE                 ; Untyped                                ;
; RDCONTROL_ACLR_B                   ; NONE                 ; Untyped                                ;
; BYTEENA_ACLR_B                     ; NONE                 ; Untyped                                ;
; WIDTH_BYTEENA_A                    ; 1                    ; Untyped                                ;
; WIDTH_BYTEENA_B                    ; 1                    ; Untyped                                ;
; RAM_BLOCK_TYPE                     ; AUTO                 ; Untyped                                ;
; BYTE_SIZE                          ; 8                    ; Untyped                                ;
; READ_DURING_WRITE_MODE_MIXED_PORTS ; OLD_DATA             ; Untyped                                ;
; READ_DURING_WRITE_MODE_PORT_A      ; NEW_DATA_NO_NBE_READ ; Untyped                                ;
; READ_DURING_WRITE_MODE_PORT_B      ; NEW_DATA_NO_NBE_READ ; Untyped                                ;
; INIT_FILE                          ; UNUSED               ; Untyped                                ;
; INIT_FILE_LAYOUT                   ; PORT_A               ; Untyped                                ;
; MAXIMUM_DEPTH                      ; 0                    ; Untyped                                ;
; CLOCK_ENABLE_INPUT_A               ; NORMAL               ; Untyped                                ;
; CLOCK_ENABLE_INPUT_B               ; NORMAL               ; Untyped                                ;
; CLOCK_ENABLE_OUTPUT_A              ; NORMAL               ; Untyped                                ;
; CLOCK_ENABLE_OUTPUT_B              ; NORMAL               ; Untyped                                ;
; CLOCK_ENABLE_CORE_A                ; USE_INPUT_CLKEN      ; Untyped                                ;
; CLOCK_ENABLE_CORE_B                ; USE_INPUT_CLKEN      ; Untyped                                ;
; ENABLE_ECC                         ; FALSE                ; Untyped                                ;
; ECC_PIPELINE_STAGE_ENABLED         ; FALSE                ; Untyped                                ;
; WIDTH_ECCSTATUS                    ; 3                    ; Untyped                                ;
; DEVICE_FAMILY                      ; Cyclone V            ; Untyped                                ;
; CBXI_PARAMETER                     ; altsyncram_09q1      ; Untyped                                ;
+------------------------------------+----------------------+----------------------------------------+
Note: In order to hide this table in the UI and the text report file, please set the "Show Parameter Settings in Synthesis Report" option in "Analysis and Synthesis Settings -> More Settings" to "Off".


+----------------------------------------------------------------------------------------------------+
; Parameter Settings for Inferred Entity Instance: sram_controller:u_sram|altsyncram:mem_bank1_rtl_0 ;
+------------------------------------+----------------------+----------------------------------------+
; Parameter Name                     ; Value                ; Type                                   ;
+------------------------------------+----------------------+----------------------------------------+
; BYTE_SIZE_BLOCK                    ; 8                    ; Untyped                                ;
; AUTO_CARRY_CHAINS                  ; ON                   ; AUTO_CARRY                             ;
; IGNORE_CARRY_BUFFERS               ; OFF                  ; IGNORE_CARRY                           ;
; AUTO_CASCADE_CHAINS                ; ON                   ; AUTO_CASCADE                           ;
; IGNORE_CASCADE_BUFFERS             ; OFF                  ; IGNORE_CASCADE                         ;
; WIDTH_BYTEENA                      ; 1                    ; Untyped                                ;
; OPERATION_MODE                     ; DUAL_PORT            ; Untyped                                ;
; WIDTH_A                            ; 64                   ; Untyped                                ;
; WIDTHAD_A                          ; 10                   ; Untyped                                ;
; NUMWORDS_A                         ; 1024                 ; Untyped                                ;
; OUTDATA_REG_A                      ; UNREGISTERED         ; Untyped                                ;
; ADDRESS_ACLR_A                     ; NONE                 ; Untyped                                ;
; OUTDATA_ACLR_A                     ; NONE                 ; Untyped                                ;
; WRCONTROL_ACLR_A                   ; NONE                 ; Untyped                                ;
; INDATA_ACLR_A                      ; NONE                 ; Untyped                                ;
; BYTEENA_ACLR_A                     ; NONE                 ; Untyped                                ;
; WIDTH_B                            ; 64                   ; Untyped                                ;
; WIDTHAD_B                          ; 10                   ; Untyped                                ;
; NUMWORDS_B                         ; 1024                 ; Untyped                                ;
; INDATA_REG_B                       ; CLOCK1               ; Untyped                                ;
; WRCONTROL_WRADDRESS_REG_B          ; CLOCK1               ; Untyped                                ;
; RDCONTROL_REG_B                    ; CLOCK0               ; Untyped                                ;
; ADDRESS_REG_B                      ; CLOCK0               ; Untyped                                ;
; OUTDATA_REG_B                      ; UNREGISTERED         ; Untyped                                ;
; BYTEENA_REG_B                      ; CLOCK1               ; Untyped                                ;
; INDATA_ACLR_B                      ; NONE                 ; Untyped                                ;
; WRCONTROL_ACLR_B                   ; NONE                 ; Untyped                                ;
; ADDRESS_ACLR_B                     ; NONE                 ; Untyped                                ;
; OUTDATA_ACLR_B                     ; NONE                 ; Untyped                                ;
; RDCONTROL_ACLR_B                   ; NONE                 ; Untyped                                ;
; BYTEENA_ACLR_B                     ; NONE                 ; Untyped                                ;
; WIDTH_BYTEENA_A                    ; 1                    ; Untyped                                ;
; WIDTH_BYTEENA_B                    ; 1                    ; Untyped                                ;
; RAM_BLOCK_TYPE                     ; AUTO                 ; Untyped                                ;
; BYTE_SIZE                          ; 8                    ; Untyped                                ;
; READ_DURING_WRITE_MODE_MIXED_PORTS ; OLD_DATA             ; Untyped                                ;
; READ_DURING_WRITE_MODE_PORT_A      ; NEW_DATA_NO_NBE_READ ; Untyped                                ;
; READ_DURING_WRITE_MODE_PORT_B      ; NEW_DATA_NO_NBE_READ ; Untyped                                ;
; INIT_FILE                          ; UNUSED               ; Untyped                                ;
; INIT_FILE_LAYOUT                   ; PORT_A               ; Untyped                                ;
; MAXIMUM_DEPTH                      ; 0                    ; Untyped                                ;
; CLOCK_ENABLE_INPUT_A               ; NORMAL               ; Untyped                                ;
; CLOCK_ENABLE_INPUT_B               ; NORMAL               ; Untyped                                ;
; CLOCK_ENABLE_OUTPUT_A              ; NORMAL               ; Untyped                                ;
; CLOCK_ENABLE_OUTPUT_B              ; NORMAL               ; Untyped                                ;
; CLOCK_ENABLE_CORE_A                ; USE_INPUT_CLKEN      ; Untyped                                ;
; CLOCK_ENABLE_CORE_B                ; USE_INPUT_CLKEN      ; Untyped                                ;
; ENABLE_ECC                         ; FALSE                ; Untyped                                ;
; ECC_PIPELINE_STAGE_ENABLED         ; FALSE                ; Untyped                                ;
; WIDTH_ECCSTATUS                    ; 3                    ; Untyped                                ;
; DEVICE_FAMILY                      ; Cyclone V            ; Untyped                                ;
; CBXI_PARAMETER                     ; altsyncram_09q1      ; Untyped                                ;
+------------------------------------+----------------------+----------------------------------------+
Note: In order to hide this table in the UI and the text report file, please set the "Show Parameter Settings in Synthesis Report" option in "Analysis and Synthesis Settings -> More Settings" to "Off".


+-----------------------------------------------------------------------------------------------+
; altsyncram Parameter Settings by Entity Instance                                              ;
+-------------------------------------------+---------------------------------------------------+
; Name                                      ; Value                                             ;
+-------------------------------------------+---------------------------------------------------+
; Number of entity instances                ; 2                                                 ;
; Entity Instance                           ; sram_controller:u_sram|altsyncram:mem_bank0_rtl_0 ;
;     -- OPERATION_MODE                     ; DUAL_PORT                                         ;
;     -- WIDTH_A                            ; 64                                                ;
;     -- NUMWORDS_A                         ; 1024                                              ;
;     -- OUTDATA_REG_A                      ; UNREGISTERED                                      ;
;     -- WIDTH_B                            ; 64                                                ;
;     -- NUMWORDS_B                         ; 1024                                              ;
;     -- ADDRESS_REG_B                      ; CLOCK0                                            ;
;     -- OUTDATA_REG_B                      ; UNREGISTERED                                      ;
;     -- RAM_BLOCK_TYPE                     ; AUTO                                              ;
;     -- READ_DURING_WRITE_MODE_MIXED_PORTS ; OLD_DATA                                          ;
; Entity Instance                           ; sram_controller:u_sram|altsyncram:mem_bank1_rtl_0 ;
;     -- OPERATION_MODE                     ; DUAL_PORT                                         ;
;     -- WIDTH_A                            ; 64                                                ;
;     -- NUMWORDS_A                         ; 1024                                              ;
;     -- OUTDATA_REG_A                      ; UNREGISTERED                                      ;
;     -- WIDTH_B                            ; 64                                                ;
;     -- NUMWORDS_B                         ; 1024                                              ;
;     -- ADDRESS_REG_B                      ; CLOCK0                                            ;
;     -- OUTDATA_REG_B                      ; UNREGISTERED                                      ;
;     -- RAM_BLOCK_TYPE                     ; AUTO                                              ;
;     -- READ_DURING_WRITE_MODE_MIXED_PORTS ; OLD_DATA                                          ;
+-------------------------------------------+---------------------------------------------------+


+-------------------------------------------------------------------------------------------------------------------+
; Port Connectivity Checks: "systolic_array:u_array|mac_unit:gen_row[7].gen_col[7].u_pe"                            ;
+---------+--------+----------+-------------------------------------------------------------------------------------+
; Port    ; Type   ; Severity ; Details                                                                             ;
+---------+--------+----------+-------------------------------------------------------------------------------------+
; act_out ; Output ; Info     ; Connected to dangling logic. Logic that only feeds a dangling port will be removed. ;
; wgt_out ; Output ; Info     ; Connected to dangling logic. Logic that only feeds a dangling port will be removed. ;
+---------+--------+----------+-------------------------------------------------------------------------------------+


+-------------------------------------------------------------------------------------------------------------------+
; Port Connectivity Checks: "systolic_array:u_array|mac_unit:gen_row[7].gen_col[6].u_pe"                            ;
+---------+--------+----------+-------------------------------------------------------------------------------------+
; Port    ; Type   ; Severity ; Details                                                                             ;
+---------+--------+----------+-------------------------------------------------------------------------------------+
; wgt_out ; Output ; Info     ; Connected to dangling logic. Logic that only feeds a dangling port will be removed. ;
+---------+--------+----------+-------------------------------------------------------------------------------------+


+-------------------------------------------------------------------------------------------------------------------+
; Port Connectivity Checks: "systolic_array:u_array|mac_unit:gen_row[7].gen_col[5].u_pe"                            ;
+---------+--------+----------+-------------------------------------------------------------------------------------+
; Port    ; Type   ; Severity ; Details                                                                             ;
+---------+--------+----------+-------------------------------------------------------------------------------------+
; wgt_out ; Output ; Info     ; Connected to dangling logic. Logic that only feeds a dangling port will be removed. ;
+---------+--------+----------+-------------------------------------------------------------------------------------+


+-------------------------------------------------------------------------------------------------------------------+
; Port Connectivity Checks: "systolic_array:u_array|mac_unit:gen_row[7].gen_col[4].u_pe"                            ;
+---------+--------+----------+-------------------------------------------------------------------------------------+
; Port    ; Type   ; Severity ; Details                                                                             ;
+---------+--------+----------+-------------------------------------------------------------------------------------+
; wgt_out ; Output ; Info     ; Connected to dangling logic. Logic that only feeds a dangling port will be removed. ;
+---------+--------+----------+-------------------------------------------------------------------------------------+


+-------------------------------------------------------------------------------------------------------------------+
; Port Connectivity Checks: "systolic_array:u_array|mac_unit:gen_row[7].gen_col[3].u_pe"                            ;
+---------+--------+----------+-------------------------------------------------------------------------------------+
; Port    ; Type   ; Severity ; Details                                                                             ;
+---------+--------+----------+-------------------------------------------------------------------------------------+
; wgt_out ; Output ; Info     ; Connected to dangling logic. Logic that only feeds a dangling port will be removed. ;
+---------+--------+----------+-------------------------------------------------------------------------------------+


+-------------------------------------------------------------------------------------------------------------------+
; Port Connectivity Checks: "systolic_array:u_array|mac_unit:gen_row[7].gen_col[2].u_pe"                            ;
+---------+--------+----------+-------------------------------------------------------------------------------------+
; Port    ; Type   ; Severity ; Details                                                                             ;
+---------+--------+----------+-------------------------------------------------------------------------------------+
; wgt_out ; Output ; Info     ; Connected to dangling logic. Logic that only feeds a dangling port will be removed. ;
+---------+--------+----------+-------------------------------------------------------------------------------------+


+-------------------------------------------------------------------------------------------------------------------+
; Port Connectivity Checks: "systolic_array:u_array|mac_unit:gen_row[7].gen_col[1].u_pe"                            ;
+---------+--------+----------+-------------------------------------------------------------------------------------+
; Port    ; Type   ; Severity ; Details                                                                             ;
+---------+--------+----------+-------------------------------------------------------------------------------------+
; wgt_out ; Output ; Info     ; Connected to dangling logic. Logic that only feeds a dangling port will be removed. ;
+---------+--------+----------+-------------------------------------------------------------------------------------+


+-------------------------------------------------------------------------------------------------------------------+
; Port Connectivity Checks: "systolic_array:u_array|mac_unit:gen_row[7].gen_col[0].u_pe"                            ;
+---------+--------+----------+-------------------------------------------------------------------------------------+
; Port    ; Type   ; Severity ; Details                                                                             ;
+---------+--------+----------+-------------------------------------------------------------------------------------+
; wgt_out ; Output ; Info     ; Connected to dangling logic. Logic that only feeds a dangling port will be removed. ;
+---------+--------+----------+-------------------------------------------------------------------------------------+


+-------------------------------------------------------------------------------------------------------------------+
; Port Connectivity Checks: "systolic_array:u_array|mac_unit:gen_row[6].gen_col[7].u_pe"                            ;
+---------+--------+----------+-------------------------------------------------------------------------------------+
; Port    ; Type   ; Severity ; Details                                                                             ;
+---------+--------+----------+-------------------------------------------------------------------------------------+
; act_out ; Output ; Info     ; Connected to dangling logic. Logic that only feeds a dangling port will be removed. ;
; wgt_out ; Output ; Info     ; Connected to dangling logic. Logic that only feeds a dangling port will be removed. ;
+---------+--------+----------+-------------------------------------------------------------------------------------+


+-------------------------------------------------------------------------------------------------------------------+
; Port Connectivity Checks: "systolic_array:u_array|mac_unit:gen_row[6].gen_col[6].u_pe"                            ;
+---------+--------+----------+-------------------------------------------------------------------------------------+
; Port    ; Type   ; Severity ; Details                                                                             ;
+---------+--------+----------+-------------------------------------------------------------------------------------+
; wgt_out ; Output ; Info     ; Connected to dangling logic. Logic that only feeds a dangling port will be removed. ;
+---------+--------+----------+-------------------------------------------------------------------------------------+


+-------------------------------------------------------------------------------------------------------------------+
; Port Connectivity Checks: "systolic_array:u_array|mac_unit:gen_row[6].gen_col[5].u_pe"                            ;
+---------+--------+----------+-------------------------------------------------------------------------------------+
; Port    ; Type   ; Severity ; Details                                                                             ;
+---------+--------+----------+-------------------------------------------------------------------------------------+
; wgt_out ; Output ; Info     ; Connected to dangling logic. Logic that only feeds a dangling port will be removed. ;
+---------+--------+----------+-------------------------------------------------------------------------------------+


+-------------------------------------------------------------------------------------------------------------------+
; Port Connectivity Checks: "systolic_array:u_array|mac_unit:gen_row[6].gen_col[4].u_pe"                            ;
+---------+--------+----------+-------------------------------------------------------------------------------------+
; Port    ; Type   ; Severity ; Details                                                                             ;
+---------+--------+----------+-------------------------------------------------------------------------------------+
; wgt_out ; Output ; Info     ; Connected to dangling logic. Logic that only feeds a dangling port will be removed. ;
+---------+--------+----------+-------------------------------------------------------------------------------------+


+-------------------------------------------------------------------------------------------------------------------+
; Port Connectivity Checks: "systolic_array:u_array|mac_unit:gen_row[6].gen_col[3].u_pe"                            ;
+---------+--------+----------+-------------------------------------------------------------------------------------+
; Port    ; Type   ; Severity ; Details                                                                             ;
+---------+--------+----------+-------------------------------------------------------------------------------------+
; wgt_out ; Output ; Info     ; Connected to dangling logic. Logic that only feeds a dangling port will be removed. ;
+---------+--------+----------+-------------------------------------------------------------------------------------+


+-------------------------------------------------------------------------------------------------------------------+
; Port Connectivity Checks: "systolic_array:u_array|mac_unit:gen_row[6].gen_col[2].u_pe"                            ;
+---------+--------+----------+-------------------------------------------------------------------------------------+
; Port    ; Type   ; Severity ; Details                                                                             ;
+---------+--------+----------+-------------------------------------------------------------------------------------+
; wgt_out ; Output ; Info     ; Connected to dangling logic. Logic that only feeds a dangling port will be removed. ;
+---------+--------+----------+-------------------------------------------------------------------------------------+


+-------------------------------------------------------------------------------------------------------------------+
; Port Connectivity Checks: "systolic_array:u_array|mac_unit:gen_row[6].gen_col[1].u_pe"                            ;
+---------+--------+----------+-------------------------------------------------------------------------------------+
; Port    ; Type   ; Severity ; Details                                                                             ;
+---------+--------+----------+-------------------------------------------------------------------------------------+
; wgt_out ; Output ; Info     ; Connected to dangling logic. Logic that only feeds a dangling port will be removed. ;
+---------+--------+----------+-------------------------------------------------------------------------------------+


+-------------------------------------------------------------------------------------------------------------------+
; Port Connectivity Checks: "systolic_array:u_array|mac_unit:gen_row[6].gen_col[0].u_pe"                            ;
+---------+--------+----------+-------------------------------------------------------------------------------------+
; Port    ; Type   ; Severity ; Details                                                                             ;
+---------+--------+----------+-------------------------------------------------------------------------------------+
; wgt_out ; Output ; Info     ; Connected to dangling logic. Logic that only feeds a dangling port will be removed. ;
+---------+--------+----------+-------------------------------------------------------------------------------------+


+-------------------------------------------------------------------------------------------------------------------+
; Port Connectivity Checks: "systolic_array:u_array|mac_unit:gen_row[5].gen_col[7].u_pe"                            ;
+---------+--------+----------+-------------------------------------------------------------------------------------+
; Port    ; Type   ; Severity ; Details                                                                             ;
+---------+--------+----------+-------------------------------------------------------------------------------------+
; act_out ; Output ; Info     ; Connected to dangling logic. Logic that only feeds a dangling port will be removed. ;
; wgt_out ; Output ; Info     ; Connected to dangling logic. Logic that only feeds a dangling port will be removed. ;
+---------+--------+----------+-------------------------------------------------------------------------------------+


+-------------------------------------------------------------------------------------------------------------------+
; Port Connectivity Checks: "systolic_array:u_array|mac_unit:gen_row[5].gen_col[6].u_pe"                            ;
+---------+--------+----------+-------------------------------------------------------------------------------------+
; Port    ; Type   ; Severity ; Details                                                                             ;
+---------+--------+----------+-------------------------------------------------------------------------------------+
; wgt_out ; Output ; Info     ; Connected to dangling logic. Logic that only feeds a dangling port will be removed. ;
+---------+--------+----------+-------------------------------------------------------------------------------------+


+-------------------------------------------------------------------------------------------------------------------+
; Port Connectivity Checks: "systolic_array:u_array|mac_unit:gen_row[5].gen_col[5].u_pe"                            ;
+---------+--------+----------+-------------------------------------------------------------------------------------+
; Port    ; Type   ; Severity ; Details                                                                             ;
+---------+--------+----------+-------------------------------------------------------------------------------------+
; wgt_out ; Output ; Info     ; Connected to dangling logic. Logic that only feeds a dangling port will be removed. ;
+---------+--------+----------+-------------------------------------------------------------------------------------+


+-------------------------------------------------------------------------------------------------------------------+
; Port Connectivity Checks: "systolic_array:u_array|mac_unit:gen_row[5].gen_col[4].u_pe"                            ;
+---------+--------+----------+-------------------------------------------------------------------------------------+
; Port    ; Type   ; Severity ; Details                                                                             ;
+---------+--------+----------+-------------------------------------------------------------------------------------+
; wgt_out ; Output ; Info     ; Connected to dangling logic. Logic that only feeds a dangling port will be removed. ;
+---------+--------+----------+-------------------------------------------------------------------------------------+


+-------------------------------------------------------------------------------------------------------------------+
; Port Connectivity Checks: "systolic_array:u_array|mac_unit:gen_row[5].gen_col[3].u_pe"                            ;
+---------+--------+----------+-------------------------------------------------------------------------------------+
; Port    ; Type   ; Severity ; Details                                                                             ;
+---------+--------+----------+-------------------------------------------------------------------------------------+
; wgt_out ; Output ; Info     ; Connected to dangling logic. Logic that only feeds a dangling port will be removed. ;
+---------+--------+----------+-------------------------------------------------------------------------------------+


+-------------------------------------------------------------------------------------------------------------------+
; Port Connectivity Checks: "systolic_array:u_array|mac_unit:gen_row[5].gen_col[2].u_pe"                            ;
+---------+--------+----------+-------------------------------------------------------------------------------------+
; Port    ; Type   ; Severity ; Details                                                                             ;
+---------+--------+----------+-------------------------------------------------------------------------------------+
; wgt_out ; Output ; Info     ; Connected to dangling logic. Logic that only feeds a dangling port will be removed. ;
+---------+--------+----------+-------------------------------------------------------------------------------------+


+-------------------------------------------------------------------------------------------------------------------+
; Port Connectivity Checks: "systolic_array:u_array|mac_unit:gen_row[5].gen_col[1].u_pe"                            ;
+---------+--------+----------+-------------------------------------------------------------------------------------+
; Port    ; Type   ; Severity ; Details                                                                             ;
+---------+--------+----------+-------------------------------------------------------------------------------------+
; wgt_out ; Output ; Info     ; Connected to dangling logic. Logic that only feeds a dangling port will be removed. ;
+---------+--------+----------+-------------------------------------------------------------------------------------+


+-------------------------------------------------------------------------------------------------------------------+
; Port Connectivity Checks: "systolic_array:u_array|mac_unit:gen_row[5].gen_col[0].u_pe"                            ;
+---------+--------+----------+-------------------------------------------------------------------------------------+
; Port    ; Type   ; Severity ; Details                                                                             ;
+---------+--------+----------+-------------------------------------------------------------------------------------+
; wgt_out ; Output ; Info     ; Connected to dangling logic. Logic that only feeds a dangling port will be removed. ;
+---------+--------+----------+-------------------------------------------------------------------------------------+


+-------------------------------------------------------------------------------------------------------------------+
; Port Connectivity Checks: "systolic_array:u_array|mac_unit:gen_row[4].gen_col[7].u_pe"                            ;
+---------+--------+----------+-------------------------------------------------------------------------------------+
; Port    ; Type   ; Severity ; Details                                                                             ;
+---------+--------+----------+-------------------------------------------------------------------------------------+
; act_out ; Output ; Info     ; Connected to dangling logic. Logic that only feeds a dangling port will be removed. ;
; wgt_out ; Output ; Info     ; Connected to dangling logic. Logic that only feeds a dangling port will be removed. ;
+---------+--------+----------+-------------------------------------------------------------------------------------+


+-------------------------------------------------------------------------------------------------------------------+
; Port Connectivity Checks: "systolic_array:u_array|mac_unit:gen_row[4].gen_col[6].u_pe"                            ;
+---------+--------+----------+-------------------------------------------------------------------------------------+
; Port    ; Type   ; Severity ; Details                                                                             ;
+---------+--------+----------+-------------------------------------------------------------------------------------+
; wgt_out ; Output ; Info     ; Connected to dangling logic. Logic that only feeds a dangling port will be removed. ;
+---------+--------+----------+-------------------------------------------------------------------------------------+


+-------------------------------------------------------------------------------------------------------------------+
; Port Connectivity Checks: "systolic_array:u_array|mac_unit:gen_row[4].gen_col[5].u_pe"                            ;
+---------+--------+----------+-------------------------------------------------------------------------------------+
; Port    ; Type   ; Severity ; Details                                                                             ;
+---------+--------+----------+-------------------------------------------------------------------------------------+
; wgt_out ; Output ; Info     ; Connected to dangling logic. Logic that only feeds a dangling port will be removed. ;
+---------+--------+----------+-------------------------------------------------------------------------------------+


+-------------------------------------------------------------------------------------------------------------------+
; Port Connectivity Checks: "systolic_array:u_array|mac_unit:gen_row[4].gen_col[4].u_pe"                            ;
+---------+--------+----------+-------------------------------------------------------------------------------------+
; Port    ; Type   ; Severity ; Details                                                                             ;
+---------+--------+----------+-------------------------------------------------------------------------------------+
; wgt_out ; Output ; Info     ; Connected to dangling logic. Logic that only feeds a dangling port will be removed. ;
+---------+--------+----------+-------------------------------------------------------------------------------------+


+-------------------------------------------------------------------------------------------------------------------+
; Port Connectivity Checks: "systolic_array:u_array|mac_unit:gen_row[4].gen_col[3].u_pe"                            ;
+---------+--------+----------+-------------------------------------------------------------------------------------+
; Port    ; Type   ; Severity ; Details                                                                             ;
+---------+--------+----------+-------------------------------------------------------------------------------------+
; wgt_out ; Output ; Info     ; Connected to dangling logic. Logic that only feeds a dangling port will be removed. ;
+---------+--------+----------+-------------------------------------------------------------------------------------+


+-------------------------------------------------------------------------------------------------------------------+
; Port Connectivity Checks: "systolic_array:u_array|mac_unit:gen_row[4].gen_col[2].u_pe"                            ;
+---------+--------+----------+-------------------------------------------------------------------------------------+
; Port    ; Type   ; Severity ; Details                                                                             ;
+---------+--------+----------+-------------------------------------------------------------------------------------+
; wgt_out ; Output ; Info     ; Connected to dangling logic. Logic that only feeds a dangling port will be removed. ;
+---------+--------+----------+-------------------------------------------------------------------------------------+


+-------------------------------------------------------------------------------------------------------------------+
; Port Connectivity Checks: "systolic_array:u_array|mac_unit:gen_row[4].gen_col[1].u_pe"                            ;
+---------+--------+----------+-------------------------------------------------------------------------------------+
; Port    ; Type   ; Severity ; Details                                                                             ;
+---------+--------+----------+-------------------------------------------------------------------------------------+
; wgt_out ; Output ; Info     ; Connected to dangling logic. Logic that only feeds a dangling port will be removed. ;
+---------+--------+----------+-------------------------------------------------------------------------------------+


+-------------------------------------------------------------------------------------------------------------------+
; Port Connectivity Checks: "systolic_array:u_array|mac_unit:gen_row[4].gen_col[0].u_pe"                            ;
+---------+--------+----------+-------------------------------------------------------------------------------------+
; Port    ; Type   ; Severity ; Details                                                                             ;
+---------+--------+----------+-------------------------------------------------------------------------------------+
; wgt_out ; Output ; Info     ; Connected to dangling logic. Logic that only feeds a dangling port will be removed. ;
+---------+--------+----------+-------------------------------------------------------------------------------------+


+-------------------------------------------------------------------------------------------------------------------+
; Port Connectivity Checks: "systolic_array:u_array|mac_unit:gen_row[3].gen_col[7].u_pe"                            ;
+---------+--------+----------+-------------------------------------------------------------------------------------+
; Port    ; Type   ; Severity ; Details                                                                             ;
+---------+--------+----------+-------------------------------------------------------------------------------------+
; act_out ; Output ; Info     ; Connected to dangling logic. Logic that only feeds a dangling port will be removed. ;
; wgt_out ; Output ; Info     ; Connected to dangling logic. Logic that only feeds a dangling port will be removed. ;
+---------+--------+----------+-------------------------------------------------------------------------------------+


+-------------------------------------------------------------------------------------------------------------------+
; Port Connectivity Checks: "systolic_array:u_array|mac_unit:gen_row[3].gen_col[6].u_pe"                            ;
+---------+--------+----------+-------------------------------------------------------------------------------------+
; Port    ; Type   ; Severity ; Details                                                                             ;
+---------+--------+----------+-------------------------------------------------------------------------------------+
; wgt_out ; Output ; Info     ; Connected to dangling logic. Logic that only feeds a dangling port will be removed. ;
+---------+--------+----------+-------------------------------------------------------------------------------------+


+-------------------------------------------------------------------------------------------------------------------+
; Port Connectivity Checks: "systolic_array:u_array|mac_unit:gen_row[3].gen_col[5].u_pe"                            ;
+---------+--------+----------+-------------------------------------------------------------------------------------+
; Port    ; Type   ; Severity ; Details                                                                             ;
+---------+--------+----------+-------------------------------------------------------------------------------------+
; wgt_out ; Output ; Info     ; Connected to dangling logic. Logic that only feeds a dangling port will be removed. ;
+---------+--------+----------+-------------------------------------------------------------------------------------+


+-------------------------------------------------------------------------------------------------------------------+
; Port Connectivity Checks: "systolic_array:u_array|mac_unit:gen_row[3].gen_col[4].u_pe"                            ;
+---------+--------+----------+-------------------------------------------------------------------------------------+
; Port    ; Type   ; Severity ; Details                                                                             ;
+---------+--------+----------+-------------------------------------------------------------------------------------+
; wgt_out ; Output ; Info     ; Connected to dangling logic. Logic that only feeds a dangling port will be removed. ;
+---------+--------+----------+-------------------------------------------------------------------------------------+


+-------------------------------------------------------------------------------------------------------------------+
; Port Connectivity Checks: "systolic_array:u_array|mac_unit:gen_row[3].gen_col[3].u_pe"                            ;
+---------+--------+----------+-------------------------------------------------------------------------------------+
; Port    ; Type   ; Severity ; Details                                                                             ;
+---------+--------+----------+-------------------------------------------------------------------------------------+
; wgt_out ; Output ; Info     ; Connected to dangling logic. Logic that only feeds a dangling port will be removed. ;
+---------+--------+----------+-------------------------------------------------------------------------------------+


+-------------------------------------------------------------------------------------------------------------------+
; Port Connectivity Checks: "systolic_array:u_array|mac_unit:gen_row[3].gen_col[2].u_pe"                            ;
+---------+--------+----------+-------------------------------------------------------------------------------------+
; Port    ; Type   ; Severity ; Details                                                                             ;
+---------+--------+----------+-------------------------------------------------------------------------------------+
; wgt_out ; Output ; Info     ; Connected to dangling logic. Logic that only feeds a dangling port will be removed. ;
+---------+--------+----------+-------------------------------------------------------------------------------------+


+-------------------------------------------------------------------------------------------------------------------+
; Port Connectivity Checks: "systolic_array:u_array|mac_unit:gen_row[3].gen_col[1].u_pe"                            ;
+---------+--------+----------+-------------------------------------------------------------------------------------+
; Port    ; Type   ; Severity ; Details                                                                             ;
+---------+--------+----------+-------------------------------------------------------------------------------------+
; wgt_out ; Output ; Info     ; Connected to dangling logic. Logic that only feeds a dangling port will be removed. ;
+---------+--------+----------+-------------------------------------------------------------------------------------+


+-------------------------------------------------------------------------------------------------------------------+
; Port Connectivity Checks: "systolic_array:u_array|mac_unit:gen_row[3].gen_col[0].u_pe"                            ;
+---------+--------+----------+-------------------------------------------------------------------------------------+
; Port    ; Type   ; Severity ; Details                                                                             ;
+---------+--------+----------+-------------------------------------------------------------------------------------+
; wgt_out ; Output ; Info     ; Connected to dangling logic. Logic that only feeds a dangling port will be removed. ;
+---------+--------+----------+-------------------------------------------------------------------------------------+


+-------------------------------------------------------------------------------------------------------------------+
; Port Connectivity Checks: "systolic_array:u_array|mac_unit:gen_row[2].gen_col[7].u_pe"                            ;
+---------+--------+----------+-------------------------------------------------------------------------------------+
; Port    ; Type   ; Severity ; Details                                                                             ;
+---------+--------+----------+-------------------------------------------------------------------------------------+
; act_out ; Output ; Info     ; Connected to dangling logic. Logic that only feeds a dangling port will be removed. ;
; wgt_out ; Output ; Info     ; Connected to dangling logic. Logic that only feeds a dangling port will be removed. ;
+---------+--------+----------+-------------------------------------------------------------------------------------+


+-------------------------------------------------------------------------------------------------------------------+
; Port Connectivity Checks: "systolic_array:u_array|mac_unit:gen_row[2].gen_col[6].u_pe"                            ;
+---------+--------+----------+-------------------------------------------------------------------------------------+
; Port    ; Type   ; Severity ; Details                                                                             ;
+---------+--------+----------+-------------------------------------------------------------------------------------+
; wgt_out ; Output ; Info     ; Connected to dangling logic. Logic that only feeds a dangling port will be removed. ;
+---------+--------+----------+-------------------------------------------------------------------------------------+


+-------------------------------------------------------------------------------------------------------------------+
; Port Connectivity Checks: "systolic_array:u_array|mac_unit:gen_row[2].gen_col[5].u_pe"                            ;
+---------+--------+----------+-------------------------------------------------------------------------------------+
; Port    ; Type   ; Severity ; Details                                                                             ;
+---------+--------+----------+-------------------------------------------------------------------------------------+
; wgt_out ; Output ; Info     ; Connected to dangling logic. Logic that only feeds a dangling port will be removed. ;
+---------+--------+----------+-------------------------------------------------------------------------------------+


+-------------------------------------------------------------------------------------------------------------------+
; Port Connectivity Checks: "systolic_array:u_array|mac_unit:gen_row[2].gen_col[4].u_pe"                            ;
+---------+--------+----------+-------------------------------------------------------------------------------------+
; Port    ; Type   ; Severity ; Details                                                                             ;
+---------+--------+----------+-------------------------------------------------------------------------------------+
; wgt_out ; Output ; Info     ; Connected to dangling logic. Logic that only feeds a dangling port will be removed. ;
+---------+--------+----------+-------------------------------------------------------------------------------------+


+-------------------------------------------------------------------------------------------------------------------+
; Port Connectivity Checks: "systolic_array:u_array|mac_unit:gen_row[2].gen_col[3].u_pe"                            ;
+---------+--------+----------+-------------------------------------------------------------------------------------+
; Port    ; Type   ; Severity ; Details                                                                             ;
+---------+--------+----------+-------------------------------------------------------------------------------------+
; wgt_out ; Output ; Info     ; Connected to dangling logic. Logic that only feeds a dangling port will be removed. ;
+---------+--------+----------+-------------------------------------------------------------------------------------+


+-------------------------------------------------------------------------------------------------------------------+
; Port Connectivity Checks: "systolic_array:u_array|mac_unit:gen_row[2].gen_col[2].u_pe"                            ;
+---------+--------+----------+-------------------------------------------------------------------------------------+
; Port    ; Type   ; Severity ; Details                                                                             ;
+---------+--------+----------+-------------------------------------------------------------------------------------+
; wgt_out ; Output ; Info     ; Connected to dangling logic. Logic that only feeds a dangling port will be removed. ;
+---------+--------+----------+-------------------------------------------------------------------------------------+


+-------------------------------------------------------------------------------------------------------------------+
; Port Connectivity Checks: "systolic_array:u_array|mac_unit:gen_row[2].gen_col[1].u_pe"                            ;
+---------+--------+----------+-------------------------------------------------------------------------------------+
; Port    ; Type   ; Severity ; Details                                                                             ;
+---------+--------+----------+-------------------------------------------------------------------------------------+
; wgt_out ; Output ; Info     ; Connected to dangling logic. Logic that only feeds a dangling port will be removed. ;
+---------+--------+----------+-------------------------------------------------------------------------------------+


+-------------------------------------------------------------------------------------------------------------------+
; Port Connectivity Checks: "systolic_array:u_array|mac_unit:gen_row[2].gen_col[0].u_pe"                            ;
+---------+--------+----------+-------------------------------------------------------------------------------------+
; Port    ; Type   ; Severity ; Details                                                                             ;
+---------+--------+----------+-------------------------------------------------------------------------------------+
; wgt_out ; Output ; Info     ; Connected to dangling logic. Logic that only feeds a dangling port will be removed. ;
+---------+--------+----------+-------------------------------------------------------------------------------------+


+-------------------------------------------------------------------------------------------------------------------+
; Port Connectivity Checks: "systolic_array:u_array|mac_unit:gen_row[1].gen_col[7].u_pe"                            ;
+---------+--------+----------+-------------------------------------------------------------------------------------+
; Port    ; Type   ; Severity ; Details                                                                             ;
+---------+--------+----------+-------------------------------------------------------------------------------------+
; act_out ; Output ; Info     ; Connected to dangling logic. Logic that only feeds a dangling port will be removed. ;
; wgt_out ; Output ; Info     ; Connected to dangling logic. Logic that only feeds a dangling port will be removed. ;
+---------+--------+----------+-------------------------------------------------------------------------------------+


+-------------------------------------------------------------------------------------------------------------------+
; Port Connectivity Checks: "systolic_array:u_array|mac_unit:gen_row[1].gen_col[6].u_pe"                            ;
+---------+--------+----------+-------------------------------------------------------------------------------------+
; Port    ; Type   ; Severity ; Details                                                                             ;
+---------+--------+----------+-------------------------------------------------------------------------------------+
; wgt_out ; Output ; Info     ; Connected to dangling logic. Logic that only feeds a dangling port will be removed. ;
+---------+--------+----------+-------------------------------------------------------------------------------------+


+-------------------------------------------------------------------------------------------------------------------+
; Port Connectivity Checks: "systolic_array:u_array|mac_unit:gen_row[1].gen_col[5].u_pe"                            ;
+---------+--------+----------+-------------------------------------------------------------------------------------+
; Port    ; Type   ; Severity ; Details                                                                             ;
+---------+--------+----------+-------------------------------------------------------------------------------------+
; wgt_out ; Output ; Info     ; Connected to dangling logic. Logic that only feeds a dangling port will be removed. ;
+---------+--------+----------+-------------------------------------------------------------------------------------+


+-------------------------------------------------------------------------------------------------------------------+
; Port Connectivity Checks: "systolic_array:u_array|mac_unit:gen_row[1].gen_col[4].u_pe"                            ;
+---------+--------+----------+-------------------------------------------------------------------------------------+
; Port    ; Type   ; Severity ; Details                                                                             ;
+---------+--------+----------+-------------------------------------------------------------------------------------+
; wgt_out ; Output ; Info     ; Connected to dangling logic. Logic that only feeds a dangling port will be removed. ;
+---------+--------+----------+-------------------------------------------------------------------------------------+


+-------------------------------------------------------------------------------------------------------------------+
; Port Connectivity Checks: "systolic_array:u_array|mac_unit:gen_row[1].gen_col[3].u_pe"                            ;
+---------+--------+----------+-------------------------------------------------------------------------------------+
; Port    ; Type   ; Severity ; Details                                                                             ;
+---------+--------+----------+-------------------------------------------------------------------------------------+
; wgt_out ; Output ; Info     ; Connected to dangling logic. Logic that only feeds a dangling port will be removed. ;
+---------+--------+----------+-------------------------------------------------------------------------------------+


+-------------------------------------------------------------------------------------------------------------------+
; Port Connectivity Checks: "systolic_array:u_array|mac_unit:gen_row[1].gen_col[2].u_pe"                            ;
+---------+--------+----------+-------------------------------------------------------------------------------------+
; Port    ; Type   ; Severity ; Details                                                                             ;
+---------+--------+----------+-------------------------------------------------------------------------------------+
; wgt_out ; Output ; Info     ; Connected to dangling logic. Logic that only feeds a dangling port will be removed. ;
+---------+--------+----------+-------------------------------------------------------------------------------------+


+-------------------------------------------------------------------------------------------------------------------+
; Port Connectivity Checks: "systolic_array:u_array|mac_unit:gen_row[1].gen_col[1].u_pe"                            ;
+---------+--------+----------+-------------------------------------------------------------------------------------+
; Port    ; Type   ; Severity ; Details                                                                             ;
+---------+--------+----------+-------------------------------------------------------------------------------------+
; wgt_out ; Output ; Info     ; Connected to dangling logic. Logic that only feeds a dangling port will be removed. ;
+---------+--------+----------+-------------------------------------------------------------------------------------+


+-------------------------------------------------------------------------------------------------------------------+
; Port Connectivity Checks: "systolic_array:u_array|mac_unit:gen_row[1].gen_col[0].u_pe"                            ;
+---------+--------+----------+-------------------------------------------------------------------------------------+
; Port    ; Type   ; Severity ; Details                                                                             ;
+---------+--------+----------+-------------------------------------------------------------------------------------+
; wgt_out ; Output ; Info     ; Connected to dangling logic. Logic that only feeds a dangling port will be removed. ;
+---------+--------+----------+-------------------------------------------------------------------------------------+


+-------------------------------------------------------------------------------------------------------------------+
; Port Connectivity Checks: "systolic_array:u_array|mac_unit:gen_row[0].gen_col[7].u_pe"                            ;
+---------+--------+----------+-------------------------------------------------------------------------------------+
; Port    ; Type   ; Severity ; Details                                                                             ;
+---------+--------+----------+-------------------------------------------------------------------------------------+
; act_out ; Output ; Info     ; Connected to dangling logic. Logic that only feeds a dangling port will be removed. ;
; wgt_out ; Output ; Info     ; Connected to dangling logic. Logic that only feeds a dangling port will be removed. ;
+---------+--------+----------+-------------------------------------------------------------------------------------+


+-------------------------------------------------------------------------------------------------------------------+
; Port Connectivity Checks: "systolic_array:u_array|mac_unit:gen_row[0].gen_col[6].u_pe"                            ;
+---------+--------+----------+-------------------------------------------------------------------------------------+
; Port    ; Type   ; Severity ; Details                                                                             ;
+---------+--------+----------+-------------------------------------------------------------------------------------+
; wgt_out ; Output ; Info     ; Connected to dangling logic. Logic that only feeds a dangling port will be removed. ;
+---------+--------+----------+-------------------------------------------------------------------------------------+


+-------------------------------------------------------------------------------------------------------------------+
; Port Connectivity Checks: "systolic_array:u_array|mac_unit:gen_row[0].gen_col[5].u_pe"                            ;
+---------+--------+----------+-------------------------------------------------------------------------------------+
; Port    ; Type   ; Severity ; Details                                                                             ;
+---------+--------+----------+-------------------------------------------------------------------------------------+
; wgt_out ; Output ; Info     ; Connected to dangling logic. Logic that only feeds a dangling port will be removed. ;
+---------+--------+----------+-------------------------------------------------------------------------------------+


+-------------------------------------------------------------------------------------------------------------------+
; Port Connectivity Checks: "systolic_array:u_array|mac_unit:gen_row[0].gen_col[4].u_pe"                            ;
+---------+--------+----------+-------------------------------------------------------------------------------------+
; Port    ; Type   ; Severity ; Details                                                                             ;
+---------+--------+----------+-------------------------------------------------------------------------------------+
; wgt_out ; Output ; Info     ; Connected to dangling logic. Logic that only feeds a dangling port will be removed. ;
+---------+--------+----------+-------------------------------------------------------------------------------------+


+-------------------------------------------------------------------------------------------------------------------+
; Port Connectivity Checks: "systolic_array:u_array|mac_unit:gen_row[0].gen_col[3].u_pe"                            ;
+---------+--------+----------+-------------------------------------------------------------------------------------+
; Port    ; Type   ; Severity ; Details                                                                             ;
+---------+--------+----------+-------------------------------------------------------------------------------------+
; wgt_out ; Output ; Info     ; Connected to dangling logic. Logic that only feeds a dangling port will be removed. ;
+---------+--------+----------+-------------------------------------------------------------------------------------+


+-------------------------------------------------------------------------------------------------------------------+
; Port Connectivity Checks: "systolic_array:u_array|mac_unit:gen_row[0].gen_col[2].u_pe"                            ;
+---------+--------+----------+-------------------------------------------------------------------------------------+
; Port    ; Type   ; Severity ; Details                                                                             ;
+---------+--------+----------+-------------------------------------------------------------------------------------+
; wgt_out ; Output ; Info     ; Connected to dangling logic. Logic that only feeds a dangling port will be removed. ;
+---------+--------+----------+-------------------------------------------------------------------------------------+


+-------------------------------------------------------------------------------------------------------------------+
; Port Connectivity Checks: "systolic_array:u_array|mac_unit:gen_row[0].gen_col[1].u_pe"                            ;
+---------+--------+----------+-------------------------------------------------------------------------------------+
; Port    ; Type   ; Severity ; Details                                                                             ;
+---------+--------+----------+-------------------------------------------------------------------------------------+
; wgt_out ; Output ; Info     ; Connected to dangling logic. Logic that only feeds a dangling port will be removed. ;
+---------+--------+----------+-------------------------------------------------------------------------------------+


+-------------------------------------------------------------------------------------------------------------------+
; Port Connectivity Checks: "systolic_array:u_array|mac_unit:gen_row[0].gen_col[0].u_pe"                            ;
+---------+--------+----------+-------------------------------------------------------------------------------------+
; Port    ; Type   ; Severity ; Details                                                                             ;
+---------+--------+----------+-------------------------------------------------------------------------------------+
; wgt_out ; Output ; Info     ; Connected to dangling logic. Logic that only feeds a dangling port will be removed. ;
+---------+--------+----------+-------------------------------------------------------------------------------------+


+-----------------------------------------------------------------------------------------------------------------------------+
; Port Connectivity Checks: "layer_ctrl_fsm:u_fsm"                                                                            ;
+-------------------+--------+----------+-------------------------------------------------------------------------------------+
; Port              ; Type   ; Severity ; Details                                                                             ;
+-------------------+--------+----------+-------------------------------------------------------------------------------------+
; array_data_valid  ; Output ; Info     ; Connected to dangling logic. Logic that only feeds a dangling port will be removed. ;
; output_data_valid ; Output ; Info     ; Connected to dangling logic. Logic that only feeds a dangling port will be removed. ;
+-------------------+--------+----------+-------------------------------------------------------------------------------------+


+-----------------------------------------------------+
; Post-Synthesis Netlist Statistics for Top Partition ;
+-----------------------+-----------------------------+
; Type                  ; Count                       ;
+-----------------------+-----------------------------+
; arriav_ff             ; 5188                        ;
;     CLR               ; 158                         ;
;     CLR SCLR          ; 100                         ;
;     ENA               ; 56                          ;
;     ENA CLR           ; 70                          ;
;     ENA CLR SCLR      ; 4740                        ;
;     ENA CLR SCLR SLD  ; 64                          ;
; arriav_lcell_comb     ; 4638                        ;
;     arith             ; 2959                        ;
;         0 data inputs ; 4                           ;
;         1 data inputs ; 388                         ;
;         2 data inputs ; 2311                        ;
;         3 data inputs ; 8                           ;
;         5 data inputs ; 248                         ;
;     normal            ; 911                         ;
;         0 data inputs ; 2                           ;
;         2 data inputs ; 42                          ;
;         3 data inputs ; 47                          ;
;         4 data inputs ; 48                          ;
;         5 data inputs ; 163                         ;
;         6 data inputs ; 609                         ;
;     shared            ; 768                         ;
;         3 data inputs ; 768                         ;
; arriav_mac            ; 65                          ;
; boundary_port         ; 577                         ;
; stratixv_ram_block    ; 128                         ;
;                       ;                             ;
; Max LUT depth         ; 9.00                        ;
; Average LUT depth     ; 4.18                        ;
+-----------------------+-----------------------------+


+-------------------------------+
; Elapsed Time Per Partition    ;
+----------------+--------------+
; Partition Name ; Elapsed Time ;
+----------------+--------------+
; Top            ; 00:00:06     ;
+----------------+--------------+


+-------------------------------+
; Analysis & Synthesis Messages ;
+-------------------------------+
Info: *******************************************************************
Info: Running Quartus Prime Analysis & Synthesis
    Info: Version 23.1std.1 Build 993 05/14/2024 SC Standard Edition
    Info: Processing started: Fri Sep 11 03:19:53 2026
Info: Command: quartus_map --read_settings_files=on --write_settings_files=off de10_standard -c de10_standard
Warning (18236): Number of processors has not been specified which may cause overloading on shared machines.  Set the global assignment NUM_PARALLEL_PROCESSORS in your QSF to an appropriate value for best performance.
Info (20030): Parallel compilation is enabled and will use 8 of the 8 processors detected
Warning (10259): Verilog HDL error at pkg_accelerator.sv(156): constant value overflow File: /home/raone/fpga-ai-accelerator/rtl/pkg_accelerator.sv Line: 156
Info (12021): Found 1 design units, including 0 entities, in source file /home/raone/fpga-ai-accelerator/rtl/pkg_accelerator.sv
    Info (12022): Found design unit 1: pkg_accelerator (SystemVerilog) File: /home/raone/fpga-ai-accelerator/rtl/pkg_accelerator.sv Line: 17
Warning (10335): Unrecognized synthesis attribute "use_dsp" at ../../rtl/mac_unit.sv(79) File: /home/raone/fpga-ai-accelerator/rtl/mac_unit.sv Line: 79
Info (12021): Found 1 design units, including 1 entities, in source file /home/raone/fpga-ai-accelerator/rtl/mac_unit.sv
    Info (12023): Found entity 1: mac_unit File: /home/raone/fpga-ai-accelerator/rtl/mac_unit.sv Line: 24
Info (12021): Found 1 design units, including 1 entities, in source file /home/raone/fpga-ai-accelerator/rtl/systolic_array.sv
    Info (12023): Found entity 1: systolic_array File: /home/raone/fpga-ai-accelerator/rtl/systolic_array.sv Line: 26
Warning (10335): Unrecognized synthesis attribute "ram_style" at ../../rtl/sram_controller.sv(52) File: /home/raone/fpga-ai-accelerator/rtl/sram_controller.sv Line: 52
Warning (10335): Unrecognized synthesis attribute "DONT_TOUCH" at ../../rtl/sram_controller.sv(52) File: /home/raone/fpga-ai-accelerator/rtl/sram_controller.sv Line: 52
Warning (10335): Unrecognized synthesis attribute "ram_style" at ../../rtl/sram_controller.sv(55) File: /home/raone/fpga-ai-accelerator/rtl/sram_controller.sv Line: 55
Warning (10335): Unrecognized synthesis attribute "DONT_TOUCH" at ../../rtl/sram_controller.sv(55) File: /home/raone/fpga-ai-accelerator/rtl/sram_controller.sv Line: 55
Info (12021): Found 1 design units, including 1 entities, in source file /home/raone/fpga-ai-accelerator/rtl/sram_controller.sv
    Info (12023): Found entity 1: sram_controller File: /home/raone/fpga-ai-accelerator/rtl/sram_controller.sv Line: 23
Info (12021): Found 1 design units, including 1 entities, in source file /home/raone/fpga-ai-accelerator/rtl/axi_stream_input.sv
    Info (12023): Found entity 1: axi_stream_input File: /home/raone/fpga-ai-accelerator/rtl/axi_stream_input.sv Line: 26
Info (12021): Found 1 design units, including 1 entities, in source file /home/raone/fpga-ai-accelerator/rtl/axi_stream_output.sv
    Info (12023): Found entity 1: axi_stream_output File: /home/raone/fpga-ai-accelerator/rtl/axi_stream_output.sv Line: 18
Warning (10259): Verilog HDL error at quantize_unit.sv(109): constant value overflow File: /home/raone/fpga-ai-accelerator/rtl/quantize_unit.sv Line: 109
Info (12021): Found 1 design units, including 1 entities, in source file /home/raone/fpga-ai-accelerator/rtl/quantize_unit.sv
    Info (12023): Found entity 1: quantize_unit File: /home/raone/fpga-ai-accelerator/rtl/quantize_unit.sv Line: 21
Info (12021): Found 1 design units, including 1 entities, in source file /home/raone/fpga-ai-accelerator/rtl/layer_ctrl_fsm.sv
    Info (12023): Found entity 1: layer_ctrl_fsm File: /home/raone/fpga-ai-accelerator/rtl/layer_ctrl_fsm.sv Line: 34
Info (12021): Found 1 design units, including 1 entities, in source file /home/raone/fpga-ai-accelerator/rtl/inference_accelerator_top.sv
    Info (12023): Found entity 1: inference_accelerator_top File: /home/raone/fpga-ai-accelerator/rtl/inference_accelerator_top.sv Line: 27
Info (12127): Elaborating entity "inference_accelerator_top" for the top level hierarchy
Info (12128): Elaborating entity "layer_ctrl_fsm" for hierarchy "layer_ctrl_fsm:u_fsm" File: /home/raone/fpga-ai-accelerator/rtl/inference_accelerator_top.sv Line: 210
Warning (10230): Verilog HDL assignment warning at layer_ctrl_fsm.sv(320): truncated value with size 32 to match size of target (10) File: /home/raone/fpga-ai-accelerator/rtl/layer_ctrl_fsm.sv Line: 320
Warning (10230): Verilog HDL assignment warning at layer_ctrl_fsm.sv(326): truncated value with size 32 to match size of target (10) File: /home/raone/fpga-ai-accelerator/rtl/layer_ctrl_fsm.sv Line: 326
Warning (10230): Verilog HDL assignment warning at layer_ctrl_fsm.sv(328): truncated value with size 32 to match size of target (5) File: /home/raone/fpga-ai-accelerator/rtl/layer_ctrl_fsm.sv Line: 328
Warning (10230): Verilog HDL assignment warning at layer_ctrl_fsm.sv(332): truncated value with size 32 to match size of target (5) File: /home/raone/fpga-ai-accelerator/rtl/layer_ctrl_fsm.sv Line: 332
Warning (10230): Verilog HDL assignment warning at layer_ctrl_fsm.sv(355): truncated value with size 32 to match size of target (16) File: /home/raone/fpga-ai-accelerator/rtl/layer_ctrl_fsm.sv Line: 355
Warning (10230): Verilog HDL assignment warning at layer_ctrl_fsm.sv(360): truncated value with size 32 to match size of target (16) File: /home/raone/fpga-ai-accelerator/rtl/layer_ctrl_fsm.sv Line: 360
Info (10264): Verilog HDL Case Statement information at layer_ctrl_fsm.sv(290): all case item expressions in this case statement are onehot File: /home/raone/fpga-ai-accelerator/rtl/layer_ctrl_fsm.sv Line: 290
Info (12128): Elaborating entity "sram_controller" for hierarchy "sram_controller:u_sram" File: /home/raone/fpga-ai-accelerator/rtl/inference_accelerator_top.sv Line: 226
Info (12128): Elaborating entity "axi_stream_input" for hierarchy "axi_stream_input:u_axi_in" File: /home/raone/fpga-ai-accelerator/rtl/inference_accelerator_top.sv Line: 243
Info (10008): Verilog HDL or VHDL information: EDA Netlist Writer cannot regroup multidimensional array "skew_sr" into its bus
Info (12128): Elaborating entity "systolic_array" for hierarchy "systolic_array:u_array" File: /home/raone/fpga-ai-accelerator/rtl/inference_accelerator_top.sv Line: 258
Info (10008): Verilog HDL or VHDL information: EDA Netlist Writer cannot regroup multidimensional array "act_wire" into its bus
Info (10008): Verilog HDL or VHDL information: EDA Netlist Writer cannot regroup multidimensional array "wgt_out_unused" into its bus
Info (10008): Verilog HDL or VHDL information: EDA Netlist Writer cannot regroup multidimensional array "wgt_bcast" into its bus
Info (10008): Verilog HDL or VHDL information: EDA Netlist Writer cannot regroup multidimensional array "pe_acc" into its bus
Info (12128): Elaborating entity "mac_unit" for hierarchy "systolic_array:u_array|mac_unit:gen_row[0].gen_col[0].u_pe" File: /home/raone/fpga-ai-accelerator/rtl/systolic_array.sv Line: 157
Info (12128): Elaborating entity "quantize_unit" for hierarchy "quantize_unit:u_quant" File: /home/raone/fpga-ai-accelerator/rtl/inference_accelerator_top.sv Line: 273
Info (12128): Elaborating entity "axi_stream_output" for hierarchy "axi_stream_output:u_axi_out" File: /home/raone/fpga-ai-accelerator/rtl/inference_accelerator_top.sv Line: 290
Info (19000): Inferred 2 megafunctions from design logic
    Info (276029): Inferred altsyncram megafunction from the following design logic: "sram_controller:u_sram|mem_bank0_rtl_0" 
        Info (286033): Parameter OPERATION_MODE set to DUAL_PORT
        Info (286033): Parameter WIDTH_A set to 64
        Info (286033): Parameter WIDTHAD_A set to 10
        Info (286033): Parameter NUMWORDS_A set to 1024
        Info (286033): Parameter WIDTH_B set to 64
        Info (286033): Parameter WIDTHAD_B set to 10
        Info (286033): Parameter NUMWORDS_B set to 1024
        Info (286033): Parameter ADDRESS_ACLR_A set to NONE
        Info (286033): Parameter OUTDATA_REG_B set to UNREGISTERED
        Info (286033): Parameter ADDRESS_ACLR_B set to NONE
        Info (286033): Parameter OUTDATA_ACLR_B set to NONE
        Info (286033): Parameter ADDRESS_REG_B set to CLOCK0
        Info (286033): Parameter INDATA_ACLR_A set to NONE
        Info (286033): Parameter WRCONTROL_ACLR_A set to NONE
        Info (286033): Parameter READ_DURING_WRITE_MODE_MIXED_PORTS set to OLD_DATA
        Info (286033): Parameter RDCONTROL_REG_B set to CLOCK0
    Info (276029): Inferred altsyncram megafunction from the following design logic: "sram_controller:u_sram|mem_bank1_rtl_0" 
        Info (286033): Parameter OPERATION_MODE set to DUAL_PORT
        Info (286033): Parameter WIDTH_A set to 64
        Info (286033): Parameter WIDTHAD_A set to 10
        Info (286033): Parameter NUMWORDS_A set to 1024
        Info (286033): Parameter WIDTH_B set to 64
        Info (286033): Parameter WIDTHAD_B set to 10
        Info (286033): Parameter NUMWORDS_B set to 1024
        Info (286033): Parameter ADDRESS_ACLR_A set to NONE
        Info (286033): Parameter OUTDATA_REG_B set to UNREGISTERED
        Info (286033): Parameter ADDRESS_ACLR_B set to NONE
        Info (286033): Parameter OUTDATA_ACLR_B set to NONE
        Info (286033): Parameter ADDRESS_REG_B set to CLOCK0
        Info (286033): Parameter INDATA_ACLR_A set to NONE
        Info (286033): Parameter WRCONTROL_ACLR_A set to NONE
        Info (286033): Parameter READ_DURING_WRITE_MODE_MIXED_PORTS set to OLD_DATA
        Info (286033): Parameter RDCONTROL_REG_B set to CLOCK0
Info (12130): Elaborated megafunction instantiation "sram_controller:u_sram|altsyncram:mem_bank0_rtl_0"
Info (12133): Instantiated megafunction "sram_controller:u_sram|altsyncram:mem_bank0_rtl_0" with the following parameter:
    Info (12134): Parameter "OPERATION_MODE" = "DUAL_PORT"
    Info (12134): Parameter "WIDTH_A" = "64"
    Info (12134): Parameter "WIDTHAD_A" = "10"
    Info (12134): Parameter "NUMWORDS_A" = "1024"
    Info (12134): Parameter "WIDTH_B" = "64"
    Info (12134): Parameter "WIDTHAD_B" = "10"
    Info (12134): Parameter "NUMWORDS_B" = "1024"
    Info (12134): Parameter "ADDRESS_ACLR_A" = "NONE"
    Info (12134): Parameter "OUTDATA_REG_B" = "UNREGISTERED"
    Info (12134): Parameter "ADDRESS_ACLR_B" = "NONE"
    Info (12134): Parameter "OUTDATA_ACLR_B" = "NONE"
    Info (12134): Parameter "ADDRESS_REG_B" = "CLOCK0"
    Info (12134): Parameter "INDATA_ACLR_A" = "NONE"
    Info (12134): Parameter "WRCONTROL_ACLR_A" = "NONE"
    Info (12134): Parameter "READ_DURING_WRITE_MODE_MIXED_PORTS" = "OLD_DATA"
    Info (12134): Parameter "RDCONTROL_REG_B" = "CLOCK0"
Info (12021): Found 1 design units, including 1 entities, in source file db/altsyncram_09q1.tdf
    Info (12023): Found entity 1: altsyncram_09q1 File: /home/raone/fpga-ai-accelerator/quartus/de10_standard/db/altsyncram_09q1.tdf Line: 28
Warning (13024): Output pins are stuck at VCC or GND
    Warning (13410): Pin "m_axis_tkeep[0]" is stuck at VCC File: /home/raone/fpga-ai-accelerator/rtl/inference_accelerator_top.sv Line: 53
    Warning (13410): Pin "m_axis_tkeep[1]" is stuck at VCC File: /home/raone/fpga-ai-accelerator/rtl/inference_accelerator_top.sv Line: 53
    Warning (13410): Pin "m_axis_tkeep[2]" is stuck at VCC File: /home/raone/fpga-ai-accelerator/rtl/inference_accelerator_top.sv Line: 53
    Warning (13410): Pin "m_axis_tkeep[3]" is stuck at VCC File: /home/raone/fpga-ai-accelerator/rtl/inference_accelerator_top.sv Line: 53
    Warning (13410): Pin "m_axis_tkeep[4]" is stuck at VCC File: /home/raone/fpga-ai-accelerator/rtl/inference_accelerator_top.sv Line: 53
    Warning (13410): Pin "m_axis_tkeep[5]" is stuck at VCC File: /home/raone/fpga-ai-accelerator/rtl/inference_accelerator_top.sv Line: 53
    Warning (13410): Pin "m_axis_tkeep[6]" is stuck at VCC File: /home/raone/fpga-ai-accelerator/rtl/inference_accelerator_top.sv Line: 53
    Warning (13410): Pin "m_axis_tkeep[7]" is stuck at VCC File: /home/raone/fpga-ai-accelerator/rtl/inference_accelerator_top.sv Line: 53
    Warning (13410): Pin "error_code[1]" is stuck at GND File: /home/raone/fpga-ai-accelerator/rtl/inference_accelerator_top.sv Line: 67
    Warning (13410): Pin "error_code[2]" is stuck at GND File: /home/raone/fpga-ai-accelerator/rtl/inference_accelerator_top.sv Line: 67
    Warning (13410): Pin "error_code[3]" is stuck at GND File: /home/raone/fpga-ai-accelerator/rtl/inference_accelerator_top.sv Line: 67
    Warning (13410): Pin "dbg_sram_bank_conflict" is stuck at GND File: /home/raone/fpga-ai-accelerator/rtl/inference_accelerator_top.sv Line: 73
Info (286030): Timing-Driven Synthesis is running
Info (17049): 4 registers lost all their fanouts during netlist optimizations.
Info (16010): Generating hard_block partition "hard_block:auto_generated_inst"
    Info (16011): Adding 0 node(s), including 0 DDIO, 0 PLL, 0 transceiver and 0 LCELL
Critical Warning (15725): clock port is fed by virtual pin "clk~input"; timing analysis treats input to the clock port as a ripple clock
Info (15717): Design contains 509 virtual pins; timing numbers associated with paths containing virtual pins are estimates
    Info (15719): Pin "busy" is virtual output pin File: /home/raone/fpga-ai-accelerator/rtl/inference_accelerator_top.sv Line: 36
    Info (15719): Pin "done" is virtual output pin File: /home/raone/fpga-ai-accelerator/rtl/inference_accelerator_top.sv Line: 37
    Info (15719): Pin "layer_desc_ready" is virtual output pin File: /home/raone/fpga-ai-accelerator/rtl/inference_accelerator_top.sv Line: 42
    Info (15718): Pin "s_axis_tkeep[0]" is virtual input pin File: /home/raone/fpga-ai-accelerator/rtl/inference_accelerator_top.sv Line: 46
    Info (15718): Pin "s_axis_tkeep[1]" is virtual input pin File: /home/raone/fpga-ai-accelerator/rtl/inference_accelerator_top.sv Line: 46
    Info (15718): Pin "s_axis_tkeep[2]" is virtual input pin File: /home/raone/fpga-ai-accelerator/rtl/inference_accelerator_top.sv Line: 46
    Info (15718): Pin "s_axis_tkeep[3]" is virtual input pin File: /home/raone/fpga-ai-accelerator/rtl/inference_accelerator_top.sv Line: 46
    Info (15718): Pin "s_axis_tkeep[4]" is virtual input pin File: /home/raone/fpga-ai-accelerator/rtl/inference_accelerator_top.sv Line: 46
    Info (15718): Pin "s_axis_tkeep[5]" is virtual input pin File: /home/raone/fpga-ai-accelerator/rtl/inference_accelerator_top.sv Line: 46
    Info (15718): Pin "s_axis_tkeep[6]" is virtual input pin File: /home/raone/fpga-ai-accelerator/rtl/inference_accelerator_top.sv Line: 46
    Info (15718): Pin "s_axis_tkeep[7]" is virtual input pin File: /home/raone/fpga-ai-accelerator/rtl/inference_accelerator_top.sv Line: 46
    Info (15719): Pin "s_axis_tready" is virtual output pin File: /home/raone/fpga-ai-accelerator/rtl/inference_accelerator_top.sv Line: 48
    Info (15719): Pin "m_axis_tdata[0]" is virtual output pin File: /home/raone/fpga-ai-accelerator/rtl/inference_accelerator_top.sv Line: 52
    Info (15719): Pin "m_axis_tdata[1]" is virtual output pin File: /home/raone/fpga-ai-accelerator/rtl/inference_accelerator_top.sv Line: 52
    Info (15719): Pin "m_axis_tdata[2]" is virtual output pin File: /home/raone/fpga-ai-accelerator/rtl/inference_accelerator_top.sv Line: 52
    Info (15719): Pin "m_axis_tdata[3]" is virtual output pin File: /home/raone/fpga-ai-accelerator/rtl/inference_accelerator_top.sv Line: 52
    Info (15719): Pin "m_axis_tdata[4]" is virtual output pin File: /home/raone/fpga-ai-accelerator/rtl/inference_accelerator_top.sv Line: 52
    Info (15719): Pin "m_axis_tdata[5]" is virtual output pin File: /home/raone/fpga-ai-accelerator/rtl/inference_accelerator_top.sv Line: 52
    Info (15719): Pin "m_axis_tdata[6]" is virtual output pin File: /home/raone/fpga-ai-accelerator/rtl/inference_accelerator_top.sv Line: 52
    Info (15719): Pin "m_axis_tdata[7]" is virtual output pin File: /home/raone/fpga-ai-accelerator/rtl/inference_accelerator_top.sv Line: 52
    Info (15719): Pin "m_axis_tdata[8]" is virtual output pin File: /home/raone/fpga-ai-accelerator/rtl/inference_accelerator_top.sv Line: 52
    Info (15719): Pin "m_axis_tdata[9]" is virtual output pin File: /home/raone/fpga-ai-accelerator/rtl/inference_accelerator_top.sv Line: 52
    Info (15719): Pin "m_axis_tdata[10]" is virtual output pin File: /home/raone/fpga-ai-accelerator/rtl/inference_accelerator_top.sv Line: 52
    Info (15719): Pin "m_axis_tdata[11]" is virtual output pin File: /home/raone/fpga-ai-accelerator/rtl/inference_accelerator_top.sv Line: 52
    Info (15719): Pin "m_axis_tdata[12]" is virtual output pin File: /home/raone/fpga-ai-accelerator/rtl/inference_accelerator_top.sv Line: 52
    Info (15719): Pin "m_axis_tdata[13]" is virtual output pin File: /home/raone/fpga-ai-accelerator/rtl/inference_accelerator_top.sv Line: 52
    Info (15719): Pin "m_axis_tdata[14]" is virtual output pin File: /home/raone/fpga-ai-accelerator/rtl/inference_accelerator_top.sv Line: 52
    Info (15719): Pin "m_axis_tdata[15]" is virtual output pin File: /home/raone/fpga-ai-accelerator/rtl/inference_accelerator_top.sv Line: 52
    Info (15719): Pin "m_axis_tdata[16]" is virtual output pin File: /home/raone/fpga-ai-accelerator/rtl/inference_accelerator_top.sv Line: 52
    Info (15719): Pin "m_axis_tdata[17]" is virtual output pin File: /home/raone/fpga-ai-accelerator/rtl/inference_accelerator_top.sv Line: 52
    Info (15719): Pin "m_axis_tdata[18]" is virtual output pin File: /home/raone/fpga-ai-accelerator/rtl/inference_accelerator_top.sv Line: 52
    Info (15719): Pin "m_axis_tdata[19]" is virtual output pin File: /home/raone/fpga-ai-accelerator/rtl/inference_accelerator_top.sv Line: 52
    Info (15719): Pin "m_axis_tdata[20]" is virtual output pin File: /home/raone/fpga-ai-accelerator/rtl/inference_accelerator_top.sv Line: 52
    Info (15719): Pin "m_axis_tdata[21]" is virtual output pin File: /home/raone/fpga-ai-accelerator/rtl/inference_accelerator_top.sv Line: 52
    Info (15719): Pin "m_axis_tdata[22]" is virtual output pin File: /home/raone/fpga-ai-accelerator/rtl/inference_accelerator_top.sv Line: 52
    Info (15719): Pin "m_axis_tdata[23]" is virtual output pin File: /home/raone/fpga-ai-accelerator/rtl/inference_accelerator_top.sv Line: 52
    Info (15719): Pin "m_axis_tdata[24]" is virtual output pin File: /home/raone/fpga-ai-accelerator/rtl/inference_accelerator_top.sv Line: 52
    Info (15719): Pin "m_axis_tdata[25]" is virtual output pin File: /home/raone/fpga-ai-accelerator/rtl/inference_accelerator_top.sv Line: 52
    Info (15719): Pin "m_axis_tdata[26]" is virtual output pin File: /home/raone/fpga-ai-accelerator/rtl/inference_accelerator_top.sv Line: 52
    Info (15719): Pin "m_axis_tdata[27]" is virtual output pin File: /home/raone/fpga-ai-accelerator/rtl/inference_accelerator_top.sv Line: 52
    Info (15719): Pin "m_axis_tdata[28]" is virtual output pin File: /home/raone/fpga-ai-accelerator/rtl/inference_accelerator_top.sv Line: 52
    Info (15719): Pin "m_axis_tdata[29]" is virtual output pin File: /home/raone/fpga-ai-accelerator/rtl/inference_accelerator_top.sv Line: 52
    Info (15719): Pin "m_axis_tdata[30]" is virtual output pin File: /home/raone/fpga-ai-accelerator/rtl/inference_accelerator_top.sv Line: 52
    Info (15719): Pin "m_axis_tdata[31]" is virtual output pin File: /home/raone/fpga-ai-accelerator/rtl/inference_accelerator_top.sv Line: 52
    Info (15719): Pin "m_axis_tdata[32]" is virtual output pin File: /home/raone/fpga-ai-accelerator/rtl/inference_accelerator_top.sv Line: 52
    Info (15719): Pin "m_axis_tdata[33]" is virtual output pin File: /home/raone/fpga-ai-accelerator/rtl/inference_accelerator_top.sv Line: 52
    Info (15719): Pin "m_axis_tdata[34]" is virtual output pin File: /home/raone/fpga-ai-accelerator/rtl/inference_accelerator_top.sv Line: 52
    Info (15719): Pin "m_axis_tdata[35]" is virtual output pin File: /home/raone/fpga-ai-accelerator/rtl/inference_accelerator_top.sv Line: 52
    Info (15719): Pin "m_axis_tdata[36]" is virtual output pin File: /home/raone/fpga-ai-accelerator/rtl/inference_accelerator_top.sv Line: 52
    Info (15719): Pin "m_axis_tdata[37]" is virtual output pin File: /home/raone/fpga-ai-accelerator/rtl/inference_accelerator_top.sv Line: 52
    Info (15719): Pin "m_axis_tdata[38]" is virtual output pin File: /home/raone/fpga-ai-accelerator/rtl/inference_accelerator_top.sv Line: 52
    Info (15719): Pin "m_axis_tdata[39]" is virtual output pin File: /home/raone/fpga-ai-accelerator/rtl/inference_accelerator_top.sv Line: 52
    Info (15719): Pin "m_axis_tdata[40]" is virtual output pin File: /home/raone/fpga-ai-accelerator/rtl/inference_accelerator_top.sv Line: 52
    Info (15719): Pin "m_axis_tdata[41]" is virtual output pin File: /home/raone/fpga-ai-accelerator/rtl/inference_accelerator_top.sv Line: 52
    Info (15719): Pin "m_axis_tdata[42]" is virtual output pin File: /home/raone/fpga-ai-accelerator/rtl/inference_accelerator_top.sv Line: 52
    Info (15719): Pin "m_axis_tdata[43]" is virtual output pin File: /home/raone/fpga-ai-accelerator/rtl/inference_accelerator_top.sv Line: 52
    Info (15719): Pin "m_axis_tdata[44]" is virtual output pin File: /home/raone/fpga-ai-accelerator/rtl/inference_accelerator_top.sv Line: 52
    Info (15719): Pin "m_axis_tdata[45]" is virtual output pin File: /home/raone/fpga-ai-accelerator/rtl/inference_accelerator_top.sv Line: 52
    Info (15719): Pin "m_axis_tdata[46]" is virtual output pin File: /home/raone/fpga-ai-accelerator/rtl/inference_accelerator_top.sv Line: 52
    Info (15719): Pin "m_axis_tdata[47]" is virtual output pin File: /home/raone/fpga-ai-accelerator/rtl/inference_accelerator_top.sv Line: 52
    Info (15719): Pin "m_axis_tdata[48]" is virtual output pin File: /home/raone/fpga-ai-accelerator/rtl/inference_accelerator_top.sv Line: 52
    Info (15719): Pin "m_axis_tdata[49]" is virtual output pin File: /home/raone/fpga-ai-accelerator/rtl/inference_accelerator_top.sv Line: 52
    Info (15719): Pin "m_axis_tdata[50]" is virtual output pin File: /home/raone/fpga-ai-accelerator/rtl/inference_accelerator_top.sv Line: 52
    Info (15719): Pin "m_axis_tdata[51]" is virtual output pin File: /home/raone/fpga-ai-accelerator/rtl/inference_accelerator_top.sv Line: 52
    Info (15719): Pin "m_axis_tdata[52]" is virtual output pin File: /home/raone/fpga-ai-accelerator/rtl/inference_accelerator_top.sv Line: 52
    Info (15719): Pin "m_axis_tdata[53]" is virtual output pin File: /home/raone/fpga-ai-accelerator/rtl/inference_accelerator_top.sv Line: 52
    Info (15719): Pin "m_axis_tdata[54]" is virtual output pin File: /home/raone/fpga-ai-accelerator/rtl/inference_accelerator_top.sv Line: 52
    Info (15719): Pin "m_axis_tdata[55]" is virtual output pin File: /home/raone/fpga-ai-accelerator/rtl/inference_accelerator_top.sv Line: 52
    Info (15719): Pin "m_axis_tdata[56]" is virtual output pin File: /home/raone/fpga-ai-accelerator/rtl/inference_accelerator_top.sv Line: 52
    Info (15719): Pin "m_axis_tdata[57]" is virtual output pin File: /home/raone/fpga-ai-accelerator/rtl/inference_accelerator_top.sv Line: 52
    Info (15719): Pin "m_axis_tdata[58]" is virtual output pin File: /home/raone/fpga-ai-accelerator/rtl/inference_accelerator_top.sv Line: 52
    Info (15719): Pin "m_axis_tdata[59]" is virtual output pin File: /home/raone/fpga-ai-accelerator/rtl/inference_accelerator_top.sv Line: 52
    Info (15719): Pin "m_axis_tdata[60]" is virtual output pin File: /home/raone/fpga-ai-accelerator/rtl/inference_accelerator_top.sv Line: 52
    Info (15719): Pin "m_axis_tdata[61]" is virtual output pin File: /home/raone/fpga-ai-accelerator/rtl/inference_accelerator_top.sv Line: 52
    Info (15719): Pin "m_axis_tdata[62]" is virtual output pin File: /home/raone/fpga-ai-accelerator/rtl/inference_accelerator_top.sv Line: 52
    Info (15719): Pin "m_axis_tdata[63]" is virtual output pin File: /home/raone/fpga-ai-accelerator/rtl/inference_accelerator_top.sv Line: 52
    Info (15719): Pin "m_axis_tkeep[0]" is virtual output pin File: /home/raone/fpga-ai-accelerator/rtl/inference_accelerator_top.sv Line: 53
    Info (15719): Pin "m_axis_tkeep[1]" is virtual output pin File: /home/raone/fpga-ai-accelerator/rtl/inference_accelerator_top.sv Line: 53
    Info (15719): Pin "m_axis_tkeep[2]" is virtual output pin File: /home/raone/fpga-ai-accelerator/rtl/inference_accelerator_top.sv Line: 53
    Info (15719): Pin "m_axis_tkeep[3]" is virtual output pin File: /home/raone/fpga-ai-accelerator/rtl/inference_accelerator_top.sv Line: 53
    Info (15719): Pin "m_axis_tkeep[4]" is virtual output pin File: /home/raone/fpga-ai-accelerator/rtl/inference_accelerator_top.sv Line: 53
    Info (15719): Pin "m_axis_tkeep[5]" is virtual output pin File: /home/raone/fpga-ai-accelerator/rtl/inference_accelerator_top.sv Line: 53
    Info (15719): Pin "m_axis_tkeep[6]" is virtual output pin File: /home/raone/fpga-ai-accelerator/rtl/inference_accelerator_top.sv Line: 53
    Info (15719): Pin "m_axis_tkeep[7]" is virtual output pin File: /home/raone/fpga-ai-accelerator/rtl/inference_accelerator_top.sv Line: 53
    Info (15719): Pin "m_axis_tvalid" is virtual output pin File: /home/raone/fpga-ai-accelerator/rtl/inference_accelerator_top.sv Line: 54
    Info (15719): Pin "m_axis_tlast" is virtual output pin File: /home/raone/fpga-ai-accelerator/rtl/inference_accelerator_top.sv Line: 56
    Info (15719): Pin "current_state[0]" is virtual output pin File: /home/raone/fpga-ai-accelerator/rtl/inference_accelerator_top.sv Line: 65
    Info (15719): Pin "current_state[1]" is virtual output pin File: /home/raone/fpga-ai-accelerator/rtl/inference_accelerator_top.sv Line: 65
    Info (15719): Pin "current_state[2]" is virtual output pin File: /home/raone/fpga-ai-accelerator/rtl/inference_accelerator_top.sv Line: 65
    Info (15719): Pin "current_state[3]" is virtual output pin File: /home/raone/fpga-ai-accelerator/rtl/inference_accelerator_top.sv Line: 65
    Info (15719): Pin "error_flag" is virtual output pin File: /home/raone/fpga-ai-accelerator/rtl/inference_accelerator_top.sv Line: 66
    Info (15719): Pin "error_code[0]" is virtual output pin File: /home/raone/fpga-ai-accelerator/rtl/inference_accelerator_top.sv Line: 67
    Info (15719): Pin "error_code[1]" is virtual output pin File: /home/raone/fpga-ai-accelerator/rtl/inference_accelerator_top.sv Line: 67
    Info (15719): Pin "error_code[2]" is virtual output pin File: /home/raone/fpga-ai-accelerator/rtl/inference_accelerator_top.sv Line: 67
    Info (15719): Pin "error_code[3]" is virtual output pin File: /home/raone/fpga-ai-accelerator/rtl/inference_accelerator_top.sv Line: 67
    Info (15719): Pin "any_overflow" is virtual output pin File: /home/raone/fpga-ai-accelerator/rtl/inference_accelerator_top.sv Line: 68
    Info (15719): Pin "perf_counters[7][0]" is virtual output pin File: /home/raone/fpga-ai-accelerator/rtl/inference_accelerator_top.sv Line: 69
    Info (15719): Pin "perf_counters[7][1]" is virtual output pin File: /home/raone/fpga-ai-accelerator/rtl/inference_accelerator_top.sv Line: 69
    Info (15719): Pin "perf_counters[7][2]" is virtual output pin File: /home/raone/fpga-ai-accelerator/rtl/inference_accelerator_top.sv Line: 69
    Info (15719): Pin "perf_counters[7][3]" is virtual output pin File: /home/raone/fpga-ai-accelerator/rtl/inference_accelerator_top.sv Line: 69
    Info (15719): Pin "perf_counters[7][4]" is virtual output pin File: /home/raone/fpga-ai-accelerator/rtl/inference_accelerator_top.sv Line: 69
    Info (15719): Pin "perf_counters[7][5]" is virtual output pin File: /home/raone/fpga-ai-accelerator/rtl/inference_accelerator_top.sv Line: 69
    Info (15719): Pin "perf_counters[7][6]" is virtual output pin File: /home/raone/fpga-ai-accelerator/rtl/inference_accelerator_top.sv Line: 69
    Info (15719): Pin "perf_counters[7][7]" is virtual output pin File: /home/raone/fpga-ai-accelerator/rtl/inference_accelerator_top.sv Line: 69
    Info (15719): Pin "perf_counters[7][8]" is virtual output pin File: /home/raone/fpga-ai-accelerator/rtl/inference_accelerator_top.sv Line: 69
    Info (15719): Pin "perf_counters[7][9]" is virtual output pin File: /home/raone/fpga-ai-accelerator/rtl/inference_accelerator_top.sv Line: 69
    Info (15719): Pin "perf_counters[7][10]" is virtual output pin File: /home/raone/fpga-ai-accelerator/rtl/inference_accelerator_top.sv Line: 69
    Info (15719): Pin "perf_counters[7][11]" is virtual output pin File: /home/raone/fpga-ai-accelerator/rtl/inference_accelerator_top.sv Line: 69
    Info (15719): Pin "perf_counters[7][12]" is virtual output pin File: /home/raone/fpga-ai-accelerator/rtl/inference_accelerator_top.sv Line: 69
    Info (15719): Pin "perf_counters[7][13]" is virtual output pin File: /home/raone/fpga-ai-accelerator/rtl/inference_accelerator_top.sv Line: 69
    Info (15719): Pin "perf_counters[7][14]" is virtual output pin File: /home/raone/fpga-ai-accelerator/rtl/inference_accelerator_top.sv Line: 69
    Info (15719): Pin "perf_counters[7][15]" is virtual output pin File: /home/raone/fpga-ai-accelerator/rtl/inference_accelerator_top.sv Line: 69
    Info (15719): Pin "perf_counters[7][16]" is virtual output pin File: /home/raone/fpga-ai-accelerator/rtl/inference_accelerator_top.sv Line: 69
    Info (15719): Pin "perf_counters[7][17]" is virtual output pin File: /home/raone/fpga-ai-accelerator/rtl/inference_accelerator_top.sv Line: 69
    Info (15719): Pin "perf_counters[7][18]" is virtual output pin File: /home/raone/fpga-ai-accelerator/rtl/inference_accelerator_top.sv Line: 69
    Info (15719): Pin "perf_counters[7][19]" is virtual output pin File: /home/raone/fpga-ai-accelerator/rtl/inference_accelerator_top.sv Line: 69
    Info (15719): Pin "perf_counters[7][20]" is virtual output pin File: /home/raone/fpga-ai-accelerator/rtl/inference_accelerator_top.sv Line: 69
    Info (15719): Pin "perf_counters[7][21]" is virtual output pin File: /home/raone/fpga-ai-accelerator/rtl/inference_accelerator_top.sv Line: 69
    Info (15719): Pin "perf_counters[7][22]" is virtual output pin File: /home/raone/fpga-ai-accelerator/rtl/inference_accelerator_top.sv Line: 69
    Info (15719): Pin "perf_counters[7][23]" is virtual output pin File: /home/raone/fpga-ai-accelerator/rtl/inference_accelerator_top.sv Line: 69
    Info (15719): Pin "perf_counters[7][24]" is virtual output pin File: /home/raone/fpga-ai-accelerator/rtl/inference_accelerator_top.sv Line: 69
    Info (15719): Pin "perf_counters[7][25]" is virtual output pin File: /home/raone/fpga-ai-accelerator/rtl/inference_accelerator_top.sv Line: 69
    Info (15719): Pin "perf_counters[7][26]" is virtual output pin File: /home/raone/fpga-ai-accelerator/rtl/inference_accelerator_top.sv Line: 69
    Info (15719): Pin "perf_counters[7][27]" is virtual output pin File: /home/raone/fpga-ai-accelerator/rtl/inference_accelerator_top.sv Line: 69
    Info (15719): Pin "perf_counters[7][28]" is virtual output pin File: /home/raone/fpga-ai-accelerator/rtl/inference_accelerator_top.sv Line: 69
    Info (15719): Pin "perf_counters[7][29]" is virtual output pin File: /home/raone/fpga-ai-accelerator/rtl/inference_accelerator_top.sv Line: 69
    Info (15719): Pin "perf_counters[7][30]" is virtual output pin File: /home/raone/fpga-ai-accelerator/rtl/inference_accelerator_top.sv Line: 69
    Info (15719): Pin "perf_counters[7][31]" is virtual output pin File: /home/raone/fpga-ai-accelerator/rtl/inference_accelerator_top.sv Line: 69
    Info (15719): Pin "perf_counters[6][0]" is virtual output pin File: /home/raone/fpga-ai-accelerator/rtl/inference_accelerator_top.sv Line: 69
    Info (15719): Pin "perf_counters[6][1]" is virtual output pin File: /home/raone/fpga-ai-accelerator/rtl/inference_accelerator_top.sv Line: 69
    Info (15719): Pin "perf_counters[6][2]" is virtual output pin File: /home/raone/fpga-ai-accelerator/rtl/inference_accelerator_top.sv Line: 69
    Info (15719): Pin "perf_counters[6][3]" is virtual output pin File: /home/raone/fpga-ai-accelerator/rtl/inference_accelerator_top.sv Line: 69
    Info (15719): Pin "perf_counters[6][4]" is virtual output pin File: /home/raone/fpga-ai-accelerator/rtl/inference_accelerator_top.sv Line: 69
    Info (15719): Pin "perf_counters[6][5]" is virtual output pin File: /home/raone/fpga-ai-accelerator/rtl/inference_accelerator_top.sv Line: 69
    Info (15719): Pin "perf_counters[6][6]" is virtual output pin File: /home/raone/fpga-ai-accelerator/rtl/inference_accelerator_top.sv Line: 69
    Info (15719): Pin "perf_counters[6][7]" is virtual output pin File: /home/raone/fpga-ai-accelerator/rtl/inference_accelerator_top.sv Line: 69
    Info (15719): Pin "perf_counters[6][8]" is virtual output pin File: /home/raone/fpga-ai-accelerator/rtl/inference_accelerator_top.sv Line: 69
    Info (15719): Pin "perf_counters[6][9]" is virtual output pin File: /home/raone/fpga-ai-accelerator/rtl/inference_accelerator_top.sv Line: 69
    Info (15719): Pin "perf_counters[6][10]" is virtual output pin File: /home/raone/fpga-ai-accelerator/rtl/inference_accelerator_top.sv Line: 69
    Info (15719): Pin "perf_counters[6][11]" is virtual output pin File: /home/raone/fpga-ai-accelerator/rtl/inference_accelerator_top.sv Line: 69
    Info (15719): Pin "perf_counters[6][12]" is virtual output pin File: /home/raone/fpga-ai-accelerator/rtl/inference_accelerator_top.sv Line: 69
    Info (15719): Pin "perf_counters[6][13]" is virtual output pin File: /home/raone/fpga-ai-accelerator/rtl/inference_accelerator_top.sv Line: 69
    Info (15719): Pin "perf_counters[6][14]" is virtual output pin File: /home/raone/fpga-ai-accelerator/rtl/inference_accelerator_top.sv Line: 69
    Info (15719): Pin "perf_counters[6][15]" is virtual output pin File: /home/raone/fpga-ai-accelerator/rtl/inference_accelerator_top.sv Line: 69
    Info (15719): Pin "perf_counters[6][16]" is virtual output pin File: /home/raone/fpga-ai-accelerator/rtl/inference_accelerator_top.sv Line: 69
    Info (15719): Pin "perf_counters[6][17]" is virtual output pin File: /home/raone/fpga-ai-accelerator/rtl/inference_accelerator_top.sv Line: 69
    Info (15719): Pin "perf_counters[6][18]" is virtual output pin File: /home/raone/fpga-ai-accelerator/rtl/inference_accelerator_top.sv Line: 69
    Info (15719): Pin "perf_counters[6][19]" is virtual output pin File: /home/raone/fpga-ai-accelerator/rtl/inference_accelerator_top.sv Line: 69
    Info (15719): Pin "perf_counters[6][20]" is virtual output pin File: /home/raone/fpga-ai-accelerator/rtl/inference_accelerator_top.sv Line: 69
    Info (15719): Pin "perf_counters[6][21]" is virtual output pin File: /home/raone/fpga-ai-accelerator/rtl/inference_accelerator_top.sv Line: 69
    Info (15719): Pin "perf_counters[6][22]" is virtual output pin File: /home/raone/fpga-ai-accelerator/rtl/inference_accelerator_top.sv Line: 69
    Info (15719): Pin "perf_counters[6][23]" is virtual output pin File: /home/raone/fpga-ai-accelerator/rtl/inference_accelerator_top.sv Line: 69
    Info (15719): Pin "perf_counters[6][24]" is virtual output pin File: /home/raone/fpga-ai-accelerator/rtl/inference_accelerator_top.sv Line: 69
    Info (15719): Pin "perf_counters[6][25]" is virtual output pin File: /home/raone/fpga-ai-accelerator/rtl/inference_accelerator_top.sv Line: 69
    Info (15719): Pin "perf_counters[6][26]" is virtual output pin File: /home/raone/fpga-ai-accelerator/rtl/inference_accelerator_top.sv Line: 69
    Info (15719): Pin "perf_counters[6][27]" is virtual output pin File: /home/raone/fpga-ai-accelerator/rtl/inference_accelerator_top.sv Line: 69
    Info (15719): Pin "perf_counters[6][28]" is virtual output pin File: /home/raone/fpga-ai-accelerator/rtl/inference_accelerator_top.sv Line: 69
    Info (15719): Pin "perf_counters[6][29]" is virtual output pin File: /home/raone/fpga-ai-accelerator/rtl/inference_accelerator_top.sv Line: 69
    Info (15719): Pin "perf_counters[6][30]" is virtual output pin File: /home/raone/fpga-ai-accelerator/rtl/inference_accelerator_top.sv Line: 69
    Info (15719): Pin "perf_counters[6][31]" is virtual output pin File: /home/raone/fpga-ai-accelerator/rtl/inference_accelerator_top.sv Line: 69
    Info (15719): Pin "perf_counters[5][0]" is virtual output pin File: /home/raone/fpga-ai-accelerator/rtl/inference_accelerator_top.sv Line: 69
    Info (15719): Pin "perf_counters[5][1]" is virtual output pin File: /home/raone/fpga-ai-accelerator/rtl/inference_accelerator_top.sv Line: 69
    Info (15719): Pin "perf_counters[5][2]" is virtual output pin File: /home/raone/fpga-ai-accelerator/rtl/inference_accelerator_top.sv Line: 69
    Info (15719): Pin "perf_counters[5][3]" is virtual output pin File: /home/raone/fpga-ai-accelerator/rtl/inference_accelerator_top.sv Line: 69
    Info (15719): Pin "perf_counters[5][4]" is virtual output pin File: /home/raone/fpga-ai-accelerator/rtl/inference_accelerator_top.sv Line: 69
    Info (15719): Pin "perf_counters[5][5]" is virtual output pin File: /home/raone/fpga-ai-accelerator/rtl/inference_accelerator_top.sv Line: 69
    Info (15719): Pin "perf_counters[5][6]" is virtual output pin File: /home/raone/fpga-ai-accelerator/rtl/inference_accelerator_top.sv Line: 69
    Info (15719): Pin "perf_counters[5][7]" is virtual output pin File: /home/raone/fpga-ai-accelerator/rtl/inference_accelerator_top.sv Line: 69
    Info (15719): Pin "perf_counters[5][8]" is virtual output pin File: /home/raone/fpga-ai-accelerator/rtl/inference_accelerator_top.sv Line: 69
    Info (15719): Pin "perf_counters[5][9]" is virtual output pin File: /home/raone/fpga-ai-accelerator/rtl/inference_accelerator_top.sv Line: 69
    Info (15719): Pin "perf_counters[5][10]" is virtual output pin File: /home/raone/fpga-ai-accelerator/rtl/inference_accelerator_top.sv Line: 69
    Info (15719): Pin "perf_counters[5][11]" is virtual output pin File: /home/raone/fpga-ai-accelerator/rtl/inference_accelerator_top.sv Line: 69
    Info (15719): Pin "perf_counters[5][12]" is virtual output pin File: /home/raone/fpga-ai-accelerator/rtl/inference_accelerator_top.sv Line: 69
    Info (15719): Pin "perf_counters[5][13]" is virtual output pin File: /home/raone/fpga-ai-accelerator/rtl/inference_accelerator_top.sv Line: 69
    Info (15719): Pin "perf_counters[5][14]" is virtual output pin File: /home/raone/fpga-ai-accelerator/rtl/inference_accelerator_top.sv Line: 69
    Info (15719): Pin "perf_counters[5][15]" is virtual output pin File: /home/raone/fpga-ai-accelerator/rtl/inference_accelerator_top.sv Line: 69
    Info (15719): Pin "perf_counters[5][16]" is virtual output pin File: /home/raone/fpga-ai-accelerator/rtl/inference_accelerator_top.sv Line: 69
    Info (15719): Pin "perf_counters[5][17]" is virtual output pin File: /home/raone/fpga-ai-accelerator/rtl/inference_accelerator_top.sv Line: 69
    Info (15719): Pin "perf_counters[5][18]" is virtual output pin File: /home/raone/fpga-ai-accelerator/rtl/inference_accelerator_top.sv Line: 69
    Info (15719): Pin "perf_counters[5][19]" is virtual output pin File: /home/raone/fpga-ai-accelerator/rtl/inference_accelerator_top.sv Line: 69
    Info (15719): Pin "perf_counters[5][20]" is virtual output pin File: /home/raone/fpga-ai-accelerator/rtl/inference_accelerator_top.sv Line: 69
    Info (15719): Pin "perf_counters[5][21]" is virtual output pin File: /home/raone/fpga-ai-accelerator/rtl/inference_accelerator_top.sv Line: 69
    Info (15719): Pin "perf_counters[5][22]" is virtual output pin File: /home/raone/fpga-ai-accelerator/rtl/inference_accelerator_top.sv Line: 69
    Info (15719): Pin "perf_counters[5][23]" is virtual output pin File: /home/raone/fpga-ai-accelerator/rtl/inference_accelerator_top.sv Line: 69
    Info (15719): Pin "perf_counters[5][24]" is virtual output pin File: /home/raone/fpga-ai-accelerator/rtl/inference_accelerator_top.sv Line: 69
    Info (15719): Pin "perf_counters[5][25]" is virtual output pin File: /home/raone/fpga-ai-accelerator/rtl/inference_accelerator_top.sv Line: 69
    Info (15719): Pin "perf_counters[5][26]" is virtual output pin File: /home/raone/fpga-ai-accelerator/rtl/inference_accelerator_top.sv Line: 69
    Info (15719): Pin "perf_counters[5][27]" is virtual output pin File: /home/raone/fpga-ai-accelerator/rtl/inference_accelerator_top.sv Line: 69
    Info (15719): Pin "perf_counters[5][28]" is virtual output pin File: /home/raone/fpga-ai-accelerator/rtl/inference_accelerator_top.sv Line: 69
    Info (15719): Pin "perf_counters[5][29]" is virtual output pin File: /home/raone/fpga-ai-accelerator/rtl/inference_accelerator_top.sv Line: 69
    Info (15719): Pin "perf_counters[5][30]" is virtual output pin File: /home/raone/fpga-ai-accelerator/rtl/inference_accelerator_top.sv Line: 69
    Info (15719): Pin "perf_counters[5][31]" is virtual output pin File: /home/raone/fpga-ai-accelerator/rtl/inference_accelerator_top.sv Line: 69
    Info (15719): Pin "perf_counters[4][0]" is virtual output pin File: /home/raone/fpga-ai-accelerator/rtl/inference_accelerator_top.sv Line: 69
    Info (15719): Pin "perf_counters[4][1]" is virtual output pin File: /home/raone/fpga-ai-accelerator/rtl/inference_accelerator_top.sv Line: 69
    Info (15719): Pin "perf_counters[4][2]" is virtual output pin File: /home/raone/fpga-ai-accelerator/rtl/inference_accelerator_top.sv Line: 69
    Info (15719): Pin "perf_counters[4][3]" is virtual output pin File: /home/raone/fpga-ai-accelerator/rtl/inference_accelerator_top.sv Line: 69
    Info (15719): Pin "perf_counters[4][4]" is virtual output pin File: /home/raone/fpga-ai-accelerator/rtl/inference_accelerator_top.sv Line: 69
    Info (15719): Pin "perf_counters[4][5]" is virtual output pin File: /home/raone/fpga-ai-accelerator/rtl/inference_accelerator_top.sv Line: 69
    Info (15719): Pin "perf_counters[4][6]" is virtual output pin File: /home/raone/fpga-ai-accelerator/rtl/inference_accelerator_top.sv Line: 69
    Info (15719): Pin "perf_counters[4][7]" is virtual output pin File: /home/raone/fpga-ai-accelerator/rtl/inference_accelerator_top.sv Line: 69
    Info (15719): Pin "perf_counters[4][8]" is virtual output pin File: /home/raone/fpga-ai-accelerator/rtl/inference_accelerator_top.sv Line: 69
    Info (15719): Pin "perf_counters[4][9]" is virtual output pin File: /home/raone/fpga-ai-accelerator/rtl/inference_accelerator_top.sv Line: 69
    Info (15719): Pin "perf_counters[4][10]" is virtual output pin File: /home/raone/fpga-ai-accelerator/rtl/inference_accelerator_top.sv Line: 69
    Info (15719): Pin "perf_counters[4][11]" is virtual output pin File: /home/raone/fpga-ai-accelerator/rtl/inference_accelerator_top.sv Line: 69
    Info (15719): Pin "perf_counters[4][12]" is virtual output pin File: /home/raone/fpga-ai-accelerator/rtl/inference_accelerator_top.sv Line: 69
    Info (15719): Pin "perf_counters[4][13]" is virtual output pin File: /home/raone/fpga-ai-accelerator/rtl/inference_accelerator_top.sv Line: 69
    Info (15719): Pin "perf_counters[4][14]" is virtual output pin File: /home/raone/fpga-ai-accelerator/rtl/inference_accelerator_top.sv Line: 69
    Info (15719): Pin "perf_counters[4][15]" is virtual output pin File: /home/raone/fpga-ai-accelerator/rtl/inference_accelerator_top.sv Line: 69
    Info (15719): Pin "perf_counters[4][16]" is virtual output pin File: /home/raone/fpga-ai-accelerator/rtl/inference_accelerator_top.sv Line: 69
    Info (15719): Pin "perf_counters[4][17]" is virtual output pin File: /home/raone/fpga-ai-accelerator/rtl/inference_accelerator_top.sv Line: 69
    Info (15719): Pin "perf_counters[4][18]" is virtual output pin File: /home/raone/fpga-ai-accelerator/rtl/inference_accelerator_top.sv Line: 69
    Info (15719): Pin "perf_counters[4][19]" is virtual output pin File: /home/raone/fpga-ai-accelerator/rtl/inference_accelerator_top.sv Line: 69
    Info (15719): Pin "perf_counters[4][20]" is virtual output pin File: /home/raone/fpga-ai-accelerator/rtl/inference_accelerator_top.sv Line: 69
    Info (15719): Pin "perf_counters[4][21]" is virtual output pin File: /home/raone/fpga-ai-accelerator/rtl/inference_accelerator_top.sv Line: 69
    Info (15719): Pin "perf_counters[4][22]" is virtual output pin File: /home/raone/fpga-ai-accelerator/rtl/inference_accelerator_top.sv Line: 69
    Info (15719): Pin "perf_counters[4][23]" is virtual output pin File: /home/raone/fpga-ai-accelerator/rtl/inference_accelerator_top.sv Line: 69
    Info (15719): Pin "perf_counters[4][24]" is virtual output pin File: /home/raone/fpga-ai-accelerator/rtl/inference_accelerator_top.sv Line: 69
    Info (15719): Pin "perf_counters[4][25]" is virtual output pin File: /home/raone/fpga-ai-accelerator/rtl/inference_accelerator_top.sv Line: 69
    Info (15719): Pin "perf_counters[4][26]" is virtual output pin File: /home/raone/fpga-ai-accelerator/rtl/inference_accelerator_top.sv Line: 69
    Info (15719): Pin "perf_counters[4][27]" is virtual output pin File: /home/raone/fpga-ai-accelerator/rtl/inference_accelerator_top.sv Line: 69
    Info (15719): Pin "perf_counters[4][28]" is virtual output pin File: /home/raone/fpga-ai-accelerator/rtl/inference_accelerator_top.sv Line: 69
    Info (15719): Pin "perf_counters[4][29]" is virtual output pin File: /home/raone/fpga-ai-accelerator/rtl/inference_accelerator_top.sv Line: 69
    Info (15719): Pin "perf_counters[4][30]" is virtual output pin File: /home/raone/fpga-ai-accelerator/rtl/inference_accelerator_top.sv Line: 69
    Info (15719): Pin "perf_counters[4][31]" is virtual output pin File: /home/raone/fpga-ai-accelerator/rtl/inference_accelerator_top.sv Line: 69
    Info (15719): Pin "perf_counters[3][0]" is virtual output pin File: /home/raone/fpga-ai-accelerator/rtl/inference_accelerator_top.sv Line: 69
    Info (15719): Pin "perf_counters[3][1]" is virtual output pin File: /home/raone/fpga-ai-accelerator/rtl/inference_accelerator_top.sv Line: 69
    Info (15719): Pin "perf_counters[3][2]" is virtual output pin File: /home/raone/fpga-ai-accelerator/rtl/inference_accelerator_top.sv Line: 69
    Info (15719): Pin "perf_counters[3][3]" is virtual output pin File: /home/raone/fpga-ai-accelerator/rtl/inference_accelerator_top.sv Line: 69
    Info (15719): Pin "perf_counters[3][4]" is virtual output pin File: /home/raone/fpga-ai-accelerator/rtl/inference_accelerator_top.sv Line: 69
    Info (15719): Pin "perf_counters[3][5]" is virtual output pin File: /home/raone/fpga-ai-accelerator/rtl/inference_accelerator_top.sv Line: 69
    Info (15719): Pin "perf_counters[3][6]" is virtual output pin File: /home/raone/fpga-ai-accelerator/rtl/inference_accelerator_top.sv Line: 69
    Info (15719): Pin "perf_counters[3][7]" is virtual output pin File: /home/raone/fpga-ai-accelerator/rtl/inference_accelerator_top.sv Line: 69
    Info (15719): Pin "perf_counters[3][8]" is virtual output pin File: /home/raone/fpga-ai-accelerator/rtl/inference_accelerator_top.sv Line: 69
    Info (15719): Pin "perf_counters[3][9]" is virtual output pin File: /home/raone/fpga-ai-accelerator/rtl/inference_accelerator_top.sv Line: 69
    Info (15719): Pin "perf_counters[3][10]" is virtual output pin File: /home/raone/fpga-ai-accelerator/rtl/inference_accelerator_top.sv Line: 69
    Info (15719): Pin "perf_counters[3][11]" is virtual output pin File: /home/raone/fpga-ai-accelerator/rtl/inference_accelerator_top.sv Line: 69
    Info (15719): Pin "perf_counters[3][12]" is virtual output pin File: /home/raone/fpga-ai-accelerator/rtl/inference_accelerator_top.sv Line: 69
    Info (15719): Pin "perf_counters[3][13]" is virtual output pin File: /home/raone/fpga-ai-accelerator/rtl/inference_accelerator_top.sv Line: 69
    Info (15719): Pin "perf_counters[3][14]" is virtual output pin File: /home/raone/fpga-ai-accelerator/rtl/inference_accelerator_top.sv Line: 69
    Info (15719): Pin "perf_counters[3][15]" is virtual output pin File: /home/raone/fpga-ai-accelerator/rtl/inference_accelerator_top.sv Line: 69
    Info (15719): Pin "perf_counters[3][16]" is virtual output pin File: /home/raone/fpga-ai-accelerator/rtl/inference_accelerator_top.sv Line: 69
    Info (15719): Pin "perf_counters[3][17]" is virtual output pin File: /home/raone/fpga-ai-accelerator/rtl/inference_accelerator_top.sv Line: 69
    Info (15719): Pin "perf_counters[3][18]" is virtual output pin File: /home/raone/fpga-ai-accelerator/rtl/inference_accelerator_top.sv Line: 69
    Info (15719): Pin "perf_counters[3][19]" is virtual output pin File: /home/raone/fpga-ai-accelerator/rtl/inference_accelerator_top.sv Line: 69
    Info (15719): Pin "perf_counters[3][20]" is virtual output pin File: /home/raone/fpga-ai-accelerator/rtl/inference_accelerator_top.sv Line: 69
    Info (15719): Pin "perf_counters[3][21]" is virtual output pin File: /home/raone/fpga-ai-accelerator/rtl/inference_accelerator_top.sv Line: 69
    Info (15719): Pin "perf_counters[3][22]" is virtual output pin File: /home/raone/fpga-ai-accelerator/rtl/inference_accelerator_top.sv Line: 69
    Info (15719): Pin "perf_counters[3][23]" is virtual output pin File: /home/raone/fpga-ai-accelerator/rtl/inference_accelerator_top.sv Line: 69
    Info (15719): Pin "perf_counters[3][24]" is virtual output pin File: /home/raone/fpga-ai-accelerator/rtl/inference_accelerator_top.sv Line: 69
    Info (15719): Pin "perf_counters[3][25]" is virtual output pin File: /home/raone/fpga-ai-accelerator/rtl/inference_accelerator_top.sv Line: 69
    Info (15719): Pin "perf_counters[3][26]" is virtual output pin File: /home/raone/fpga-ai-accelerator/rtl/inference_accelerator_top.sv Line: 69
    Info (15719): Pin "perf_counters[3][27]" is virtual output pin File: /home/raone/fpga-ai-accelerator/rtl/inference_accelerator_top.sv Line: 69
    Info (15719): Pin "perf_counters[3][28]" is virtual output pin File: /home/raone/fpga-ai-accelerator/rtl/inference_accelerator_top.sv Line: 69
    Info (15719): Pin "perf_counters[3][29]" is virtual output pin File: /home/raone/fpga-ai-accelerator/rtl/inference_accelerator_top.sv Line: 69
    Info (15719): Pin "perf_counters[3][30]" is virtual output pin File: /home/raone/fpga-ai-accelerator/rtl/inference_accelerator_top.sv Line: 69
    Info (15719): Pin "perf_counters[3][31]" is virtual output pin File: /home/raone/fpga-ai-accelerator/rtl/inference_accelerator_top.sv Line: 69
    Info (15719): Pin "perf_counters[2][0]" is virtual output pin File: /home/raone/fpga-ai-accelerator/rtl/inference_accelerator_top.sv Line: 69
    Info (15719): Pin "perf_counters[2][1]" is virtual output pin File: /home/raone/fpga-ai-accelerator/rtl/inference_accelerator_top.sv Line: 69
    Info (15719): Pin "perf_counters[2][2]" is virtual output pin File: /home/raone/fpga-ai-accelerator/rtl/inference_accelerator_top.sv Line: 69
    Info (15719): Pin "perf_counters[2][3]" is virtual output pin File: /home/raone/fpga-ai-accelerator/rtl/inference_accelerator_top.sv Line: 69
    Info (15719): Pin "perf_counters[2][4]" is virtual output pin File: /home/raone/fpga-ai-accelerator/rtl/inference_accelerator_top.sv Line: 69
    Info (15719): Pin "perf_counters[2][5]" is virtual output pin File: /home/raone/fpga-ai-accelerator/rtl/inference_accelerator_top.sv Line: 69
    Info (15719): Pin "perf_counters[2][6]" is virtual output pin File: /home/raone/fpga-ai-accelerator/rtl/inference_accelerator_top.sv Line: 69
    Info (15719): Pin "perf_counters[2][7]" is virtual output pin File: /home/raone/fpga-ai-accelerator/rtl/inference_accelerator_top.sv Line: 69
    Info (15719): Pin "perf_counters[2][8]" is virtual output pin File: /home/raone/fpga-ai-accelerator/rtl/inference_accelerator_top.sv Line: 69
    Info (15719): Pin "perf_counters[2][9]" is virtual output pin File: /home/raone/fpga-ai-accelerator/rtl/inference_accelerator_top.sv Line: 69
    Info (15719): Pin "perf_counters[2][10]" is virtual output pin File: /home/raone/fpga-ai-accelerator/rtl/inference_accelerator_top.sv Line: 69
    Info (15719): Pin "perf_counters[2][11]" is virtual output pin File: /home/raone/fpga-ai-accelerator/rtl/inference_accelerator_top.sv Line: 69
    Info (15719): Pin "perf_counters[2][12]" is virtual output pin File: /home/raone/fpga-ai-accelerator/rtl/inference_accelerator_top.sv Line: 69
    Info (15719): Pin "perf_counters[2][13]" is virtual output pin File: /home/raone/fpga-ai-accelerator/rtl/inference_accelerator_top.sv Line: 69
    Info (15719): Pin "perf_counters[2][14]" is virtual output pin File: /home/raone/fpga-ai-accelerator/rtl/inference_accelerator_top.sv Line: 69
    Info (15719): Pin "perf_counters[2][15]" is virtual output pin File: /home/raone/fpga-ai-accelerator/rtl/inference_accelerator_top.sv Line: 69
    Info (15719): Pin "perf_counters[2][16]" is virtual output pin File: /home/raone/fpga-ai-accelerator/rtl/inference_accelerator_top.sv Line: 69
    Info (15719): Pin "perf_counters[2][17]" is virtual output pin File: /home/raone/fpga-ai-accelerator/rtl/inference_accelerator_top.sv Line: 69
    Info (15719): Pin "perf_counters[2][18]" is virtual output pin File: /home/raone/fpga-ai-accelerator/rtl/inference_accelerator_top.sv Line: 69
    Info (15719): Pin "perf_counters[2][19]" is virtual output pin File: /home/raone/fpga-ai-accelerator/rtl/inference_accelerator_top.sv Line: 69
    Info (15719): Pin "perf_counters[2][20]" is virtual output pin File: /home/raone/fpga-ai-accelerator/rtl/inference_accelerator_top.sv Line: 69
    Info (15719): Pin "perf_counters[2][21]" is virtual output pin File: /home/raone/fpga-ai-accelerator/rtl/inference_accelerator_top.sv Line: 69
    Info (15719): Pin "perf_counters[2][22]" is virtual output pin File: /home/raone/fpga-ai-accelerator/rtl/inference_accelerator_top.sv Line: 69
    Info (15719): Pin "perf_counters[2][23]" is virtual output pin File: /home/raone/fpga-ai-accelerator/rtl/inference_accelerator_top.sv Line: 69
    Info (15719): Pin "perf_counters[2][24]" is virtual output pin File: /home/raone/fpga-ai-accelerator/rtl/inference_accelerator_top.sv Line: 69
    Info (15719): Pin "perf_counters[2][25]" is virtual output pin File: /home/raone/fpga-ai-accelerator/rtl/inference_accelerator_top.sv Line: 69
    Info (15719): Pin "perf_counters[2][26]" is virtual output pin File: /home/raone/fpga-ai-accelerator/rtl/inference_accelerator_top.sv Line: 69
    Info (15719): Pin "perf_counters[2][27]" is virtual output pin File: /home/raone/fpga-ai-accelerator/rtl/inference_accelerator_top.sv Line: 69
    Info (15719): Pin "perf_counters[2][28]" is virtual output pin File: /home/raone/fpga-ai-accelerator/rtl/inference_accelerator_top.sv Line: 69
    Info (15719): Pin "perf_counters[2][29]" is virtual output pin File: /home/raone/fpga-ai-accelerator/rtl/inference_accelerator_top.sv Line: 69
    Info (15719): Pin "perf_counters[2][30]" is virtual output pin File: /home/raone/fpga-ai-accelerator/rtl/inference_accelerator_top.sv Line: 69
    Info (15719): Pin "perf_counters[2][31]" is virtual output pin File: /home/raone/fpga-ai-accelerator/rtl/inference_accelerator_top.sv Line: 69
    Info (15719): Pin "perf_counters[1][0]" is virtual output pin File: /home/raone/fpga-ai-accelerator/rtl/inference_accelerator_top.sv Line: 69
    Info (15719): Pin "perf_counters[1][1]" is virtual output pin File: /home/raone/fpga-ai-accelerator/rtl/inference_accelerator_top.sv Line: 69
    Info (15719): Pin "perf_counters[1][2]" is virtual output pin File: /home/raone/fpga-ai-accelerator/rtl/inference_accelerator_top.sv Line: 69
    Info (15719): Pin "perf_counters[1][3]" is virtual output pin File: /home/raone/fpga-ai-accelerator/rtl/inference_accelerator_top.sv Line: 69
    Info (15719): Pin "perf_counters[1][4]" is virtual output pin File: /home/raone/fpga-ai-accelerator/rtl/inference_accelerator_top.sv Line: 69
    Info (15719): Pin "perf_counters[1][5]" is virtual output pin File: /home/raone/fpga-ai-accelerator/rtl/inference_accelerator_top.sv Line: 69
    Info (15719): Pin "perf_counters[1][6]" is virtual output pin File: /home/raone/fpga-ai-accelerator/rtl/inference_accelerator_top.sv Line: 69
    Info (15719): Pin "perf_counters[1][7]" is virtual output pin File: /home/raone/fpga-ai-accelerator/rtl/inference_accelerator_top.sv Line: 69
    Info (15719): Pin "perf_counters[1][8]" is virtual output pin File: /home/raone/fpga-ai-accelerator/rtl/inference_accelerator_top.sv Line: 69
    Info (15719): Pin "perf_counters[1][9]" is virtual output pin File: /home/raone/fpga-ai-accelerator/rtl/inference_accelerator_top.sv Line: 69
    Info (15719): Pin "perf_counters[1][10]" is virtual output pin File: /home/raone/fpga-ai-accelerator/rtl/inference_accelerator_top.sv Line: 69
    Info (15719): Pin "perf_counters[1][11]" is virtual output pin File: /home/raone/fpga-ai-accelerator/rtl/inference_accelerator_top.sv Line: 69
    Info (15719): Pin "perf_counters[1][12]" is virtual output pin File: /home/raone/fpga-ai-accelerator/rtl/inference_accelerator_top.sv Line: 69
    Info (15719): Pin "perf_counters[1][13]" is virtual output pin File: /home/raone/fpga-ai-accelerator/rtl/inference_accelerator_top.sv Line: 69
    Info (15719): Pin "perf_counters[1][14]" is virtual output pin File: /home/raone/fpga-ai-accelerator/rtl/inference_accelerator_top.sv Line: 69
    Info (15719): Pin "perf_counters[1][15]" is virtual output pin File: /home/raone/fpga-ai-accelerator/rtl/inference_accelerator_top.sv Line: 69
    Info (15719): Pin "perf_counters[1][16]" is virtual output pin File: /home/raone/fpga-ai-accelerator/rtl/inference_accelerator_top.sv Line: 69
    Info (15719): Pin "perf_counters[1][17]" is virtual output pin File: /home/raone/fpga-ai-accelerator/rtl/inference_accelerator_top.sv Line: 69
    Info (15719): Pin "perf_counters[1][18]" is virtual output pin File: /home/raone/fpga-ai-accelerator/rtl/inference_accelerator_top.sv Line: 69
    Info (15719): Pin "perf_counters[1][19]" is virtual output pin File: /home/raone/fpga-ai-accelerator/rtl/inference_accelerator_top.sv Line: 69
    Info (15719): Pin "perf_counters[1][20]" is virtual output pin File: /home/raone/fpga-ai-accelerator/rtl/inference_accelerator_top.sv Line: 69
    Info (15719): Pin "perf_counters[1][21]" is virtual output pin File: /home/raone/fpga-ai-accelerator/rtl/inference_accelerator_top.sv Line: 69
    Info (15719): Pin "perf_counters[1][22]" is virtual output pin File: /home/raone/fpga-ai-accelerator/rtl/inference_accelerator_top.sv Line: 69
    Info (15719): Pin "perf_counters[1][23]" is virtual output pin File: /home/raone/fpga-ai-accelerator/rtl/inference_accelerator_top.sv Line: 69
    Info (15719): Pin "perf_counters[1][24]" is virtual output pin File: /home/raone/fpga-ai-accelerator/rtl/inference_accelerator_top.sv Line: 69
    Info (15719): Pin "perf_counters[1][25]" is virtual output pin File: /home/raone/fpga-ai-accelerator/rtl/inference_accelerator_top.sv Line: 69
    Info (15719): Pin "perf_counters[1][26]" is virtual output pin File: /home/raone/fpga-ai-accelerator/rtl/inference_accelerator_top.sv Line: 69
    Info (15719): Pin "perf_counters[1][27]" is virtual output pin File: /home/raone/fpga-ai-accelerator/rtl/inference_accelerator_top.sv Line: 69
    Info (15719): Pin "perf_counters[1][28]" is virtual output pin File: /home/raone/fpga-ai-accelerator/rtl/inference_accelerator_top.sv Line: 69
    Info (15719): Pin "perf_counters[1][29]" is virtual output pin File: /home/raone/fpga-ai-accelerator/rtl/inference_accelerator_top.sv Line: 69
    Info (15719): Pin "perf_counters[1][30]" is virtual output pin File: /home/raone/fpga-ai-accelerator/rtl/inference_accelerator_top.sv Line: 69
    Info (15719): Pin "perf_counters[1][31]" is virtual output pin File: /home/raone/fpga-ai-accelerator/rtl/inference_accelerator_top.sv Line: 69
    Info (15719): Pin "perf_counters[0][0]" is virtual output pin File: /home/raone/fpga-ai-accelerator/rtl/inference_accelerator_top.sv Line: 69
    Info (15719): Pin "perf_counters[0][1]" is virtual output pin File: /home/raone/fpga-ai-accelerator/rtl/inference_accelerator_top.sv Line: 69
    Info (15719): Pin "perf_counters[0][2]" is virtual output pin File: /home/raone/fpga-ai-accelerator/rtl/inference_accelerator_top.sv Line: 69
    Info (15719): Pin "perf_counters[0][3]" is virtual output pin File: /home/raone/fpga-ai-accelerator/rtl/inference_accelerator_top.sv Line: 69
    Info (15719): Pin "perf_counters[0][4]" is virtual output pin File: /home/raone/fpga-ai-accelerator/rtl/inference_accelerator_top.sv Line: 69
    Info (15719): Pin "perf_counters[0][5]" is virtual output pin File: /home/raone/fpga-ai-accelerator/rtl/inference_accelerator_top.sv Line: 69
    Info (15719): Pin "perf_counters[0][6]" is virtual output pin File: /home/raone/fpga-ai-accelerator/rtl/inference_accelerator_top.sv Line: 69
    Info (15719): Pin "perf_counters[0][7]" is virtual output pin File: /home/raone/fpga-ai-accelerator/rtl/inference_accelerator_top.sv Line: 69
    Info (15719): Pin "perf_counters[0][8]" is virtual output pin File: /home/raone/fpga-ai-accelerator/rtl/inference_accelerator_top.sv Line: 69
    Info (15719): Pin "perf_counters[0][9]" is virtual output pin File: /home/raone/fpga-ai-accelerator/rtl/inference_accelerator_top.sv Line: 69
    Info (15719): Pin "perf_counters[0][10]" is virtual output pin File: /home/raone/fpga-ai-accelerator/rtl/inference_accelerator_top.sv Line: 69
    Info (15719): Pin "perf_counters[0][11]" is virtual output pin File: /home/raone/fpga-ai-accelerator/rtl/inference_accelerator_top.sv Line: 69
    Info (15719): Pin "perf_counters[0][12]" is virtual output pin File: /home/raone/fpga-ai-accelerator/rtl/inference_accelerator_top.sv Line: 69
    Info (15719): Pin "perf_counters[0][13]" is virtual output pin File: /home/raone/fpga-ai-accelerator/rtl/inference_accelerator_top.sv Line: 69
    Info (15719): Pin "perf_counters[0][14]" is virtual output pin File: /home/raone/fpga-ai-accelerator/rtl/inference_accelerator_top.sv Line: 69
    Info (15719): Pin "perf_counters[0][15]" is virtual output pin File: /home/raone/fpga-ai-accelerator/rtl/inference_accelerator_top.sv Line: 69
    Info (15719): Pin "perf_counters[0][16]" is virtual output pin File: /home/raone/fpga-ai-accelerator/rtl/inference_accelerator_top.sv Line: 69
    Info (15719): Pin "perf_counters[0][17]" is virtual output pin File: /home/raone/fpga-ai-accelerator/rtl/inference_accelerator_top.sv Line: 69
    Info (15719): Pin "perf_counters[0][18]" is virtual output pin File: /home/raone/fpga-ai-accelerator/rtl/inference_accelerator_top.sv Line: 69
    Info (15719): Pin "perf_counters[0][19]" is virtual output pin File: /home/raone/fpga-ai-accelerator/rtl/inference_accelerator_top.sv Line: 69
    Info (15719): Pin "perf_counters[0][20]" is virtual output pin File: /home/raone/fpga-ai-accelerator/rtl/inference_accelerator_top.sv Line: 69
    Info (15719): Pin "perf_counters[0][21]" is virtual output pin File: /home/raone/fpga-ai-accelerator/rtl/inference_accelerator_top.sv Line: 69
    Info (15719): Pin "perf_counters[0][22]" is virtual output pin File: /home/raone/fpga-ai-accelerator/rtl/inference_accelerator_top.sv Line: 69
    Info (15719): Pin "perf_counters[0][23]" is virtual output pin File: /home/raone/fpga-ai-accelerator/rtl/inference_accelerator_top.sv Line: 69
    Info (15719): Pin "perf_counters[0][24]" is virtual output pin File: /home/raone/fpga-ai-accelerator/rtl/inference_accelerator_top.sv Line: 69
    Info (15719): Pin "perf_counters[0][25]" is virtual output pin File: /home/raone/fpga-ai-accelerator/rtl/inference_accelerator_top.sv Line: 69
    Info (15719): Pin "perf_counters[0][26]" is virtual output pin File: /home/raone/fpga-ai-accelerator/rtl/inference_accelerator_top.sv Line: 69
    Info (15719): Pin "perf_counters[0][27]" is virtual output pin File: /home/raone/fpga-ai-accelerator/rtl/inference_accelerator_top.sv Line: 69
    Info (15719): Pin "perf_counters[0][28]" is virtual output pin File: /home/raone/fpga-ai-accelerator/rtl/inference_accelerator_top.sv Line: 69
    Info (15719): Pin "perf_counters[0][29]" is virtual output pin File: /home/raone/fpga-ai-accelerator/rtl/inference_accelerator_top.sv Line: 69
    Info (15719): Pin "perf_counters[0][30]" is virtual output pin File: /home/raone/fpga-ai-accelerator/rtl/inference_accelerator_top.sv Line: 69
    Info (15719): Pin "perf_counters[0][31]" is virtual output pin File: /home/raone/fpga-ai-accelerator/rtl/inference_accelerator_top.sv Line: 69
    Info (15719): Pin "dbg_sram_active_bank" is virtual output pin File: /home/raone/fpga-ai-accelerator/rtl/inference_accelerator_top.sv Line: 72
    Info (15719): Pin "dbg_sram_bank_conflict" is virtual output pin File: /home/raone/fpga-ai-accelerator/rtl/inference_accelerator_top.sv Line: 73
    Info (15719): Pin "dbg_sram_rd_valid" is virtual output pin File: /home/raone/fpga-ai-accelerator/rtl/inference_accelerator_top.sv Line: 74
    Info (15719): Pin "dbg_act_valid" is virtual output pin File: /home/raone/fpga-ai-accelerator/rtl/inference_accelerator_top.sv Line: 75
    Info (15719): Pin "dbg_act_frame_last" is virtual output pin File: /home/raone/fpga-ai-accelerator/rtl/inference_accelerator_top.sv Line: 76
    Info (15719): Pin "dbg_quant_valid" is virtual output pin File: /home/raone/fpga-ai-accelerator/rtl/inference_accelerator_top.sv Line: 77
    Info (15719): Pin "dbg_quant_saturated" is virtual output pin File: /home/raone/fpga-ai-accelerator/rtl/inference_accelerator_top.sv Line: 78
    Info (15719): Pin "dbg_out_backpressure" is virtual output pin File: /home/raone/fpga-ai-accelerator/rtl/inference_accelerator_top.sv Line: 79
    Info (15719): Pin "dbg_wgt_load_start" is virtual output pin File: /home/raone/fpga-ai-accelerator/rtl/inference_accelerator_top.sv Line: 81
    Info (15718): Pin "rst_n" is virtual input pin File: /home/raone/fpga-ai-accelerator/rtl/inference_accelerator_top.sv Line: 31
    Info (15718): Pin "m_axis_tready" is virtual input pin File: /home/raone/fpga-ai-accelerator/rtl/inference_accelerator_top.sv Line: 55
    Info (15718): Pin "wgt_load_done" is virtual input pin File: /home/raone/fpga-ai-accelerator/rtl/inference_accelerator_top.sv Line: 62
    Info (15718): Pin "abort_req" is virtual input pin File: /home/raone/fpga-ai-accelerator/rtl/inference_accelerator_top.sv Line: 35
    Info (15718): Pin "layer_desc_valid" is virtual input pin File: /home/raone/fpga-ai-accelerator/rtl/inference_accelerator_top.sv Line: 41
    Info (15718): Pin "start" is virtual input pin File: /home/raone/fpga-ai-accelerator/rtl/inference_accelerator_top.sv Line: 34
    Info (15718): Pin "clk" is virtual input pin File: /home/raone/fpga-ai-accelerator/rtl/inference_accelerator_top.sv Line: 30
    Info (15718): Pin "s_axis_tvalid" is virtual input pin File: /home/raone/fpga-ai-accelerator/rtl/inference_accelerator_top.sv Line: 47
    Info (15718): Pin "s_axis_tlast" is virtual input pin File: /home/raone/fpga-ai-accelerator/rtl/inference_accelerator_top.sv Line: 49
    Info (15718): Pin "s_axis_tdata[0]" is virtual input pin File: /home/raone/fpga-ai-accelerator/rtl/inference_accelerator_top.sv Line: 45
    Info (15718): Pin "s_axis_tdata[1]" is virtual input pin File: /home/raone/fpga-ai-accelerator/rtl/inference_accelerator_top.sv Line: 45
    Info (15718): Pin "s_axis_tdata[2]" is virtual input pin File: /home/raone/fpga-ai-accelerator/rtl/inference_accelerator_top.sv Line: 45
    Info (15718): Pin "s_axis_tdata[3]" is virtual input pin File: /home/raone/fpga-ai-accelerator/rtl/inference_accelerator_top.sv Line: 45
    Info (15718): Pin "s_axis_tdata[4]" is virtual input pin File: /home/raone/fpga-ai-accelerator/rtl/inference_accelerator_top.sv Line: 45
    Info (15718): Pin "s_axis_tdata[5]" is virtual input pin File: /home/raone/fpga-ai-accelerator/rtl/inference_accelerator_top.sv Line: 45
    Info (15718): Pin "s_axis_tdata[6]" is virtual input pin File: /home/raone/fpga-ai-accelerator/rtl/inference_accelerator_top.sv Line: 45
    Info (15718): Pin "s_axis_tdata[7]" is virtual input pin File: /home/raone/fpga-ai-accelerator/rtl/inference_accelerator_top.sv Line: 45
    Info (15718): Pin "s_axis_tdata[8]" is virtual input pin File: /home/raone/fpga-ai-accelerator/rtl/inference_accelerator_top.sv Line: 45
    Info (15718): Pin "s_axis_tdata[9]" is virtual input pin File: /home/raone/fpga-ai-accelerator/rtl/inference_accelerator_top.sv Line: 45
    Info (15718): Pin "s_axis_tdata[10]" is virtual input pin File: /home/raone/fpga-ai-accelerator/rtl/inference_accelerator_top.sv Line: 45
    Info (15718): Pin "s_axis_tdata[11]" is virtual input pin File: /home/raone/fpga-ai-accelerator/rtl/inference_accelerator_top.sv Line: 45
    Info (15718): Pin "s_axis_tdata[12]" is virtual input pin File: /home/raone/fpga-ai-accelerator/rtl/inference_accelerator_top.sv Line: 45
    Info (15718): Pin "s_axis_tdata[13]" is virtual input pin File: /home/raone/fpga-ai-accelerator/rtl/inference_accelerator_top.sv Line: 45
    Info (15718): Pin "s_axis_tdata[14]" is virtual input pin File: /home/raone/fpga-ai-accelerator/rtl/inference_accelerator_top.sv Line: 45
    Info (15718): Pin "s_axis_tdata[15]" is virtual input pin File: /home/raone/fpga-ai-accelerator/rtl/inference_accelerator_top.sv Line: 45
    Info (15718): Pin "wgt_wr_en" is virtual input pin File: /home/raone/fpga-ai-accelerator/rtl/inference_accelerator_top.sv Line: 59
    Info (15718): Pin "wgt_wr_data[0]" is virtual input pin File: /home/raone/fpga-ai-accelerator/rtl/inference_accelerator_top.sv Line: 61
    Info (15718): Pin "wgt_wr_addr[0]" is virtual input pin File: /home/raone/fpga-ai-accelerator/rtl/inference_accelerator_top.sv Line: 60
    Info (15718): Pin "wgt_wr_addr[1]" is virtual input pin File: /home/raone/fpga-ai-accelerator/rtl/inference_accelerator_top.sv Line: 60
    Info (15718): Pin "wgt_wr_addr[2]" is virtual input pin File: /home/raone/fpga-ai-accelerator/rtl/inference_accelerator_top.sv Line: 60
    Info (15718): Pin "wgt_wr_addr[3]" is virtual input pin File: /home/raone/fpga-ai-accelerator/rtl/inference_accelerator_top.sv Line: 60
    Info (15718): Pin "wgt_wr_addr[4]" is virtual input pin File: /home/raone/fpga-ai-accelerator/rtl/inference_accelerator_top.sv Line: 60
    Info (15718): Pin "wgt_wr_addr[5]" is virtual input pin File: /home/raone/fpga-ai-accelerator/rtl/inference_accelerator_top.sv Line: 60
    Info (15718): Pin "wgt_wr_addr[6]" is virtual input pin File: /home/raone/fpga-ai-accelerator/rtl/inference_accelerator_top.sv Line: 60
    Info (15718): Pin "wgt_wr_addr[7]" is virtual input pin File: /home/raone/fpga-ai-accelerator/rtl/inference_accelerator_top.sv Line: 60
    Info (15718): Pin "wgt_wr_addr[8]" is virtual input pin File: /home/raone/fpga-ai-accelerator/rtl/inference_accelerator_top.sv Line: 60
    Info (15718): Pin "wgt_wr_addr[9]" is virtual input pin File: /home/raone/fpga-ai-accelerator/rtl/inference_accelerator_top.sv Line: 60
    Info (15718): Pin "wgt_wr_data[1]" is virtual input pin File: /home/raone/fpga-ai-accelerator/rtl/inference_accelerator_top.sv Line: 61
    Info (15718): Pin "wgt_wr_data[2]" is virtual input pin File: /home/raone/fpga-ai-accelerator/rtl/inference_accelerator_top.sv Line: 61
    Info (15718): Pin "wgt_wr_data[3]" is virtual input pin File: /home/raone/fpga-ai-accelerator/rtl/inference_accelerator_top.sv Line: 61
    Info (15718): Pin "wgt_wr_data[4]" is virtual input pin File: /home/raone/fpga-ai-accelerator/rtl/inference_accelerator_top.sv Line: 61
    Info (15718): Pin "wgt_wr_data[5]" is virtual input pin File: /home/raone/fpga-ai-accelerator/rtl/inference_accelerator_top.sv Line: 61
    Info (15718): Pin "wgt_wr_data[6]" is virtual input pin File: /home/raone/fpga-ai-accelerator/rtl/inference_accelerator_top.sv Line: 61
    Info (15718): Pin "wgt_wr_data[7]" is virtual input pin File: /home/raone/fpga-ai-accelerator/rtl/inference_accelerator_top.sv Line: 61
    Info (15718): Pin "wgt_wr_data[8]" is virtual input pin File: /home/raone/fpga-ai-accelerator/rtl/inference_accelerator_top.sv Line: 61
    Info (15718): Pin "wgt_wr_data[9]" is virtual input pin File: /home/raone/fpga-ai-accelerator/rtl/inference_accelerator_top.sv Line: 61
    Info (15718): Pin "wgt_wr_data[10]" is virtual input pin File: /home/raone/fpga-ai-accelerator/rtl/inference_accelerator_top.sv Line: 61
    Info (15718): Pin "wgt_wr_data[11]" is virtual input pin File: /home/raone/fpga-ai-accelerator/rtl/inference_accelerator_top.sv Line: 61
    Info (15718): Pin "wgt_wr_data[12]" is virtual input pin File: /home/raone/fpga-ai-accelerator/rtl/inference_accelerator_top.sv Line: 61
    Info (15718): Pin "wgt_wr_data[13]" is virtual input pin File: /home/raone/fpga-ai-accelerator/rtl/inference_accelerator_top.sv Line: 61
    Info (15718): Pin "wgt_wr_data[14]" is virtual input pin File: /home/raone/fpga-ai-accelerator/rtl/inference_accelerator_top.sv Line: 61
    Info (15718): Pin "wgt_wr_data[15]" is virtual input pin File: /home/raone/fpga-ai-accelerator/rtl/inference_accelerator_top.sv Line: 61
    Info (15718): Pin "s_axis_tdata[16]" is virtual input pin File: /home/raone/fpga-ai-accelerator/rtl/inference_accelerator_top.sv Line: 45
    Info (15718): Pin "s_axis_tdata[17]" is virtual input pin File: /home/raone/fpga-ai-accelerator/rtl/inference_accelerator_top.sv Line: 45
    Info (15718): Pin "s_axis_tdata[18]" is virtual input pin File: /home/raone/fpga-ai-accelerator/rtl/inference_accelerator_top.sv Line: 45
    Info (15718): Pin "s_axis_tdata[19]" is virtual input pin File: /home/raone/fpga-ai-accelerator/rtl/inference_accelerator_top.sv Line: 45
    Info (15718): Pin "s_axis_tdata[20]" is virtual input pin File: /home/raone/fpga-ai-accelerator/rtl/inference_accelerator_top.sv Line: 45
    Info (15718): Pin "s_axis_tdata[21]" is virtual input pin File: /home/raone/fpga-ai-accelerator/rtl/inference_accelerator_top.sv Line: 45
    Info (15718): Pin "s_axis_tdata[22]" is virtual input pin File: /home/raone/fpga-ai-accelerator/rtl/inference_accelerator_top.sv Line: 45
    Info (15718): Pin "s_axis_tdata[23]" is virtual input pin File: /home/raone/fpga-ai-accelerator/rtl/inference_accelerator_top.sv Line: 45
    Info (15718): Pin "wgt_wr_data[16]" is virtual input pin File: /home/raone/fpga-ai-accelerator/rtl/inference_accelerator_top.sv Line: 61
    Info (15718): Pin "wgt_wr_data[17]" is virtual input pin File: /home/raone/fpga-ai-accelerator/rtl/inference_accelerator_top.sv Line: 61
    Info (15718): Pin "wgt_wr_data[18]" is virtual input pin File: /home/raone/fpga-ai-accelerator/rtl/inference_accelerator_top.sv Line: 61
    Info (15718): Pin "wgt_wr_data[19]" is virtual input pin File: /home/raone/fpga-ai-accelerator/rtl/inference_accelerator_top.sv Line: 61
    Info (15718): Pin "wgt_wr_data[20]" is virtual input pin File: /home/raone/fpga-ai-accelerator/rtl/inference_accelerator_top.sv Line: 61
    Info (15718): Pin "wgt_wr_data[21]" is virtual input pin File: /home/raone/fpga-ai-accelerator/rtl/inference_accelerator_top.sv Line: 61
    Info (15718): Pin "wgt_wr_data[22]" is virtual input pin File: /home/raone/fpga-ai-accelerator/rtl/inference_accelerator_top.sv Line: 61
    Info (15718): Pin "wgt_wr_data[23]" is virtual input pin File: /home/raone/fpga-ai-accelerator/rtl/inference_accelerator_top.sv Line: 61
    Info (15718): Pin "s_axis_tdata[24]" is virtual input pin File: /home/raone/fpga-ai-accelerator/rtl/inference_accelerator_top.sv Line: 45
    Info (15718): Pin "s_axis_tdata[25]" is virtual input pin File: /home/raone/fpga-ai-accelerator/rtl/inference_accelerator_top.sv Line: 45
    Info (15718): Pin "s_axis_tdata[26]" is virtual input pin File: /home/raone/fpga-ai-accelerator/rtl/inference_accelerator_top.sv Line: 45
    Info (15718): Pin "s_axis_tdata[27]" is virtual input pin File: /home/raone/fpga-ai-accelerator/rtl/inference_accelerator_top.sv Line: 45
    Info (15718): Pin "s_axis_tdata[28]" is virtual input pin File: /home/raone/fpga-ai-accelerator/rtl/inference_accelerator_top.sv Line: 45
    Info (15718): Pin "s_axis_tdata[29]" is virtual input pin File: /home/raone/fpga-ai-accelerator/rtl/inference_accelerator_top.sv Line: 45
    Info (15718): Pin "s_axis_tdata[30]" is virtual input pin File: /home/raone/fpga-ai-accelerator/rtl/inference_accelerator_top.sv Line: 45
    Info (15718): Pin "s_axis_tdata[31]" is virtual input pin File: /home/raone/fpga-ai-accelerator/rtl/inference_accelerator_top.sv Line: 45
    Info (15718): Pin "wgt_wr_data[24]" is virtual input pin File: /home/raone/fpga-ai-accelerator/rtl/inference_accelerator_top.sv Line: 61
    Info (15718): Pin "wgt_wr_data[25]" is virtual input pin File: /home/raone/fpga-ai-accelerator/rtl/inference_accelerator_top.sv Line: 61
    Info (15718): Pin "wgt_wr_data[26]" is virtual input pin File: /home/raone/fpga-ai-accelerator/rtl/inference_accelerator_top.sv Line: 61
    Info (15718): Pin "wgt_wr_data[27]" is virtual input pin File: /home/raone/fpga-ai-accelerator/rtl/inference_accelerator_top.sv Line: 61
    Info (15718): Pin "wgt_wr_data[28]" is virtual input pin File: /home/raone/fpga-ai-accelerator/rtl/inference_accelerator_top.sv Line: 61
    Info (15718): Pin "wgt_wr_data[29]" is virtual input pin File: /home/raone/fpga-ai-accelerator/rtl/inference_accelerator_top.sv Line: 61
    Info (15718): Pin "wgt_wr_data[30]" is virtual input pin File: /home/raone/fpga-ai-accelerator/rtl/inference_accelerator_top.sv Line: 61
    Info (15718): Pin "wgt_wr_data[31]" is virtual input pin File: /home/raone/fpga-ai-accelerator/rtl/inference_accelerator_top.sv Line: 61
    Info (15718): Pin "s_axis_tdata[32]" is virtual input pin File: /home/raone/fpga-ai-accelerator/rtl/inference_accelerator_top.sv Line: 45
    Info (15718): Pin "s_axis_tdata[33]" is virtual input pin File: /home/raone/fpga-ai-accelerator/rtl/inference_accelerator_top.sv Line: 45
    Info (15718): Pin "s_axis_tdata[34]" is virtual input pin File: /home/raone/fpga-ai-accelerator/rtl/inference_accelerator_top.sv Line: 45
    Info (15718): Pin "s_axis_tdata[35]" is virtual input pin File: /home/raone/fpga-ai-accelerator/rtl/inference_accelerator_top.sv Line: 45
    Info (15718): Pin "s_axis_tdata[36]" is virtual input pin File: /home/raone/fpga-ai-accelerator/rtl/inference_accelerator_top.sv Line: 45
    Info (15718): Pin "s_axis_tdata[37]" is virtual input pin File: /home/raone/fpga-ai-accelerator/rtl/inference_accelerator_top.sv Line: 45
    Info (15718): Pin "s_axis_tdata[38]" is virtual input pin File: /home/raone/fpga-ai-accelerator/rtl/inference_accelerator_top.sv Line: 45
    Info (15718): Pin "s_axis_tdata[39]" is virtual input pin File: /home/raone/fpga-ai-accelerator/rtl/inference_accelerator_top.sv Line: 45
    Info (15718): Pin "wgt_wr_data[32]" is virtual input pin File: /home/raone/fpga-ai-accelerator/rtl/inference_accelerator_top.sv Line: 61
    Info (15718): Pin "wgt_wr_data[33]" is virtual input pin File: /home/raone/fpga-ai-accelerator/rtl/inference_accelerator_top.sv Line: 61
    Info (15718): Pin "wgt_wr_data[34]" is virtual input pin File: /home/raone/fpga-ai-accelerator/rtl/inference_accelerator_top.sv Line: 61
    Info (15718): Pin "wgt_wr_data[35]" is virtual input pin File: /home/raone/fpga-ai-accelerator/rtl/inference_accelerator_top.sv Line: 61
    Info (15718): Pin "wgt_wr_data[36]" is virtual input pin File: /home/raone/fpga-ai-accelerator/rtl/inference_accelerator_top.sv Line: 61
    Info (15718): Pin "wgt_wr_data[37]" is virtual input pin File: /home/raone/fpga-ai-accelerator/rtl/inference_accelerator_top.sv Line: 61
    Info (15718): Pin "wgt_wr_data[38]" is virtual input pin File: /home/raone/fpga-ai-accelerator/rtl/inference_accelerator_top.sv Line: 61
    Info (15718): Pin "wgt_wr_data[39]" is virtual input pin File: /home/raone/fpga-ai-accelerator/rtl/inference_accelerator_top.sv Line: 61
    Info (15718): Pin "s_axis_tdata[40]" is virtual input pin File: /home/raone/fpga-ai-accelerator/rtl/inference_accelerator_top.sv Line: 45
    Info (15718): Pin "s_axis_tdata[41]" is virtual input pin File: /home/raone/fpga-ai-accelerator/rtl/inference_accelerator_top.sv Line: 45
    Info (15718): Pin "s_axis_tdata[42]" is virtual input pin File: /home/raone/fpga-ai-accelerator/rtl/inference_accelerator_top.sv Line: 45
    Info (15718): Pin "s_axis_tdata[43]" is virtual input pin File: /home/raone/fpga-ai-accelerator/rtl/inference_accelerator_top.sv Line: 45
    Info (15718): Pin "s_axis_tdata[44]" is virtual input pin File: /home/raone/fpga-ai-accelerator/rtl/inference_accelerator_top.sv Line: 45
    Info (15718): Pin "s_axis_tdata[45]" is virtual input pin File: /home/raone/fpga-ai-accelerator/rtl/inference_accelerator_top.sv Line: 45
    Info (15718): Pin "s_axis_tdata[46]" is virtual input pin File: /home/raone/fpga-ai-accelerator/rtl/inference_accelerator_top.sv Line: 45
    Info (15718): Pin "s_axis_tdata[47]" is virtual input pin File: /home/raone/fpga-ai-accelerator/rtl/inference_accelerator_top.sv Line: 45
    Info (15718): Pin "wgt_wr_data[40]" is virtual input pin File: /home/raone/fpga-ai-accelerator/rtl/inference_accelerator_top.sv Line: 61
    Info (15718): Pin "wgt_wr_data[41]" is virtual input pin File: /home/raone/fpga-ai-accelerator/rtl/inference_accelerator_top.sv Line: 61
    Info (15718): Pin "wgt_wr_data[42]" is virtual input pin File: /home/raone/fpga-ai-accelerator/rtl/inference_accelerator_top.sv Line: 61
    Info (15718): Pin "wgt_wr_data[43]" is virtual input pin File: /home/raone/fpga-ai-accelerator/rtl/inference_accelerator_top.sv Line: 61
    Info (15718): Pin "wgt_wr_data[44]" is virtual input pin File: /home/raone/fpga-ai-accelerator/rtl/inference_accelerator_top.sv Line: 61
    Info (15718): Pin "wgt_wr_data[45]" is virtual input pin File: /home/raone/fpga-ai-accelerator/rtl/inference_accelerator_top.sv Line: 61
    Info (15718): Pin "wgt_wr_data[46]" is virtual input pin File: /home/raone/fpga-ai-accelerator/rtl/inference_accelerator_top.sv Line: 61
    Info (15718): Pin "wgt_wr_data[47]" is virtual input pin File: /home/raone/fpga-ai-accelerator/rtl/inference_accelerator_top.sv Line: 61
    Info (15718): Pin "s_axis_tdata[48]" is virtual input pin File: /home/raone/fpga-ai-accelerator/rtl/inference_accelerator_top.sv Line: 45
    Info (15718): Pin "s_axis_tdata[49]" is virtual input pin File: /home/raone/fpga-ai-accelerator/rtl/inference_accelerator_top.sv Line: 45
    Info (15718): Pin "s_axis_tdata[50]" is virtual input pin File: /home/raone/fpga-ai-accelerator/rtl/inference_accelerator_top.sv Line: 45
    Info (15718): Pin "s_axis_tdata[51]" is virtual input pin File: /home/raone/fpga-ai-accelerator/rtl/inference_accelerator_top.sv Line: 45
    Info (15718): Pin "s_axis_tdata[52]" is virtual input pin File: /home/raone/fpga-ai-accelerator/rtl/inference_accelerator_top.sv Line: 45
    Info (15718): Pin "s_axis_tdata[53]" is virtual input pin File: /home/raone/fpga-ai-accelerator/rtl/inference_accelerator_top.sv Line: 45
    Info (15718): Pin "s_axis_tdata[54]" is virtual input pin File: /home/raone/fpga-ai-accelerator/rtl/inference_accelerator_top.sv Line: 45
    Info (15718): Pin "s_axis_tdata[55]" is virtual input pin File: /home/raone/fpga-ai-accelerator/rtl/inference_accelerator_top.sv Line: 45
    Info (15718): Pin "wgt_wr_data[48]" is virtual input pin File: /home/raone/fpga-ai-accelerator/rtl/inference_accelerator_top.sv Line: 61
    Info (15718): Pin "wgt_wr_data[49]" is virtual input pin File: /home/raone/fpga-ai-accelerator/rtl/inference_accelerator_top.sv Line: 61
    Info (15718): Pin "wgt_wr_data[50]" is virtual input pin File: /home/raone/fpga-ai-accelerator/rtl/inference_accelerator_top.sv Line: 61
    Info (15718): Pin "wgt_wr_data[51]" is virtual input pin File: /home/raone/fpga-ai-accelerator/rtl/inference_accelerator_top.sv Line: 61
    Info (15718): Pin "wgt_wr_data[52]" is virtual input pin File: /home/raone/fpga-ai-accelerator/rtl/inference_accelerator_top.sv Line: 61
    Info (15718): Pin "wgt_wr_data[53]" is virtual input pin File: /home/raone/fpga-ai-accelerator/rtl/inference_accelerator_top.sv Line: 61
    Info (15718): Pin "wgt_wr_data[54]" is virtual input pin File: /home/raone/fpga-ai-accelerator/rtl/inference_accelerator_top.sv Line: 61
    Info (15718): Pin "wgt_wr_data[55]" is virtual input pin File: /home/raone/fpga-ai-accelerator/rtl/inference_accelerator_top.sv Line: 61
    Info (15718): Pin "s_axis_tdata[56]" is virtual input pin File: /home/raone/fpga-ai-accelerator/rtl/inference_accelerator_top.sv Line: 45
    Info (15718): Pin "s_axis_tdata[57]" is virtual input pin File: /home/raone/fpga-ai-accelerator/rtl/inference_accelerator_top.sv Line: 45
    Info (15718): Pin "s_axis_tdata[58]" is virtual input pin File: /home/raone/fpga-ai-accelerator/rtl/inference_accelerator_top.sv Line: 45
    Info (15718): Pin "s_axis_tdata[59]" is virtual input pin File: /home/raone/fpga-ai-accelerator/rtl/inference_accelerator_top.sv Line: 45
    Info (15718): Pin "s_axis_tdata[60]" is virtual input pin File: /home/raone/fpga-ai-accelerator/rtl/inference_accelerator_top.sv Line: 45
    Info (15718): Pin "s_axis_tdata[61]" is virtual input pin File: /home/raone/fpga-ai-accelerator/rtl/inference_accelerator_top.sv Line: 45
    Info (15718): Pin "s_axis_tdata[62]" is virtual input pin File: /home/raone/fpga-ai-accelerator/rtl/inference_accelerator_top.sv Line: 45
    Info (15718): Pin "s_axis_tdata[63]" is virtual input pin File: /home/raone/fpga-ai-accelerator/rtl/inference_accelerator_top.sv Line: 45
    Info (15718): Pin "wgt_wr_data[56]" is virtual input pin File: /home/raone/fpga-ai-accelerator/rtl/inference_accelerator_top.sv Line: 61
    Info (15718): Pin "wgt_wr_data[57]" is virtual input pin File: /home/raone/fpga-ai-accelerator/rtl/inference_accelerator_top.sv Line: 61
    Info (15718): Pin "wgt_wr_data[58]" is virtual input pin File: /home/raone/fpga-ai-accelerator/rtl/inference_accelerator_top.sv Line: 61
    Info (15718): Pin "wgt_wr_data[59]" is virtual input pin File: /home/raone/fpga-ai-accelerator/rtl/inference_accelerator_top.sv Line: 61
    Info (15718): Pin "wgt_wr_data[60]" is virtual input pin File: /home/raone/fpga-ai-accelerator/rtl/inference_accelerator_top.sv Line: 61
    Info (15718): Pin "wgt_wr_data[61]" is virtual input pin File: /home/raone/fpga-ai-accelerator/rtl/inference_accelerator_top.sv Line: 61
    Info (15718): Pin "wgt_wr_data[62]" is virtual input pin File: /home/raone/fpga-ai-accelerator/rtl/inference_accelerator_top.sv Line: 61
    Info (15718): Pin "wgt_wr_data[63]" is virtual input pin File: /home/raone/fpga-ai-accelerator/rtl/inference_accelerator_top.sv Line: 61
Warning (15751): Ignored Virtual Pin assignment to "layer_desc_in".
Warning (21074): Design contains 12 input pin(s) that do not drive logic
    Warning (15610): No output dependent on input pin "layer_desc_in.reserved[0]" File: /home/raone/fpga-ai-accelerator/rtl/inference_accelerator_top.sv Line: 40
    Warning (15610): No output dependent on input pin "layer_desc_in.reserved[1]" File: /home/raone/fpga-ai-accelerator/rtl/inference_accelerator_top.sv Line: 40
    Warning (15610): No output dependent on input pin "layer_desc_in.reserved[2]" File: /home/raone/fpga-ai-accelerator/rtl/inference_accelerator_top.sv Line: 40
    Warning (15610): No output dependent on input pin "layer_desc_in.reserved[3]" File: /home/raone/fpga-ai-accelerator/rtl/inference_accelerator_top.sv Line: 40
    Warning (15610): No output dependent on input pin "layer_desc_in.reserved[4]" File: /home/raone/fpga-ai-accelerator/rtl/inference_accelerator_top.sv Line: 40
    Warning (15610): No output dependent on input pin "layer_desc_in.reserved[5]" File: /home/raone/fpga-ai-accelerator/rtl/inference_accelerator_top.sv Line: 40
    Warning (15610): No output dependent on input pin "layer_desc_in.out_channels[0]" File: /home/raone/fpga-ai-accelerator/rtl/inference_accelerator_top.sv Line: 40
    Warning (15610): No output dependent on input pin "layer_desc_in.out_channels[1]" File: /home/raone/fpga-ai-accelerator/rtl/inference_accelerator_top.sv Line: 40
    Warning (15610): No output dependent on input pin "layer_desc_in.out_channels[2]" File: /home/raone/fpga-ai-accelerator/rtl/inference_accelerator_top.sv Line: 40
    Warning (15610): No output dependent on input pin "layer_desc_in.in_channels[0]" File: /home/raone/fpga-ai-accelerator/rtl/inference_accelerator_top.sv Line: 40
    Warning (15610): No output dependent on input pin "layer_desc_in.in_channels[1]" File: /home/raone/fpga-ai-accelerator/rtl/inference_accelerator_top.sv Line: 40
    Warning (15610): No output dependent on input pin "layer_desc_in.in_channels[2]" File: /home/raone/fpga-ai-accelerator/rtl/inference_accelerator_top.sv Line: 40
Info (21057): Implemented 7791 device resources after synthesis - the final resource count might be different
    Info (21058): Implemented 68 input pins
    Info (21059): Implemented 0 output pins
    Info (21061): Implemented 7530 logic cells
    Info (21064): Implemented 128 RAM segments
    Info (21062): Implemented 65 DSP elements
Info: Quartus Prime Analysis & Synthesis was successful. 0 errors, 42 warnings
    Info: Peak virtual memory: 574 megabytes
    Info: Processing ended: Fri Sep 11 03:20:10 2026
    Info: Elapsed time: 00:00:17
    Info: Total CPU time (on all processors): 00:00:26


