avg_user_rate,p5_user_rate,qos_violations,sensing_utility,tracking_violations,energy,fronthaul,churn,cumulative_churn,combined_objective,reconfigurations,raw_communication,raw_sensing,raw_energy,raw_fronthaul,raw_churn,normalized_communication,normalized_sensing,normalized_energy,normalized_fronthaul,normalized_churn,weighted_communication,weighted_sensing,weighted_energy,weighted_fronthaul,weighted_churn,policy,block
69244234.57688873,18159494.5725953,0.0,6.733237888037346,0.0,47.14999999999999,19.0,0.0,0.0,-24.794644823518283,0,346221172.88444364,6.733237888037346,47.14999999999999,19.0,0.0,34.622117288444365,6.733237888037346,47.14999999999999,19.0,0.0,34.622117288444365,6.733237888037346,47.14999999999999,19.0,0.0,STATIC,0
56216670.64956929,18247762.338222902,0.0,6.909156111633919,0.0,47.14999999999999,19.0,0.0,0.0,-31.132508563581425,0,281083353.2478464,6.909156111633919,47.14999999999999,19.0,0.0,28.108335324784644,6.909156111633919,47.14999999999999,19.0,0.0,28.108335324784644,6.909156111633919,47.14999999999999,19.0,0.0,STATIC,1
49756347.149144225,17967630.864855047,0.0,7.101168966655527,0.0,47.14999999999999,19.0,0.0,0.0,-34.170657458772354,0,248781735.74572113,7.101168966655527,47.14999999999999,19.0,0.0,24.878173574572113,7.101168966655527,47.14999999999999,19.0,0.0,24.878173574572113,7.101168966655527,47.14999999999999,19.0,0.0,STATIC,2
40943634.4898989,17535796.673191167,0.0,7.289417310653542,0.0,47.14999999999999,19.0,0.0,0.0,-38.388765444397,0,204718172.44949448,7.289417310653542,47.14999999999999,19.0,0.0,20.47181724494945,7.289417310653542,47.14999999999999,19.0,0.0,20.47181724494945,7.289417310653542,47.14999999999999,19.0,0.0,STATIC,3
35103613.19958446,17018260.241560083,0.0,7.437611013302762,0.0,47.14999999999999,19.0,0.0,0.0,-41.160582386905,0,175518065.9979223,7.437611013302762,47.14999999999999,19.0,0.0,17.55180659979223,7.437611013302762,47.14999999999999,19.0,0.0,17.55180659979223,7.437611013302762,47.14999999999999,19.0,0.0,STATIC,4
32590005.522042327,15894694.480068175,0.0,7.505433536706792,0.0,47.14999999999999,19.0,0.0,0.0,-42.349563702272036,0,162950027.61021164,7.505433536706792,47.14999999999999,19.0,0.0,16.295002761021163,7.505433536706792,47.14999999999999,19.0,0.0,16.295002761021163,7.505433536706792,47.14999999999999,19.0,0.0,STATIC,5
32908945.408496298,13504646.650103468,0.0,7.4796790311441335,0.0,47.14999999999999,19.0,0.0,0.0,-42.215848264607715,0,164544727.04248148,7.4796790311441335,47.14999999999999,19.0,0.0,16.454472704248147,7.4796790311441335,47.14999999999999,19.0,0.0,16.454472704248147,7.4796790311441335,47.14999999999999,19.0,0.0,STATIC,6
34317779.073960274,9858052.191089531,0.0,7.387568885805474,0.0,47.14999999999999,19.0,0.0,0.0,-41.60354157721438,0,171588895.36980137,7.387568885805474,47.14999999999999,19.0,0.0,17.158889536980137,7.387568885805474,47.14999999999999,19.0,0.0,17.158889536980137,7.387568885805474,47.14999999999999,19.0,0.0,STATIC,7
30948029.562922347,6391966.193395704,0.0,7.270663717781119,0.0,47.14999999999999,19.0,0.0,0.0,-43.4053215007577,0,154740147.81461173,7.270663717781119,47.14999999999999,19.0,0.0,15.474014781461173,7.270663717781119,47.14999999999999,19.0,0.0,15.474014781461173,7.270663717781119,47.14999999999999,19.0,0.0,STATIC,8
25881434.792871732,4733446.345658278,0.0,7.157979887233315,0.0,47.14999999999999,19.0,0.0,0.0,-46.05130271633081,0,129407173.96435866,7.157979887233315,47.14999999999999,19.0,0.0,12.940717396435867,7.157979887233315,47.14999999999999,19.0,0.0,12.940717396435867,7.157979887233315,47.14999999999999,19.0,0.0,STATIC,9
22264662.935686365,4753727.30179983,0.0,7.06186553818209,0.0,47.14999999999999,19.0,0.0,0.0,-47.95580299397472,0,111323314.67843182,7.06186553818209,47.14999999999999,19.0,0.0,11.132331467843182,7.06186553818209,47.14999999999999,19.0,0.0,11.132331467843182,7.06186553818209,47.14999999999999,19.0,0.0,STATIC,10
19651683.42472831,5373273.722212213,0.0,6.984528444869772,0.0,47.14999999999999,19.0,0.0,0.0,-49.339629842766065,0,98258417.12364157,6.984528444869772,47.14999999999999,19.0,0.0,9.825841712364156,6.984528444869772,47.14999999999999,19.0,0.0,9.825841712364156,6.984528444869772,47.14999999999999,19.0,0.0,STATIC,11
17555031.022038966,5895584.016754485,0.0,6.923940350032789,0.0,47.14999999999999,19.0,0.0,0.0,-50.44854413894772,0,87775155.11019483,6.923940350032789,47.14999999999999,19.0,0.0,8.777515511019484,6.923940350032789,47.14999999999999,19.0,0.0,8.777515511019484,6.923940350032789,47.14999999999999,19.0,0.0,STATIC,12
15754307.689149821,6092754.2269931715,0.0,6.876947575306035,0.0,47.14999999999999,19.0,0.0,0.0,-51.395898580119045,0,78771538.4457491,6.876947575306035,47.14999999999999,19.0,0.0,7.87715384457491,6.876947575306035,47.14999999999999,19.0,0.0,7.87715384457491,6.876947575306035,47.14999999999999,19.0,0.0,STATIC,13
14161172.476506421,5947422.756529803,0.0,6.840527767346594,0.0,47.14999999999999,19.0,0.0,0.0,-52.22888599440019,0,70805862.3825321,6.840527767346594,47.14999999999999,19.0,0.0,7.08058623825321,6.840527767346594,47.14999999999999,19.0,0.0,7.08058623825321,6.840527767346594,47.14999999999999,19.0,0.0,STATIC,14
13752379.451743364,5508267.968614921,0.0,6.812168032878603,0.0,47.14999999999999,19.0,0.0,0.0,-52.461642241249706,0,68761897.25871682,6.812168032878603,47.14999999999999,19.0,0.0,6.876189725871682,6.812168032878603,47.14999999999999,19.0,0.0,6.876189725871682,6.812168032878603,47.14999999999999,19.0,0.0,STATIC,15
13576730.46718958,4842971.505567779,0.0,6.789896776807045,0.0,47.14999999999999,19.0,0.0,0.0,-52.571737989598155,0,67883652.3359479,6.789896776807045,47.14999999999999,19.0,0.0,6.78836523359479,6.789896776807045,47.14999999999999,19.0,0.0,6.78836523359479,6.789896776807045,47.14999999999999,19.0,0.0,STATIC,16
13570809.197756693,3968250.958045599,0.0,6.772204743458961,0.0,47.14999999999999,19.0,0.0,0.0,-52.59239065766268,0,67854045.98878346,6.772204743458961,47.14999999999999,19.0,0.0,6.785404598878347,6.772204743458961,47.14999999999999,19.0,0.0,6.785404598878347,6.772204743458961,47.14999999999999,19.0,0.0,STATIC,17
13703767.565558702,2940645.204471916,0.0,6.757946730764816,0.0,47.14999999999999,19.0,0.0,0.0,-52.540169486455824,0,68518837.82779351,6.757946730764816,47.14999999999999,19.0,0.0,6.851883782779351,6.757946730764816,47.14999999999999,19.0,0.0,6.851883782779351,6.757946730764816,47.14999999999999,19.0,0.0,STATIC,18
13832013.522800233,2055301.588309347,0.0,6.746254404606296,0.0,47.14999999999999,19.0,0.0,0.0,-52.487738833993575,0,69160067.61400117,6.746254404606296,47.14999999999999,19.0,0.0,6.916006761400117,6.746254404606296,47.14999999999999,19.0,0.0,6.916006761400117,6.746254404606296,47.14999999999999,19.0,0.0,STATIC,19
13662056.644885132,1439567.1258373896,0.0,6.736467100224191,0.0,47.14999999999999,19.0,0.0,0.0,-52.58250457733324,0,68310283.22442566,6.736467100224191,47.14999999999999,19.0,0.0,6.831028322442566,6.736467100224191,47.14999999999999,19.0,0.0,6.831028322442566,6.736467100224191,47.14999999999999,19.0,0.0,STATIC,20
12968931.010007149,1159993.7285354543,0.0,6.7547648839469945,0.0,47.14999999999999,19.0,0.0,0.0,-52.910769611049425,0,64844655.050035745,6.7547648839469945,47.14999999999999,19.0,0.0,6.484465505003574,6.7547648839469945,47.14999999999999,19.0,0.0,6.484465505003574,6.7547648839469945,47.14999999999999,19.0,0.0,STATIC,21
11935684.195460765,1171072.696597796,0.0,6.776323831775551,0.0,47.14999999999999,19.0,0.0,0.0,-53.40583407049406,0,59678420.977303825,6.776323831775551,47.14999999999999,19.0,0.0,5.967842097730382,6.776323831775551,47.14999999999999,19.0,0.0,5.967842097730382,6.776323831775551,47.14999999999999,19.0,0.0,STATIC,22
10943740.534090653,1339570.2420664746,0.0,6.800307910918118,0.0,47.14999999999999,19.0,0.0,0.0,-53.87782182203655,0,54718702.670453265,6.800307910918118,47.14999999999999,19.0,0.0,5.471870267045326,6.800307910918118,47.14999999999999,19.0,0.0,5.471870267045326,6.800307910918118,47.14999999999999,19.0,0.0,STATIC,23
10155168.563136928,1524285.4004393152,0.0,6.82684401550687,0.0,47.14999999999999,19.0,0.0,0.0,-54.24557170292466,0,50775842.81568464,6.82684401550687,47.14999999999999,19.0,0.0,5.0775842815684635,6.82684401550687,47.14999999999999,19.0,0.0,5.0775842815684635,6.82684401550687,47.14999999999999,19.0,0.0,STATIC,24
9492553.32372725,1631773.0261771746,0.0,6.855868358124082,0.0,47.14999999999999,19.0,0.0,0.0,-54.54785498001229,0,47462766.61863625,6.855868358124082,47.14999999999999,19.0,0.0,4.746276661863625,6.855868358124082,47.14999999999999,19.0,0.0,4.746276661863625,6.855868358124082,47.14999999999999,19.0,0.0,STATIC,25
8814146.72836945,1621056.8586907885,0.0,6.887043981371599,0.0,47.14999999999999,19.0,0.0,0.0,-54.85588265444367,0,44070733.64184725,6.887043981371599,47.14999999999999,19.0,0.0,4.4070733641847255,6.887043981371599,47.14999999999999,19.0,0.0,4.4070733641847255,6.887043981371599,47.14999999999999,19.0,0.0,STATIC,26
8029802.055998812,1486513.2015535068,0.0,6.919688207967957,0.0,47.14999999999999,19.0,0.0,0.0,-55.215410764032626,0,40149010.27999406,6.919688207967957,47.14999999999999,19.0,0.0,4.014901027999406,6.919688207967957,47.14999999999999,19.0,0.0,4.014901027999406,6.919688207967957,47.14999999999999,19.0,0.0,STATIC,27
7106320.972474677,1222593.9031871478,0.0,6.952734884128778,0.0,47.14999999999999,19.0,0.0,0.0,-55.64410462963387,0,35531604.86237338,6.952734884128778,47.14999999999999,19.0,0.0,3.553160486237338,6.952734884128778,47.14999999999999,19.0,0.0,3.553160486237338,6.952734884128778,47.14999999999999,19.0,0.0,STATIC,28
6047616.832700333,892404.9278253042,0.0,6.984756879952737,0.0,47.14999999999999,19.0,0.0,0.0,-56.14143470369709,0,30238084.163501665,6.984756879952737,47.14999999999999,19.0,0.0,3.0238084163501666,6.984756879952737,47.14999999999999,19.0,0.0,3.0238084163501666,6.984756879952737,47.14999999999999,19.0,0.0,STATIC,29
4918494.439672668,567743.1718202357,0.0,7.014062875432154,0.0,47.14999999999999,19.0,0.0,0.0,-56.676689904731504,0,24592472.19836334,7.014062875432154,47.14999999999999,19.0,0.0,2.459247219836334,7.014062875432154,47.14999999999999,19.0,0.0,2.459247219836334,7.014062875432154,47.14999999999999,19.0,0.0,STATIC,30
3841211.99095291,319827.4484695153,0.0,7.038859730886694,0.0,47.14999999999999,19.0,0.0,0.0,-57.19053427363684,0,19206059.95476455,7.038859730886694,47.14999999999999,19.0,0.0,1.920605995476455,7.038859730886694,47.14999999999999,19.0,0.0,1.920605995476455,7.038859730886694,47.14999999999999,19.0,0.0,STATIC,31
2926044.0311240973,177254.45903775154,0.0,7.057447599294549,0.0,47.14999999999999,19.0,0.0,0.0,-57.6295303851434,0,14630220.155620487,7.057447599294549,47.14999999999999,19.0,0.0,1.4630220155620488,7.057447599294549,47.14999999999999,19.0,0.0,1.4630220155620488,7.057447599294549,47.14999999999999,19.0,0.0,STATIC,32
2217266.677592275,97079.56659619235,0.0,7.0684040722161745,0.0,47.14999999999999,19.0,0.0,0.0,-57.97296258898768,0,11086333.387961376,7.0684040722161745,47.14999999999999,19.0,0.0,1.1086333387961376,7.0684040722161745,47.14999999999999,19.0,0.0,1.1086333387961376,7.0684040722161745,47.14999999999999,19.0,0.0,STATIC,33
1735371.4768868808,144753.51100523607,0.0,7.070723992275633,0.0,47.14999999999999,19.0,0.0,0.0,-58.21159026928092,0,8676857.384434404,7.070723992275633,47.14999999999999,19.0,0.0,0.8676857384434404,7.070723992275633,47.14999999999999,19.0,0.0,0.8676857384434404,7.070723992275633,47.14999999999999,19.0,0.0,STATIC,34
1443731.5220450398,140175.75906820843,0.0,7.063905550246578,0.0,47.14999999999999,19.0,0.0,0.0,-58.36422868873089,0,7218657.610225199,7.063905550246578,47.14999999999999,19.0,0.0,0.7218657610225199,7.063905550246578,47.14999999999999,19.0,0.0,0.7218657610225199,7.063905550246578,47.14999999999999,19.0,0.0,STATIC,35
1286422.5248929916,216915.14851350858,0.0,7.047992438554989,0.0,47.14999999999999,19.0,0.0,0.0,-58.45879629899851,0,6432112.624464958,7.047992438554989,47.14999999999999,19.0,0.0,0.6432112624464958,7.047992438554989,47.14999999999999,19.0,0.0,0.6432112624464958,7.047992438554989,47.14999999999999,19.0,0.0,STATIC,36
1173216.2934804587,265481.15557553055,0.0,7.049569257791811,0.0,47.14999999999999,19.0,0.0,0.0,-58.51382259546795,0,5866081.467402293,7.049569257791811,47.14999999999999,19.0,0.0,0.5866081467402293,7.049569257791811,47.14999999999999,19.0,0.0,0.5866081467402293,7.049569257791811,47.14999999999999,19.0,0.0,STATIC,37
1059214.3161629704,275671.480292552,0.0,7.045448858700176,0.0,47.14999999999999,19.0,0.0,0.0,-58.57494398321833,0,5296071.580814851,7.045448858700176,47.14999999999999,19.0,0.0,0.5296071580814852,7.045448858700176,47.14999999999999,19.0,0.0,0.5296071580814852,7.045448858700176,47.14999999999999,19.0,0.0,STATIC,38
997654.6991082482,229796.59175928077,0.0,7.03107378401153,0.0,47.14999999999999,19.0,0.0,0.0,-58.62009886643434,0,4988273.495541241,7.03107378401153,47.14999999999999,19.0,0.0,0.4988273495541241,7.03107378401153,47.14999999999999,19.0,0.0,0.4988273495541241,7.03107378401153,47.14999999999999,19.0,0.0,STATIC,39
993078.0668230515,171085.541720606,0.0,7.005274680645278,0.0,47.14999999999999,19.0,0.0,0.0,-58.64818628594319,0,4965390.3341152575,7.005274680645278,47.14999999999999,19.0,0.0,0.4965390334115257,7.005274680645278,47.14999999999999,19.0,0.0,0.4965390334115257,7.005274680645278,47.14999999999999,19.0,0.0,STATIC,40
1043856.4315509405,196252.45761103334,0.0,6.96764411759457,0.0,47.14999999999999,19.0,0.0,0.0,-58.66042766662995,0,5219282.1577547025,6.96764411759457,47.14999999999999,19.0,0.0,0.5219282157754702,6.96764411759457,47.14999999999999,19.0,0.0,0.5219282157754702,6.96764411759457,47.14999999999999,19.0,0.0,STATIC,41
1136731.243876035,290870.6334289275,0.0,6.918953350030229,0.0,47.14999999999999,19.0,0.0,0.0,-58.66268102803174,0,5683656.219380176,6.918953350030229,47.14999999999999,19.0,0.0,0.5683656219380175,6.918953350030229,47.14999999999999,19.0,0.0,0.5683656219380175,6.918953350030229,47.14999999999999,19.0,0.0,STATIC,42
1251475.9638182768,418687.9899049942,0.0,6.861477444915431,0.0,47.14999999999999,19.0,0.0,0.0,-58.66278457317542,0,6257379.819091384,6.861477444915431,47.14999999999999,19.0,0.0,0.6257379819091384,6.861477444915431,47.14999999999999,19.0,0.0,0.6257379819091384,6.861477444915431,47.14999999999999,19.0,0.0,STATIC,43
1369611.574798518,501095.4806600554,0.0,6.798955868130699,0.0,47.14999999999999,19.0,0.0,0.0,-58.66623834447003,0,6848057.87399259,6.798955868130699,47.14999999999999,19.0,0.0,0.684805787399259,6.798955868130699,47.14999999999999,19.0,0.0,0.684805787399259,6.798955868130699,47.14999999999999,19.0,0.0,STATIC,44
1479860.5938411711,586451.8547152918,0.0,6.735981244096602,0.0,47.14999999999999,19.0,0.0,0.0,-58.6740884589828,0,7399302.969205855,6.735981244096602,47.14999999999999,19.0,0.0,0.7399302969205855,6.735981244096602,47.14999999999999,19.0,0.0,0.7399302969205855,6.735981244096602,47.14999999999999,19.0,0.0,STATIC,45
1577996.6425867327,671495.4101987416,0.0,6.676937443139904,0.0,47.14999999999999,19.0,0.0,0.0,-58.68406423556672,0,7889983.212933664,6.676937443139904,47.14999999999999,19.0,0.0,0.7889983212933664,6.676937443139904,47.14999999999999,19.0,0.0,0.7889983212933664,6.676937443139904,47.14999999999999,19.0,0.0,STATIC,46
1664055.9769901219,754727.5761851228,0.0,6.624972609242384,0.0,47.14999999999999,19.0,0.0,0.0,-58.692999402262544,0,8320279.884950609,6.624972609242384,47.14999999999999,19.0,0.0,0.8320279884950609,6.624972609242384,47.14999999999999,19.0,0.0,0.8320279884950609,6.624972609242384,47.14999999999999,19.0,0.0,STATIC,47
1740376.9653928976,835614.7644324466,0.0,6.581509657000726,0.0,47.14999999999999,19.0,0.0,0.0,-58.69830186030282,0,8701884.826964488,6.581509657000726,47.14999999999999,19.0,0.0,0.8701884826964488,6.581509657000726,47.14999999999999,19.0,0.0,0.8701884826964488,6.581509657000726,47.14999999999999,19.0,0.0,STATIC,48
1788017.1959537293,910678.0658590662,0.0,6.546418398348203,0.0,47.14999999999999,19.0,0.0,0.0,-58.709573003674926,0,8940085.979768647,6.546418398348203,47.14999999999999,19.0,0.0,0.8940085979768647,6.546418398348203,47.14999999999999,19.0,0.0,0.8940085979768647,6.546418398348203,47.14999999999999,19.0,0.0,STATIC,49
1792834.3368306644,950929.1528940904,0.0,6.518580128328548,0.0,47.14999999999999,19.0,0.0,0.0,-58.735002703256114,0,8964171.684153322,6.518580128328548,47.14999999999999,19.0,0.0,0.8964171684153323,6.518580128328548,47.14999999999999,19.0,0.0,0.8964171684153323,6.518580128328548,47.14999999999999,19.0,0.0,STATIC,50
1805275.01339049,993684.0777608738,0.0,6.496483059357681,0.0,47.14999999999999,19.0,0.0,0.0,-58.75087943394706,0,9026375.06695245,6.496483059357681,47.14999999999999,19.0,0.0,0.902637506695245,6.496483059357681,47.14999999999999,19.0,0.0,0.902637506695245,6.496483059357681,47.14999999999999,19.0,0.0,STATIC,51
1840057.1836901642,1039094.3367284437,0.0,6.478639058665106,0.0,47.14999999999999,19.0,0.0,0.0,-58.7513323494898,0,9200285.918450821,6.478639058665106,47.14999999999999,19.0,0.0,0.9200285918450821,6.478639058665106,47.14999999999999,19.0,0.0,0.9200285918450821,6.478639058665106,47.14999999999999,19.0,0.0,STATIC,52
1902813.5634524368,1087060.278691845,0.0,6.463790873486125,0.0,47.14999999999999,19.0,0.0,0.0,-58.734802344787646,0,9514067.817262184,6.463790873486125,47.14999999999999,19.0,0.0,0.9514067817262184,6.463790873486125,47.14999999999999,19.0,0.0,0.9514067817262184,6.463790873486125,47.14999999999999,19.0,0.0,STATIC,53
1990545.7258819328,1137228.7084882117,0.0,6.450969252366038,0.0,47.14999999999999,19.0,0.0,0.0,-58.70375788469299,0,9952728.629409663,6.450969252366038,47.14999999999999,19.0,0.0,0.9952728629409663,6.450969252366038,47.14999999999999,19.0,0.0,0.9952728629409663,6.450969252366038,47.14999999999999,19.0,0.0,STATIC,54
2093584.5204253073,1180734.8139198145,0.0,6.439470885671843,0.0,47.14999999999999,19.0,0.0,0.0,-58.6637368541155,0,10467922.602126537,6.439470885671843,47.14999999999999,19.0,0.0,1.0467922602126536,6.439470885671843,47.14999999999999,19.0,0.0,1.0467922602126536,6.439470885671843,47.14999999999999,19.0,0.0,STATIC,55
2191850.8042738764,1176401.6283701505,0.0,6.428807051521702,0.0,47.14999999999999,19.0,0.0,0.0,-58.62526754634135,0,10959254.021369383,6.428807051521702,47.14999999999999,19.0,0.0,1.0959254021369382,6.428807051521702,47.14999999999999,19.0,0.0,1.0959254021369382,6.428807051521702,47.14999999999999,19.0,0.0,STATIC,56
2268966.1991504044,1116418.3592400304,0.0,6.418649513251901,0.0,47.14999999999999,19.0,0.0,0.0,-58.59686738717289,0,11344830.995752022,6.418649513251901,47.14999999999999,19.0,0.0,1.1344830995752022,6.418649513251901,47.14999999999999,19.0,0.0,1.1344830995752022,6.418649513251901,47.14999999999999,19.0,0.0,STATIC,57
2347967.5560991545,1038333.1556831487,0.0,6.408784492483731,0.0,47.14999999999999,19.0,0.0,0.0,-58.567231729466684,0,11739837.780495772,6.408784492483731,47.14999999999999,19.0,0.0,1.1739837780495772,6.408784492483731,47.14999999999999,19.0,0.0,1.1739837780495772,6.408784492483731,47.14999999999999,19.0,0.0,STATIC,58
2435894.67122922,957716.1928445342,0.0,6.399077275957333,0.0,47.14999999999999,19.0,0.0,0.0,-58.53297538842805,0,12179473.3561461,6.399077275957333,47.14999999999999,19.0,0.0,1.21794733561461,6.399077275957333,47.14999999999999,19.0,0.0,1.21794733561461,6.399077275957333,47.14999999999999,19.0,0.0,STATIC,59
2552032.296210749,874138.7956830851,0.0,6.389446505895721,0.0,47.14999999999999,19.0,0.0,0.0,-58.484537345998895,0,12760161.481053745,6.389446505895721,47.14999999999999,19.0,0.0,1.2760161481053744,6.389446505895721,47.14999999999999,19.0,0.0,1.2760161481053744,6.389446505895721,47.14999999999999,19.0,0.0,STATIC,60
2732874.760136962,797379.821574247,0.0,6.379846146099462,0.0,47.14999999999999,19.0,0.0,0.0,-58.40371647383205,0,13664373.80068481,6.379846146099462,47.14999999999999,19.0,0.0,1.366437380068481,6.379846146099462,47.14999999999999,19.0,0.0,1.366437380068481,6.379846146099462,47.14999999999999,19.0,0.0,STATIC,61
3016433.5894207987,728585.4995578434,0.0,6.370253116767643,0.0,47.14999999999999,19.0,0.0,0.0,-58.27153008852195,0,15082167.947103994,6.370253116767643,47.14999999999999,19.0,0.0,1.5082167947103995,6.370253116767643,47.14999999999999,19.0,0.0,1.5082167947103995,6.370253116767643,47.14999999999999,19.0,0.0,STATIC,62
3450854.377878809,666006.6831461655,0.0,6.3606589487786245,0.0,47.14999999999999,19.0,0.0,0.0,-58.063913862281964,0,17254271.889394045,6.3606589487786245,47.14999999999999,19.0,0.0,1.7254271889394044,6.3606589487786245,47.14999999999999,19.0,0.0,1.7254271889394044,6.3606589487786245,47.14999999999999,19.0,0.0,STATIC,63
4077635.406165871,603639.6243177347,0.0,6.3510642178264565,0.0,47.14999999999999,19.0,0.0,0.0,-57.7601180790906,0,20388177.030829355,6.3510642178264565,47.14999999999999,19.0,0.0,2.0388177030829353,6.3510642178264565,47.14999999999999,19.0,0.0,2.0388177030829353,6.3510642178264565,47.14999999999999,19.0,0.0,STATIC,64
4906247.080088095,532789.4925308484,0.0,6.341474870803312,0.0,47.14999999999999,19.0,0.0,0.0,-57.355401589152635,0,24531235.400440473,6.341474870803312,47.14999999999999,19.0,0.0,2.4531235400440474,6.341474870803312,47.14999999999999,19.0,0.0,2.4531235400440474,6.341474870803312,47.14999999999999,19.0,0.0,STATIC,65
5906649.694461318,448307.81910999067,0.0,6.331899826727459,0.0,47.14999999999999,19.0,0.0,0.0,-56.86477532604187,0,29533248.47230659,6.331899826727459,47.14999999999999,19.0,0.0,2.9533248472306592,6.331899826727459,47.14999999999999,19.0,0.0,2.9533248472306592,6.331899826727459,47.14999999999999,19.0,0.0,STATIC,66
7027156.475117658,356620.35962497274,0.0,6.322349429775956,0.0,47.14999999999999,19.0,0.0,0.0,-56.314072332665205,0,35135782.37558829,6.322349429775956,47.14999999999999,19.0,0.0,3.513578237558829,6.322349429775956,47.14999999999999,19.0,0.0,3.513578237558829,6.322349429775956,47.14999999999999,19.0,0.0,STATIC,67
8231356.837874104,277038.93110942445,0.0,6.312834468636601,0.0,47.14999999999999,19.0,0.0,0.0,-55.72148711242634,0,41156784.18937052,6.312834468636601,47.14999999999999,19.0,0.0,4.115678418937052,6.312834468636601,47.14999999999999,19.0,0.0,4.115678418937052,6.312834468636601,47.14999999999999,19.0,0.0,STATIC,68
9551027.21398553,219125.32853598206,0.0,6.303365570164241,0.0,47.14999999999999,19.0,0.0,0.0,-55.071120822842985,0,47755136.069927655,6.303365570164241,47.14999999999999,19.0,0.0,4.7755136069927655,6.303365570164241,47.14999999999999,19.0,0.0,4.7755136069927655,6.303365570164241,47.14999999999999,19.0,0.0,STATIC,69
11173600.50450346,141742.21125206986,0.0,6.293952838906334,0.0,47.14999999999999,19.0,0.0,0.0,-54.26924690884193,0,55868002.5225173,6.293952838906334,47.14999999999999,19.0,0.0,5.58680025225173,6.293952838906334,47.14999999999999,19.0,0.0,5.58680025225173,6.293952838906334,47.14999999999999,19.0,0.0,STATIC,70
13780723.608175183,80522.06444811291,0.0,6.28460565686353,0.0,47.14999999999999,19.0,0.0,0.0,-52.97503253904887,0,68903618.04087591,6.28460565686353,47.14999999999999,19.0,0.0,6.890361804087592,6.28460565686353,47.14999999999999,19.0,0.0,6.890361804087592,6.28460565686353,47.14999999999999,19.0,0.0,STATIC,71
19952394.913275633,147437.74567773825,0.0,6.275332586542731,0.0,47.14999999999999,19.0,0.0,0.0,-49.89846995681944,0,99761974.56637816,6.275332586542731,47.14999999999999,19.0,0.0,9.976197456637816,6.275332586542731,47.14999999999999,19.0,0.0,9.976197456637816,6.275332586542731,47.14999999999999,19.0,0.0,STATIC,72
24870226.994700987,175044.90430361105,0.0,6.266141339547615,0.0,47.14999999999999,19.0,0.0,0.0,-47.44874516310188,0,124351134.97350493,6.266141339547615,47.14999999999999,19.0,0.0,12.435113497350493,6.266141339547615,47.14999999999999,19.0,0.0,12.435113497350493,6.266141339547615,47.14999999999999,19.0,0.0,STATIC,73
17010181.162649415,170916.92693860302,0.0,6.257038785765323,0.0,47.14999999999999,19.0,0.0,0.0,-51.387870632909966,0,85050905.81324707,6.257038785765323,47.14999999999999,19.0,0.0,8.505090581324707,6.257038785765323,47.14999999999999,19.0,0.0,8.505090581324707,6.257038785765323,47.14999999999999,19.0,0.0,STATIC,74
14771594.697446391,186852.41930894612,0.0,6.248030986757291,0.0,47.14999999999999,19.0,0.0,0.0,-52.516171664519504,0,73857973.48723195,6.248030986757291,47.14999999999999,19.0,0.0,7.385797348723195,6.248030986757291,47.14999999999999,19.0,0.0,7.385797348723195,6.248030986757291,47.14999999999999,19.0,0.0,STATIC,75
14084559.712957397,235775.28995838814,0.0,6.2391232426606456,0.0,47.14999999999999,19.0,0.0,0.0,-52.86859690086065,0,70422798.56478699,6.2391232426606456,47.14999999999999,19.0,0.0,7.042279856478698,6.2391232426606456,47.14999999999999,19.0,0.0,7.042279856478698,6.2391232426606456,47.14999999999999,19.0,0.0,STATIC,76
13609470.367889082,323343.55301601003,0.0,6.230320145699666,0.0,47.14999999999999,19.0,0.0,0.0,-53.11494467035578,0,68047351.83944541,6.230320145699666,47.14999999999999,19.0,0.0,6.804735183944541,6.230320145699666,47.14999999999999,19.0,0.0,6.804735183944541,6.230320145699666,47.14999999999999,19.0,0.0,STATIC,77
12938857.302246222,440208.94872405333,0.0,6.221625635925833,0.0,47.14999999999999,19.0,0.0,0.0,-53.45894571295105,0,64694286.51123111,6.221625635925833,47.14999999999999,19.0,0.0,6.469428651123111,6.221625635925833,47.14999999999999,19.0,0.0,6.469428651123111,6.221625635925833,47.14999999999999,19.0,0.0,STATIC,78
12096993.637366328,571338.3176432056,0.0,6.213043056472227,0.0,47.14999999999999,19.0,0.0,0.0,-53.8884601248446,0,60484968.186831646,6.213043056472227,47.14999999999999,19.0,0.0,6.048496818683165,6.213043056472227,47.14999999999999,19.0,0.0,6.048496818683165,6.213043056472227,47.14999999999999,19.0,0.0,STATIC,79
11224593.810905721,711280.7521662522,0.0,6.205076302900343,0.0,47.14999999999999,19.0,0.0,0.0,-54.33262679164679,0,56122969.05452861,6.205076302900343,47.14999999999999,19.0,0.0,5.612296905452861,6.205076302900343,47.14999999999999,19.0,0.0,5.612296905452861,6.205076302900343,47.14999999999999,19.0,0.0,STATIC,80
10569262.647011545,867282.2594043466,0.0,6.197358402718248,0.0,47.14999999999999,19.0,0.0,0.0,-54.66801027377597,0,52846313.23505773,6.197358402718248,47.14999999999999,19.0,0.0,5.2846313235057725,6.197358402718248,47.14999999999999,19.0,0.0,5.2846313235057725,6.197358402718248,47.14999999999999,19.0,0.0,STATIC,81
10074192.412853206,1051318.640106157,0.0,6.189837224599948,0.0,47.14999999999999,19.0,0.0,0.0,-54.92306656897344,0,50370962.064266026,6.189837224599948,47.14999999999999,19.0,0.0,5.037096206426603,6.189837224599948,47.14999999999999,19.0,0.0,5.037096206426603,6.189837224599948,47.14999999999999,19.0,0.0,STATIC,82
9879300.297041256,1249366.592679393,0.0,6.182524168996756,0.0,47.14999999999999,19.0,0.0,0.0,-55.02782568248261,0,49396501.48520628,6.182524168996756,47.14999999999999,19.0,0.0,4.939650148520628,6.182524168996756,47.14999999999999,19.0,0.0,4.939650148520628,6.182524168996756,47.14999999999999,19.0,0.0,STATIC,83
10530963.892125154,1423891.8036371453,0.0,6.175432373294617,0.0,47.14999999999999,19.0,0.0,0.0,-54.7090856806428,0,52654819.46062577,6.175432373294617,47.14999999999999,19.0,0.0,5.265481946062577,6.175432373294617,47.14999999999999,19.0,0.0,5.265481946062577,6.175432373294617,47.14999999999999,19.0,0.0,STATIC,84
11291769.731412211,1630994.3633529376,0.0,6.168577115746011,0.0,47.14999999999999,19.0,0.0,0.0,-54.33553801854788,0,56458848.657061055,6.168577115746011,47.14999999999999,19.0,0.0,5.645884865706106,6.168577115746011,47.14999999999999,19.0,0.0,5.645884865706106,6.168577115746011,47.14999999999999,19.0,0.0,STATIC,85
12241057.60306658,1871873.069822896,0.0,6.161976301514672,0.0,47.14999999999999,19.0,0.0,0.0,-53.86749489695203,0,61205288.0153329,6.161976301514672,47.14999999999999,19.0,0.0,6.12052880153329,6.161976301514672,47.14999999999999,19.0,0.0,6.12052880153329,6.161976301514672,47.14999999999999,19.0,0.0,STATIC,86
13536175.522601087,2148135.875836817,0.0,6.1556510491371625,0.0,47.14999999999999,19.0,0.0,0.0,-53.22626118956229,0,67680877.61300543,6.1556510491371625,47.14999999999999,19.0,0.0,6.768087761300543,6.1556510491371625,47.14999999999999,19.0,0.0,6.768087761300543,6.1556510491371625,47.14999999999999,19.0,0.0,STATIC,87
15361801.585999733,2462195.3952449313,0.0,6.149626399420971,0.0,47.14999999999999,19.0,0.0,0.0,-52.31947280757915,0,76809007.92999867,6.149626399420971,47.14999999999999,19.0,0.0,7.680900792999867,6.149626399420971,47.14999999999999,19.0,0.0,7.680900792999867,6.149626399420971,47.14999999999999,19.0,0.0,STATIC,88
17455335.99571431,2655959.1876454577,0.0,6.143932172952822,0.0,47.14999999999999,19.0,0.0,0.0,-51.278399829190015,0,87276679.97857155,6.143932172952822,47.14999999999999,19.0,0.0,8.727667997857155,6.143932172952822,47.14999999999999,19.0,0.0,8.727667997857155,6.143932172952822,47.14999999999999,19.0,0.0,STATIC,89
18091719.79343047,1227195.972376118,0.0,6.13860400678341,0.0,47.14999999999999,19.0,0.0,0.0,-50.965536096501346,0,90458598.96715236,6.13860400678341,47.14999999999999,19.0,0.0,9.045859896715235,6.13860400678341,47.14999999999999,19.0,0.0,9.045859896715235,6.13860400678341,47.14999999999999,19.0,0.0,STATIC,90
17032664.861017276,989486.8662885788,0.0,6.133684605047161,0.0,47.14999999999999,19.0,0.0,0.0,-51.49998296444419,0,85163324.30508637,6.133684605047161,47.14999999999999,19.0,0.0,8.516332430508637,6.133684605047161,47.14999999999999,19.0,0.0,8.516332430508637,6.133684605047161,47.14999999999999,19.0,0.0,STATIC,91
17050884.920520406,1598927.2443522634,0.0,6.129225241420497,0.0,47.14999999999999,19.0,0.0,0.0,-51.49533229831929,0,85254424.60260203,6.129225241420497,47.14999999999999,19.0,0.0,8.525442460260203,6.129225241420497,47.14999999999999,19.0,0.0,8.525442460260203,6.129225241420497,47.14999999999999,19.0,0.0,STATIC,92
19409702.40362406,2253536.0685244477,0.0,6.1252875518986,0.0,47.14999999999999,19.0,0.0,0.0,-50.31986124628936,0,97048512.0181203,6.1252875518986,47.14999999999999,19.0,0.0,9.70485120181203,6.1252875518986,47.14999999999999,19.0,0.0,9.70485120181203,6.1252875518986,47.14999999999999,19.0,0.0,STATIC,93
24498384.78622408,2586321.511952904,0.0,6.121945651776221,0.0,47.14999999999999,19.0,0.0,0.0,-47.77886195511173,0,122491923.9311204,6.121945651776221,47.14999999999999,19.0,0.0,12.24919239311204,6.121945651776221,47.14999999999999,19.0,0.0,12.24919239311204,6.121945651776221,47.14999999999999,19.0,0.0,STATIC,94
32456007.450286705,2641424.550263254,0.0,6.119288596665377,0.0,47.14999999999999,19.0,0.0,0.0,-43.80270767819126,0,162280037.25143352,6.119288596665377,47.14999999999999,19.0,0.0,16.228003725143353,6.119288596665377,47.14999999999999,19.0,0.0,16.228003725143353,6.119288596665377,47.14999999999999,19.0,0.0,STATIC,95
44863948.01212152,2673073.0990384216,0.0,6.117423177052921,0.0,47.14999999999999,19.0,0.0,0.0,-37.60060281688631,0,224319740.0606076,6.117423177052921,47.14999999999999,19.0,0.0,22.431974006060763,6.117423177052921,47.14999999999999,19.0,0.0,22.431974006060763,6.117423177052921,47.14999999999999,19.0,0.0,STATIC,96
36452655.11734848,2680249.38362411,0.0,6.116476978843348,0.0,47.14999999999999,19.0,0.0,0.0,-41.807195462482404,0,182263275.58674237,6.116476978843348,47.14999999999999,19.0,0.0,18.22632755867424,6.116476978843348,47.14999999999999,19.0,0.0,18.22632755867424,6.116476978843348,47.14999999999999,19.0,0.0,STATIC,97
35799572.09242113,2660922.4081335063,0.0,6.116601543236361,0.0,47.14999999999999,19.0,0.0,0.0,-42.13361241055307,0,178997860.46210566,6.116601543236361,47.14999999999999,19.0,0.0,17.899786046210565,6.116601543236361,47.14999999999999,19.0,0.0,17.899786046210565,6.116601543236361,47.14999999999999,19.0,0.0,STATIC,98
24433920.764096804,2614550.6225601453,0.0,6.11797529706178,0.0,47.14999999999999,19.0,0.0,0.0,-47.81506432088981,0,122169603.82048403,6.11797529706178,47.14999999999999,19.0,0.0,12.216960382048402,6.11797529706178,47.14999999999999,19.0,0.0,12.216960382048402,6.11797529706178,47.14999999999999,19.0,0.0,STATIC,99
69244234.57688873,18159494.5725953,0.0,6.733237888037346,0.0,47.14999999999999,19.0,0.0,0.0,-24.794644823518283,0,346221172.88444364,6.733237888037346,47.14999999999999,19.0,0.0,34.622117288444365,6.733237888037346,47.14999999999999,19.0,0.0,34.622117288444365,6.733237888037346,47.14999999999999,19.0,0.0,REACTIVE,0
56216670.64956929,18247762.338222902,0.0,6.909156111633919,0.0,47.14999999999999,19.0,0.0,0.0,-31.132508563581425,0,281083353.2478464,6.909156111633919,47.14999999999999,19.0,0.0,28.108335324784644,6.909156111633919,47.14999999999999,19.0,0.0,28.108335324784644,6.909156111633919,47.14999999999999,19.0,0.0,REACTIVE,1
49756347.149144225,17967630.864855047,0.0,7.101168966655527,0.0,47.14999999999999,19.0,0.0,0.0,-34.170657458772354,0,248781735.74572113,7.101168966655527,47.14999999999999,19.0,0.0,24.878173574572113,7.101168966655527,47.14999999999999,19.0,0.0,24.878173574572113,7.101168966655527,47.14999999999999,19.0,0.0,REACTIVE,2
40943634.4898989,17535796.673191167,0.0,7.289417310653542,0.0,47.14999999999999,19.0,0.0,0.0,-38.388765444397,0,204718172.44949448,7.289417310653542,47.14999999999999,19.0,0.0,20.47181724494945,7.289417310653542,47.14999999999999,19.0,0.0,20.47181724494945,7.289417310653542,47.14999999999999,19.0,0.0,REACTIVE,3
34272978.55071577,17048779.065555654,0.0,5.996917037000827,0.0,43.599999999999994,19.0,8.0,8.0,-47.46659368764128,1,171364892.75357884,5.996917037000827,43.599999999999994,19.0,8.0,17.136489275357885,5.996917037000827,43.599999999999994,19.0,8.0,17.136489275357885,5.996917037000827,43.599999999999994,19.0,8.0,REACTIVE,4
30225942.149158735,17238476.379713394,0.0,6.055551988709421,0.0,47.14999999999999,19.0,4.0,12.0,-48.9814769367112,1,151129710.74579367,6.055551988709421,47.14999999999999,19.0,4.0,15.112971074579367,6.055551988709421,47.14999999999999,19.0,4.0,15.112971074579367,6.055551988709421,47.14999999999999,19.0,4.0,REACTIVE,5
31943689.99552508,17804019.692278698,0.0,4.553106668276781,0.0,50.699999999999996,19.0,4.0,16.0,-53.17504833396067,1,159718449.9776254,4.553106668276781,50.699999999999996,19.0,4.0,15.97184499776254,4.553106668276781,50.699999999999996,19.0,4.0,15.97184499776254,4.553106668276781,50.699999999999996,19.0,4.0,REACTIVE,6
35921845.4682043,18078990.301440068,0.0,5.160853407801302,0.0,47.14999999999999,19.0,2.0,18.0,-45.02822385809654,1,179609227.34102148,5.160853407801302,47.14999999999999,19.0,2.0,17.960922734102148,5.160853407801302,47.14999999999999,19.0,2.0,17.960922734102148,5.160853407801302,47.14999999999999,19.0,2.0,REACTIVE,7
37378285.624401726,19782570.29254862,0.0,5.63901072922743,0.0,47.14999999999999,19.0,2.0,20.0,-43.8218464585717,1,186891428.12200862,5.63901072922743,47.14999999999999,19.0,2.0,18.689142812200863,5.63901072922743,47.14999999999999,19.0,2.0,18.689142812200863,5.63901072922743,47.14999999999999,19.0,2.0,REACTIVE,8
35850785.64248921,18876498.972251695,0.0,5.904785362576714,0.0,47.14999999999999,19.0,2.0,22.0,-44.319821816178674,1,179253928.21244606,5.904785362576714,47.14999999999999,19.0,2.0,17.925392821244607,5.904785362576714,47.14999999999999,19.0,2.0,17.925392821244607,5.904785362576714,47.14999999999999,19.0,2.0,REACTIVE,9
31273499.365104813,17069472.399702244,0.0,6.02948433031463,0.0,43.599999999999994,19.0,2.0,24.0,-42.93376598713296,1,156367496.82552406,6.02948433031463,43.599999999999994,19.0,2.0,15.636749682552406,6.02948433031463,43.599999999999994,19.0,2.0,15.636749682552406,6.02948433031463,43.599999999999994,19.0,2.0,REACTIVE,10
27302192.180490296,16570532.930034783,0.0,5.442838859578558,0.0,47.14999999999999,19.0,4.0,28.0,-51.05606505017629,1,136510960.9024515,5.442838859578558,47.14999999999999,19.0,4.0,13.651096090245149,5.442838859578558,47.14999999999999,19.0,4.0,13.651096090245149,5.442838859578558,47.14999999999999,19.0,4.0,REACTIVE,11
23921124.195220884,15543022.053093992,0.0,5.391284898199693,0.0,43.599999999999994,19.0,4.0,32.0,-49.24815300418986,1,119605620.97610442,5.391284898199693,43.599999999999994,19.0,4.0,11.960562097610442,5.391284898199693,43.599999999999994,19.0,4.0,11.960562097610442,5.391284898199693,43.599999999999994,19.0,4.0,REACTIVE,12
21811041.90195389,14971876.52990491,0.0,5.189220449517412,0.0,47.14999999999999,19.0,4.0,36.0,-54.055258599505635,1,109055209.50976945,5.189220449517412,47.14999999999999,19.0,4.0,10.905520950976946,5.189220449517412,47.14999999999999,19.0,4.0,10.905520950976946,5.189220449517412,47.14999999999999,19.0,4.0,REACTIVE,13
20185428.74535292,14274072.653411984,0.0,4.969125671417128,0.0,47.14999999999999,19.0,0.0,36.0,-51.088159955906406,0,100927143.7267646,4.969125671417128,47.14999999999999,19.0,0.0,10.092714372676461,4.969125671417128,47.14999999999999,19.0,0.0,10.092714372676461,4.969125671417128,47.14999999999999,19.0,0.0,REACTIVE,14
19719829.554844417,13459804.141892798,0.0,4.715282943813828,0.0,47.14999999999999,19.0,0.0,36.0,-51.574802278763954,0,98599147.77422208,4.715282943813828,47.14999999999999,19.0,0.0,9.859914777422208,4.715282943813828,47.14999999999999,19.0,0.0,9.859914777422208,4.715282943813828,47.14999999999999,19.0,0.0,REACTIVE,15
21795572.609345797,12368926.174829056,0.0,4.48637767640998,0.0,47.14999999999999,19.0,4.0,40.0,-54.76583601891711,1,108977863.04672898,4.48637767640998,47.14999999999999,19.0,4.0,10.897786304672898,4.48637767640998,47.14999999999999,19.0,4.0,10.897786304672898,4.48637767640998,47.14999999999999,19.0,4.0,REACTIVE,16
21422785.327252332,9640527.587603236,0.0,4.818927973617921,0.0,47.14999999999999,19.0,4.0,44.0,-54.6196793627559,1,107113926.63626166,4.818927973617921,47.14999999999999,19.0,4.0,10.711392663626166,4.818927973617921,47.14999999999999,19.0,4.0,10.711392663626166,4.818927973617921,47.14999999999999,19.0,4.0,REACTIVE,17
23199758.283774123,9247291.200537644,0.0,5.869496806732637,0.0,47.14999999999999,19.0,0.0,44.0,-48.68062405138029,0,115998791.41887061,5.869496806732637,47.14999999999999,19.0,0.0,11.599879141887062,5.869496806732637,47.14999999999999,19.0,0.0,11.599879141887062,5.869496806732637,47.14999999999999,19.0,0.0,REACTIVE,18
24093247.11548779,8849477.82083863,0.0,6.079702328694512,0.0,43.599999999999994,19.0,4.0,48.0,-48.473674113561586,1,120466235.57743895,6.079702328694512,43.599999999999994,19.0,4.0,12.046623557743896,6.079702328694512,43.599999999999994,19.0,4.0,12.046623557743896,6.079702328694512,43.599999999999994,19.0,4.0,REACTIVE,19
19019999.078027673,8854528.675656633,0.0,5.914702101268876,0.0,43.599999999999994,19.0,2.0,50.0,-49.17529835971728,1,95099995.39013836,5.914702101268876,43.599999999999994,19.0,2.0,9.509999539013835,5.914702101268876,43.599999999999994,19.0,2.0,9.509999539013835,5.914702101268876,43.599999999999994,19.0,2.0,REACTIVE,20
18885784.10734148,10040078.75668704,0.0,6.097943693296836,0.0,47.14999999999999,19.0,4.0,54.0,-54.60916425303242,1,94428920.5367074,6.097943693296836,47.14999999999999,19.0,4.0,9.44289205367074,6.097943693296836,47.14999999999999,19.0,4.0,9.44289205367074,6.097943693296836,47.14999999999999,19.0,4.0,REACTIVE,21
16322737.174999598,10457448.527220631,0.0,6.043866391577376,0.0,43.599999999999994,19.0,2.0,56.0,-50.39476502092282,1,81613685.87499799,6.043866391577376,43.599999999999994,19.0,2.0,8.1613685874998,6.043866391577376,43.599999999999994,19.0,2.0,8.1613685874998,6.043866391577376,43.599999999999994,19.0,2.0,REACTIVE,22
15536253.675167236,10622753.180409834,0.0,5.810702562242344,0.0,43.599999999999994,19.0,0.0,56.0,-49.02117060017403,0,77681268.37583618,5.810702562242344,43.599999999999994,19.0,0.0,7.768126837583618,5.810702562242344,43.599999999999994,19.0,0.0,7.768126837583618,5.810702562242344,43.599999999999994,19.0,0.0,REACTIVE,23
14176616.326012889,11061319.124121258,0.0,5.579557739273283,0.0,43.599999999999994,19.0,2.0,58.0,-51.932134097720265,1,70883081.63006444,5.579557739273283,43.599999999999994,19.0,2.0,7.088308163006444,5.579557739273283,43.599999999999994,19.0,2.0,7.088308163006444,5.579557739273283,43.599999999999994,19.0,2.0,REACTIVE,24
14333440.275415491,11174085.978517206,0.0,5.410595938995945,0.0,47.14999999999999,19.0,2.0,60.0,-55.572683923296296,1,71667201.37707746,5.410595938995945,47.14999999999999,19.0,2.0,7.166720137707746,5.410595938995945,47.14999999999999,19.0,2.0,7.166720137707746,5.410595938995945,47.14999999999999,19.0,2.0,REACTIVE,25
14819620.141484622,10985842.3821323,0.0,5.301649637501983,0.0,47.14999999999999,19.0,0.0,60.0,-53.4385402917557,0,74098100.7074231,5.301649637501983,47.14999999999999,19.0,0.0,7.409810070742311,5.301649637501983,47.14999999999999,19.0,0.0,7.409810070742311,5.301649637501983,47.14999999999999,19.0,0.0,REACTIVE,26
16304205.523668503,11157080.079796383,0.0,5.240392646425555,0.0,50.699999999999996,19.0,4.0,64.0,-60.307504591740184,1,81521027.61834252,5.240392646425555,50.699999999999996,19.0,4.0,8.152102761834252,5.240392646425555,50.699999999999996,19.0,4.0,8.152102761834252,5.240392646425555,50.699999999999996,19.0,4.0,REACTIVE,27
16724001.635890659,9989464.999478068,0.0,5.218018007168382,0.0,43.59999999999999,19.0,4.0,68.0,-53.019981174886276,1,83620008.1794533,5.218018007168382,43.59999999999999,19.0,4.0,8.36200081794533,5.218018007168382,43.59999999999999,19.0,4.0,8.36200081794533,5.218018007168382,43.59999999999999,19.0,4.0,REACTIVE,28
19488316.032244306,10002522.818521144,0.0,5.231417471757128,0.0,43.59999999999999,19.0,0.0,68.0,-47.624424512120704,0,97441580.16122153,5.231417471757128,43.59999999999999,19.0,0.0,9.744158016122153,5.231417471757128,43.59999999999999,19.0,0.0,9.744158016122153,5.231417471757128,43.59999999999999,19.0,0.0,REACTIVE,29
26179589.505002864,10003483.579912331,0.0,6.0323670367161775,0.0,43.59999999999999,19.0,6.0,74.0,-49.47783821078238,1,130897947.52501431,6.0323670367161775,43.59999999999999,19.0,6.0,13.089794752501431,6.0323670367161775,43.59999999999999,19.0,6.0,13.089794752501431,6.0323670367161775,43.59999999999999,19.0,6.0,REACTIVE,30
31630226.346130062,10051606.40172023,0.0,6.13924998646513,0.0,43.59999999999999,19.0,0.0,74.0,-40.64563684046983,0,158151131.7306503,6.13924998646513,43.59999999999999,19.0,0.0,15.815113173065031,6.13924998646513,43.59999999999999,19.0,0.0,15.815113173065031,6.13924998646513,43.59999999999999,19.0,0.0,REACTIVE,31
38280945.4374367,11211106.426624367,0.0,6.319331141788604,0.0,47.14999999999999,19.0,2.0,76.0,-42.69019613949304,1,191404727.1871835,6.319331141788604,47.14999999999999,19.0,2.0,19.14047271871835,6.319331141788604,47.14999999999999,19.0,2.0,19.14047271871835,6.319331141788604,47.14999999999999,19.0,2.0,REACTIVE,32
45017686.61559533,11546678.485898482,0.0,6.8289923239312955,0.0,43.59999999999999,19.0,6.0,82.0,-39.26216436827102,1,225088433.07797667,6.8289923239312955,43.59999999999999,19.0,6.0,22.50884330779767,6.8289923239312955,43.59999999999999,19.0,6.0,22.50884330779767,6.8289923239312955,43.59999999999999,19.0,6.0,REACTIVE,33
42461697.74259609,11991785.58543861,0.0,6.575511830709221,0.0,43.59999999999999,19.0,0.0,82.0,-34.793639297992726,0,212308488.71298045,6.575511830709221,43.59999999999999,19.0,0.0,21.230848871298043,6.575511830709221,43.59999999999999,19.0,0.0,21.230848871298043,6.575511830709221,43.59999999999999,19.0,0.0,REACTIVE,34
41187603.47248382,12459268.558067452,0.0,6.3698031589814565,0.0,43.59999999999999,19.0,4.0,86.0,-39.63639510477662,1,205938017.3624191,6.3698031589814565,43.59999999999999,19.0,4.0,20.59380173624191,6.3698031589814565,43.59999999999999,19.0,4.0,20.59380173624191,6.3698031589814565,43.59999999999999,19.0,4.0,REACTIVE,35
35798036.2722763,14171683.910436137,0.0,6.809804045168909,0.0,43.59999999999999,19.0,4.0,90.0,-41.891177818692924,1,178990181.3613815,6.809804045168909,43.59999999999999,19.0,4.0,17.89901813613815,6.809804045168909,43.59999999999999,19.0,4.0,17.89901813613815,6.809804045168909,43.59999999999999,19.0,4.0,REACTIVE,36
32403149.061783127,14267255.334241455,0.0,7.0426605595446095,0.0,40.04999999999999,19.0,2.0,92.0,-37.80576490956381,1,162015745.30891564,7.0426605595446095,40.04999999999999,19.0,2.0,16.201574530891566,7.0426605595446095,40.04999999999999,19.0,2.0,16.201574530891566,7.0426605595446095,40.04999999999999,19.0,2.0,REACTIVE,37
37818307.7376856,17103745.819958515,0.0,7.124543049636073,0.0,47.14999999999999,19.0,4.0,96.0,-44.116303081521124,1,189091538.68842798,7.124543049636073,47.14999999999999,19.0,4.0,18.909153868842797,7.124543049636073,47.14999999999999,19.0,4.0,18.909153868842797,7.124543049636073,47.14999999999999,19.0,4.0,REACTIVE,38
44044844.96225373,19929113.7436802,0.0,7.163849529551851,0.0,50.699999999999996,19.0,2.0,98.0,-42.513727989321275,1,220224224.81126863,7.163849529551851,50.699999999999996,19.0,2.0,22.022422481126863,7.163849529551851,50.699999999999996,19.0,2.0,22.022422481126863,7.163849529551851,50.699999999999996,19.0,2.0,REACTIVE,39
45686180.17600806,19461798.93940349,0.0,7.200920503853119,0.0,54.24999999999999,19.0,2.0,100.0,-45.20598940814285,1,228430900.88004032,7.200920503853119,54.24999999999999,19.0,2.0,22.843090088004033,7.200920503853119,54.24999999999999,19.0,2.0,22.843090088004033,7.200920503853119,54.24999999999999,19.0,2.0,REACTIVE,40
40275354.339480475,18393162.288183752,0.0,7.240889644218527,0.0,50.699999999999996,19.0,2.0,102.0,-44.321433186041226,1,201376771.69740236,7.240889644218527,50.699999999999996,19.0,2.0,20.137677169740236,7.240889644218527,50.699999999999996,19.0,2.0,20.137677169740236,7.240889644218527,50.699999999999996,19.0,2.0,REACTIVE,41
37456905.213745736,18305999.60352902,0.0,7.280042137117162,0.0,50.699999999999996,19.0,0.0,102.0,-43.69150525600996,0,187284526.0687287,7.280042137117162,50.699999999999996,19.0,0.0,18.728452606872867,7.280042137117162,50.699999999999996,19.0,0.0,18.728452606872867,7.280042137117162,50.699999999999996,19.0,0.0,REACTIVE,42
37135795.05885059,18310378.453433607,0.0,7.31364738227839,0.0,50.699999999999996,19.0,0.0,102.0,-43.818455088296304,0,185678975.29425293,7.31364738227839,50.699999999999996,19.0,0.0,18.56789752942529,7.31364738227839,50.699999999999996,19.0,0.0,18.56789752942529,7.31364738227839,50.699999999999996,19.0,0.0,REACTIVE,43
42618918.91840138,18300449.47064281,0.0,7.338283604436054,0.0,50.699999999999996,19.0,0.0,102.0,-41.05225693636324,0,213094594.59200692,7.338283604436054,50.699999999999996,19.0,0.0,21.309459459200692,7.338283604436054,50.699999999999996,19.0,0.0,21.309459459200692,7.338283604436054,50.699999999999996,19.0,0.0,REACTIVE,44
25693582.64395628,17232442.672028486,0.0,7.352429703749103,0.0,50.699999999999996,19.0,4.0,106.0,-53.50077897427275,1,128467913.21978141,7.352429703749103,50.699999999999996,19.0,4.0,12.846791321978142,7.352429703749103,50.699999999999996,19.0,4.0,12.846791321978142,7.352429703749103,50.699999999999996,19.0,4.0,REACTIVE,45
24549648.336930543,17564011.480179034,0.0,7.356111202088316,0.0,50.699999999999996,19.0,2.0,108.0,-52.0690646294464,1,122748241.68465272,7.356111202088316,50.699999999999996,19.0,2.0,12.27482416846527,7.356111202088316,50.699999999999996,19.0,2.0,12.27482416846527,7.356111202088316,50.699999999999996,19.0,2.0,REACTIVE,46
23364417.10907747,16819469.813915916,0.0,7.2503747297953165,0.0,47.14999999999999,19.0,8.0,116.0,-55.21741671566594,1,116822085.54538734,7.2503747297953165,47.14999999999999,19.0,8.0,11.682208554538734,7.2503747297953165,47.14999999999999,19.0,8.0,11.682208554538734,7.2503747297953165,47.14999999999999,19.0,8.0,REACTIVE,47
22965862.05528583,16666046.431480166,0.0,7.176907548716475,0.0,43.599999999999994,19.0,2.0,118.0,-45.9401614236406,1,114829310.27642915,7.176907548716475,43.599999999999994,19.0,2.0,11.482931027642914,7.176907548716475,43.599999999999994,19.0,2.0,11.482931027642914,7.176907548716475,43.599999999999994,19.0,2.0,REACTIVE,48
22941067.97856587,16657005.16773548,0.0,7.0761669177270425,0.0,43.599999999999994,19.0,0.0,118.0,-44.05329909299002,0,114705339.89282936,7.0761669177270425,43.599999999999994,19.0,0.0,11.470533989282936,7.0761669177270425,43.599999999999994,19.0,0.0,11.470533989282936,7.0761669177270425,43.599999999999994,19.0,0.0,REACTIVE,49
23183531.72799366,16751058.742830686,0.0,6.938423337776611,0.0,43.599999999999994,19.0,0.0,118.0,-44.069810798226555,0,115917658.63996829,6.938423337776611,43.599999999999994,19.0,0.0,11.591765863996828,6.938423337776611,43.599999999999994,19.0,0.0,11.591765863996828,6.938423337776611,43.599999999999994,19.0,0.0,REACTIVE,50
23404110.35231898,17260519.27504397,0.0,6.746109897783251,0.0,47.14999999999999,19.0,2.0,120.0,-49.70183492605725,1,117020551.7615949,6.746109897783251,47.14999999999999,19.0,2.0,11.70205517615949,6.746109897783251,47.14999999999999,19.0,2.0,11.70205517615949,6.746109897783251,47.14999999999999,19.0,2.0,REACTIVE,51
23265092.48543895,18103360.7385087,0.0,6.471709247337115,0.0,47.14999999999999,19.0,2.0,122.0,-50.045744509943404,1,116325462.42719476,6.471709247337115,47.14999999999999,19.0,2.0,11.632546242719476,6.471709247337115,47.14999999999999,19.0,2.0,11.632546242719476,6.471709247337115,47.14999999999999,19.0,2.0,REACTIVE,52
22973845.213728,18031242.293841183,0.0,6.079398615107478,0.0,47.14999999999999,19.0,2.0,124.0,-50.58367877802851,1,114869226.06864,6.079398615107478,47.14999999999999,19.0,2.0,11.486922606863999,6.079398615107478,47.14999999999999,19.0,2.0,11.486922606863999,6.079398615107478,47.14999999999999,19.0,2.0,REACTIVE,53
22582180.90586364,17375596.96165037,0.0,5.551424493525943,0.0,50.699999999999996,19.0,4.0,128.0,-56.85748505354223,1,112910904.5293182,5.551424493525943,50.699999999999996,19.0,4.0,11.29109045293182,5.551424493525943,50.699999999999996,19.0,4.0,11.29109045293182,5.551424493525943,50.699999999999996,19.0,4.0,REACTIVE,54
22354063.351082154,17213940.12158366,0.0,5.058551279531448,0.0,50.699999999999996,19.0,0.0,128.0,-53.464417044927465,0,111770316.75541078,5.058551279531448,50.699999999999996,19.0,0.0,11.177031675541077,5.058551279531448,50.699999999999996,19.0,0.0,11.177031675541077,5.058551279531448,50.699999999999996,19.0,0.0,REACTIVE,55
22474945.62407721,17698476.873608153,0.0,5.2231350684102065,0.0,54.25,19.0,2.0,130.0,-58.78939211955119,1,112374728.12038603,5.2231350684102065,54.25,19.0,2.0,11.237472812038604,5.2231350684102065,54.25,19.0,2.0,11.237472812038604,5.2231350684102065,54.25,19.0,2.0,REACTIVE,56
23301541.72949312,17993221.689927,0.0,5.347992068221981,0.0,54.25,19.0,4.0,134.0,-60.25123706703146,1,116507708.6474656,5.347992068221981,54.25,19.0,4.0,11.65077086474656,5.347992068221981,54.25,19.0,4.0,11.65077086474656,5.347992068221981,54.25,19.0,4.0,REACTIVE,57
23712825.259201385,17153751.55256446,0.0,4.702704695249048,0.0,54.25,19.0,2.0,136.0,-58.69088267515026,1,118564126.29600692,4.702704695249048,54.25,19.0,2.0,11.856412629600692,4.702704695249048,54.25,19.0,2.0,11.856412629600692,4.702704695249048,54.25,19.0,2.0,REACTIVE,58
25055662.87395567,17229982.693212707,0.0,5.241539507096258,0.0,54.25,19.0,0.0,136.0,-55.48062905592591,0,125278314.36977835,5.241539507096258,54.25,19.0,0.0,12.527831436977834,5.241539507096258,54.25,19.0,0.0,12.527831436977834,5.241539507096258,54.25,19.0,0.0,REACTIVE,59
26238190.517960094,17485744.23428575,0.0,5.955991998196767,0.0,54.25,19.0,0.0,136.0,-54.17491274282319,0,131190952.58980046,5.955991998196767,54.25,19.0,0.0,13.119095258980046,5.955991998196767,54.25,19.0,0.0,13.119095258980046,5.955991998196767,54.25,19.0,0.0,REACTIVE,60
33426321.689512778,18338658.854522258,0.0,6.480745927379238,0.0,54.25,19.0,2.0,138.0,-52.05609322786437,1,167131608.4475639,6.480745927379238,54.25,19.0,2.0,16.713160844756388,6.480745927379238,54.25,19.0,2.0,16.713160844756388,6.480745927379238,54.25,19.0,2.0,REACTIVE,61
31979031.98228562,16995792.0128261,0.0,6.844319647561552,0.0,54.25,19.0,4.0,142.0,-54.41616436129564,1,159895159.9114281,6.844319647561552,54.25,19.0,4.0,15.98951599114281,6.844319647561552,54.25,19.0,4.0,15.98951599114281,6.844319647561552,54.25,19.0,4.0,REACTIVE,62
31354264.80442357,16045831.244720833,0.0,7.315212313326282,0.0,57.8,19.0,4.0,146.0,-57.80765528446193,1,156771324.02211785,7.315212313326282,57.8,19.0,4.0,15.677132402211786,7.315212313326282,57.8,19.0,4.0,15.677132402211786,7.315212313326282,57.8,19.0,4.0,REACTIVE,63
29724865.068516362,15024080.557757663,0.0,7.383200065417304,0.0,57.8,19.0,0.0,146.0,-54.55436740032451,0,148624325.3425818,7.383200065417304,57.8,19.0,0.0,14.862432534258181,7.383200065417304,57.8,19.0,0.0,14.862432534258181,7.383200065417304,57.8,19.0,0.0,REACTIVE,64
28404603.371167757,14093476.808750786,0.0,7.424336105075821,0.0,57.8,19.0,2.0,148.0,-57.1733622093403,1,142023016.85583878,7.424336105075821,57.8,19.0,2.0,14.202301685583878,7.424336105075821,57.8,19.0,2.0,14.202301685583878,7.424336105075821,57.8,19.0,2.0,REACTIVE,65
26049525.555774644,13500685.896552093,0.0,7.446895139856408,0.0,54.25,19.0,2.0,150.0,-54.77834208225627,1,130247627.77887322,7.446895139856408,54.25,19.0,2.0,13.024762777887322,7.446895139856408,54.25,19.0,2.0,13.024762777887322,7.446895139856408,54.25,19.0,2.0,REACTIVE,66
25770471.314449627,13504756.122993534,0.0,7.282202928158872,0.0,50.699999999999996,19.0,4.0,154.0,-53.5325614146163,1,128852356.57224813,7.282202928158872,50.699999999999996,19.0,4.0,12.885235657224813,7.282202928158872,50.699999999999996,19.0,4.0,12.885235657224813,7.282202928158872,50.699999999999996,19.0,4.0,REACTIVE,67
25790180.013560176,13211722.304868745,0.0,7.032953393660251,0.0,50.699999999999996,19.0,2.0,156.0,-51.77195659955965,1,128950900.06780088,7.032953393660251,50.699999999999996,19.0,2.0,12.895090006780087,7.032953393660251,50.699999999999996,19.0,2.0,12.895090006780087,7.032953393660251,50.699999999999996,19.0,2.0,REACTIVE,68
26715196.200347617,13488053.313200912,0.0,6.69476132177155,0.0,50.699999999999996,19.0,0.0,156.0,-49.647640578054634,0,133575981.00173809,6.69476132177155,50.699999999999996,19.0,0.0,13.357598100173808,6.69476132177155,50.699999999999996,19.0,0.0,13.357598100173808,6.69476132177155,50.699999999999996,19.0,0.0,REACTIVE,69
29913638.66079654,14150316.457400985,0.0,6.276316022070402,0.0,50.699999999999996,19.0,2.0,158.0,-50.46686464753132,1,149568193.3039827,6.276316022070402,50.699999999999996,19.0,2.0,14.95681933039827,6.276316022070402,50.699999999999996,19.0,2.0,14.95681933039827,6.276316022070402,50.699999999999996,19.0,2.0,REACTIVE,70
28624806.94775198,14841398.866873993,0.0,5.8698651889281805,0.0,47.15,19.0,4.0,162.0,-49.967731337195836,1,143124034.7387599,5.8698651889281805,47.15,19.0,4.0,14.31240347387599,5.8698651889281805,47.15,19.0,4.0,14.31240347387599,5.8698651889281805,47.15,19.0,4.0,REACTIVE,71
29454047.323507894,15867980.667195199,0.0,5.715286352188927,0.0,47.15,19.0,0.0,162.0,-45.70768998605713,0,147270236.61753947,5.715286352188927,47.15,19.0,0.0,14.727023661753947,5.715286352188927,47.15,19.0,0.0,14.727023661753947,5.715286352188927,47.15,19.0,0.0,REACTIVE,72
29784836.40529114,16046014.129015092,0.0,5.92187370469237,0.0,47.15,19.0,2.0,164.0,-47.33570809266207,1,148924182.0264557,5.92187370469237,47.15,19.0,2.0,14.89241820264557,5.92187370469237,47.15,19.0,2.0,14.89241820264557,5.92187370469237,47.15,19.0,2.0,REACTIVE,73
36991799.16153914,11813672.316220721,0.0,6.263476940468358,0.0,47.15,19.0,2.0,166.0,-43.39062347876208,1,184958995.8076957,6.263476940468358,47.15,19.0,2.0,18.495899580769567,6.263476940468358,47.15,19.0,2.0,18.495899580769567,6.263476940468358,47.15,19.0,2.0,REACTIVE,74
42743468.66248126,11281293.835425658,0.0,6.562223488978654,0.0,47.15,19.0,0.0,166.0,-38.21604217978072,0,213717343.31240633,6.562223488978654,47.15,19.0,0.0,21.37173433124063,6.562223488978654,47.15,19.0,0.0,21.37173433124063,6.562223488978654,47.15,19.0,0.0,REACTIVE,75
42123697.634159595,10695582.793231599,0.0,5.71306460670699,0.0,47.15,19.0,4.0,170.0,-43.37508657621322,1,210618488.17079797,5.71306460670699,47.15,19.0,4.0,21.0618488170798,5.71306460670699,47.15,19.0,4.0,21.0618488170798,5.71306460670699,47.15,19.0,4.0,REACTIVE,76
36437534.55794953,10087258.981658874,0.0,5.9395926670747805,0.0,47.15,19.0,0.0,170.0,-41.99164005395046,0,182187672.78974763,5.9395926670747805,47.15,19.0,0.0,18.218767278974763,5.9395926670747805,47.15,19.0,0.0,18.218767278974763,5.9395926670747805,47.15,19.0,0.0,REACTIVE,77
32339966.118798625,9466611.3059373,0.0,6.113548553491005,0.0,47.15,19.0,0.0,170.0,-43.86646838710969,0,161699830.59399313,6.113548553491005,47.15,19.0,0.0,16.169983059399314,6.113548553491005,47.15,19.0,0.0,16.169983059399314,6.113548553491005,47.15,19.0,0.0,REACTIVE,78
20950009.97920529,10143743.655687533,0.0,6.249240928000755,0.0,47.15,19.0,4.0,174.0,-53.42575408239661,1,104750049.89602646,6.249240928000755,47.15,19.0,4.0,10.475004989602645,6.249240928000755,47.15,19.0,4.0,10.475004989602645,6.249240928000755,47.15,19.0,4.0,REACTIVE,79
21160001.465409465,10170439.388821669,0.0,6.2930521331110985,0.0,47.15,19.0,2.0,176.0,-51.27694713418418,1,105800007.32704732,6.2930521331110985,47.15,19.0,2.0,10.580000732704733,6.2930521331110985,47.15,19.0,2.0,10.580000732704733,6.2930521331110985,47.15,19.0,2.0,REACTIVE,80
22387964.58274042,10317344.512242844,0.0,6.305828012275265,0.0,47.15,19.0,2.0,178.0,-50.65018969635453,1,111939822.9137021,6.305828012275265,47.15,19.0,2.0,11.19398229137021,6.305828012275265,47.15,19.0,2.0,11.19398229137021,6.305828012275265,47.15,19.0,2.0,REACTIVE,81
25148834.963267665,10884064.98823707,0.0,6.396610909913276,0.0,50.699999999999996,19.0,4.0,182.0,-54.72897160845288,1,125744174.81633833,6.396610909913276,50.699999999999996,19.0,4.0,12.574417481633834,6.396610909913276,50.699999999999996,19.0,4.0,12.574417481633834,6.396610909913276,50.699999999999996,19.0,4.0,REACTIVE,82
29965879.405325092,11426791.388993634,0.0,5.7573514902163145,0.0,50.699999999999996,19.0,4.0,186.0,-52.95970880712113,1,149829397.02662545,5.7573514902163145,50.699999999999996,19.0,4.0,14.982939702662545,5.7573514902163145,50.699999999999996,19.0,4.0,14.982939702662545,5.7573514902163145,50.699999999999996,19.0,4.0,REACTIVE,83
33352003.605463613,11931730.32941151,0.0,5.797169882047824,0.0,50.699999999999996,19.0,0.0,186.0,-47.22682831522036,0,166760018.02731806,5.797169882047824,50.699999999999996,19.0,0.0,16.676001802731808,5.797169882047824,50.699999999999996,19.0,0.0,16.676001802731808,5.797169882047824,50.699999999999996,19.0,0.0,REACTIVE,84
30277962.439763784,12477375.950134154,0.0,5.8576433747049155,0.0,54.25,19.0,2.0,188.0,-54.253375405413195,1,151389812.19881892,5.8576433747049155,54.25,19.0,2.0,15.138981219881892,5.8576433747049155,54.25,19.0,2.0,15.138981219881892,5.8576433747049155,54.25,19.0,2.0,REACTIVE,85
26962428.148040425,13387507.20939689,0.0,5.948032144229171,0.0,50.699999999999996,19.0,2.0,190.0,-52.2707537817506,1,134812140.74020213,5.948032144229171,50.699999999999996,19.0,2.0,13.481214074020214,5.948032144229171,50.699999999999996,19.0,2.0,13.481214074020214,5.948032144229171,50.699999999999996,19.0,2.0,REACTIVE,86
26345617.867934458,13027915.70426021,0.0,6.075578781779726,0.0,50.699999999999996,19.0,0.0,190.0,-50.45161228425303,0,131728089.33967228,6.075578781779726,50.699999999999996,19.0,0.0,13.172808933967229,6.075578781779726,50.699999999999996,19.0,0.0,13.172808933967229,6.075578781779726,50.699999999999996,19.0,0.0,REACTIVE,87
30630668.348128688,12167604.714551184,0.0,6.234402718221595,0.0,50.699999999999996,19.0,2.0,192.0,-50.15026310771405,1,153153341.74064344,6.234402718221595,50.699999999999996,19.0,2.0,15.315334174064343,6.234402718221595,50.699999999999996,19.0,2.0,15.315334174064343,6.234402718221595,50.699999999999996,19.0,2.0,REACTIVE,88
31419912.12387355,12491483.067308562,0.0,6.394405449577812,0.0,50.699999999999996,19.0,2.0,194.0,-49.595638488485406,1,157099560.61936775,6.394405449577812,50.699999999999996,19.0,2.0,15.709956061936774,6.394405449577812,50.699999999999996,19.0,2.0,15.709956061936774,6.394405449577812,50.699999999999996,19.0,2.0,REACTIVE,89
30967338.677430473,11930207.963036368,0.0,6.514567478703579,0.0,50.699999999999996,19.0,0.0,194.0,-47.701763182581175,0,154836693.38715237,6.514567478703579,50.699999999999996,19.0,0.0,15.483669338715238,6.514567478703579,50.699999999999996,19.0,0.0,15.483669338715238,6.514567478703579,50.699999999999996,19.0,0.0,REACTIVE,90
28857182.406639863,11198878.468368605,0.0,6.575074007589336,0.0,50.7,19.0,4.0,198.0,-52.696334789090734,1,144285912.0331993,6.575074007589336,50.7,19.0,4.0,14.42859120331993,6.575074007589336,50.7,19.0,4.0,14.42859120331993,6.575074007589336,50.7,19.0,4.0,REACTIVE,91
28031779.864355285,10804822.153947618,0.0,6.575025048841468,0.0,50.7,19.0,0.0,198.0,-49.10908501898089,0,140158899.32177642,6.575025048841468,50.7,19.0,0.0,14.015889932177641,6.575025048841468,50.7,19.0,0.0,14.015889932177641,6.575025048841468,50.7,19.0,0.0,REACTIVE,92
28408250.018240344,10471283.546192601,0.0,6.5057777618416965,0.0,50.7,19.0,2.0,200.0,-50.990097229038135,1,142041250.09120172,6.5057777618416965,50.7,19.0,2.0,14.204125009120173,6.5057777618416965,50.7,19.0,2.0,14.204125009120173,6.5057777618416965,50.7,19.0,2.0,REACTIVE,93
31869867.735581852,10478318.29632527,0.0,6.3656152884400345,0.0,50.7,19.0,0.0,200.0,-47.399450843769046,0,159349338.67790926,6.3656152884400345,50.7,19.0,0.0,15.934933867790926,6.3656152884400345,50.7,19.0,0.0,15.934933867790926,6.3656152884400345,50.7,19.0,0.0,REACTIVE,94
38421304.03347895,10823805.800449993,0.0,6.197661778996988,0.0,47.150000000000006,19.0,2.0,202.0,-42.741686204263544,1,192106520.16739476,6.197661778996988,47.150000000000006,19.0,2.0,19.210652016739477,6.197661778996988,47.150000000000006,19.0,2.0,19.210652016739477,6.197661778996988,47.150000000000006,19.0,2.0,REACTIVE,95
51780578.675442755,11568604.383220902,0.0,6.059373193407809,0.0,50.7,19.0,2.0,204.0,-39.75033746887082,1,258902893.37721378,6.059373193407809,50.7,19.0,2.0,25.890289337721377,6.059373193407809,50.7,19.0,2.0,25.890289337721377,6.059373193407809,50.7,19.0,2.0,REACTIVE,96
33601619.27628991,11304836.386720296,0.0,5.970278234117754,0.0,47.150000000000006,19.0,6.0,210.0,-49.378912127737294,1,168008096.38144955,5.970278234117754,47.150000000000006,19.0,6.0,16.800809638144955,5.970278234117754,47.150000000000006,19.0,6.0,16.800809638144955,5.970278234117754,47.150000000000006,19.0,6.0,REACTIVE,97
26732093.919316106,11746370.197052104,0.0,5.919485529753894,0.0,47.150000000000006,19.0,0.0,210.0,-46.86446751058806,0,133660469.59658052,5.919485529753894,47.150000000000006,19.0,0.0,13.366046959658052,5.919485529753894,47.150000000000006,19.0,0.0,13.366046959658052,5.919485529753894,47.150000000000006,19.0,0.0,REACTIVE,98
22974712.565955736,11226430.68548463,0.0,5.89108151967551,0.0,47.150000000000006,19.0,0.0,210.0,-48.771562197346626,0,114873562.82977869,5.89108151967551,47.150000000000006,19.0,0.0,11.487356282977869,5.89108151967551,47.150000000000006,19.0,0.0,11.487356282977869,5.89108151967551,47.150000000000006,19.0,0.0,REACTIVE,99
66088046.773487546,16923844.820368215,0.0,5.333816217159404,0.0,47.14999999999999,19.0,0.0,0.0,-27.772160396096815,0,330440233.8674377,5.333816217159404,47.14999999999999,19.0,0.0,33.044023386743774,5.333816217159404,47.14999999999999,19.0,0.0,33.044023386743774,5.333816217159404,47.14999999999999,19.0,0.0,PREDICTIVE,0
52424928.76221856,15656252.34153944,0.0,6.040681877789924,0.0,50.699999999999996,19.0,4.0,4.0,-41.44685374110079,1,262124643.8110928,6.040681877789924,50.699999999999996,19.0,4.0,26.212464381109278,6.040681877789924,50.699999999999996,19.0,4.0,26.212464381109278,6.040681877789924,50.699999999999996,19.0,4.0,PREDICTIVE,1
40853113.13014079,15724434.192531498,0.0,5.961788238822941,0.0,47.14999999999999,19.0,2.0,6.0,-41.76165519610666,1,204265565.65070394,5.961788238822941,47.14999999999999,19.0,2.0,20.426556565070392,5.961788238822941,47.14999999999999,19.0,2.0,20.426556565070392,5.961788238822941,47.14999999999999,19.0,2.0,PREDICTIVE,2
34842212.45043691,15070699.371937383,0.0,5.739119627275911,0.0,47.14999999999999,19.0,2.0,8.0,-44.98977414750563,1,174211062.25218457,5.739119627275911,47.14999999999999,19.0,2.0,17.421106225218455,5.739119627275911,47.14999999999999,19.0,2.0,17.421106225218455,5.739119627275911,47.14999999999999,19.0,2.0,PREDICTIVE,3
30583373.15263083,16911600.24921983,0.0,5.279897985476914,0.0,47.14999999999999,19.0,2.0,10.0,-47.578415438207664,1,152916865.76315415,5.279897985476914,47.14999999999999,19.0,2.0,15.291686576315415,5.279897985476914,47.14999999999999,19.0,2.0,15.291686576315415,5.279897985476914,47.14999999999999,19.0,2.0,PREDICTIVE,4
27958677.65995381,17656654.99919008,0.0,4.623394459928656,0.0,43.599999999999994,19.0,2.0,12.0,-45.997266710094436,1,139793388.29976904,4.623394459928656,43.599999999999994,19.0,2.0,13.979338829976905,4.623394459928656,43.599999999999994,19.0,2.0,13.979338829976905,4.623394459928656,43.599999999999994,19.0,2.0,PREDICTIVE,5
30805727.825743698,17978541.765262865,0.0,6.01108311537244,0.0,47.14999999999999,19.0,4.0,16.0,-48.736052971755704,1,154028639.1287185,6.01108311537244,47.14999999999999,19.0,4.0,15.40286391287185,6.01108311537244,47.14999999999999,19.0,4.0,15.40286391287185,6.01108311537244,47.14999999999999,19.0,4.0,PREDICTIVE,6
34157569.213367775,15871557.959495928,0.0,5.900812680467617,0.0,43.599999999999994,19.0,4.0,20.0,-43.62040271284849,1,170787846.0668389,5.900812680467617,43.599999999999994,19.0,4.0,17.07878460668389,5.900812680467617,43.599999999999994,19.0,4.0,17.07878460668389,5.900812680467617,43.599999999999994,19.0,4.0,PREDICTIVE,7
35533623.591836125,15950913.391708095,0.0,5.960159424055151,0.0,47.14999999999999,19.0,4.0,24.0,-46.423028780026776,1,177668117.95918062,5.960159424055151,47.14999999999999,19.0,4.0,17.766811795918063,5.960159424055151,47.14999999999999,19.0,4.0,17.766811795918063,5.960159424055151,47.14999999999999,19.0,4.0,PREDICTIVE,8
34190131.27579102,15994519.15087428,0.0,5.8545775971980625,0.0,47.14999999999999,19.0,0.0,24.0,-43.20035676490642,0,170950656.3789551,5.8545775971980625,47.14999999999999,19.0,0.0,17.09506563789551,5.8545775971980625,47.14999999999999,19.0,0.0,17.09506563789551,5.8545775971980625,47.14999999999999,19.0,0.0,PREDICTIVE,9
30628403.830239344,16026948.438975591,0.0,5.718914120326337,0.0,47.14999999999999,19.0,2.0,26.0,-47.116883964553985,1,153142019.15119672,5.718914120326337,47.14999999999999,19.0,2.0,15.314201915119671,5.718914120326337,47.14999999999999,19.0,2.0,15.314201915119671,5.718914120326337,47.14999999999999,19.0,2.0,PREDICTIVE,10
28227474.273269605,14760773.581077475,0.0,5.560565912008215,0.0,47.14999999999999,19.0,4.0,30.0,-50.47569695135697,1,141137371.36634803,5.560565912008215,47.14999999999999,19.0,4.0,14.113737136634803,5.560565912008215,47.14999999999999,19.0,4.0,14.113737136634803,5.560565912008215,47.14999999999999,19.0,4.0,PREDICTIVE,11
23441469.68157054,10786821.377551856,0.0,5.384129854132466,0.0,47.14999999999999,19.0,4.0,34.0,-53.045135305082255,1,117207348.40785271,5.384129854132466,47.14999999999999,19.0,4.0,11.720734840785271,5.384129854132466,47.14999999999999,19.0,4.0,11.720734840785271,5.384129854132466,47.14999999999999,19.0,4.0,PREDICTIVE,12
21560685.50462759,10663792.254142942,0.0,5.189220449517412,0.0,47.14999999999999,19.0,0.0,34.0,-50.180436798168785,0,107803427.52313794,5.189220449517412,47.14999999999999,19.0,0.0,10.780342752313794,5.189220449517412,47.14999999999999,19.0,0.0,10.780342752313794,5.189220449517412,47.14999999999999,19.0,0.0,PREDICTIVE,13
17650139.593362708,9727226.728209114,0.0,4.969125671417128,0.0,47.14999999999999,19.0,2.0,36.0,-54.35580453190151,1,88250697.96681353,4.969125671417128,47.14999999999999,19.0,2.0,8.825069796681353,4.969125671417128,47.14999999999999,19.0,2.0,8.825069796681353,4.969125671417128,47.14999999999999,19.0,2.0,PREDICTIVE,14
15882080.225424279,8639094.481220314,0.0,4.715282943813828,0.0,43.599999999999994,19.0,6.0,42.0,-55.94367694347403,1,79410401.12712139,4.715282943813828,43.599999999999994,19.0,6.0,7.941040112712139,4.715282943813828,43.599999999999994,19.0,6.0,7.941040112712139,4.715282943813828,43.599999999999994,19.0,6.0,PREDICTIVE,15
15855926.058487881,8948143.34430686,0.0,4.48637767640998,0.0,47.14999999999999,19.0,4.0,46.0,-57.73565929434607,1,79279630.2924394,4.48637767640998,47.14999999999999,19.0,4.0,7.92796302924394,4.48637767640998,47.14999999999999,19.0,4.0,7.92796302924394,4.48637767640998,47.14999999999999,19.0,4.0,PREDICTIVE,16
15496494.868031928,9030380.488034898,0.0,4.818927973617921,0.0,43.599999999999994,19.0,2.0,48.0,-52.03282459236611,1,77482474.34015964,4.818927973617921,43.599999999999994,19.0,2.0,7.748247434015964,4.818927973617921,43.599999999999994,19.0,2.0,7.748247434015964,4.818927973617921,43.599999999999994,19.0,2.0,PREDICTIVE,17
16423157.591761772,9190512.502550129,0.0,5.869496806732637,0.0,43.599999999999994,19.0,0.0,48.0,-48.51892439738647,0,82115787.95880885,5.869496806732637,43.599999999999994,19.0,0.0,8.211578795880886,5.869496806732637,43.599999999999994,19.0,0.0,8.211578795880886,5.869496806732637,43.599999999999994,19.0,0.0,PREDICTIVE,18
15816462.853677586,7564050.544602293,0.0,5.133334029444526,0.0,43.599999999999994,19.0,6.0,54.0,-55.55843454371667,1,79082314.26838793,5.133334029444526,43.599999999999994,19.0,6.0,7.9082314268387925,5.133334029444526,43.599999999999994,19.0,6.0,7.9082314268387925,5.133334029444526,43.599999999999994,19.0,6.0,PREDICTIVE,19
15540187.265195807,8336953.722376589,0.0,5.199213211094531,0.0,47.15,19.0,2.0,56.0,-55.18069315630757,1,77700936.32597904,5.199213211094531,47.15,19.0,2.0,7.770093632597904,5.199213211094531,47.15,19.0,2.0,7.770093632597904,5.199213211094531,47.15,19.0,2.0,PREDICTIVE,20
15384463.172018731,9207306.482054606,0.0,6.097943693296836,0.0,47.14999999999999,19.0,4.0,60.0,-56.359824720693794,1,76922315.86009365,6.097943693296836,47.14999999999999,19.0,4.0,7.692231586009365,6.097943693296836,47.14999999999999,19.0,4.0,7.692231586009365,6.097943693296836,47.14999999999999,19.0,4.0,PREDICTIVE,21
14926772.343424994,10740113.015105253,0.0,6.043866391577376,0.0,50.699999999999996,19.0,4.0,64.0,-60.192747436710114,1,74633861.71712497,6.043866391577376,50.699999999999996,19.0,4.0,7.4633861717124965,6.043866391577376,50.699999999999996,19.0,4.0,7.4633861717124965,6.043866391577376,50.699999999999996,19.0,4.0,PREDICTIVE,22
11515565.11321395,8494412.055248091,0.0,5.810702562242344,0.0,43.59999999999999,19.0,4.0,68.0,-55.03151488115067,1,57577825.56606975,5.810702562242344,43.59999999999999,19.0,4.0,5.757782556606975,5.810702562242344,43.59999999999999,19.0,4.0,5.757782556606975,5.810702562242344,43.59999999999999,19.0,4.0,PREDICTIVE,23
11977801.353664601,9007352.032288462,0.0,5.579557739273283,0.0,43.59999999999999,19.0,0.0,68.0,-51.0315415838944,0,59889006.768323004,5.579557739273283,43.59999999999999,19.0,0.0,5.9889006768323005,5.579557739273283,43.59999999999999,19.0,0.0,5.9889006768323005,5.579557739273283,43.59999999999999,19.0,0.0,PREDICTIVE,24
16923860.42507496,9558175.600464862,0.0,6.140078723457394,0.0,43.59999999999999,19.0,6.0,74.0,-53.99799106400511,1,84619302.12537481,6.140078723457394,43.59999999999999,19.0,6.0,8.461930212537482,6.140078723457394,43.59999999999999,19.0,6.0,8.461930212537482,6.140078723457394,43.59999999999999,19.0,6.0,PREDICTIVE,25
17113415.332790207,9906156.575675277,0.0,6.034739474133472,0.0,43.59999999999999,19.0,0.0,74.0,-48.00855285947141,0,85567076.66395104,6.034739474133472,43.59999999999999,19.0,0.0,8.556707666395104,6.034739474133472,43.59999999999999,19.0,0.0,8.556707666395104,6.034739474133472,43.59999999999999,19.0,0.0,PREDICTIVE,26
17502071.829796426,7816714.128085648,0.0,5.977206679220267,0.0,47.14999999999999,19.0,2.0,76.0,-53.42175740588151,1,87510359.14898214,5.977206679220267,47.14999999999999,19.0,2.0,8.751035914898214,5.977206679220267,47.14999999999999,19.0,2.0,8.751035914898214,5.977206679220267,47.14999999999999,19.0,2.0,PREDICTIVE,27
19024135.27501934,8196428.032969534,0.0,6.783481722763449,0.0,43.59999999999999,19.0,6.0,82.0,-52.304450639726866,1,95120676.37509671,6.783481722763449,43.59999999999999,19.0,6.0,9.51206763750967,6.783481722763449,43.59999999999999,19.0,6.0,9.51206763750967,6.783481722763449,43.59999999999999,19.0,6.0,PREDICTIVE,28
21882339.98880607,8952380.295550738,0.0,6.824287139701338,0.0,43.59999999999999,19.0,0.0,82.0,-44.834542865895614,0,109411699.94403034,6.824287139701338,43.59999999999999,19.0,0.0,10.941169994403035,6.824287139701338,43.59999999999999,19.0,0.0,10.941169994403035,6.824287139701338,43.59999999999999,19.0,0.0,PREDICTIVE,29
26051217.850424714,9743079.930183847,0.0,6.436317235023919,0.0,43.59999999999999,19.0,4.0,86.0,-47.138073839763706,1,130256089.25212358,6.436317235023919,43.59999999999999,19.0,4.0,13.025608925212358,6.436317235023919,43.59999999999999,19.0,4.0,13.025608925212358,6.436317235023919,43.59999999999999,19.0,4.0,PREDICTIVE,30
31300536.64334301,9403145.392142734,0.0,6.438369871097796,0.0,43.59999999999999,19.0,4.0,90.0,-44.511361807230685,1,156502683.21671504,6.438369871097796,43.59999999999999,19.0,4.0,15.650268321671504,6.438369871097796,43.59999999999999,19.0,4.0,15.650268321671504,6.438369871097796,43.59999999999999,19.0,4.0,PREDICTIVE,31
38077097.86429157,12234882.40316544,0.0,6.398972872142977,0.0,40.04999999999999,19.0,2.0,92.0,-35.612478195711226,1,190385489.32145786,6.398972872142977,40.04999999999999,19.0,2.0,19.038548932145787,6.398972872142977,40.04999999999999,19.0,2.0,19.038548932145787,6.398972872142977,40.04999999999999,19.0,2.0,PREDICTIVE,32
48644585.50222395,14496980.75041541,0.0,6.26870391259402,0.0,47.14999999999999,19.0,4.0,96.0,-39.559003336294,1,243222927.51111978,6.26870391259402,47.14999999999999,19.0,4.0,24.322292751111977,6.26870391259402,47.14999999999999,19.0,4.0,24.322292751111977,6.26870391259402,47.14999999999999,19.0,4.0,PREDICTIVE,33
46825648.58977574,16148520.53907322,0.0,6.052433988370187,0.0,50.699999999999996,19.0,2.0,98.0,-42.23474171674194,1,234128242.9488787,6.052433988370187,50.699999999999996,19.0,2.0,23.41282429488787,6.052433988370187,50.699999999999996,19.0,2.0,23.41282429488787,6.052433988370187,50.699999999999996,19.0,2.0,PREDICTIVE,34
46078510.792085506,17641635.912231494,0.0,6.3698031589814565,0.0,50.699999999999996,19.0,0.0,98.0,-40.29094144497578,0,230392553.96042752,6.3698031589814565,50.699999999999996,19.0,0.0,23.03925539604275,6.3698031589814565,50.699999999999996,19.0,0.0,23.03925539604275,6.3698031589814565,50.699999999999996,19.0,0.0,PREDICTIVE,35
37361075.35301654,18714701.444621187,0.0,6.809804045168909,0.0,47.14999999999999,19.0,2.0,100.0,-42.65965827832281,1,186805376.7650827,6.809804045168909,47.14999999999999,19.0,2.0,18.68053767650827,6.809804045168909,47.14999999999999,19.0,2.0,18.68053767650827,6.809804045168909,47.14999999999999,19.0,2.0,PREDICTIVE,36
34921533.34649151,19726886.999835968,0.0,7.0426605595446095,0.0,50.699999999999996,19.0,2.0,102.0,-47.196572767209624,1,174607666.73245755,7.0426605595446095,50.699999999999996,19.0,2.0,17.460766673245754,7.0426605595446095,50.699999999999996,19.0,2.0,17.460766673245754,7.0426605595446095,50.699999999999996,19.0,2.0,PREDICTIVE,37
36602394.154759094,20394562.64224675,0.0,7.124543049636073,0.0,50.699999999999996,19.0,0.0,102.0,-44.274259872984366,0,183011970.7737955,7.124543049636073,50.699999999999996,19.0,0.0,18.30119707737955,7.124543049636073,50.699999999999996,19.0,0.0,18.30119707737955,7.124543049636073,50.699999999999996,19.0,0.0,PREDICTIVE,38
39643457.46527077,19243636.139411986,0.0,7.163849529551851,0.0,50.699999999999996,19.0,0.0,102.0,-42.714421737812756,0,198217287.32635385,7.163849529551851,50.699999999999996,19.0,0.0,19.821728732635385,7.163849529551851,50.699999999999996,19.0,0.0,19.821728732635385,7.163849529551851,50.699999999999996,19.0,0.0,PREDICTIVE,39
41401129.8854528,18474381.06843268,0.0,7.200920503853119,0.0,50.699999999999996,19.0,4.0,106.0,-45.79851455342047,1,207005649.427264,7.200920503853119,50.699999999999996,19.0,4.0,20.700564942726402,7.200920503853119,50.699999999999996,19.0,4.0,20.700564942726402,7.200920503853119,50.699999999999996,19.0,4.0,PREDICTIVE,40
38626290.67569037,16136233.059231147,0.0,7.240889644218527,0.0,50.699999999999996,19.0,2.0,108.0,-45.14596501793628,1,193131453.37845182,7.240889644218527,50.699999999999996,19.0,2.0,19.31314533784518,7.240889644218527,50.699999999999996,19.0,2.0,19.31314533784518,7.240889644218527,50.699999999999996,19.0,2.0,PREDICTIVE,41
32298646.68303007,15970624.984185504,0.0,7.28437707313701,0.0,47.14999999999999,19.0,8.0,116.0,-50.71629958534795,1,161493233.41515034,7.28437707313701,47.14999999999999,19.0,8.0,16.149323341515036,7.28437707313701,47.14999999999999,19.0,8.0,16.149323341515036,7.28437707313701,47.14999999999999,19.0,8.0,PREDICTIVE,42
24986656.518286243,16123931.778036833,0.0,7.320667068142355,0.0,43.599999999999994,19.0,2.0,118.0,-44.78600467271452,1,124933282.59143122,7.320667068142355,43.599999999999994,19.0,2.0,12.493328259143121,7.320667068142355,43.599999999999994,19.0,2.0,12.493328259143121,7.320667068142355,43.599999999999994,19.0,2.0,PREDICTIVE,43
24214090.432711978,16442082.916822724,0.0,7.33614474974109,0.0,43.599999999999994,19.0,0.0,118.0,-43.156810033902914,0,121070452.16355988,7.33614474974109,43.599999999999994,19.0,0.0,12.107045216355989,7.33614474974109,43.599999999999994,19.0,0.0,12.107045216355989,7.33614474974109,43.599999999999994,19.0,0.0,PREDICTIVE,44
23726935.808601208,16799407.19092188,0.0,7.329555894057215,0.0,43.599999999999994,19.0,0.0,118.0,-43.40697620164218,0,118634679.04300603,7.329555894057215,43.599999999999994,19.0,0.0,11.863467904300602,7.329555894057215,43.599999999999994,19.0,0.0,11.863467904300602,7.329555894057215,43.599999999999994,19.0,0.0,PREDICTIVE,45
23391179.122235913,16873490.07252433,0.0,7.300891312985536,0.0,43.599999999999994,19.0,0.0,118.0,-43.603519125896504,0,116955895.61117956,7.300891312985536,43.599999999999994,19.0,0.0,11.695589561117956,7.300891312985536,43.599999999999994,19.0,0.0,11.695589561117956,7.300891312985536,43.599999999999994,19.0,0.0,PREDICTIVE,46
23148487.990838367,16814162.539878,0.0,7.2503747297953165,0.0,43.599999999999994,19.0,0.0,118.0,-43.775381274785495,0,115742439.95419183,7.2503747297953165,43.599999999999994,19.0,0.0,11.574243995419183,7.2503747297953165,43.599999999999994,19.0,0.0,11.574243995419183,7.2503747297953165,43.599999999999994,19.0,0.0,PREDICTIVE,47
22415809.264333088,16262750.124585638,0.0,7.176907548716475,0.0,43.599999999999994,19.0,2.0,120.0,-46.21518781911698,1,112079046.32166544,7.176907548716475,43.599999999999994,19.0,2.0,11.207904632166544,7.176907548716475,43.599999999999994,19.0,2.0,11.207904632166544,7.176907548716475,43.599999999999994,19.0,2.0,PREDICTIVE,48
21850173.778020047,16048526.021881433,0.0,7.0761669177270425,0.0,50.699999999999996,19.0,6.0,126.0,-57.69874619326292,1,109250868.89010024,7.0761669177270425,50.699999999999996,19.0,6.0,10.925086889010023,7.0761669177270425,50.699999999999996,19.0,6.0,10.925086889010023,7.0761669177270425,50.699999999999996,19.0,6.0,PREDICTIVE,49
22556122.157155346,17187040.24837475,0.0,6.938423337776611,0.0,50.699999999999996,19.0,0.0,126.0,-51.483515583645705,0,112780610.78577673,6.938423337776611,50.699999999999996,19.0,0.0,11.278061078577673,6.938423337776611,50.699999999999996,19.0,0.0,11.278061078577673,6.938423337776611,50.699999999999996,19.0,0.0,PREDICTIVE,50
23233872.65479516,17832798.656250127,0.0,6.746109897783251,0.0,54.25,19.0,2.0,128.0,-56.88695377481917,1,116169363.27397579,6.746109897783251,54.25,19.0,2.0,11.616936327397578,6.746109897783251,54.25,19.0,2.0,11.616936327397578,6.746109897783251,54.25,19.0,2.0,PREDICTIVE,51
23293624.89591522,18036941.801394776,0.0,7.225377195584098,0.0,54.25,19.0,4.0,132.0,-58.37781035645829,1,116468124.47957611,7.225377195584098,54.25,19.0,4.0,11.646812447957611,7.225377195584098,54.25,19.0,4.0,11.646812447957611,7.225377195584098,54.25,19.0,4.0,PREDICTIVE,52
22007878.572476067,17189690.178860813,0.0,7.13537120000731,0.0,54.25,19.0,2.0,134.0,-57.11068951375466,1,110039392.86238033,7.13537120000731,54.25,19.0,2.0,11.003939286238033,7.13537120000731,54.25,19.0,2.0,11.003939286238033,7.13537120000731,54.25,19.0,2.0,PREDICTIVE,53
21686156.447117094,16810312.117116373,0.0,6.946209611705298,0.0,54.25,19.0,0.0,134.0,-55.46071216473616,0,108430782.23558547,6.946209611705298,54.25,19.0,0.0,10.843078223558546,6.946209611705298,54.25,19.0,0.0,10.843078223558546,6.946209611705298,54.25,19.0,0.0,PREDICTIVE,54
21380414.21317982,15702203.573071448,0.0,6.633231015239716,0.0,54.25,19.0,2.0,136.0,-57.926561878170375,1,106902071.0658991,6.633231015239716,54.25,19.0,2.0,10.690207106589911,6.633231015239716,54.25,19.0,2.0,10.690207106589911,6.633231015239716,54.25,19.0,2.0,PREDICTIVE,55
22763156.87116394,12391115.799051626,0.0,6.153399826849233,0.0,54.25,19.0,2.0,138.0,-57.7150217375688,1,113815784.35581969,6.153399826849233,54.25,19.0,2.0,11.381578435581968,6.153399826849233,54.25,19.0,2.0,11.381578435581968,6.153399826849233,54.25,19.0,2.0,PREDICTIVE,56
22344650.715520583,11558938.36450918,0.0,5.347992068221981,0.0,54.25,19.0,4.0,142.0,-60.72968257401773,1,111723253.57760292,5.347992068221981,54.25,19.0,4.0,11.172325357760291,5.347992068221981,54.25,19.0,4.0,11.172325357760291,5.347992068221981,54.25,19.0,4.0,PREDICTIVE,57
24199722.129747353,13092587.134555286,0.0,6.240126921905436,0.0,57.8,19.0,4.0,146.0,-62.46001201322088,1,120998610.64873677,6.240126921905436,57.8,19.0,4.0,12.099861064873677,6.240126921905436,57.8,19.0,4.0,12.099861064873677,6.240126921905436,57.8,19.0,4.0,PREDICTIVE,58
26843206.006017834,16952251.441758618,0.0,6.551408989355421,0.0,57.8,19.0,2.0,148.0,-58.82698800763566,1,134216030.03008917,6.551408989355421,57.8,19.0,2.0,13.421603003008917,6.551408989355421,57.8,19.0,2.0,13.421603003008917,6.551408989355421,57.8,19.0,2.0,PREDICTIVE,59
28651082.89528972,18014251.48083664,0.0,6.832007592346156,0.0,57.8,19.0,2.0,150.0,-57.642450960008986,1,143255414.4764486,6.832007592346156,57.8,19.0,2.0,14.32554144764486,6.832007592346156,57.8,19.0,2.0,14.32554144764486,6.832007592346156,57.8,19.0,2.0,PREDICTIVE,60
28991926.18921579,12815272.106070831,0.0,7.051445903648602,0.0,54.25,19.0,2.0,152.0,-53.7025910017435,1,144959630.94607896,7.051445903648602,54.25,19.0,2.0,14.495963094607896,7.051445903648602,54.25,19.0,2.0,14.495963094607896,7.051445903648602,54.25,19.0,2.0,PREDICTIVE,61
30307761.939843267,13389293.43103358,0.0,7.477211415978301,0.0,50.699999999999996,19.0,4.0,156.0,-51.068907614100056,1,151538809.69921634,7.477211415978301,50.699999999999996,19.0,4.0,15.153880969921634,7.477211415978301,50.699999999999996,19.0,4.0,15.153880969921634,7.477211415978301,50.699999999999996,19.0,4.0,PREDICTIVE,62
27564438.927959323,10624864.99839353,0.0,7.5742595200911795,0.0,50.699999999999996,19.0,2.0,158.0,-50.34352101592915,1,137822194.6397966,7.5742595200911795,50.699999999999996,19.0,2.0,13.782219463979661,7.5742595200911795,50.699999999999996,19.0,2.0,13.782219463979661,7.5742595200911795,50.699999999999996,19.0,2.0,PREDICTIVE,63
26525847.1895682,11230690.373307247,0.0,7.598021292098055,0.0,50.699999999999996,19.0,0.0,158.0,-48.83905511311784,0,132629235.94784099,7.598021292098055,50.699999999999996,19.0,0.0,13.262923594784098,7.598021292098055,50.699999999999996,19.0,0.0,13.262923594784098,7.598021292098055,50.699999999999996,19.0,0.0,PREDICTIVE,64
24393848.920846112,9236415.831577852,0.0,7.557093219771891,0.0,50.699999999999996,19.0,2.0,160.0,-51.94598231980504,1,121969244.60423055,7.557093219771891,50.699999999999996,19.0,2.0,12.196924460423055,7.557093219771891,50.699999999999996,19.0,2.0,12.196924460423055,7.557093219771891,50.699999999999996,19.0,2.0,PREDICTIVE,65
20739613.3748161,8779790.64341879,0.0,7.453431422633267,0.0,47.15,19.0,4.0,164.0,-52.32676188995869,1,103698066.87408051,7.453431422633267,47.15,19.0,4.0,10.369806687408051,7.453431422633267,47.15,19.0,4.0,10.369806687408051,7.453431422633267,47.15,19.0,4.0,PREDICTIVE,66
22388004.650283173,10238942.56980381,0.0,7.282202928158872,0.0,47.15,19.0,0.0,164.0,-47.67379474669955,0,111940023.25141586,7.282202928158872,47.15,19.0,0.0,11.194002325141586,7.282202928158872,47.15,19.0,0.0,11.194002325141586,7.282202928158872,47.15,19.0,0.0,PREDICTIVE,67
23368945.47618895,11339569.779039469,0.0,7.032953393660251,0.0,47.15,19.0,2.0,166.0,-49.432573868245285,1,116844727.38094474,7.032953393660251,47.15,19.0,2.0,11.684472738094474,7.032953393660251,47.15,19.0,2.0,11.684472738094474,7.032953393660251,47.15,19.0,2.0,PREDICTIVE,68
24614007.05551938,10617222.844965354,0.0,6.69476132177155,0.0,47.15,19.0,2.0,168.0,-49.148235150468764,1,123070035.2775969,6.69476132177155,47.15,19.0,2.0,12.30700352775969,6.69476132177155,47.15,19.0,2.0,12.30700352775969,6.69476132177155,47.15,19.0,2.0,PREDICTIVE,69
26456863.921018485,11145174.398801079,0.0,6.276316022070402,0.0,47.15,19.0,0.0,168.0,-46.64525201742036,0,132284319.60509242,6.276316022070402,47.15,19.0,0.0,13.228431960509242,6.276316022070402,47.15,19.0,0.0,13.228431960509242,6.276316022070402,47.15,19.0,0.0,PREDICTIVE,70
28485581.048175715,10955955.961966923,0.0,4.550063897742789,0.0,47.15,19.0,4.0,172.0,-51.35714557816936,1,142427905.24087858,4.550063897742789,47.15,19.0,4.0,14.242790524087859,4.550063897742789,47.15,19.0,4.0,14.242790524087859,4.550063897742789,47.15,19.0,4.0,PREDICTIVE,71
30660087.064418327,11286535.871224098,0.0,4.4121087289910115,0.0,47.15,19.0,0.0,172.0,-46.40784773879983,0,153300435.32209164,4.4121087289910115,47.15,19.0,0.0,15.330043532209164,4.4121087289910115,47.15,19.0,0.0,15.330043532209164,4.4121087289910115,47.15,19.0,0.0,PREDICTIVE,72
33193972.386982583,11610852.006243747,0.0,4.655826726622048,0.0,47.15,19.0,0.0,172.0,-44.89718707988666,0,165969861.93491292,4.655826726622048,47.15,19.0,0.0,16.596986193491293,4.655826726622048,47.15,19.0,0.0,16.596986193491293,4.655826726622048,47.15,19.0,0.0,PREDICTIVE,73
19418203.308820777,13519914.77578225,0.0,5.051765063335389,0.0,47.15,19.0,4.0,176.0,-55.38913328225423,1,97091016.54410389,5.051765063335389,47.15,19.0,4.0,9.70910165441039,5.051765063335389,47.15,19.0,4.0,9.70910165441039,5.051765063335389,47.15,19.0,4.0,PREDICTIVE,74
19991486.876552053,7404159.991685186,0.0,5.418900530789339,0.0,47.15,19.0,2.0,178.0,-52.73535603093464,1,99957434.38276027,5.418900530789339,47.15,19.0,2.0,9.995743438276028,5.418900530789339,47.15,19.0,2.0,9.995743438276028,5.418900530789339,47.15,19.0,2.0,PREDICTIVE,75
20724559.811482854,7443652.718252179,0.0,5.71306460670699,0.0,47.15,19.0,2.0,180.0,-52.07465548755159,1,103622799.05741426,5.71306460670699,47.15,19.0,2.0,10.362279905741426,5.71306460670699,47.15,19.0,2.0,10.362279905741426,5.71306460670699,47.15,19.0,2.0,PREDICTIVE,76
21360214.123630077,8197838.361371208,0.0,6.434459566354736,0.0,50.699999999999996,19.0,4.0,184.0,-56.58543337183021,1,106801070.61815038,6.434459566354736,50.699999999999996,19.0,4.0,10.680107061815038,6.434459566354736,50.699999999999996,19.0,4.0,10.680107061815038,6.434459566354736,50.699999999999996,19.0,4.0,PREDICTIVE,77
21103087.24013428,8793680.420530634,0.0,6.543826285756707,0.0,50.699999999999996,19.0,0.0,184.0,-52.604630094176144,0,105515436.2006714,6.543826285756707,50.699999999999996,19.0,0.0,10.551543620067141,6.543826285756707,50.699999999999996,19.0,0.0,10.551543620067141,6.543826285756707,50.699999999999996,19.0,0.0,PREDICTIVE,78
16051186.20487018,9868913.247152643,0.0,6.607218645562929,0.0,47.14999999999999,19.0,2.0,186.0,-53.51718825200197,1,80255931.0243509,6.607218645562929,47.14999999999999,19.0,2.0,8.02559310243509,6.607218645562929,47.14999999999999,19.0,2.0,8.02559310243509,6.607218645562929,47.14999999999999,19.0,2.0,PREDICTIVE,79
16153217.684208613,9040572.085985232,0.0,5.701110349645574,0.0,50.699999999999996,19.0,6.0,192.0,-61.92228080825011,1,80766088.42104307,5.701110349645574,50.699999999999996,19.0,6.0,8.076608842104307,5.701110349645574,50.699999999999996,19.0,6.0,8.076608842104307,5.701110349645574,50.699999999999996,19.0,6.0,PREDICTIVE,80
15165023.634102726,9849334.49948054,0.0,5.713254112678836,0.0,50.699999999999996,19.0,2.0,194.0,-58.404234070269794,1,75825118.17051363,5.713254112678836,50.699999999999996,19.0,2.0,7.582511817051363,5.713254112678836,50.699999999999996,19.0,2.0,7.582511817051363,5.713254112678836,50.699999999999996,19.0,2.0,PREDICTIVE,81
15231932.894986767,10950565.958327193,0.0,5.73098369420193,0.0,50.699999999999996,19.0,0.0,194.0,-56.35304985830467,0,76159664.47493383,5.73098369420193,50.699999999999996,19.0,0.0,7.615966447493383,5.73098369420193,50.699999999999996,19.0,0.0,7.615966447493383,5.73098369420193,50.699999999999996,19.0,0.0,PREDICTIVE,82
37279457.25151419,10575194.2949589,0.0,5.7573514902163145,0.0,50.699999999999996,19.0,4.0,198.0,-49.30291988402658,1,186397286.25757095,5.7573514902163145,50.699999999999996,19.0,4.0,18.639728625757094,5.7573514902163145,50.699999999999996,19.0,4.0,18.639728625757094,5.7573514902163145,50.699999999999996,19.0,4.0,PREDICTIVE,83
40922728.31225033,10572837.552087644,0.0,5.797169882047824,0.0,50.699999999999996,19.0,2.0,200.0,-45.441465961827,1,204613641.56125164,5.797169882047824,50.699999999999996,19.0,2.0,20.461364156125164,5.797169882047824,50.699999999999996,19.0,2.0,20.461364156125164,5.797169882047824,50.699999999999996,19.0,2.0,PREDICTIVE,84
36397544.86313445,11670637.405675374,0.0,5.8576433747049155,0.0,50.699999999999996,19.0,0.0,200.0,-45.64358419372785,0,181987724.31567225,5.8576433747049155,50.699999999999996,19.0,0.0,18.198772431567225,5.8576433747049155,50.699999999999996,19.0,0.0,18.198772431567225,5.8576433747049155,50.699999999999996,19.0,0.0,PREDICTIVE,85
33284593.328836214,12233234.636108726,0.0,5.948032144229171,0.0,50.7,19.0,4.0,204.0,-51.109671191352724,1,166422966.64418107,5.948032144229171,50.7,19.0,4.0,16.642296664418108,5.948032144229171,50.7,19.0,4.0,16.642296664418108,5.948032144229171,50.7,19.0,4.0,PREDICTIVE,86
31233724.74186231,12330678.75762853,0.0,6.075578781779726,0.0,50.7,19.0,0.0,204.0,-48.00755884728912,0,156168623.70931154,6.075578781779726,50.7,19.0,0.0,15.616862370931155,6.075578781779726,50.7,19.0,0.0,15.616862370931155,6.075578781779726,50.7,19.0,0.0,PREDICTIVE,87
29704292.8384381,10500130.333624443,0.0,6.234402718221595,0.0,50.7,19.0,2.0,206.0,-50.61345086255936,1,148521464.1921905,6.234402718221595,50.7,19.0,2.0,14.85214641921905,6.234402718221595,50.7,19.0,2.0,14.85214641921905,6.234402718221595,50.7,19.0,2.0,PREDICTIVE,88
30224938.004932128,10569470.05557568,0.0,6.394405449577812,0.0,50.7,19.0,0.0,206.0,-48.19312554795613,0,151124690.02466065,6.394405449577812,50.7,19.0,0.0,15.112469002466066,6.394405449577812,50.7,19.0,0.0,15.112469002466066,6.394405449577812,50.7,19.0,0.0,PREDICTIVE,89
23739649.739110313,10973082.895060522,0.0,6.514567478703579,0.0,47.150000000000006,19.0,2.0,208.0,-49.76560765174127,1,118698248.69555157,6.514567478703579,47.150000000000006,19.0,2.0,11.869824869555158,6.514567478703579,47.150000000000006,19.0,2.0,11.869824869555158,6.514567478703579,47.150000000000006,19.0,2.0,PREDICTIVE,90
23983957.203668322,12226755.870283384,0.0,6.575074007589336,0.0,50.7,19.0,2.0,210.0,-53.132947390576504,1,119919786.01834162,6.575074007589336,50.7,19.0,2.0,11.99197860183416,6.575074007589336,50.7,19.0,2.0,11.99197860183416,6.575074007589336,50.7,19.0,2.0,PREDICTIVE,91
21240333.712102324,9106961.146056611,0.0,6.575025048841468,0.0,47.150000000000006,19.0,6.0,216.0,-54.954808095107374,1,106201668.56051162,6.575025048841468,47.150000000000006,19.0,6.0,10.620166856051162,6.575025048841468,47.150000000000006,19.0,6.0,10.620166856051162,6.575025048841468,47.150000000000006,19.0,6.0,PREDICTIVE,92
23289779.96012851,9782697.412618298,0.0,6.5057777618416965,0.0,47.150000000000006,19.0,0.0,216.0,-47.99933225809406,0,116448899.80064254,6.5057777618416965,47.150000000000006,19.0,0.0,11.644889980064253,6.5057777618416965,47.150000000000006,19.0,0.0,11.644889980064253,6.5057777618416965,47.150000000000006,19.0,0.0,PREDICTIVE,93
26693963.326526556,10143742.093503933,0.0,6.3656152884400345,0.0,47.150000000000006,19.0,0.0,216.0,-46.437403048296694,0,133469816.63263278,6.3656152884400345,47.150000000000006,19.0,0.0,13.346981663263279,6.3656152884400345,47.150000000000006,19.0,0.0,13.346981663263279,6.3656152884400345,47.150000000000006,19.0,0.0,PREDICTIVE,94
29059324.65999893,9675426.432304306,0.0,6.197661778996988,0.0,47.150000000000006,19.0,2.0,218.0,-47.42267589100355,1,145296623.29999465,6.197661778996988,47.150000000000006,19.0,2.0,14.529662329999464,6.197661778996988,47.150000000000006,19.0,2.0,14.529662329999464,6.197661778996988,47.150000000000006,19.0,2.0,PREDICTIVE,95
50850370.69944759,5483932.676194064,0.0,6.059373193407809,0.0,47.150000000000006,19.0,4.0,222.0,-38.66544145686841,1,254251853.49723795,6.059373193407809,47.150000000000006,19.0,4.0,25.425185349723794,6.059373193407809,47.150000000000006,19.0,4.0,25.425185349723794,6.059373193407809,47.150000000000006,19.0,4.0,PREDICTIVE,96
42162716.573647745,7736062.760134206,0.0,5.970278234117754,0.0,43.6,19.0,4.0,226.0,-39.54836347905838,1,210813582.86823872,5.970278234117754,43.6,19.0,4.0,21.08135828682387,5.970278234117754,43.6,19.0,4.0,21.08135828682387,5.970278234117754,43.6,19.0,4.0,PREDICTIVE,97
43432725.73788391,9009470.18843379,0.0,6.499945587472213,0.0,43.6,19.0,6.0,232.0,-40.38369154358583,1,217163628.68941954,6.499945587472213,43.6,19.0,6.0,21.716362868941953,6.499945587472213,43.6,19.0,6.0,21.716362868941953,6.499945587472213,43.6,19.0,6.0,PREDICTIVE,98
22081963.94993818,10552864.670880688,0.0,6.648981148207357,0.0,43.6,19.0,2.0,234.0,-46.910036876823554,1,110409819.7496909,6.648981148207357,43.6,19.0,2.0,11.04098197496909,6.648981148207357,43.6,19.0,2.0,11.04098197496909,6.648981148207357,43.6,19.0,2.0,PREDICTIVE,99
66088046.773487546,16923844.820368215,0.0,5.333816217159404,0.0,47.14999999999999,19.0,0.0,0.0,-27.772160396096815,0,330440233.8674377,5.333816217159404,47.14999999999999,19.0,0.0,33.044023386743774,5.333816217159404,47.14999999999999,19.0,0.0,33.044023386743774,5.333816217159404,47.14999999999999,19.0,0.0,PREDICTIVE+CHURN,0
52424928.76221856,15656252.34153944,0.0,5.498797850540012,0.0,47.14999999999999,19.0,0.0,0.0,-34.438737768350705,0,262124643.8110928,5.498797850540012,47.14999999999999,19.0,0.0,26.212464381109278,5.498797850540012,47.14999999999999,19.0,0.0,26.212464381109278,5.498797850540012,47.14999999999999,19.0,0.0,PREDICTIVE+CHURN,1
46024132.79626535,15780117.017046656,0.0,5.6802668038859085,0.0,47.14999999999999,19.0,0.0,0.0,-37.45766679798141,0,230120663.98132676,5.6802668038859085,47.14999999999999,19.0,0.0,23.012066398132674,5.6802668038859085,47.14999999999999,19.0,0.0,23.012066398132674,5.6802668038859085,47.14999999999999,19.0,0.0,PREDICTIVE+CHURN,2
37582339.83635874,16644449.678356566,0.0,5.858393272639885,0.0,47.14999999999999,19.0,0.0,0.0,-41.50043680918074,0,187911699.1817937,5.858393272639885,47.14999999999999,19.0,0.0,18.791169918179367,5.858393272639885,47.14999999999999,19.0,0.0,18.791169918179367,5.858393272639885,47.14999999999999,19.0,0.0,PREDICTIVE+CHURN,3
32116244.47540906,17094731.78591997,0.0,5.996917037000827,0.0,47.14999999999999,19.0,0.0,0.0,-44.094960725294634,0,160581222.3770453,5.996917037000827,47.14999999999999,19.0,0.0,16.05812223770453,5.996917037000827,47.14999999999999,19.0,0.0,16.05812223770453,5.996917037000827,47.14999999999999,19.0,0.0,PREDICTIVE+CHURN,4
30225942.149158735,17238476.379713394,0.0,6.055551988709421,0.0,47.14999999999999,19.0,0.0,0.0,-44.9814769367112,0,151129710.74579367,6.055551988709421,47.14999999999999,19.0,0.0,15.112971074579367,6.055551988709421,47.14999999999999,19.0,0.0,15.112971074579367,6.055551988709421,47.14999999999999,19.0,0.0,PREDICTIVE+CHURN,5
31943689.99552508,17804019.692278698,0.0,6.021123174553667,0.0,47.14999999999999,19.0,0.0,0.0,-44.15703182768378,0,159718449.9776254,6.021123174553667,47.14999999999999,19.0,0.0,15.97184499776254,6.021123174553667,47.14999999999999,19.0,0.0,15.97184499776254,6.021123174553667,47.14999999999999,19.0,0.0,PREDICTIVE+CHURN,6
36026928.23302625,18068849.822319686,0.0,5.920883298359072,0.0,47.14999999999999,19.0,0.0,0.0,-42.2156525851278,0,180134641.16513124,5.920883298359072,47.14999999999999,19.0,0.0,18.013464116513124,5.920883298359072,47.14999999999999,19.0,0.0,18.013464116513124,5.920883298359072,47.14999999999999,19.0,0.0,PREDICTIVE+CHURN,7
36604827.2082399,17879008.15675401,0.0,5.796424667356139,0.0,47.14999999999999,19.0,0.0,0.0,-42.05116172852391,0,183024136.04119948,5.796424667356139,47.14999999999999,19.0,0.0,18.30241360411995,5.796424667356139,47.14999999999999,19.0,0.0,18.30241360411995,5.796424667356139,47.14999999999999,19.0,0.0,PREDICTIVE+CHURN,8
34727096.86494513,17625611.66231131,0.0,5.676795673950559,0.0,47.14999999999999,19.0,0.0,0.0,-43.10965589357687,0,173635484.32472566,5.676795673950559,47.14999999999999,19.0,0.0,17.363548432472566,5.676795673950559,47.14999999999999,19.0,0.0,17.363548432472566,5.676795673950559,47.14999999999999,19.0,0.0,PREDICTIVE+CHURN,9
30760645.415219992,17172532.158011913,0.0,5.574376815912487,0.0,47.14999999999999,19.0,0.0,0.0,-45.195300476477506,0,153803227.07609996,5.574376815912487,47.14999999999999,19.0,0.0,15.380322707609997,5.574376815912487,47.14999999999999,19.0,0.0,15.380322707609997,5.574376815912487,47.14999999999999,19.0,0.0,PREDICTIVE+CHURN,10
26565970.881960653,16338291.792026576,0.0,5.491408539078739,0.0,47.14999999999999,19.0,0.0,0.0,-47.375606019940925,0,132829854.40980327,5.491408539078739,47.14999999999999,19.0,0.0,13.282985440980328,5.491408539078739,47.14999999999999,19.0,0.0,13.282985440980328,5.491408539078739,47.14999999999999,19.0,0.0,PREDICTIVE+CHURN,11
23340694.405517314,15618440.293592826,0.0,5.425895593615227,0.0,47.14999999999999,19.0,0.0,0.0,-49.053757203626105,0,116703472.02758656,5.425895593615227,47.14999999999999,19.0,0.0,11.670347202758656,5.425895593615227,47.14999999999999,19.0,0.0,11.670347202758656,5.425895593615227,47.14999999999999,19.0,0.0,PREDICTIVE+CHURN,12
20882399.58980891,14845129.691085458,0.0,5.374717689431772,0.0,47.14999999999999,19.0,0.0,0.0,-50.334082515663766,0,104411997.94904456,5.374717689431772,47.14999999999999,19.0,0.0,10.441199794904456,5.374717689431772,47.14999999999999,19.0,0.0,10.441199794904456,5.374717689431772,47.14999999999999,19.0,0.0,PREDICTIVE+CHURN,13
18888207.91737508,13987635.72719104,0.0,5.33488632042109,0.0,47.14999999999999,19.0,0.0,0.0,-51.371009720891365,0,94441039.58687541,5.33488632042109,47.14999999999999,19.0,0.0,9.44410395868754,5.33488632042109,47.14999999999999,19.0,0.0,9.44410395868754,5.33488632042109,47.14999999999999,19.0,0.0,PREDICTIVE+CHURN,14
18209434.791145284,13068919.905802282,0.0,5.303923017614416,0.0,47.14999999999999,19.0,0.0,0.0,-51.74135958681293,0,91047173.95572641,5.303923017614416,47.14999999999999,19.0,0.0,9.104717395572642,5.303923017614416,47.14999999999999,19.0,0.0,9.104717395572642,5.303923017614416,47.14999999999999,19.0,0.0,PREDICTIVE+CHURN,15
17811074.849321388,12097887.773745947,0.0,5.279891353208715,0.0,47.14999999999999,19.0,0.0,0.0,-51.96457122213059,0,89055374.24660693,5.279891353208715,47.14999999999999,19.0,0.0,8.905537424660693,5.279891353208715,47.14999999999999,19.0,0.0,8.905537424660693,5.279891353208715,47.14999999999999,19.0,0.0,PREDICTIVE+CHURN,16
17602606.080761094,10966151.186508443,0.0,5.261318204389674,0.0,47.14999999999999,19.0,0.0,0.0,-52.08737875522977,0,88013030.40380546,5.261318204389674,47.14999999999999,19.0,0.0,8.801303040380546,5.261318204389674,47.14999999999999,19.0,0.0,8.801303040380546,5.261318204389674,47.14999999999999,19.0,0.0,PREDICTIVE+CHURN,17
17536193.812378753,9499499.102042252,0.0,5.247095756870006,0.0,47.14999999999999,19.0,0.0,0.0,-52.13480733694061,0,87680969.06189376,5.247095756870006,47.14999999999999,19.0,0.0,8.768096906189376,5.247095756870006,47.14999999999999,19.0,0.0,8.768096906189376,5.247095756870006,47.14999999999999,19.0,0.0,PREDICTIVE+CHURN,18
17444995.59268606,8196030.833632142,0.0,5.236394686951062,0.0,47.14999999999999,19.0,0.0,0.0,-52.1911075167059,0,87224977.9634303,5.236394686951062,47.14999999999999,19.0,0.0,8.72249779634303,5.236394686951062,47.14999999999999,19.0,0.0,8.72249779634303,5.236394686951062,47.14999999999999,19.0,0.0,PREDICTIVE+CHURN,19
17008516.590516858,7058015.769935811,0.0,5.228595422356839,0.0,47.14999999999999,19.0,0.0,0.0,-52.41714628238472,0,85042582.95258428,5.228595422356839,47.14999999999999,19.0,0.0,8.504258295258428,5.228595422356839,47.14999999999999,19.0,0.0,8.504258295258428,5.228595422356839,47.14999999999999,19.0,0.0,PREDICTIVE+CHURN,20
15987479.718712708,6100105.118457221,0.0,5.2499217706081165,0.0,47.14999999999999,19.0,0.0,0.0,-52.90633837003552,0,79937398.59356354,5.2499217706081165,47.14999999999999,19.0,0.0,7.993739859356354,5.2499217706081165,47.14999999999999,19.0,0.0,7.993739859356354,5.2499217706081165,47.14999999999999,19.0,0.0,PREDICTIVE+CHURN,21
14578012.363387847,5290994.962533675,0.0,5.275596889605415,0.0,47.14999999999999,19.0,0.0,0.0,-53.58539692870065,0,72890061.81693923,5.275596889605415,47.14999999999999,19.0,0.0,7.289006181693924,5.275596889605415,47.14999999999999,19.0,0.0,7.289006181693924,5.275596889605415,47.14999999999999,19.0,0.0,PREDICTIVE+CHURN,22
13195995.911342844,4596139.918007188,0.0,5.30483600786396,0.0,47.14999999999999,19.0,0.0,0.0,-54.247166036464606,0,65979979.55671422,5.30483600786396,47.14999999999999,19.0,0.0,6.597997955671422,5.30483600786396,47.14999999999999,19.0,0.0,6.597997955671422,5.30483600786396,47.14999999999999,19.0,0.0,PREDICTIVE+CHURN,23
12037863.63026011,3983091.806252729,0.0,5.337822470919084,0.0,47.14999999999999,19.0,0.0,0.0,-54.79324571395085,0,60189318.15130055,5.337822470919084,47.14999999999999,19.0,0.0,6.018931815130055,5.337822470919084,47.14999999999999,19.0,0.0,6.018931815130055,5.337822470919084,47.14999999999999,19.0,0.0,PREDICTIVE+CHURN,24
11046315.088063821,3421557.6465531765,0.0,5.37455534563064,0.0,47.14999999999999,19.0,0.0,0.0,-55.25228711033744,0,55231575.440319106,5.37455534563064,47.14999999999999,19.0,0.0,5.5231575440319105,5.37455534563064,47.14999999999999,19.0,0.0,5.5231575440319105,5.37455534563064,47.14999999999999,19.0,0.0,PREDICTIVE+CHURN,25
10085901.652786024,2867925.81284102,0.0,5.414768382572305,0.0,47.14999999999999,19.0,0.0,0.0,-55.692280791034676,0,50429508.26393012,5.414768382572305,47.14999999999999,19.0,0.0,5.042950826393012,5.414768382572305,47.14999999999999,19.0,0.0,5.042950826393012,5.414768382572305,47.14999999999999,19.0,0.0,PREDICTIVE+CHURN,26
9065088.437716123,2311175.719674387,0.0,5.4578591979990465,0.0,47.14999999999999,19.0,0.0,0.0,-56.159596583142886,0,45325442.18858062,5.4578591979990465,47.14999999999999,19.0,0.0,4.532544218858062,5.4578591979990465,47.14999999999999,19.0,0.0,4.532544218858062,5.4578591979990465,47.14999999999999,19.0,0.0,PREDICTIVE+CHURN,27
7946242.967473279,1754425.354479367,0.0,5.502853581563662,0.0,47.14999999999999,19.0,0.0,0.0,-56.67402493469969,0,39731214.837366395,5.502853581563662,47.14999999999999,19.0,0.0,3.9731214837366395,5.502853581563662,47.14999999999999,19.0,0.0,3.9731214837366395,5.502853581563662,47.14999999999999,19.0,0.0,PREDICTIVE+CHURN,28
6728226.681059241,1217399.1426102566,0.0,5.548430454756689,0.0,47.14999999999999,19.0,0.0,0.0,-57.23745620471368,0,33641133.40529621,5.548430454756689,47.14999999999999,19.0,0.0,3.3641133405296206,5.548430454756689,47.14999999999999,19.0,0.0,3.3641133405296206,5.548430454756689,47.14999999999999,19.0,0.0,PREDICTIVE+CHURN,29
5471712.649867279,748807.0495325313,0.0,5.593021581147863,0.0,47.14999999999999,19.0,0.0,0.0,-57.82112209391849,0,27358563.249336395,5.593021581147863,47.14999999999999,19.0,0.0,2.7358563249336396,5.593021581147863,47.14999999999999,19.0,0.0,2.7358563249336396,5.593021581147863,47.14999999999999,19.0,0.0,PREDICTIVE+CHURN,30
4296376.2283364255,411332.61457537324,0.0,5.634977411928273,0.0,47.14999999999999,19.0,0.0,0.0,-58.36683447390351,0,21481881.14168213,5.634977411928273,47.14999999999999,19.0,0.0,2.148188114168213,5.634977411928273,47.14999999999999,19.0,0.0,2.148188114168213,5.634977411928273,47.14999999999999,19.0,0.0,PREDICTIVE+CHURN,31
3308946.7248032736,223413.175267918,0.0,5.672766321359415,0.0,47.14999999999999,19.0,0.0,0.0,-58.82276031623894,0,16544733.624016367,5.672766321359415,47.14999999999999,19.0,0.0,1.6544733624016368,5.672766321359415,47.14999999999999,19.0,0.0,1.6544733624016368,5.672766321359415,47.14999999999999,19.0,0.0,PREDICTIVE+CHURN,32
2546799.3135507638,120565.85650317185,0.0,5.705163631827497,0.0,47.14999999999999,19.0,0.0,0.0,-59.171436711397114,0,12733996.56775382,5.705163631827497,47.14999999999999,19.0,0.0,1.273399656775382,5.705163631827497,47.14999999999999,19.0,0.0,1.273399656775382,5.705163631827497,47.14999999999999,19.0,0.0,PREDICTIVE+CHURN,33
2032277.012702331,182593.47231054318,0.0,5.73139717545868,0.0,47.14999999999999,19.0,0.0,0.0,-59.40246431819015,0,10161385.063511655,5.73139717545868,47.14999999999999,19.0,0.0,1.0161385063511654,5.73139717545868,47.14999999999999,19.0,0.0,1.0161385063511654,5.73139717545868,47.14999999999999,19.0,0.0,PREDICTIVE+CHURN,34
1722907.110157704,171338.35712784523,0.0,5.751240119413765,0.0,47.14999999999999,19.0,0.0,0.0,-59.53730632550737,0,8614535.55078852,5.751240119413765,47.14999999999999,19.0,0.0,0.861453555078852,5.751240119413765,47.14999999999999,19.0,0.0,0.861453555078852,5.751240119413765,47.14999999999999,19.0,0.0,PREDICTIVE+CHURN,35
1555714.3958736912,261916.78944403143,0.0,5.765060909323132,0.0,47.14999999999999,19.0,0.0,0.0,-59.60708189274001,0,7778571.979368456,5.765060909323132,47.14999999999999,19.0,0.0,0.7778571979368456,5.765060909323132,47.14999999999999,19.0,0.0,0.7778571979368456,5.765060909323132,47.14999999999999,19.0,0.0,PREDICTIVE+CHURN,36
1429006.891230903,311639.23526754876,0.0,5.799827543888345,0.0,47.14999999999999,19.0,0.0,0.0,-59.635669010496194,0,7145034.456154515,5.799827543888345,47.14999999999999,19.0,0.0,0.7145034456154515,5.799827543888345,47.14999999999999,19.0,0.0,0.7145034456154515,5.799827543888345,47.14999999999999,19.0,0.0,PREDICTIVE+CHURN,37
1294292.4968089173,321756.89559139655,0.0,5.832804742407793,0.0,47.14999999999999,19.0,0.0,0.0,-59.670049009187736,0,6471462.484044586,5.832804742407793,47.14999999999999,19.0,0.0,0.6471462484044587,5.832804742407793,47.14999999999999,19.0,0.0,0.6471462484044587,5.832804742407793,47.14999999999999,19.0,0.0,PREDICTIVE+CHURN,38
1215415.534377169,264099.5072954504,0.0,5.859965788403005,0.0,47.14999999999999,19.0,0.0,0.0,-59.6823264444084,0,6077077.671885845,5.859965788403005,47.14999999999999,19.0,0.0,0.6077077671885845,5.859965788403005,47.14999999999999,19.0,0.0,0.6077077671885845,5.859965788403005,47.14999999999999,19.0,0.0,PREDICTIVE+CHURN,39
1201626.661179411,195717.1984750169,0.0,5.88076106740205,0.0,47.14999999999999,19.0,0.0,0.0,-59.668425602008234,0,6008133.305897055,5.88076106740205,47.14999999999999,19.0,0.0,0.6008133305897055,5.88076106740205,47.14999999999999,19.0,0.0,0.6008133305897055,5.88076106740205,47.14999999999999,19.0,0.0,PREDICTIVE+CHURN,40
1253665.1727243918,223450.6179106302,0.0,5.895500055491874,0.0,47.14999999999999,19.0,0.0,0.0,-59.62766735814592,0,6268325.8636219585,5.895500055491874,47.14999999999999,19.0,0.0,0.6268325863621959,5.895500055491874,47.14999999999999,19.0,0.0,0.6268325863621959,5.895500055491874,47.14999999999999,19.0,0.0,PREDICTIVE+CHURN,41
1356424.0522763086,329769.8939601792,0.0,5.905771204660552,0.0,47.14999999999999,19.0,0.0,0.0,-59.56601676920128,0,6782120.261381543,5.905771204660552,47.14999999999999,19.0,0.0,0.6782120261381543,5.905771204660552,47.14999999999999,19.0,0.0,0.6782120261381543,5.905771204660552,47.14999999999999,19.0,0.0,PREDICTIVE+CHURN,42
1485501.8979054843,477887.086999079,0.0,5.9147596673270275,0.0,47.14999999999999,19.0,0.0,0.0,-59.49248938372022,0,7427509.489527421,5.9147596673270275,47.14999999999999,19.0,0.0,0.7427509489527421,5.9147596673270275,47.14999999999999,19.0,0.0,0.7427509489527421,5.9147596673270275,47.14999999999999,19.0,0.0,PREDICTIVE+CHURN,43
1619657.9300604537,570086.4412192001,0.0,5.927180575966462,0.0,47.14999999999999,19.0,0.0,0.0,-59.412990459003304,0,8098289.650302269,5.927180575966462,47.14999999999999,19.0,0.0,0.8098289650302268,5.927180575966462,47.14999999999999,19.0,0.0,0.8098289650302268,5.927180575966462,47.14999999999999,19.0,0.0,PREDICTIVE+CHURN,44
1747923.5810662615,665322.3234920593,0.0,5.948604955653502,0.0,47.14999999999999,19.0,0.0,0.0,-59.32743325381336,0,8739617.905331308,5.948604955653502,47.14999999999999,19.0,0.0,0.8739617905331308,5.948604955653502,47.14999999999999,19.0,0.0,0.8739617905331308,5.948604955653502,47.14999999999999,19.0,0.0,PREDICTIVE+CHURN,45
1868580.4042046752,759858.9027219237,0.0,5.984274269385461,0.0,47.14999999999999,19.0,0.0,0.0,-59.23143552851219,0,9342902.021023376,5.984274269385461,47.14999999999999,19.0,0.0,0.9342902021023376,5.984274269385461,47.14999999999999,19.0,0.0,0.9342902021023376,5.984274269385461,47.14999999999999,19.0,0.0,PREDICTIVE+CHURN,46
1985061.7936716485,851989.0925888924,0.0,6.0378508198077885,0.0,47.14999999999999,19.0,0.0,0.0,-59.11961828335638,0,9925308.968358243,6.0378508198077885,47.14999999999999,19.0,0.0,0.9925308968358243,6.0378508198077885,47.14999999999999,19.0,0.0,0.9925308968358243,6.0378508198077885,47.14999999999999,19.0,0.0,PREDICTIVE+CHURN,47
2102933.848919611,941119.5637072437,0.0,6.110553452646812,0.0,47.14999999999999,19.0,0.0,0.0,-58.98797962289338,0,10514669.244598055,6.110553452646812,47.14999999999999,19.0,0.0,1.0514669244598056,6.110553452646812,47.14999999999999,19.0,0.0,1.0514669244598056,6.110553452646812,47.14999999999999,19.0,0.0,PREDICTIVE+CHURN,48
2203334.1174033517,1023278.4581187752,0.0,6.20074456623283,0.0,47.14999999999999,19.0,0.0,0.0,-58.847588375065484,0,11016670.58701676,6.20074456623283,47.14999999999999,19.0,0.0,1.101667058701676,6.20074456623283,47.14999999999999,19.0,0.0,1.101667058701676,6.20074456623283,47.14999999999999,19.0,0.0,PREDICTIVE+CHURN,49
2267825.777681317,1065274.096820021,0.0,6.303679250824114,0.0,47.14999999999999,19.0,0.0,0.0,-58.71240786033522,0,11339128.888406586,6.303679250824114,47.14999999999999,19.0,0.0,1.1339128888406587,6.303679250824114,47.14999999999999,19.0,0.0,1.1339128888406587,6.303679250824114,47.14999999999999,19.0,0.0,PREDICTIVE+CHURN,50
2350836.076310558,1109994.5855683202,0.0,6.411190981186566,0.0,47.14999999999999,19.0,0.0,0.0,-58.56339098065815,0,11754180.38155279,6.411190981186566,47.14999999999999,19.0,0.0,1.175418038155279,6.411190981186566,47.14999999999999,19.0,0.0,1.175418038155279,6.411190981186566,47.14999999999999,19.0,0.0,PREDICTIVE+CHURN,51
2465483.7032372495,1157566.0182226747,0.0,6.511611049809697,0.0,47.14999999999999,19.0,0.0,0.0,-58.40564709857167,0,12327418.516186247,6.511611049809697,47.14999999999999,19.0,0.0,1.2327418516186246,6.511611049809697,47.14999999999999,19.0,0.0,1.2327418516186246,6.511611049809697,47.14999999999999,19.0,0.0,PREDICTIVE+CHURN,52
2619602.2156489724,1207829.7402538941,0.0,6.590907653295251,0.0,47.14999999999999,19.0,0.0,0.0,-58.249291238880254,0,13098011.078244863,6.590907653295251,47.14999999999999,19.0,0.0,1.3098011078244862,6.590907653295251,47.14999999999999,19.0,0.0,1.3098011078244862,6.590907653295251,47.14999999999999,19.0,0.0,PREDICTIVE+CHURN,53
2817171.077421938,1260349.1416080806,0.0,6.636081766067145,0.0,47.14999999999999,19.0,0.0,0.0,-58.105332695221875,0,14085855.387109691,6.636081766067145,47.14999999999999,19.0,0.0,1.4085855387109691,6.636081766067145,47.14999999999999,19.0,0.0,1.4085855387109691,6.636081766067145,47.14999999999999,19.0,0.0,PREDICTIVE+CHURN,54
3058039.6494604503,1281799.150189649,0.0,6.640147025934073,0.0,47.14999999999999,19.0,0.0,0.0,-57.980833149335695,0,15290198.247302251,6.640147025934073,47.14999999999999,19.0,0.0,1.5290198247302251,6.640147025934073,47.14999999999999,19.0,0.0,1.5290198247302251,6.640147025934073,47.14999999999999,19.0,0.0,PREDICTIVE+CHURN,55
3329364.9143512854,1286770.3371702337,0.0,6.60535805469317,0.0,47.14999999999999,19.0,0.0,0.0,-57.87995948813118,0,16646824.571756426,6.60535805469317,47.14999999999999,19.0,0.0,1.6646824571756427,6.60535805469317,47.14999999999999,19.0,0.0,1.6646824571756427,6.60535805469317,47.14999999999999,19.0,0.0,PREDICTIVE+CHURN,56
3623060.4893424273,1202600.0746741684,0.0,6.541700329046153,0.0,47.14999999999999,19.0,0.0,0.0,-57.79676942628262,0,18115302.446712136,6.541700329046153,47.14999999999999,19.0,0.0,1.8115302446712136,6.541700329046153,47.14999999999999,19.0,0.0,1.8115302446712136,6.541700329046153,47.14999999999999,19.0,0.0,PREDICTIVE+CHURN,57
3959811.5276043983,1117060.9198619665,0.0,6.46194719229528,0.0,47.14999999999999,19.0,0.0,0.0,-57.708147043902514,0,19799057.63802199,6.46194719229528,47.14999999999999,19.0,0.0,1.979905763802199,6.46194719229528,47.14999999999999,19.0,0.0,1.979905763802199,6.46194719229528,47.14999999999999,19.0,0.0,PREDICTIVE+CHURN,58
4330873.026319676,1029611.8464135767,0.0,6.377200330507692,0.0,47.14999999999999,19.0,0.0,0.0,-57.60736315633246,0,21654365.13159838,6.377200330507692,47.14999999999999,19.0,0.0,2.165436513159838,6.377200330507692,47.14999999999999,19.0,0.0,2.165436513159838,6.377200330507692,47.14999999999999,19.0,0.0,PREDICTIVE+CHURN,59
4718165.921593667,939985.9833469237,0.0,6.29499730058066,0.0,47.14999999999999,19.0,0.0,0.0,-57.4959197386225,0,23590829.607968334,6.29499730058066,47.14999999999999,19.0,0.0,2.3590829607968336,6.29499730058066,47.14999999999999,19.0,0.0,2.3590829607968336,6.29499730058066,47.14999999999999,19.0,0.0,PREDICTIVE+CHURN,60
5093303.735799601,857673.6948421298,0.0,6.2194704926592435,0.0,47.14999999999999,19.0,0.0,0.0,-57.383877639440946,0,25466518.67899801,6.2194704926592435,47.14999999999999,19.0,0.0,2.5466518678998007,6.2194704926592435,47.14999999999999,19.0,0.0,2.5466518678998007,6.2194704926592435,47.14999999999999,19.0,0.0,PREDICTIVE+CHURN,61
5411030.400417225,783905.8952623246,0.0,6.152309421947152,0.0,47.14999999999999,19.0,0.0,0.0,-57.29217537784423,0,27055152.00208613,6.152309421947152,47.14999999999999,19.0,0.0,2.705515200208613,6.152309421947152,47.14999999999999,19.0,0.0,2.705515200208613,6.152309421947152,47.14999999999999,19.0,0.0,PREDICTIVE+CHURN,62
5653902.825805898,716781.4902944898,0.0,6.093731007247016,0.0,47.14999999999999,19.0,0.0,0.0,-57.229317579850026,0,28269514.12902949,6.093731007247016,47.14999999999999,19.0,0.0,2.826951412902949,6.093731007247016,47.14999999999999,19.0,0.0,2.826951412902949,6.093731007247016,47.14999999999999,19.0,0.0,PREDICTIVE+CHURN,63
5864930.973488523,649807.86007442,0.0,6.043187132855281,0.0,47.14999999999999,19.0,0.0,0.0,-57.17434738040045,0,29324654.867442615,6.043187132855281,47.14999999999999,19.0,0.0,2.9324654867442614,6.043187132855281,47.14999999999999,19.0,0.0,2.9324654867442614,6.043187132855281,47.14999999999999,19.0,0.0,PREDICTIVE+CHURN,64
6128092.760650513,573608.5730289803,0.0,5.999804383866626,0.0,47.14999999999999,19.0,0.0,0.0,-57.08614923580811,0,30640463.803252563,5.999804383866626,47.14999999999999,19.0,0.0,3.0640463803252564,5.999804383866626,47.14999999999999,19.0,0.0,3.0640463803252564,5.999804383866626,47.14999999999999,19.0,0.0,PREDICTIVE+CHURN,65
6501529.479695102,482685.3686351202,0.0,5.96262897404769,0.0,47.14999999999999,19.0,0.0,0.0,-56.93660628610475,0,32507647.398475513,5.96262897404769,47.14999999999999,19.0,0.0,3.2507647398475514,5.96262897404769,47.14999999999999,19.0,0.0,3.2507647398475514,5.96262897404769,47.14999999999999,19.0,0.0,PREDICTIVE+CHURN,66
6967405.004633071,384051.56972886797,0.0,5.930749520737976,0.0,47.14999999999999,19.0,0.0,0.0,-56.73554797694548,0,34837025.02316535,5.930749520737976,47.14999999999999,19.0,0.0,3.483702502316535,5.930749520737976,47.14999999999999,19.0,0.0,3.483702502316535,5.930749520737976,47.14999999999999,19.0,0.0,PREDICTIVE+CHURN,67
7440484.43852848,298502.0411224909,0.0,5.903349837816705,0.0,47.14999999999999,19.0,0.0,0.0,-56.52640794291905,0,37202422.1926424,5.903349837816705,47.14999999999999,19.0,0.0,3.72024221926424,5.903349837816705,47.14999999999999,19.0,0.0,3.72024221926424,5.903349837816705,47.14999999999999,19.0,0.0,PREDICTIVE+CHURN,68
7814080.960634774,236225.9477146306,0.0,5.879724441386422,0.0,47.14999999999999,19.0,0.0,0.0,-56.363235078296185,0,39070404.80317387,5.879724441386422,47.14999999999999,19.0,0.0,3.907040480317387,5.879724441386422,47.14999999999999,19.0,0.0,3.907040480317387,5.879724441386422,47.14999999999999,19.0,0.0,PREDICTIVE+CHURN,69
7987047.920705962,153158.54083320295,0.0,5.859275727462276,0.0,47.14999999999999,19.0,0.0,0.0,-56.297200312184735,0,39935239.60352981,5.859275727462276,47.14999999999999,19.0,0.0,3.9935239603529813,5.859275727462276,47.14999999999999,19.0,0.0,3.9935239603529813,5.859275727462276,47.14999999999999,19.0,0.0,PREDICTIVE+CHURN,70
7891492.131363092,87453.05155376696,0.0,5.841503217770422,0.0,47.14999999999999,19.0,0.0,0.0,-56.36275071654802,0,39457460.65681546,5.841503217770422,47.14999999999999,19.0,0.0,3.945746065681546,5.841503217770422,47.14999999999999,19.0,0.0,3.945746065681546,5.841503217770422,47.14999999999999,19.0,0.0,PREDICTIVE+CHURN,71
7629091.049633664,158369.22485980467,0.0,5.825990281499879,0.0,47.14999999999999,19.0,0.0,0.0,-56.50946419368328,0,38145455.24816832,5.825990281499879,47.14999999999999,19.0,0.0,3.814545524816832,5.825990281499879,47.14999999999999,19.0,0.0,3.814545524816832,5.825990281499879,47.14999999999999,19.0,0.0,PREDICTIVE+CHURN,72
7930277.130402422,189804.42831889627,0.0,5.812390964830252,0.0,47.14999999999999,19.0,0.0,0.0,-56.37247046996853,0,39651385.65201211,5.812390964830252,47.14999999999999,19.0,0.0,3.9651385652012108,5.812390964830252,47.14999999999999,19.0,0.0,3.9651385652012108,5.812390964830252,47.14999999999999,19.0,0.0,PREDICTIVE+CHURN,73
9105931.740381422,183873.23282965733,0.0,5.80041807342403,0.0,47.14999999999999,19.0,0.0,0.0,-55.79661605638525,0,45529658.701907106,5.80041807342403,47.14999999999999,19.0,0.0,4.552965870190711,5.80041807342403,47.14999999999999,19.0,0.0,4.552965870190711,5.80041807342403,47.14999999999999,19.0,0.0,PREDICTIVE+CHURN,74
10295590.044799138,199653.03879885722,0.0,5.7898328895578395,0.0,47.14999999999999,19.0,0.0,0.0,-55.212372088042585,0,51477950.223995686,5.7898328895578395,47.14999999999999,19.0,0.0,5.147795022399569,5.7898328895578395,47.14999999999999,19.0,0.0,5.147795022399569,5.7898328895578395,47.14999999999999,19.0,0.0,PREDICTIVE+CHURN,75
11131570.893886298,251186.2053338089,0.0,5.7804365356725995,0.0,47.14999999999999,19.0,0.0,0.0,-54.803778017384246,0,55657854.46943149,5.7804365356725995,47.14999999999999,19.0,0.0,5.565785446943149,5.7804365356725995,47.14999999999999,19.0,0.0,5.565785446943149,5.7804365356725995,47.14999999999999,19.0,0.0,PREDICTIVE+CHURN,76
11476070.406741923,344614.77174625744,0.0,5.7720628343634015,0.0,47.14999999999999,19.0,0.0,0.0,-54.639901962265625,0,57380352.033709615,5.7720628343634015,47.14999999999999,19.0,0.0,5.738035203370962,5.7720628343634015,47.14999999999999,19.0,0.0,5.738035203370962,5.7720628343634015,47.14999999999999,19.0,0.0,PREDICTIVE+CHURN,77
11310428.52861262,469535.52400175517,0.0,5.764572459273467,0.0,47.14999999999999,19.0,0.0,0.0,-54.730213276420216,0,56552142.6430631,5.764572459273467,47.14999999999999,19.0,0.0,5.65521426430631,5.764572459273467,47.14999999999999,19.0,0.0,5.65521426430631,5.764572459273467,47.14999999999999,19.0,0.0,PREDICTIVE+CHURN,78
10807019.526547201,608922.4348842907,0.0,5.757848167172783,0.0,47.14999999999999,19.0,0.0,0.0,-54.988642069553606,0,54035097.632736005,5.757848167172783,47.14999999999999,19.0,0.0,5.4035097632736,5.757848167172783,47.14999999999999,19.0,0.0,5.4035097632736,5.757848167172783,47.14999999999999,19.0,0.0,PREDICTIVE+CHURN,79
10175313.40817381,755927.6829575179,0.0,5.75229201608213,0.0,47.14999999999999,19.0,0.0,0.0,-55.31005127983096,0,50876567.04086906,5.75229201608213,47.14999999999999,19.0,0.0,5.087656704086906,5.75229201608213,47.14999999999999,19.0,0.0,5.087656704086906,5.75229201608213,47.14999999999999,19.0,0.0,PREDICTIVE+CHURN,80
9527878.983212568,917498.4168408217,0.0,5.74745074138751,0.0,47.14999999999999,19.0,0.0,0.0,-55.6386097670062,0,47639394.91606284,5.74745074138751,47.14999999999999,19.0,0.0,4.763939491606284,5.74745074138751,47.14999999999999,19.0,0.0,4.763939491606284,5.74745074138751,47.14999999999999,19.0,0.0,PREDICTIVE+CHURN,81
8919898.65961434,1105464.510841203,0.0,5.743198852004371,0.0,47.14999999999999,19.0,0.0,0.0,-55.94685181818845,0,44599493.2980717,5.743198852004371,47.14999999999999,19.0,0.0,4.45994932980717,5.743198852004371,47.14999999999999,19.0,0.0,4.45994932980717,5.743198852004371,47.14999999999999,19.0,0.0,PREDICTIVE+CHURN,82
8640219.603273693,1329203.4821580441,0.0,5.739485185342522,0.0,47.14999999999999,19.0,0.0,0.0,-56.09040501302062,0,43201098.01636846,5.739485185342522,47.14999999999999,19.0,0.0,4.320109801636846,5.739485185342522,47.14999999999999,19.0,0.0,4.320109801636846,5.739485185342522,47.14999999999999,19.0,0.0,PREDICTIVE+CHURN,83
9276593.961826282,1594824.0874231039,0.0,5.7362693625138315,0.0,47.14999999999999,19.0,0.0,0.0,-55.77543365657302,0,46382969.809131406,5.7362693625138315,47.14999999999999,19.0,0.0,4.6382969809131405,5.7362693625138315,47.14999999999999,19.0,0.0,4.6382969809131405,5.7362693625138315,47.14999999999999,19.0,0.0,PREDICTIVE+CHURN,84
10110748.90450859,1907200.2222679954,0.0,5.733520754047479,0.0,47.14999999999999,19.0,0.0,0.0,-55.36110479369822,0,50553744.52254295,5.733520754047479,47.14999999999999,19.0,0.0,5.055374452254295,5.733520754047479,47.14999999999999,19.0,0.0,5.055374452254295,5.733520754047479,47.14999999999999,19.0,0.0,PREDICTIVE+CHURN,85
11231036.524356537,2194302.14729702,0.0,5.731217780024196,0.0,47.14999999999999,19.0,0.0,0.0,-54.803263957797526,0,56155182.62178268,5.731217780024196,47.14999999999999,19.0,0.0,5.615518262178268,5.731217780024196,47.14999999999999,19.0,0.0,5.615518262178268,5.731217780024196,47.14999999999999,19.0,0.0,PREDICTIVE+CHURN,86
12755463.16262595,2509784.3144983947,0.0,5.729347515263651,0.0,47.14999999999999,19.0,0.0,0.0,-54.042920903423365,0,63777315.81312975,5.729347515263651,47.14999999999999,19.0,0.0,6.377731581312975,5.729347515263651,47.14999999999999,19.0,0.0,6.377731581312975,5.729347515263651,47.14999999999999,19.0,0.0,PREDICTIVE+CHURN,87
14775164.983102152,2591337.927869213,0.0,5.72790558335133,0.0,47.14999999999999,19.0,0.0,0.0,-53.03451192509759,0,73875824.91551076,5.72790558335133,47.14999999999999,19.0,0.0,7.3875824915510755,5.72790558335133,47.14999999999999,19.0,0.0,7.3875824915510755,5.72790558335133,47.14999999999999,19.0,0.0,PREDICTIVE+CHURN,88
16898204.07734573,1730864.5193649074,0.0,5.726896334986032,0.0,47.14999999999999,19.0,0.0,0.0,-51.97400162634109,0,84491020.38672864,5.726896334986032,47.14999999999999,19.0,0.0,8.449102038672864,5.726896334986032,47.14999999999999,19.0,0.0,8.449102038672864,5.726896334986032,47.14999999999999,19.0,0.0,PREDICTIVE+CHURN,89
17257991.352198303,1076961.203136332,0.0,5.7263333165342,0.0,47.14999999999999,19.0,0.0,0.0,-51.79467100736664,0,86289956.76099151,5.7263333165342,47.14999999999999,19.0,0.0,8.628995676099152,5.7263333165342,47.14999999999999,19.0,0.0,8.628995676099152,5.7263333165342,47.14999999999999,19.0,0.0,PREDICTIVE+CHURN,90
15488043.307704251,963461.3498117572,0.0,5.726240043660967,0.0,47.14999999999999,19.0,0.0,0.0,-52.679738302486896,0,77440216.53852126,5.726240043660967,47.14999999999999,19.0,0.0,7.744021653852126,5.726240043660967,47.14999999999999,19.0,0.0,7.744021653852126,5.726240043660967,47.14999999999999,19.0,0.0,PREDICTIVE+CHURN,91
14261614.604206627,1362033.9266436046,0.0,5.726651101872312,0.0,47.14999999999999,19.0,0.0,0.0,-53.292541596024364,0,71308073.02103314,5.726651101872312,47.14999999999999,19.0,0.0,7.130807302103314,5.726651101872312,47.14999999999999,19.0,0.0,7.130807302103314,5.726651101872312,47.14999999999999,19.0,0.0,PREDICTIVE+CHURN,92
14632813.140851978,1834018.1389593903,0.0,5.727613599428338,0.0,47.14999999999999,19.0,0.0,0.0,-53.105979830145664,0,73164065.70425989,5.727613599428338,47.14999999999999,19.0,0.0,7.316406570425989,5.727613599428338,47.14999999999999,19.0,0.0,7.316406570425989,5.727613599428338,47.14999999999999,19.0,0.0,PREDICTIVE+CHURN,93
16401795.912662327,2218329.207856337,0.0,5.72918899593136,0.0,47.14999999999999,19.0,0.0,0.0,-52.219913047737464,0,82008979.56331164,5.72918899593136,47.14999999999999,19.0,0.0,8.200897956331163,5.72918899593136,47.14999999999999,19.0,0.0,8.200897956331163,5.72918899593136,47.14999999999999,19.0,0.0,PREDICTIVE+CHURN,94
18164186.41021973,2549196.6115372796,0.0,5.731455317794362,0.0,47.14999999999999,19.0,0.0,0.0,-51.336451477095764,0,90820932.05109864,5.731455317794362,47.14999999999999,19.0,0.0,9.082093205109864,5.731455317794362,47.14999999999999,19.0,0.0,9.082093205109864,5.731455317794362,47.14999999999999,19.0,0.0,PREDICTIVE+CHURN,95
18120801.80182325,2844599.3277869923,0.0,5.734509743035735,0.0,47.14999999999999,19.0,0.0,0.0,-51.35508935605263,0,90604009.00911626,5.734509743035735,47.14999999999999,19.0,0.0,9.060400900911626,5.734509743035735,47.14999999999999,19.0,0.0,9.060400900911626,5.734509743035735,47.14999999999999,19.0,0.0,PREDICTIVE+CHURN,96
20572282.942369938,3096618.279025965,0.0,5.738471482054226,0.0,47.14999999999999,19.0,0.0,0.0,-50.12538704676079,0,102861414.71184969,5.738471482054226,47.14999999999999,19.0,0.0,10.286141471184969,5.738471482054226,47.14999999999999,19.0,0.0,10.286141471184969,5.738471482054226,47.14999999999999,19.0,0.0,PREDICTIVE+CHURN,97
26094694.38522764,3295346.5975156957,0.0,5.743484782964762,0.0,47.14999999999999,19.0,0.0,0.0,-47.35916802442141,0,130473471.92613819,5.743484782964762,47.14999999999999,19.0,0.0,13.047347192613818,5.743484782964762,47.14999999999999,19.0,0.0,13.047347192613818,5.743484782964762,47.14999999999999,19.0,0.0,PREDICTIVE+CHURN,98
17847015.07511014,3392752.777569352,0.0,5.749721728678039,0.0,47.14999999999999,19.0,0.0,0.0,-51.476770733766884,0,89235075.3755507,5.749721728678039,47.14999999999999,19.0,0.0,8.92350753755507,5.749721728678039,47.14999999999999,19.0,0.0,8.92350753755507,5.749721728678039,47.14999999999999,19.0,0.0,PREDICTIVE+CHURN,99
