avg_user_rate,p5_user_rate,qos_violations,sensing_utility,tracking_violations,energy,fronthaul,churn,cumulative_churn,combined_objective,reconfigurations,raw_communication,raw_sensing,raw_energy,raw_fronthaul,raw_churn,normalized_communication,normalized_sensing,normalized_energy,normalized_fronthaul,normalized_churn,weighted_communication,weighted_sensing,weighted_energy,weighted_fronthaul,weighted_churn,block,policy,mobility,predictor,seed,runtime_s,warmup
69244234.57688873,18159494.5725953,0.0,6.733237888037346,0.0,47.14999999999999,19.0,0.0,0.0,-24.794644823518283,0,346221172.88444364,6.733237888037346,47.14999999999999,19.0,0.0,34.622117288444365,6.733237888037346,47.14999999999999,19.0,0.0,34.622117288444365,6.733237888037346,47.14999999999999,19.0,0.0,0,STATIC,CV mobility,N/A,42,0.17273718499927782,True
56216670.64956929,18247762.338222902,0.0,6.909156111633919,0.0,47.14999999999999,19.0,0.0,0.0,-31.132508563581425,0,281083353.2478464,6.909156111633919,47.14999999999999,19.0,0.0,28.108335324784644,6.909156111633919,47.14999999999999,19.0,0.0,28.108335324784644,6.909156111633919,47.14999999999999,19.0,0.0,1,STATIC,CV mobility,N/A,42,0.17273718499927782,True
49756347.149144225,17967630.864855047,0.0,7.101168966655527,0.0,47.14999999999999,19.0,0.0,0.0,-34.170657458772354,0,248781735.74572113,7.101168966655527,47.14999999999999,19.0,0.0,24.878173574572113,7.101168966655527,47.14999999999999,19.0,0.0,24.878173574572113,7.101168966655527,47.14999999999999,19.0,0.0,2,STATIC,CV mobility,N/A,42,0.17273718499927782,True
40943634.4898989,17535796.673191167,0.0,7.289417310653542,0.0,47.14999999999999,19.0,0.0,0.0,-38.388765444397,0,204718172.44949448,7.289417310653542,47.14999999999999,19.0,0.0,20.47181724494945,7.289417310653542,47.14999999999999,19.0,0.0,20.47181724494945,7.289417310653542,47.14999999999999,19.0,0.0,3,STATIC,CV mobility,N/A,42,0.17273718499927782,True
35103613.19958446,17018260.241560083,0.0,7.437611013302762,0.0,47.14999999999999,19.0,0.0,0.0,-41.160582386905,0,175518065.9979223,7.437611013302762,47.14999999999999,19.0,0.0,17.55180659979223,7.437611013302762,47.14999999999999,19.0,0.0,17.55180659979223,7.437611013302762,47.14999999999999,19.0,0.0,4,STATIC,CV mobility,N/A,42,0.17273718499927782,True
32590005.522042327,15894694.480068175,0.0,7.505433536706792,0.0,47.14999999999999,19.0,0.0,0.0,-42.349563702272036,0,162950027.61021164,7.505433536706792,47.14999999999999,19.0,0.0,16.295002761021163,7.505433536706792,47.14999999999999,19.0,0.0,16.295002761021163,7.505433536706792,47.14999999999999,19.0,0.0,5,STATIC,CV mobility,N/A,42,0.17273718499927782,True
32908945.408496298,13504646.650103468,0.0,7.4796790311441335,0.0,47.14999999999999,19.0,0.0,0.0,-42.215848264607715,0,164544727.04248148,7.4796790311441335,47.14999999999999,19.0,0.0,16.454472704248147,7.4796790311441335,47.14999999999999,19.0,0.0,16.454472704248147,7.4796790311441335,47.14999999999999,19.0,0.0,6,STATIC,CV mobility,N/A,42,0.17273718499927782,True
34317779.073960274,9858052.191089531,0.0,7.387568885805474,0.0,47.14999999999999,19.0,0.0,0.0,-41.60354157721438,0,171588895.36980137,7.387568885805474,47.14999999999999,19.0,0.0,17.158889536980137,7.387568885805474,47.14999999999999,19.0,0.0,17.158889536980137,7.387568885805474,47.14999999999999,19.0,0.0,7,STATIC,CV mobility,N/A,42,0.17273718499927782,True
30948029.562922347,6391966.193395704,0.0,7.270663717781119,0.0,47.14999999999999,19.0,0.0,0.0,-43.4053215007577,0,154740147.81461173,7.270663717781119,47.14999999999999,19.0,0.0,15.474014781461173,7.270663717781119,47.14999999999999,19.0,0.0,15.474014781461173,7.270663717781119,47.14999999999999,19.0,0.0,8,STATIC,CV mobility,N/A,42,0.17273718499927782,True
25881434.792871732,4733446.345658278,0.0,7.157979887233315,0.0,47.14999999999999,19.0,0.0,0.0,-46.05130271633081,0,129407173.96435866,7.157979887233315,47.14999999999999,19.0,0.0,12.940717396435867,7.157979887233315,47.14999999999999,19.0,0.0,12.940717396435867,7.157979887233315,47.14999999999999,19.0,0.0,9,STATIC,CV mobility,N/A,42,0.17273718499927782,True
22264662.935686365,4753727.30179983,0.0,7.06186553818209,0.0,47.14999999999999,19.0,0.0,0.0,-47.95580299397472,0,111323314.67843182,7.06186553818209,47.14999999999999,19.0,0.0,11.132331467843182,7.06186553818209,47.14999999999999,19.0,0.0,11.132331467843182,7.06186553818209,47.14999999999999,19.0,0.0,10,STATIC,CV mobility,N/A,42,0.17273718499927782,False
19651683.42472831,5373273.722212213,0.0,6.984528444869772,0.0,47.14999999999999,19.0,0.0,0.0,-49.339629842766065,0,98258417.12364157,6.984528444869772,47.14999999999999,19.0,0.0,9.825841712364156,6.984528444869772,47.14999999999999,19.0,0.0,9.825841712364156,6.984528444869772,47.14999999999999,19.0,0.0,11,STATIC,CV mobility,N/A,42,0.17273718499927782,False
17555031.022038966,5895584.016754485,0.0,6.923940350032789,0.0,47.14999999999999,19.0,0.0,0.0,-50.44854413894772,0,87775155.11019483,6.923940350032789,47.14999999999999,19.0,0.0,8.777515511019484,6.923940350032789,47.14999999999999,19.0,0.0,8.777515511019484,6.923940350032789,47.14999999999999,19.0,0.0,12,STATIC,CV mobility,N/A,42,0.17273718499927782,False
15754307.689149821,6092754.2269931715,0.0,6.876947575306035,0.0,47.14999999999999,19.0,0.0,0.0,-51.395898580119045,0,78771538.4457491,6.876947575306035,47.14999999999999,19.0,0.0,7.87715384457491,6.876947575306035,47.14999999999999,19.0,0.0,7.87715384457491,6.876947575306035,47.14999999999999,19.0,0.0,13,STATIC,CV mobility,N/A,42,0.17273718499927782,False
14161172.476506421,5947422.756529803,0.0,6.840527767346594,0.0,47.14999999999999,19.0,0.0,0.0,-52.22888599440019,0,70805862.3825321,6.840527767346594,47.14999999999999,19.0,0.0,7.08058623825321,6.840527767346594,47.14999999999999,19.0,0.0,7.08058623825321,6.840527767346594,47.14999999999999,19.0,0.0,14,STATIC,CV mobility,N/A,42,0.17273718499927782,False
13752379.451743364,5508267.968614921,0.0,6.812168032878603,0.0,47.14999999999999,19.0,0.0,0.0,-52.461642241249706,0,68761897.25871682,6.812168032878603,47.14999999999999,19.0,0.0,6.876189725871682,6.812168032878603,47.14999999999999,19.0,0.0,6.876189725871682,6.812168032878603,47.14999999999999,19.0,0.0,15,STATIC,CV mobility,N/A,42,0.17273718499927782,False
13576730.46718958,4842971.505567779,0.0,6.789896776807045,0.0,47.14999999999999,19.0,0.0,0.0,-52.571737989598155,0,67883652.3359479,6.789896776807045,47.14999999999999,19.0,0.0,6.78836523359479,6.789896776807045,47.14999999999999,19.0,0.0,6.78836523359479,6.789896776807045,47.14999999999999,19.0,0.0,16,STATIC,CV mobility,N/A,42,0.17273718499927782,False
13570809.197756693,3968250.958045599,0.0,6.772204743458961,0.0,47.14999999999999,19.0,0.0,0.0,-52.59239065766268,0,67854045.98878346,6.772204743458961,47.14999999999999,19.0,0.0,6.785404598878347,6.772204743458961,47.14999999999999,19.0,0.0,6.785404598878347,6.772204743458961,47.14999999999999,19.0,0.0,17,STATIC,CV mobility,N/A,42,0.17273718499927782,False
13703767.565558702,2940645.204471916,0.0,6.757946730764816,0.0,47.14999999999999,19.0,0.0,0.0,-52.540169486455824,0,68518837.82779351,6.757946730764816,47.14999999999999,19.0,0.0,6.851883782779351,6.757946730764816,47.14999999999999,19.0,0.0,6.851883782779351,6.757946730764816,47.14999999999999,19.0,0.0,18,STATIC,CV mobility,N/A,42,0.17273718499927782,False
13832013.522800233,2055301.588309347,0.0,6.746254404606296,0.0,47.14999999999999,19.0,0.0,0.0,-52.487738833993575,0,69160067.61400117,6.746254404606296,47.14999999999999,19.0,0.0,6.916006761400117,6.746254404606296,47.14999999999999,19.0,0.0,6.916006761400117,6.746254404606296,47.14999999999999,19.0,0.0,19,STATIC,CV mobility,N/A,42,0.17273718499927782,False
13662056.644885132,1439567.1258373896,0.0,6.736467100224191,0.0,47.14999999999999,19.0,0.0,0.0,-52.58250457733324,0,68310283.22442566,6.736467100224191,47.14999999999999,19.0,0.0,6.831028322442566,6.736467100224191,47.14999999999999,19.0,0.0,6.831028322442566,6.736467100224191,47.14999999999999,19.0,0.0,20,STATIC,CV mobility,N/A,42,0.17273718499927782,False
12968931.010007149,1159993.7285354543,0.0,6.7547648839469945,0.0,47.14999999999999,19.0,0.0,0.0,-52.910769611049425,0,64844655.050035745,6.7547648839469945,47.14999999999999,19.0,0.0,6.484465505003574,6.7547648839469945,47.14999999999999,19.0,0.0,6.484465505003574,6.7547648839469945,47.14999999999999,19.0,0.0,21,STATIC,CV mobility,N/A,42,0.17273718499927782,False
11935684.195460765,1171072.696597796,0.0,6.776323831775551,0.0,47.14999999999999,19.0,0.0,0.0,-53.40583407049406,0,59678420.977303825,6.776323831775551,47.14999999999999,19.0,0.0,5.967842097730382,6.776323831775551,47.14999999999999,19.0,0.0,5.967842097730382,6.776323831775551,47.14999999999999,19.0,0.0,22,STATIC,CV mobility,N/A,42,0.17273718499927782,False
10943740.534090653,1339570.2420664746,0.0,6.800307910918118,0.0,47.14999999999999,19.0,0.0,0.0,-53.87782182203655,0,54718702.670453265,6.800307910918118,47.14999999999999,19.0,0.0,5.471870267045326,6.800307910918118,47.14999999999999,19.0,0.0,5.471870267045326,6.800307910918118,47.14999999999999,19.0,0.0,23,STATIC,CV mobility,N/A,42,0.17273718499927782,False
10155168.563136928,1524285.4004393152,0.0,6.82684401550687,0.0,47.14999999999999,19.0,0.0,0.0,-54.24557170292466,0,50775842.81568464,6.82684401550687,47.14999999999999,19.0,0.0,5.0775842815684635,6.82684401550687,47.14999999999999,19.0,0.0,5.0775842815684635,6.82684401550687,47.14999999999999,19.0,0.0,24,STATIC,CV mobility,N/A,42,0.17273718499927782,False
9492553.32372725,1631773.0261771746,0.0,6.855868358124082,0.0,47.14999999999999,19.0,0.0,0.0,-54.54785498001229,0,47462766.61863625,6.855868358124082,47.14999999999999,19.0,0.0,4.746276661863625,6.855868358124082,47.14999999999999,19.0,0.0,4.746276661863625,6.855868358124082,47.14999999999999,19.0,0.0,25,STATIC,CV mobility,N/A,42,0.17273718499927782,False
8814146.72836945,1621056.8586907885,0.0,6.887043981371599,0.0,47.14999999999999,19.0,0.0,0.0,-54.85588265444367,0,44070733.64184725,6.887043981371599,47.14999999999999,19.0,0.0,4.4070733641847255,6.887043981371599,47.14999999999999,19.0,0.0,4.4070733641847255,6.887043981371599,47.14999999999999,19.0,0.0,26,STATIC,CV mobility,N/A,42,0.17273718499927782,False
8029802.055998812,1486513.2015535068,0.0,6.919688207967957,0.0,47.14999999999999,19.0,0.0,0.0,-55.215410764032626,0,40149010.27999406,6.919688207967957,47.14999999999999,19.0,0.0,4.014901027999406,6.919688207967957,47.14999999999999,19.0,0.0,4.014901027999406,6.919688207967957,47.14999999999999,19.0,0.0,27,STATIC,CV mobility,N/A,42,0.17273718499927782,False
7106320.972474677,1222593.9031871478,0.0,6.952734884128778,0.0,47.14999999999999,19.0,0.0,0.0,-55.64410462963387,0,35531604.86237338,6.952734884128778,47.14999999999999,19.0,0.0,3.553160486237338,6.952734884128778,47.14999999999999,19.0,0.0,3.553160486237338,6.952734884128778,47.14999999999999,19.0,0.0,28,STATIC,CV mobility,N/A,42,0.17273718499927782,False
6047616.832700333,892404.9278253042,0.0,6.984756879952737,0.0,47.14999999999999,19.0,0.0,0.0,-56.14143470369709,0,30238084.163501665,6.984756879952737,47.14999999999999,19.0,0.0,3.0238084163501666,6.984756879952737,47.14999999999999,19.0,0.0,3.0238084163501666,6.984756879952737,47.14999999999999,19.0,0.0,29,STATIC,CV mobility,N/A,42,0.17273718499927782,False
4918494.439672668,567743.1718202357,0.0,7.014062875432154,0.0,47.14999999999999,19.0,0.0,0.0,-56.676689904731504,0,24592472.19836334,7.014062875432154,47.14999999999999,19.0,0.0,2.459247219836334,7.014062875432154,47.14999999999999,19.0,0.0,2.459247219836334,7.014062875432154,47.14999999999999,19.0,0.0,30,STATIC,CV mobility,N/A,42,0.17273718499927782,False
3841211.99095291,319827.4484695153,0.0,7.038859730886694,0.0,47.14999999999999,19.0,0.0,0.0,-57.19053427363684,0,19206059.95476455,7.038859730886694,47.14999999999999,19.0,0.0,1.920605995476455,7.038859730886694,47.14999999999999,19.0,0.0,1.920605995476455,7.038859730886694,47.14999999999999,19.0,0.0,31,STATIC,CV mobility,N/A,42,0.17273718499927782,False
2926044.0311240973,177254.45903775154,0.0,7.057447599294549,0.0,47.14999999999999,19.0,0.0,0.0,-57.6295303851434,0,14630220.155620487,7.057447599294549,47.14999999999999,19.0,0.0,1.4630220155620488,7.057447599294549,47.14999999999999,19.0,0.0,1.4630220155620488,7.057447599294549,47.14999999999999,19.0,0.0,32,STATIC,CV mobility,N/A,42,0.17273718499927782,False
2217266.677592275,97079.56659619235,0.0,7.0684040722161745,0.0,47.14999999999999,19.0,0.0,0.0,-57.97296258898768,0,11086333.387961376,7.0684040722161745,47.14999999999999,19.0,0.0,1.1086333387961376,7.0684040722161745,47.14999999999999,19.0,0.0,1.1086333387961376,7.0684040722161745,47.14999999999999,19.0,0.0,33,STATIC,CV mobility,N/A,42,0.17273718499927782,False
1735371.4768868808,144753.51100523607,0.0,7.070723992275633,0.0,47.14999999999999,19.0,0.0,0.0,-58.21159026928092,0,8676857.384434404,7.070723992275633,47.14999999999999,19.0,0.0,0.8676857384434404,7.070723992275633,47.14999999999999,19.0,0.0,0.8676857384434404,7.070723992275633,47.14999999999999,19.0,0.0,34,STATIC,CV mobility,N/A,42,0.17273718499927782,False
1443731.5220450398,140175.75906820843,0.0,7.063905550246578,0.0,47.14999999999999,19.0,0.0,0.0,-58.36422868873089,0,7218657.610225199,7.063905550246578,47.14999999999999,19.0,0.0,0.7218657610225199,7.063905550246578,47.14999999999999,19.0,0.0,0.7218657610225199,7.063905550246578,47.14999999999999,19.0,0.0,35,STATIC,CV mobility,N/A,42,0.17273718499927782,False
1286422.5248929916,216915.14851350858,0.0,7.047992438554989,0.0,47.14999999999999,19.0,0.0,0.0,-58.45879629899851,0,6432112.624464958,7.047992438554989,47.14999999999999,19.0,0.0,0.6432112624464958,7.047992438554989,47.14999999999999,19.0,0.0,0.6432112624464958,7.047992438554989,47.14999999999999,19.0,0.0,36,STATIC,CV mobility,N/A,42,0.17273718499927782,False
1173216.2934804587,265481.15557553055,0.0,7.049569257791811,0.0,47.14999999999999,19.0,0.0,0.0,-58.51382259546795,0,5866081.467402293,7.049569257791811,47.14999999999999,19.0,0.0,0.5866081467402293,7.049569257791811,47.14999999999999,19.0,0.0,0.5866081467402293,7.049569257791811,47.14999999999999,19.0,0.0,37,STATIC,CV mobility,N/A,42,0.17273718499927782,False
1059214.3161629704,275671.480292552,0.0,7.045448858700176,0.0,47.14999999999999,19.0,0.0,0.0,-58.57494398321833,0,5296071.580814851,7.045448858700176,47.14999999999999,19.0,0.0,0.5296071580814852,7.045448858700176,47.14999999999999,19.0,0.0,0.5296071580814852,7.045448858700176,47.14999999999999,19.0,0.0,38,STATIC,CV mobility,N/A,42,0.17273718499927782,False
997654.6991082482,229796.59175928077,0.0,7.03107378401153,0.0,47.14999999999999,19.0,0.0,0.0,-58.62009886643434,0,4988273.495541241,7.03107378401153,47.14999999999999,19.0,0.0,0.4988273495541241,7.03107378401153,47.14999999999999,19.0,0.0,0.4988273495541241,7.03107378401153,47.14999999999999,19.0,0.0,39,STATIC,CV mobility,N/A,42,0.17273718499927782,False
993078.0668230515,171085.541720606,0.0,7.005274680645278,0.0,47.14999999999999,19.0,0.0,0.0,-58.64818628594319,0,4965390.3341152575,7.005274680645278,47.14999999999999,19.0,0.0,0.4965390334115257,7.005274680645278,47.14999999999999,19.0,0.0,0.4965390334115257,7.005274680645278,47.14999999999999,19.0,0.0,40,STATIC,CV mobility,N/A,42,0.17273718499927782,False
1043856.4315509405,196252.45761103334,0.0,6.96764411759457,0.0,47.14999999999999,19.0,0.0,0.0,-58.66042766662995,0,5219282.1577547025,6.96764411759457,47.14999999999999,19.0,0.0,0.5219282157754702,6.96764411759457,47.14999999999999,19.0,0.0,0.5219282157754702,6.96764411759457,47.14999999999999,19.0,0.0,41,STATIC,CV mobility,N/A,42,0.17273718499927782,False
1136731.243876035,290870.6334289275,0.0,6.918953350030229,0.0,47.14999999999999,19.0,0.0,0.0,-58.66268102803174,0,5683656.219380176,6.918953350030229,47.14999999999999,19.0,0.0,0.5683656219380175,6.918953350030229,47.14999999999999,19.0,0.0,0.5683656219380175,6.918953350030229,47.14999999999999,19.0,0.0,42,STATIC,CV mobility,N/A,42,0.17273718499927782,False
1251475.9638182768,418687.9899049942,0.0,6.861477444915431,0.0,47.14999999999999,19.0,0.0,0.0,-58.66278457317542,0,6257379.819091384,6.861477444915431,47.14999999999999,19.0,0.0,0.6257379819091384,6.861477444915431,47.14999999999999,19.0,0.0,0.6257379819091384,6.861477444915431,47.14999999999999,19.0,0.0,43,STATIC,CV mobility,N/A,42,0.17273718499927782,False
1369611.574798518,501095.4806600554,0.0,6.798955868130699,0.0,47.14999999999999,19.0,0.0,0.0,-58.66623834447003,0,6848057.87399259,6.798955868130699,47.14999999999999,19.0,0.0,0.684805787399259,6.798955868130699,47.14999999999999,19.0,0.0,0.684805787399259,6.798955868130699,47.14999999999999,19.0,0.0,44,STATIC,CV mobility,N/A,42,0.17273718499927782,False
1479860.5938411711,586451.8547152918,0.0,6.735981244096602,0.0,47.14999999999999,19.0,0.0,0.0,-58.6740884589828,0,7399302.969205855,6.735981244096602,47.14999999999999,19.0,0.0,0.7399302969205855,6.735981244096602,47.14999999999999,19.0,0.0,0.7399302969205855,6.735981244096602,47.14999999999999,19.0,0.0,45,STATIC,CV mobility,N/A,42,0.17273718499927782,False
1577996.6425867327,671495.4101987416,0.0,6.676937443139904,0.0,47.14999999999999,19.0,0.0,0.0,-58.68406423556672,0,7889983.212933664,6.676937443139904,47.14999999999999,19.0,0.0,0.7889983212933664,6.676937443139904,47.14999999999999,19.0,0.0,0.7889983212933664,6.676937443139904,47.14999999999999,19.0,0.0,46,STATIC,CV mobility,N/A,42,0.17273718499927782,False
1664055.9769901219,754727.5761851228,0.0,6.624972609242384,0.0,47.14999999999999,19.0,0.0,0.0,-58.692999402262544,0,8320279.884950609,6.624972609242384,47.14999999999999,19.0,0.0,0.8320279884950609,6.624972609242384,47.14999999999999,19.0,0.0,0.8320279884950609,6.624972609242384,47.14999999999999,19.0,0.0,47,STATIC,CV mobility,N/A,42,0.17273718499927782,False
1740376.9653928976,835614.7644324466,0.0,6.581509657000726,0.0,47.14999999999999,19.0,0.0,0.0,-58.69830186030282,0,8701884.826964488,6.581509657000726,47.14999999999999,19.0,0.0,0.8701884826964488,6.581509657000726,47.14999999999999,19.0,0.0,0.8701884826964488,6.581509657000726,47.14999999999999,19.0,0.0,48,STATIC,CV mobility,N/A,42,0.17273718499927782,False
1788017.1959537293,910678.0658590662,0.0,6.546418398348203,0.0,47.14999999999999,19.0,0.0,0.0,-58.709573003674926,0,8940085.979768647,6.546418398348203,47.14999999999999,19.0,0.0,0.8940085979768647,6.546418398348203,47.14999999999999,19.0,0.0,0.8940085979768647,6.546418398348203,47.14999999999999,19.0,0.0,49,STATIC,CV mobility,N/A,42,0.17273718499927782,False
1792834.3368306644,950929.1528940904,0.0,6.518580128328548,0.0,47.14999999999999,19.0,0.0,0.0,-58.735002703256114,0,8964171.684153322,6.518580128328548,47.14999999999999,19.0,0.0,0.8964171684153323,6.518580128328548,47.14999999999999,19.0,0.0,0.8964171684153323,6.518580128328548,47.14999999999999,19.0,0.0,50,STATIC,CV mobility,N/A,42,0.17273718499927782,False
1805275.01339049,993684.0777608738,0.0,6.496483059357681,0.0,47.14999999999999,19.0,0.0,0.0,-58.75087943394706,0,9026375.06695245,6.496483059357681,47.14999999999999,19.0,0.0,0.902637506695245,6.496483059357681,47.14999999999999,19.0,0.0,0.902637506695245,6.496483059357681,47.14999999999999,19.0,0.0,51,STATIC,CV mobility,N/A,42,0.17273718499927782,False
1840057.1836901642,1039094.3367284437,0.0,6.478639058665106,0.0,47.14999999999999,19.0,0.0,0.0,-58.7513323494898,0,9200285.918450821,6.478639058665106,47.14999999999999,19.0,0.0,0.9200285918450821,6.478639058665106,47.14999999999999,19.0,0.0,0.9200285918450821,6.478639058665106,47.14999999999999,19.0,0.0,52,STATIC,CV mobility,N/A,42,0.17273718499927782,False
1902813.5634524368,1087060.278691845,0.0,6.463790873486125,0.0,47.14999999999999,19.0,0.0,0.0,-58.734802344787646,0,9514067.817262184,6.463790873486125,47.14999999999999,19.0,0.0,0.9514067817262184,6.463790873486125,47.14999999999999,19.0,0.0,0.9514067817262184,6.463790873486125,47.14999999999999,19.0,0.0,53,STATIC,CV mobility,N/A,42,0.17273718499927782,False
1990545.7258819328,1137228.7084882117,0.0,6.450969252366038,0.0,47.14999999999999,19.0,0.0,0.0,-58.70375788469299,0,9952728.629409663,6.450969252366038,47.14999999999999,19.0,0.0,0.9952728629409663,6.450969252366038,47.14999999999999,19.0,0.0,0.9952728629409663,6.450969252366038,47.14999999999999,19.0,0.0,54,STATIC,CV mobility,N/A,42,0.17273718499927782,False
2093584.5204253073,1180734.8139198145,0.0,6.439470885671843,0.0,47.14999999999999,19.0,0.0,0.0,-58.6637368541155,0,10467922.602126537,6.439470885671843,47.14999999999999,19.0,0.0,1.0467922602126536,6.439470885671843,47.14999999999999,19.0,0.0,1.0467922602126536,6.439470885671843,47.14999999999999,19.0,0.0,55,STATIC,CV mobility,N/A,42,0.17273718499927782,False
2191850.8042738764,1176401.6283701505,0.0,6.428807051521702,0.0,47.14999999999999,19.0,0.0,0.0,-58.62526754634135,0,10959254.021369383,6.428807051521702,47.14999999999999,19.0,0.0,1.0959254021369382,6.428807051521702,47.14999999999999,19.0,0.0,1.0959254021369382,6.428807051521702,47.14999999999999,19.0,0.0,56,STATIC,CV mobility,N/A,42,0.17273718499927782,False
2268966.1991504044,1116418.3592400304,0.0,6.418649513251901,0.0,47.14999999999999,19.0,0.0,0.0,-58.59686738717289,0,11344830.995752022,6.418649513251901,47.14999999999999,19.0,0.0,1.1344830995752022,6.418649513251901,47.14999999999999,19.0,0.0,1.1344830995752022,6.418649513251901,47.14999999999999,19.0,0.0,57,STATIC,CV mobility,N/A,42,0.17273718499927782,False
2347967.5560991545,1038333.1556831487,0.0,6.408784492483731,0.0,47.14999999999999,19.0,0.0,0.0,-58.567231729466684,0,11739837.780495772,6.408784492483731,47.14999999999999,19.0,0.0,1.1739837780495772,6.408784492483731,47.14999999999999,19.0,0.0,1.1739837780495772,6.408784492483731,47.14999999999999,19.0,0.0,58,STATIC,CV mobility,N/A,42,0.17273718499927782,False
2435894.67122922,957716.1928445342,0.0,6.399077275957333,0.0,47.14999999999999,19.0,0.0,0.0,-58.53297538842805,0,12179473.3561461,6.399077275957333,47.14999999999999,19.0,0.0,1.21794733561461,6.399077275957333,47.14999999999999,19.0,0.0,1.21794733561461,6.399077275957333,47.14999999999999,19.0,0.0,59,STATIC,CV mobility,N/A,42,0.17273718499927782,False
2552032.296210749,874138.7956830851,0.0,6.389446505895721,0.0,47.14999999999999,19.0,0.0,0.0,-58.484537345998895,0,12760161.481053745,6.389446505895721,47.14999999999999,19.0,0.0,1.2760161481053744,6.389446505895721,47.14999999999999,19.0,0.0,1.2760161481053744,6.389446505895721,47.14999999999999,19.0,0.0,60,STATIC,CV mobility,N/A,42,0.17273718499927782,False
2732874.760136962,797379.821574247,0.0,6.379846146099462,0.0,47.14999999999999,19.0,0.0,0.0,-58.40371647383205,0,13664373.80068481,6.379846146099462,47.14999999999999,19.0,0.0,1.366437380068481,6.379846146099462,47.14999999999999,19.0,0.0,1.366437380068481,6.379846146099462,47.14999999999999,19.0,0.0,61,STATIC,CV mobility,N/A,42,0.17273718499927782,False
3016433.5894207987,728585.4995578434,0.0,6.370253116767643,0.0,47.14999999999999,19.0,0.0,0.0,-58.27153008852195,0,15082167.947103994,6.370253116767643,47.14999999999999,19.0,0.0,1.5082167947103995,6.370253116767643,47.14999999999999,19.0,0.0,1.5082167947103995,6.370253116767643,47.14999999999999,19.0,0.0,62,STATIC,CV mobility,N/A,42,0.17273718499927782,False
3450854.377878809,666006.6831461655,0.0,6.3606589487786245,0.0,47.14999999999999,19.0,0.0,0.0,-58.063913862281964,0,17254271.889394045,6.3606589487786245,47.14999999999999,19.0,0.0,1.7254271889394044,6.3606589487786245,47.14999999999999,19.0,0.0,1.7254271889394044,6.3606589487786245,47.14999999999999,19.0,0.0,63,STATIC,CV mobility,N/A,42,0.17273718499927782,False
4077635.406165871,603639.6243177347,0.0,6.3510642178264565,0.0,47.14999999999999,19.0,0.0,0.0,-57.7601180790906,0,20388177.030829355,6.3510642178264565,47.14999999999999,19.0,0.0,2.0388177030829353,6.3510642178264565,47.14999999999999,19.0,0.0,2.0388177030829353,6.3510642178264565,47.14999999999999,19.0,0.0,64,STATIC,CV mobility,N/A,42,0.17273718499927782,False
4906247.080088095,532789.4925308484,0.0,6.341474870803312,0.0,47.14999999999999,19.0,0.0,0.0,-57.355401589152635,0,24531235.400440473,6.341474870803312,47.14999999999999,19.0,0.0,2.4531235400440474,6.341474870803312,47.14999999999999,19.0,0.0,2.4531235400440474,6.341474870803312,47.14999999999999,19.0,0.0,65,STATIC,CV mobility,N/A,42,0.17273718499927782,False
5906649.694461318,448307.81910999067,0.0,6.331899826727459,0.0,47.14999999999999,19.0,0.0,0.0,-56.86477532604187,0,29533248.47230659,6.331899826727459,47.14999999999999,19.0,0.0,2.9533248472306592,6.331899826727459,47.14999999999999,19.0,0.0,2.9533248472306592,6.331899826727459,47.14999999999999,19.0,0.0,66,STATIC,CV mobility,N/A,42,0.17273718499927782,False
7027156.475117658,356620.35962497274,0.0,6.322349429775956,0.0,47.14999999999999,19.0,0.0,0.0,-56.314072332665205,0,35135782.37558829,6.322349429775956,47.14999999999999,19.0,0.0,3.513578237558829,6.322349429775956,47.14999999999999,19.0,0.0,3.513578237558829,6.322349429775956,47.14999999999999,19.0,0.0,67,STATIC,CV mobility,N/A,42,0.17273718499927782,False
8231356.837874104,277038.93110942445,0.0,6.312834468636601,0.0,47.14999999999999,19.0,0.0,0.0,-55.72148711242634,0,41156784.18937052,6.312834468636601,47.14999999999999,19.0,0.0,4.115678418937052,6.312834468636601,47.14999999999999,19.0,0.0,4.115678418937052,6.312834468636601,47.14999999999999,19.0,0.0,68,STATIC,CV mobility,N/A,42,0.17273718499927782,False
9551027.21398553,219125.32853598206,0.0,6.303365570164241,0.0,47.14999999999999,19.0,0.0,0.0,-55.071120822842985,0,47755136.069927655,6.303365570164241,47.14999999999999,19.0,0.0,4.7755136069927655,6.303365570164241,47.14999999999999,19.0,0.0,4.7755136069927655,6.303365570164241,47.14999999999999,19.0,0.0,69,STATIC,CV mobility,N/A,42,0.17273718499927782,False
11173600.50450346,141742.21125206986,0.0,6.293952838906334,0.0,47.14999999999999,19.0,0.0,0.0,-54.26924690884193,0,55868002.5225173,6.293952838906334,47.14999999999999,19.0,0.0,5.58680025225173,6.293952838906334,47.14999999999999,19.0,0.0,5.58680025225173,6.293952838906334,47.14999999999999,19.0,0.0,70,STATIC,CV mobility,N/A,42,0.17273718499927782,False
13780723.608175183,80522.06444811291,0.0,6.28460565686353,0.0,47.14999999999999,19.0,0.0,0.0,-52.97503253904887,0,68903618.04087591,6.28460565686353,47.14999999999999,19.0,0.0,6.890361804087592,6.28460565686353,47.14999999999999,19.0,0.0,6.890361804087592,6.28460565686353,47.14999999999999,19.0,0.0,71,STATIC,CV mobility,N/A,42,0.17273718499927782,False
19952394.913275633,147437.74567773825,0.0,6.275332586542731,0.0,47.14999999999999,19.0,0.0,0.0,-49.89846995681944,0,99761974.56637816,6.275332586542731,47.14999999999999,19.0,0.0,9.976197456637816,6.275332586542731,47.14999999999999,19.0,0.0,9.976197456637816,6.275332586542731,47.14999999999999,19.0,0.0,72,STATIC,CV mobility,N/A,42,0.17273718499927782,False
24870226.994700987,175044.90430361105,0.0,6.266141339547615,0.0,47.14999999999999,19.0,0.0,0.0,-47.44874516310188,0,124351134.97350493,6.266141339547615,47.14999999999999,19.0,0.0,12.435113497350493,6.266141339547615,47.14999999999999,19.0,0.0,12.435113497350493,6.266141339547615,47.14999999999999,19.0,0.0,73,STATIC,CV mobility,N/A,42,0.17273718499927782,False
17010181.162649415,170916.92693860302,0.0,6.257038785765323,0.0,47.14999999999999,19.0,0.0,0.0,-51.387870632909966,0,85050905.81324707,6.257038785765323,47.14999999999999,19.0,0.0,8.505090581324707,6.257038785765323,47.14999999999999,19.0,0.0,8.505090581324707,6.257038785765323,47.14999999999999,19.0,0.0,74,STATIC,CV mobility,N/A,42,0.17273718499927782,False
14771594.697446391,186852.41930894612,0.0,6.248030986757291,0.0,47.14999999999999,19.0,0.0,0.0,-52.516171664519504,0,73857973.48723195,6.248030986757291,47.14999999999999,19.0,0.0,7.385797348723195,6.248030986757291,47.14999999999999,19.0,0.0,7.385797348723195,6.248030986757291,47.14999999999999,19.0,0.0,75,STATIC,CV mobility,N/A,42,0.17273718499927782,False
14084559.712957397,235775.28995838814,0.0,6.2391232426606456,0.0,47.14999999999999,19.0,0.0,0.0,-52.86859690086065,0,70422798.56478699,6.2391232426606456,47.14999999999999,19.0,0.0,7.042279856478698,6.2391232426606456,47.14999999999999,19.0,0.0,7.042279856478698,6.2391232426606456,47.14999999999999,19.0,0.0,76,STATIC,CV mobility,N/A,42,0.17273718499927782,False
13609470.367889082,323343.55301601003,0.0,6.230320145699666,0.0,47.14999999999999,19.0,0.0,0.0,-53.11494467035578,0,68047351.83944541,6.230320145699666,47.14999999999999,19.0,0.0,6.804735183944541,6.230320145699666,47.14999999999999,19.0,0.0,6.804735183944541,6.230320145699666,47.14999999999999,19.0,0.0,77,STATIC,CV mobility,N/A,42,0.17273718499927782,False
12938857.302246222,440208.94872405333,0.0,6.221625635925833,0.0,47.14999999999999,19.0,0.0,0.0,-53.45894571295105,0,64694286.51123111,6.221625635925833,47.14999999999999,19.0,0.0,6.469428651123111,6.221625635925833,47.14999999999999,19.0,0.0,6.469428651123111,6.221625635925833,47.14999999999999,19.0,0.0,78,STATIC,CV mobility,N/A,42,0.17273718499927782,False
12096993.637366328,571338.3176432056,0.0,6.213043056472227,0.0,47.14999999999999,19.0,0.0,0.0,-53.8884601248446,0,60484968.186831646,6.213043056472227,47.14999999999999,19.0,0.0,6.048496818683165,6.213043056472227,47.14999999999999,19.0,0.0,6.048496818683165,6.213043056472227,47.14999999999999,19.0,0.0,79,STATIC,CV mobility,N/A,42,0.17273718499927782,False
11224593.810905721,711280.7521662522,0.0,6.205076302900343,0.0,47.14999999999999,19.0,0.0,0.0,-54.33262679164679,0,56122969.05452861,6.205076302900343,47.14999999999999,19.0,0.0,5.612296905452861,6.205076302900343,47.14999999999999,19.0,0.0,5.612296905452861,6.205076302900343,47.14999999999999,19.0,0.0,80,STATIC,CV mobility,N/A,42,0.17273718499927782,False
10569262.647011545,867282.2594043466,0.0,6.197358402718248,0.0,47.14999999999999,19.0,0.0,0.0,-54.66801027377597,0,52846313.23505773,6.197358402718248,47.14999999999999,19.0,0.0,5.2846313235057725,6.197358402718248,47.14999999999999,19.0,0.0,5.2846313235057725,6.197358402718248,47.14999999999999,19.0,0.0,81,STATIC,CV mobility,N/A,42,0.17273718499927782,False
10074192.412853206,1051318.640106157,0.0,6.189837224599948,0.0,47.14999999999999,19.0,0.0,0.0,-54.92306656897344,0,50370962.064266026,6.189837224599948,47.14999999999999,19.0,0.0,5.037096206426603,6.189837224599948,47.14999999999999,19.0,0.0,5.037096206426603,6.189837224599948,47.14999999999999,19.0,0.0,82,STATIC,CV mobility,N/A,42,0.17273718499927782,False
9879300.297041256,1249366.592679393,0.0,6.182524168996756,0.0,47.14999999999999,19.0,0.0,0.0,-55.02782568248261,0,49396501.48520628,6.182524168996756,47.14999999999999,19.0,0.0,4.939650148520628,6.182524168996756,47.14999999999999,19.0,0.0,4.939650148520628,6.182524168996756,47.14999999999999,19.0,0.0,83,STATIC,CV mobility,N/A,42,0.17273718499927782,False
10530963.892125154,1423891.8036371453,0.0,6.175432373294617,0.0,47.14999999999999,19.0,0.0,0.0,-54.7090856806428,0,52654819.46062577,6.175432373294617,47.14999999999999,19.0,0.0,5.265481946062577,6.175432373294617,47.14999999999999,19.0,0.0,5.265481946062577,6.175432373294617,47.14999999999999,19.0,0.0,84,STATIC,CV mobility,N/A,42,0.17273718499927782,False
11291769.731412211,1630994.3633529376,0.0,6.168577115746011,0.0,47.14999999999999,19.0,0.0,0.0,-54.33553801854788,0,56458848.657061055,6.168577115746011,47.14999999999999,19.0,0.0,5.645884865706106,6.168577115746011,47.14999999999999,19.0,0.0,5.645884865706106,6.168577115746011,47.14999999999999,19.0,0.0,85,STATIC,CV mobility,N/A,42,0.17273718499927782,False
12241057.60306658,1871873.069822896,0.0,6.161976301514672,0.0,47.14999999999999,19.0,0.0,0.0,-53.86749489695203,0,61205288.0153329,6.161976301514672,47.14999999999999,19.0,0.0,6.12052880153329,6.161976301514672,47.14999999999999,19.0,0.0,6.12052880153329,6.161976301514672,47.14999999999999,19.0,0.0,86,STATIC,CV mobility,N/A,42,0.17273718499927782,False
13536175.522601087,2148135.875836817,0.0,6.1556510491371625,0.0,47.14999999999999,19.0,0.0,0.0,-53.22626118956229,0,67680877.61300543,6.1556510491371625,47.14999999999999,19.0,0.0,6.768087761300543,6.1556510491371625,47.14999999999999,19.0,0.0,6.768087761300543,6.1556510491371625,47.14999999999999,19.0,0.0,87,STATIC,CV mobility,N/A,42,0.17273718499927782,False
15361801.585999733,2462195.3952449313,0.0,6.149626399420971,0.0,47.14999999999999,19.0,0.0,0.0,-52.31947280757915,0,76809007.92999867,6.149626399420971,47.14999999999999,19.0,0.0,7.680900792999867,6.149626399420971,47.14999999999999,19.0,0.0,7.680900792999867,6.149626399420971,47.14999999999999,19.0,0.0,88,STATIC,CV mobility,N/A,42,0.17273718499927782,False
17455335.99571431,2655959.1876454577,0.0,6.143932172952822,0.0,47.14999999999999,19.0,0.0,0.0,-51.278399829190015,0,87276679.97857155,6.143932172952822,47.14999999999999,19.0,0.0,8.727667997857155,6.143932172952822,47.14999999999999,19.0,0.0,8.727667997857155,6.143932172952822,47.14999999999999,19.0,0.0,89,STATIC,CV mobility,N/A,42,0.17273718499927782,False
18091719.79343047,1227195.972376118,0.0,6.13860400678341,0.0,47.14999999999999,19.0,0.0,0.0,-50.965536096501346,0,90458598.96715236,6.13860400678341,47.14999999999999,19.0,0.0,9.045859896715235,6.13860400678341,47.14999999999999,19.0,0.0,9.045859896715235,6.13860400678341,47.14999999999999,19.0,0.0,90,STATIC,CV mobility,N/A,42,0.17273718499927782,False
17032664.861017276,989486.8662885788,0.0,6.133684605047161,0.0,47.14999999999999,19.0,0.0,0.0,-51.49998296444419,0,85163324.30508637,6.133684605047161,47.14999999999999,19.0,0.0,8.516332430508637,6.133684605047161,47.14999999999999,19.0,0.0,8.516332430508637,6.133684605047161,47.14999999999999,19.0,0.0,91,STATIC,CV mobility,N/A,42,0.17273718499927782,False
17050884.920520406,1598927.2443522634,0.0,6.129225241420497,0.0,47.14999999999999,19.0,0.0,0.0,-51.49533229831929,0,85254424.60260203,6.129225241420497,47.14999999999999,19.0,0.0,8.525442460260203,6.129225241420497,47.14999999999999,19.0,0.0,8.525442460260203,6.129225241420497,47.14999999999999,19.0,0.0,92,STATIC,CV mobility,N/A,42,0.17273718499927782,False
19409702.40362406,2253536.0685244477,0.0,6.1252875518986,0.0,47.14999999999999,19.0,0.0,0.0,-50.31986124628936,0,97048512.0181203,6.1252875518986,47.14999999999999,19.0,0.0,9.70485120181203,6.1252875518986,47.14999999999999,19.0,0.0,9.70485120181203,6.1252875518986,47.14999999999999,19.0,0.0,93,STATIC,CV mobility,N/A,42,0.17273718499927782,False
24498384.78622408,2586321.511952904,0.0,6.121945651776221,0.0,47.14999999999999,19.0,0.0,0.0,-47.77886195511173,0,122491923.9311204,6.121945651776221,47.14999999999999,19.0,0.0,12.24919239311204,6.121945651776221,47.14999999999999,19.0,0.0,12.24919239311204,6.121945651776221,47.14999999999999,19.0,0.0,94,STATIC,CV mobility,N/A,42,0.17273718499927782,False
32456007.450286705,2641424.550263254,0.0,6.119288596665377,0.0,47.14999999999999,19.0,0.0,0.0,-43.80270767819126,0,162280037.25143352,6.119288596665377,47.14999999999999,19.0,0.0,16.228003725143353,6.119288596665377,47.14999999999999,19.0,0.0,16.228003725143353,6.119288596665377,47.14999999999999,19.0,0.0,95,STATIC,CV mobility,N/A,42,0.17273718499927782,False
44863948.01212152,2673073.0990384216,0.0,6.117423177052921,0.0,47.14999999999999,19.0,0.0,0.0,-37.60060281688631,0,224319740.0606076,6.117423177052921,47.14999999999999,19.0,0.0,22.431974006060763,6.117423177052921,47.14999999999999,19.0,0.0,22.431974006060763,6.117423177052921,47.14999999999999,19.0,0.0,96,STATIC,CV mobility,N/A,42,0.17273718499927782,False
36452655.11734848,2680249.38362411,0.0,6.116476978843348,0.0,47.14999999999999,19.0,0.0,0.0,-41.807195462482404,0,182263275.58674237,6.116476978843348,47.14999999999999,19.0,0.0,18.22632755867424,6.116476978843348,47.14999999999999,19.0,0.0,18.22632755867424,6.116476978843348,47.14999999999999,19.0,0.0,97,STATIC,CV mobility,N/A,42,0.17273718499927782,False
35799572.09242113,2660922.4081335063,0.0,6.116601543236361,0.0,47.14999999999999,19.0,0.0,0.0,-42.13361241055307,0,178997860.46210566,6.116601543236361,47.14999999999999,19.0,0.0,17.899786046210565,6.116601543236361,47.14999999999999,19.0,0.0,17.899786046210565,6.116601543236361,47.14999999999999,19.0,0.0,98,STATIC,CV mobility,N/A,42,0.17273718499927782,False
24433920.764096804,2614550.6225601453,0.0,6.11797529706178,0.0,47.14999999999999,19.0,0.0,0.0,-47.81506432088981,0,122169603.82048403,6.11797529706178,47.14999999999999,19.0,0.0,12.216960382048402,6.11797529706178,47.14999999999999,19.0,0.0,12.216960382048402,6.11797529706178,47.14999999999999,19.0,0.0,99,STATIC,CV mobility,N/A,42,0.17273718499927782,False
69244234.57688873,18159494.5725953,0.0,6.733237888037346,0.0,47.14999999999999,19.0,0.0,0.0,-24.794644823518283,0,346221172.88444364,6.733237888037346,47.14999999999999,19.0,0.0,34.622117288444365,6.733237888037346,47.14999999999999,19.0,0.0,34.622117288444365,6.733237888037346,47.14999999999999,19.0,0.0,0,REACTIVE,CV mobility,N/A,42,0.36750498000037624,True
56216670.64956929,18247762.338222902,0.0,6.909156111633919,0.0,47.14999999999999,19.0,0.0,0.0,-31.132508563581425,0,281083353.2478464,6.909156111633919,47.14999999999999,19.0,0.0,28.108335324784644,6.909156111633919,47.14999999999999,19.0,0.0,28.108335324784644,6.909156111633919,47.14999999999999,19.0,0.0,1,REACTIVE,CV mobility,N/A,42,0.36750498000037624,True
49756347.149144225,17967630.864855047,0.0,7.101168966655527,0.0,47.14999999999999,19.0,0.0,0.0,-34.170657458772354,0,248781735.74572113,7.101168966655527,47.14999999999999,19.0,0.0,24.878173574572113,7.101168966655527,47.14999999999999,19.0,0.0,24.878173574572113,7.101168966655527,47.14999999999999,19.0,0.0,2,REACTIVE,CV mobility,N/A,42,0.36750498000037624,True
40943634.4898989,17535796.673191167,0.0,7.289417310653542,0.0,47.14999999999999,19.0,0.0,0.0,-38.388765444397,0,204718172.44949448,7.289417310653542,47.14999999999999,19.0,0.0,20.47181724494945,7.289417310653542,47.14999999999999,19.0,0.0,20.47181724494945,7.289417310653542,47.14999999999999,19.0,0.0,3,REACTIVE,CV mobility,N/A,42,0.36750498000037624,True
34272978.55071577,17048779.065555654,0.0,5.996917037000827,0.0,43.599999999999994,19.0,8.0,8.0,-39.64050673111954,1,171364892.75357884,5.996917037000827,43.599999999999994,19.0,8.0,17.136489275357885,5.996917037000827,43.599999999999994,19.0,0.17391304347826086,17.136489275357885,5.996917037000827,43.599999999999994,19.0,0.17391304347826086,4,REACTIVE,CV mobility,N/A,42,0.36750498000037624,True
30225942.149158735,17238476.379713394,0.0,6.055551988709421,0.0,47.14999999999999,19.0,4.0,12.0,-45.068433458450336,1,151129710.74579367,6.055551988709421,47.14999999999999,19.0,4.0,15.112971074579367,6.055551988709421,47.14999999999999,19.0,0.08695652173913043,15.112971074579367,6.055551988709421,47.14999999999999,19.0,0.08695652173913043,5,REACTIVE,CV mobility,N/A,42,0.36750498000037624,True
31943689.99552508,17804019.692278698,0.0,4.553106668276781,0.0,50.699999999999996,19.0,4.0,16.0,-49.2620048556998,1,159718449.9776254,4.553106668276781,50.699999999999996,19.0,4.0,15.97184499776254,4.553106668276781,50.699999999999996,19.0,0.08695652173913043,15.97184499776254,4.553106668276781,50.699999999999996,19.0,0.08695652173913043,6,REACTIVE,CV mobility,N/A,42,0.36750498000037624,True
35921845.4682043,18078990.301440068,0.0,5.160853407801302,0.0,47.14999999999999,19.0,2.0,18.0,-43.0717021189661,1,179609227.34102148,5.160853407801302,47.14999999999999,19.0,2.0,17.960922734102148,5.160853407801302,47.14999999999999,19.0,0.043478260869565216,17.960922734102148,5.160853407801302,47.14999999999999,19.0,0.043478260869565216,7,REACTIVE,CV mobility,N/A,42,0.36750498000037624,True
37378285.624401726,19782570.29254862,0.0,5.63901072922743,0.0,47.14999999999999,19.0,2.0,20.0,-41.86532471944126,1,186891428.12200862,5.63901072922743,47.14999999999999,19.0,2.0,18.689142812200863,5.63901072922743,47.14999999999999,19.0,0.043478260869565216,18.689142812200863,5.63901072922743,47.14999999999999,19.0,0.043478260869565216,8,REACTIVE,CV mobility,N/A,42,0.36750498000037624,True
35850785.64248921,18876498.972251695,0.0,5.904785362576714,0.0,47.14999999999999,19.0,2.0,22.0,-42.36330007704824,1,179253928.21244606,5.904785362576714,47.14999999999999,19.0,2.0,17.925392821244607,5.904785362576714,47.14999999999999,19.0,0.043478260869565216,17.925392821244607,5.904785362576714,47.14999999999999,19.0,0.043478260869565216,9,REACTIVE,CV mobility,N/A,42,0.36750498000037624,True
31273499.365104813,17069472.399702244,0.0,6.02948433031463,0.0,43.599999999999994,19.0,2.0,24.0,-40.97724424800252,1,156367496.82552406,6.02948433031463,43.599999999999994,19.0,2.0,15.636749682552406,6.02948433031463,43.599999999999994,19.0,0.043478260869565216,15.636749682552406,6.02948433031463,43.599999999999994,19.0,0.043478260869565216,10,REACTIVE,CV mobility,N/A,42,0.36750498000037624,False
27302192.180490296,16570532.930034783,0.0,5.442838859578558,0.0,47.14999999999999,19.0,4.0,28.0,-47.14302157191542,1,136510960.9024515,5.442838859578558,47.14999999999999,19.0,4.0,13.651096090245149,5.442838859578558,47.14999999999999,19.0,0.08695652173913043,13.651096090245149,5.442838859578558,47.14999999999999,19.0,0.08695652173913043,11,REACTIVE,CV mobility,N/A,42,0.36750498000037624,False
23921124.195220884,15543022.053093992,0.0,5.391284898199693,0.0,43.599999999999994,19.0,4.0,32.0,-45.33510952592899,1,119605620.97610442,5.391284898199693,43.599999999999994,19.0,4.0,11.960562097610442,5.391284898199693,43.599999999999994,19.0,0.08695652173913043,11.960562097610442,5.391284898199693,43.599999999999994,19.0,0.08695652173913043,12,REACTIVE,CV mobility,N/A,42,0.36750498000037624,False
21811041.90195389,14971876.52990491,0.0,5.189220449517412,0.0,47.14999999999999,19.0,4.0,36.0,-50.14221512124477,1,109055209.50976945,5.189220449517412,47.14999999999999,19.0,4.0,10.905520950976946,5.189220449517412,47.14999999999999,19.0,0.08695652173913043,10.905520950976946,5.189220449517412,47.14999999999999,19.0,0.08695652173913043,13,REACTIVE,CV mobility,N/A,42,0.36750498000037624,False
20185428.74535292,14274072.653411984,0.0,4.969125671417128,0.0,47.14999999999999,19.0,0.0,36.0,-51.088159955906406,0,100927143.7267646,4.969125671417128,47.14999999999999,19.0,0.0,10.092714372676461,4.969125671417128,47.14999999999999,19.0,0.0,10.092714372676461,4.969125671417128,47.14999999999999,19.0,0.0,14,REACTIVE,CV mobility,N/A,42,0.36750498000037624,False
19719829.554844417,13459804.141892798,0.0,4.715282943813828,0.0,47.14999999999999,19.0,0.0,36.0,-51.574802278763954,0,98599147.77422208,4.715282943813828,47.14999999999999,19.0,0.0,9.859914777422208,4.715282943813828,47.14999999999999,19.0,0.0,9.859914777422208,4.715282943813828,47.14999999999999,19.0,0.0,15,REACTIVE,CV mobility,N/A,42,0.36750498000037624,False
21795572.609345797,12368926.174829056,0.0,4.48637767640998,0.0,47.14999999999999,19.0,4.0,40.0,-50.852792540656246,1,108977863.04672898,4.48637767640998,47.14999999999999,19.0,4.0,10.897786304672898,4.48637767640998,47.14999999999999,19.0,0.08695652173913043,10.897786304672898,4.48637767640998,47.14999999999999,19.0,0.08695652173913043,16,REACTIVE,CV mobility,N/A,42,0.36750498000037624,False
21422785.327252332,9640527.587603236,0.0,4.818927973617921,0.0,47.14999999999999,19.0,4.0,44.0,-50.706635884495036,1,107113926.63626166,4.818927973617921,47.14999999999999,19.0,4.0,10.711392663626166,4.818927973617921,47.14999999999999,19.0,0.08695652173913043,10.711392663626166,4.818927973617921,47.14999999999999,19.0,0.08695652173913043,17,REACTIVE,CV mobility,N/A,42,0.36750498000037624,False
23199758.283774123,9247291.200537644,0.0,5.869496806732637,0.0,47.14999999999999,19.0,0.0,44.0,-48.68062405138029,0,115998791.41887061,5.869496806732637,47.14999999999999,19.0,0.0,11.599879141887062,5.869496806732637,47.14999999999999,19.0,0.0,11.599879141887062,5.869496806732637,47.14999999999999,19.0,0.0,18,REACTIVE,CV mobility,N/A,42,0.36750498000037624,False
24093247.11548779,8849477.82083863,0.0,6.079702328694512,0.0,43.599999999999994,19.0,4.0,48.0,-44.56063063530072,1,120466235.57743895,6.079702328694512,43.599999999999994,19.0,4.0,12.046623557743896,6.079702328694512,43.599999999999994,19.0,0.08695652173913043,12.046623557743896,6.079702328694512,43.599999999999994,19.0,0.08695652173913043,19,REACTIVE,CV mobility,N/A,42,0.36750498000037624,False
19019999.078027673,8854528.675656633,0.0,5.914702101268876,0.0,43.599999999999994,19.0,2.0,50.0,-47.218776620586844,1,95099995.39013836,5.914702101268876,43.599999999999994,19.0,2.0,9.509999539013835,5.914702101268876,43.599999999999994,19.0,0.043478260869565216,9.509999539013835,5.914702101268876,43.599999999999994,19.0,0.043478260869565216,20,REACTIVE,CV mobility,N/A,42,0.36750498000037624,False
18885784.10734148,10040078.75668704,0.0,6.097943693296836,0.0,47.14999999999999,19.0,4.0,54.0,-50.69612077477155,1,94428920.5367074,6.097943693296836,47.14999999999999,19.0,4.0,9.44289205367074,6.097943693296836,47.14999999999999,19.0,0.08695652173913043,9.44289205367074,6.097943693296836,47.14999999999999,19.0,0.08695652173913043,21,REACTIVE,CV mobility,N/A,42,0.36750498000037624,False
16322737.174999598,10457448.527220631,0.0,6.043866391577376,0.0,43.599999999999994,19.0,2.0,56.0,-48.43824328179238,1,81613685.87499799,6.043866391577376,43.599999999999994,19.0,2.0,8.1613685874998,6.043866391577376,43.599999999999994,19.0,0.043478260869565216,8.1613685874998,6.043866391577376,43.599999999999994,19.0,0.043478260869565216,22,REACTIVE,CV mobility,N/A,42,0.36750498000037624,False
15536253.675167236,10622753.180409834,0.0,5.810702562242344,0.0,43.599999999999994,19.0,0.0,56.0,-49.02117060017403,0,77681268.37583618,5.810702562242344,43.599999999999994,19.0,0.0,7.768126837583618,5.810702562242344,43.599999999999994,19.0,0.0,7.768126837583618,5.810702562242344,43.599999999999994,19.0,0.0,23,REACTIVE,CV mobility,N/A,42,0.36750498000037624,False
14176616.326012889,11061319.124121258,0.0,5.579557739273283,0.0,43.599999999999994,19.0,2.0,58.0,-49.97561235858983,1,70883081.63006444,5.579557739273283,43.599999999999994,19.0,2.0,7.088308163006444,5.579557739273283,43.599999999999994,19.0,0.043478260869565216,7.088308163006444,5.579557739273283,43.599999999999994,19.0,0.043478260869565216,24,REACTIVE,CV mobility,N/A,42,0.36750498000037624,False
14333440.275415491,11174085.978517206,0.0,5.410595938995945,0.0,47.14999999999999,19.0,2.0,60.0,-53.61616218416586,1,71667201.37707746,5.410595938995945,47.14999999999999,19.0,2.0,7.166720137707746,5.410595938995945,47.14999999999999,19.0,0.043478260869565216,7.166720137707746,5.410595938995945,47.14999999999999,19.0,0.043478260869565216,25,REACTIVE,CV mobility,N/A,42,0.36750498000037624,False
14819620.141484622,10985842.3821323,0.0,5.301649637501983,0.0,47.14999999999999,19.0,0.0,60.0,-53.4385402917557,0,74098100.7074231,5.301649637501983,47.14999999999999,19.0,0.0,7.409810070742311,5.301649637501983,47.14999999999999,19.0,0.0,7.409810070742311,5.301649637501983,47.14999999999999,19.0,0.0,26,REACTIVE,CV mobility,N/A,42,0.36750498000037624,False
16304205.523668503,11157080.079796383,0.0,5.240392646425555,0.0,50.699999999999996,19.0,4.0,64.0,-56.394461113479316,1,81521027.61834252,5.240392646425555,50.699999999999996,19.0,4.0,8.152102761834252,5.240392646425555,50.699999999999996,19.0,0.08695652173913043,8.152102761834252,5.240392646425555,50.699999999999996,19.0,0.08695652173913043,27,REACTIVE,CV mobility,N/A,42,0.36750498000037624,False
16724001.635890659,9989464.999478068,0.0,5.218018007168382,0.0,43.59999999999999,19.0,4.0,68.0,-49.10693769662541,1,83620008.1794533,5.218018007168382,43.59999999999999,19.0,4.0,8.36200081794533,5.218018007168382,43.59999999999999,19.0,0.08695652173913043,8.36200081794533,5.218018007168382,43.59999999999999,19.0,0.08695652173913043,28,REACTIVE,CV mobility,N/A,42,0.36750498000037624,False
19488316.032244306,10002522.818521144,0.0,5.231417471757128,0.0,43.59999999999999,19.0,0.0,68.0,-47.624424512120704,0,97441580.16122153,5.231417471757128,43.59999999999999,19.0,0.0,9.744158016122153,5.231417471757128,43.59999999999999,19.0,0.0,9.744158016122153,5.231417471757128,43.59999999999999,19.0,0.0,29,REACTIVE,CV mobility,N/A,42,0.36750498000037624,False
26179589.505002864,10003483.579912331,0.0,6.0323670367161775,0.0,43.59999999999999,19.0,6.0,74.0,-43.608272993391076,1,130897947.52501431,6.0323670367161775,43.59999999999999,19.0,6.0,13.089794752501431,6.0323670367161775,43.59999999999999,19.0,0.13043478260869565,13.089794752501431,6.0323670367161775,43.59999999999999,19.0,0.13043478260869565,30,REACTIVE,CV mobility,N/A,42,0.36750498000037624,False
31630226.346130062,10051606.40172023,0.0,6.13924998646513,0.0,43.59999999999999,19.0,0.0,74.0,-40.64563684046983,0,158151131.7306503,6.13924998646513,43.59999999999999,19.0,0.0,15.815113173065031,6.13924998646513,43.59999999999999,19.0,0.0,15.815113173065031,6.13924998646513,43.59999999999999,19.0,0.0,31,REACTIVE,CV mobility,N/A,42,0.36750498000037624,False
38280945.4374367,11211106.426624367,0.0,6.319331141788604,0.0,47.14999999999999,19.0,2.0,76.0,-40.7336744003626,1,191404727.1871835,6.319331141788604,47.14999999999999,19.0,2.0,19.14047271871835,6.319331141788604,47.14999999999999,19.0,0.043478260869565216,19.14047271871835,6.319331141788604,47.14999999999999,19.0,0.043478260869565216,32,REACTIVE,CV mobility,N/A,42,0.36750498000037624,False
45017686.61559533,11546678.485898482,0.0,6.8289923239312955,0.0,43.59999999999999,19.0,6.0,82.0,-33.39259915087972,1,225088433.07797667,6.8289923239312955,43.59999999999999,19.0,6.0,22.50884330779767,6.8289923239312955,43.59999999999999,19.0,0.13043478260869565,22.50884330779767,6.8289923239312955,43.59999999999999,19.0,0.13043478260869565,33,REACTIVE,CV mobility,N/A,42,0.36750498000037624,False
42461697.74259609,11991785.58543861,0.0,6.575511830709221,0.0,43.59999999999999,19.0,0.0,82.0,-34.793639297992726,0,212308488.71298045,6.575511830709221,43.59999999999999,19.0,0.0,21.230848871298043,6.575511830709221,43.59999999999999,19.0,0.0,21.230848871298043,6.575511830709221,43.59999999999999,19.0,0.0,34,REACTIVE,CV mobility,N/A,42,0.36750498000037624,False
41187603.47248382,12459268.558067452,0.0,6.3698031589814565,0.0,43.59999999999999,19.0,4.0,86.0,-35.72335162651575,1,205938017.3624191,6.3698031589814565,43.59999999999999,19.0,4.0,20.59380173624191,6.3698031589814565,43.59999999999999,19.0,0.08695652173913043,20.59380173624191,6.3698031589814565,43.59999999999999,19.0,0.08695652173913043,35,REACTIVE,CV mobility,N/A,42,0.36750498000037624,False
35798036.2722763,14171683.910436137,0.0,6.809804045168909,0.0,43.59999999999999,19.0,4.0,90.0,-37.97813434043206,1,178990181.3613815,6.809804045168909,43.59999999999999,19.0,4.0,17.89901813613815,6.809804045168909,43.59999999999999,19.0,0.08695652173913043,17.89901813613815,6.809804045168909,43.59999999999999,19.0,0.08695652173913043,36,REACTIVE,CV mobility,N/A,42,0.36750498000037624,False
32403149.061783127,14267255.334241455,0.0,7.0426605595446095,0.0,40.04999999999999,19.0,2.0,92.0,-35.849243170433375,1,162015745.30891564,7.0426605595446095,40.04999999999999,19.0,2.0,16.201574530891566,7.0426605595446095,40.04999999999999,19.0,0.043478260869565216,16.201574530891566,7.0426605595446095,40.04999999999999,19.0,0.043478260869565216,37,REACTIVE,CV mobility,N/A,42,0.36750498000037624,False
37818307.7376856,17103745.819958515,0.0,7.124543049636073,0.0,47.14999999999999,19.0,4.0,96.0,-40.20325960326026,1,189091538.68842798,7.124543049636073,47.14999999999999,19.0,4.0,18.909153868842797,7.124543049636073,47.14999999999999,19.0,0.08695652173913043,18.909153868842797,7.124543049636073,47.14999999999999,19.0,0.08695652173913043,38,REACTIVE,CV mobility,N/A,42,0.36750498000037624,False
44044844.96225373,19929113.7436802,0.0,7.163849529551851,0.0,50.699999999999996,19.0,2.0,98.0,-40.55720625019084,1,220224224.81126863,7.163849529551851,50.699999999999996,19.0,2.0,22.022422481126863,7.163849529551851,50.699999999999996,19.0,0.043478260869565216,22.022422481126863,7.163849529551851,50.699999999999996,19.0,0.043478260869565216,39,REACTIVE,CV mobility,N/A,42,0.36750498000037624,False
45686180.17600806,19461798.93940349,0.0,7.200920503853119,0.0,54.24999999999999,19.0,2.0,100.0,-43.24946766901241,1,228430900.88004032,7.200920503853119,54.24999999999999,19.0,2.0,22.843090088004033,7.200920503853119,54.24999999999999,19.0,0.043478260869565216,22.843090088004033,7.200920503853119,54.24999999999999,19.0,0.043478260869565216,40,REACTIVE,CV mobility,N/A,42,0.36750498000037624,False
40275354.339480475,18393162.288183752,0.0,7.240889644218527,0.0,50.699999999999996,19.0,2.0,102.0,-42.36491144691079,1,201376771.69740236,7.240889644218527,50.699999999999996,19.0,2.0,20.137677169740236,7.240889644218527,50.699999999999996,19.0,0.043478260869565216,20.137677169740236,7.240889644218527,50.699999999999996,19.0,0.043478260869565216,41,REACTIVE,CV mobility,N/A,42,0.36750498000037624,False
37456905.213745736,18305999.60352902,0.0,7.280042137117162,0.0,50.699999999999996,19.0,0.0,102.0,-43.69150525600996,0,187284526.0687287,7.280042137117162,50.699999999999996,19.0,0.0,18.728452606872867,7.280042137117162,50.699999999999996,19.0,0.0,18.728452606872867,7.280042137117162,50.699999999999996,19.0,0.0,42,REACTIVE,CV mobility,N/A,42,0.36750498000037624,False
37135795.05885059,18310378.453433607,0.0,7.31364738227839,0.0,50.699999999999996,19.0,0.0,102.0,-43.818455088296304,0,185678975.29425293,7.31364738227839,50.699999999999996,19.0,0.0,18.56789752942529,7.31364738227839,50.699999999999996,19.0,0.0,18.56789752942529,7.31364738227839,50.699999999999996,19.0,0.0,43,REACTIVE,CV mobility,N/A,42,0.36750498000037624,False
42618918.91840138,18300449.47064281,0.0,7.338283604436054,0.0,50.699999999999996,19.0,0.0,102.0,-41.05225693636324,0,213094594.59200692,7.338283604436054,50.699999999999996,19.0,0.0,21.309459459200692,7.338283604436054,50.699999999999996,19.0,0.0,21.309459459200692,7.338283604436054,50.699999999999996,19.0,0.0,44,REACTIVE,CV mobility,N/A,42,0.36750498000037624,False
25693582.64395628,17232442.672028486,0.0,7.352429703749103,0.0,50.699999999999996,19.0,4.0,106.0,-49.58773549601188,1,128467913.21978141,7.352429703749103,50.699999999999996,19.0,4.0,12.846791321978142,7.352429703749103,50.699999999999996,19.0,0.08695652173913043,12.846791321978142,7.352429703749103,50.699999999999996,19.0,0.08695652173913043,45,REACTIVE,CV mobility,N/A,42,0.36750498000037624,False
24549648.336930543,17564011.480179034,0.0,7.356111202088316,0.0,50.699999999999996,19.0,2.0,108.0,-50.112542890315964,1,122748241.68465272,7.356111202088316,50.699999999999996,19.0,2.0,12.27482416846527,7.356111202088316,50.699999999999996,19.0,0.043478260869565216,12.27482416846527,7.356111202088316,50.699999999999996,19.0,0.043478260869565216,46,REACTIVE,CV mobility,N/A,42,0.36750498000037624,False
23364417.10907747,16819469.813915916,0.0,7.2503747297953165,0.0,47.14999999999999,19.0,8.0,116.0,-47.3913297591442,1,116822085.54538734,7.2503747297953165,47.14999999999999,19.0,8.0,11.682208554538734,7.2503747297953165,47.14999999999999,19.0,0.17391304347826086,11.682208554538734,7.2503747297953165,47.14999999999999,19.0,0.17391304347826086,47,REACTIVE,CV mobility,N/A,42,0.36750498000037624,False
22965862.05528583,16666046.431480166,0.0,7.176907548716475,0.0,43.599999999999994,19.0,2.0,118.0,-43.983639684510166,1,114829310.27642915,7.176907548716475,43.599999999999994,19.0,2.0,11.482931027642914,7.176907548716475,43.599999999999994,19.0,0.043478260869565216,11.482931027642914,7.176907548716475,43.599999999999994,19.0,0.043478260869565216,48,REACTIVE,CV mobility,N/A,42,0.36750498000037624,False
22941067.97856587,16657005.16773548,0.0,7.0761669177270425,0.0,43.599999999999994,19.0,0.0,118.0,-44.05329909299002,0,114705339.89282936,7.0761669177270425,43.599999999999994,19.0,0.0,11.470533989282936,7.0761669177270425,43.599999999999994,19.0,0.0,11.470533989282936,7.0761669177270425,43.599999999999994,19.0,0.0,49,REACTIVE,CV mobility,N/A,42,0.36750498000037624,False
23183531.72799366,16751058.742830686,0.0,6.938423337776611,0.0,43.599999999999994,19.0,0.0,118.0,-44.069810798226555,0,115917658.63996829,6.938423337776611,43.599999999999994,19.0,0.0,11.591765863996828,6.938423337776611,43.599999999999994,19.0,0.0,11.591765863996828,6.938423337776611,43.599999999999994,19.0,0.0,50,REACTIVE,CV mobility,N/A,42,0.36750498000037624,False
23404110.35231898,17260519.27504397,0.0,6.746109897783251,0.0,47.14999999999999,19.0,2.0,120.0,-47.745313186926815,1,117020551.7615949,6.746109897783251,47.14999999999999,19.0,2.0,11.70205517615949,6.746109897783251,47.14999999999999,19.0,0.043478260869565216,11.70205517615949,6.746109897783251,47.14999999999999,19.0,0.043478260869565216,51,REACTIVE,CV mobility,N/A,42,0.36750498000037624,False
23265092.48543895,18103360.7385087,0.0,6.471709247337115,0.0,47.14999999999999,19.0,2.0,122.0,-48.08922277081297,1,116325462.42719476,6.471709247337115,47.14999999999999,19.0,2.0,11.632546242719476,6.471709247337115,47.14999999999999,19.0,0.043478260869565216,11.632546242719476,6.471709247337115,47.14999999999999,19.0,0.043478260869565216,52,REACTIVE,CV mobility,N/A,42,0.36750498000037624,False
22973845.213728,18031242.293841183,0.0,6.079398615107478,0.0,47.14999999999999,19.0,2.0,124.0,-48.627157038898076,1,114869226.06864,6.079398615107478,47.14999999999999,19.0,2.0,11.486922606863999,6.079398615107478,47.14999999999999,19.0,0.043478260869565216,11.486922606863999,6.079398615107478,47.14999999999999,19.0,0.043478260869565216,53,REACTIVE,CV mobility,N/A,42,0.36750498000037624,False
22582180.90586364,17375596.96165037,0.0,5.551424493525943,0.0,50.699999999999996,19.0,4.0,128.0,-52.94444157528136,1,112910904.5293182,5.551424493525943,50.699999999999996,19.0,4.0,11.29109045293182,5.551424493525943,50.699999999999996,19.0,0.08695652173913043,11.29109045293182,5.551424493525943,50.699999999999996,19.0,0.08695652173913043,54,REACTIVE,CV mobility,N/A,42,0.36750498000037624,False
22354063.351082154,17213940.12158366,0.0,5.058551279531448,0.0,50.699999999999996,19.0,0.0,128.0,-53.464417044927465,0,111770316.75541078,5.058551279531448,50.699999999999996,19.0,0.0,11.177031675541077,5.058551279531448,50.699999999999996,19.0,0.0,11.177031675541077,5.058551279531448,50.699999999999996,19.0,0.0,55,REACTIVE,CV mobility,N/A,42,0.36750498000037624,False
22474945.62407721,17698476.873608153,0.0,5.2231350684102065,0.0,54.25,19.0,2.0,130.0,-56.83287038042075,1,112374728.12038603,5.2231350684102065,54.25,19.0,2.0,11.237472812038604,5.2231350684102065,54.25,19.0,0.043478260869565216,11.237472812038604,5.2231350684102065,54.25,19.0,0.043478260869565216,56,REACTIVE,CV mobility,N/A,42,0.36750498000037624,False
23301541.72949312,17993221.689927,0.0,5.347992068221981,0.0,54.25,19.0,4.0,134.0,-56.338193588770594,1,116507708.6474656,5.347992068221981,54.25,19.0,4.0,11.65077086474656,5.347992068221981,54.25,19.0,0.08695652173913043,11.65077086474656,5.347992068221981,54.25,19.0,0.08695652173913043,57,REACTIVE,CV mobility,N/A,42,0.36750498000037624,False
23712825.259201385,17153751.55256446,0.0,4.702704695249048,0.0,54.25,19.0,2.0,136.0,-56.734360936019826,1,118564126.29600692,4.702704695249048,54.25,19.0,2.0,11.856412629600692,4.702704695249048,54.25,19.0,0.043478260869565216,11.856412629600692,4.702704695249048,54.25,19.0,0.043478260869565216,58,REACTIVE,CV mobility,N/A,42,0.36750498000037624,False
25055662.87395567,17229982.693212707,0.0,5.241539507096258,0.0,54.25,19.0,0.0,136.0,-55.48062905592591,0,125278314.36977835,5.241539507096258,54.25,19.0,0.0,12.527831436977834,5.241539507096258,54.25,19.0,0.0,12.527831436977834,5.241539507096258,54.25,19.0,0.0,59,REACTIVE,CV mobility,N/A,42,0.36750498000037624,False
26238190.517960094,17485744.23428575,0.0,5.955991998196767,0.0,54.25,19.0,0.0,136.0,-54.17491274282319,0,131190952.58980046,5.955991998196767,54.25,19.0,0.0,13.119095258980046,5.955991998196767,54.25,19.0,0.0,13.119095258980046,5.955991998196767,54.25,19.0,0.0,60,REACTIVE,CV mobility,N/A,42,0.36750498000037624,False
33426321.689512778,18338658.854522258,0.0,6.480745927379238,0.0,54.25,19.0,2.0,138.0,-50.099571488733936,1,167131608.4475639,6.480745927379238,54.25,19.0,2.0,16.713160844756388,6.480745927379238,54.25,19.0,0.043478260869565216,16.713160844756388,6.480745927379238,54.25,19.0,0.043478260869565216,61,REACTIVE,CV mobility,N/A,42,0.36750498000037624,False
31979031.98228562,16995792.0128261,0.0,6.844319647561552,0.0,54.25,19.0,4.0,142.0,-50.503120883034775,1,159895159.9114281,6.844319647561552,54.25,19.0,4.0,15.98951599114281,6.844319647561552,54.25,19.0,0.08695652173913043,15.98951599114281,6.844319647561552,54.25,19.0,0.08695652173913043,62,REACTIVE,CV mobility,N/A,42,0.36750498000037624,False
31354264.80442357,16045831.244720833,0.0,7.315212313326282,0.0,57.8,19.0,4.0,146.0,-53.89461180620106,1,156771324.02211785,7.315212313326282,57.8,19.0,4.0,15.677132402211786,7.315212313326282,57.8,19.0,0.08695652173913043,15.677132402211786,7.315212313326282,57.8,19.0,0.08695652173913043,63,REACTIVE,CV mobility,N/A,42,0.36750498000037624,False
29724865.068516362,15024080.557757663,0.0,7.383200065417304,0.0,57.8,19.0,0.0,146.0,-54.55436740032451,0,148624325.3425818,7.383200065417304,57.8,19.0,0.0,14.862432534258181,7.383200065417304,57.8,19.0,0.0,14.862432534258181,7.383200065417304,57.8,19.0,0.0,64,REACTIVE,CV mobility,N/A,42,0.36750498000037624,False
28404603.371167757,14093476.808750786,0.0,7.424336105075821,0.0,57.8,19.0,2.0,148.0,-55.21684047020986,1,142023016.85583878,7.424336105075821,57.8,19.0,2.0,14.202301685583878,7.424336105075821,57.8,19.0,0.043478260869565216,14.202301685583878,7.424336105075821,57.8,19.0,0.043478260869565216,65,REACTIVE,CV mobility,N/A,42,0.36750498000037624,False
26049525.555774644,13500685.896552093,0.0,7.446895139856408,0.0,54.25,19.0,2.0,150.0,-52.821820343125836,1,130247627.77887322,7.446895139856408,54.25,19.0,2.0,13.024762777887322,7.446895139856408,54.25,19.0,0.043478260869565216,13.024762777887322,7.446895139856408,54.25,19.0,0.043478260869565216,66,REACTIVE,CV mobility,N/A,42,0.36750498000037624,False
25770471.314449627,13504756.122993534,0.0,7.282202928158872,0.0,50.699999999999996,19.0,4.0,154.0,-49.619517936355436,1,128852356.57224813,7.282202928158872,50.699999999999996,19.0,4.0,12.885235657224813,7.282202928158872,50.699999999999996,19.0,0.08695652173913043,12.885235657224813,7.282202928158872,50.699999999999996,19.0,0.08695652173913043,67,REACTIVE,CV mobility,N/A,42,0.36750498000037624,False
25790180.013560176,13211722.304868745,0.0,7.032953393660251,0.0,50.699999999999996,19.0,2.0,156.0,-49.815434860429214,1,128950900.06780088,7.032953393660251,50.699999999999996,19.0,2.0,12.895090006780087,7.032953393660251,50.699999999999996,19.0,0.043478260869565216,12.895090006780087,7.032953393660251,50.699999999999996,19.0,0.043478260869565216,68,REACTIVE,CV mobility,N/A,42,0.36750498000037624,False
26715196.200347617,13488053.313200912,0.0,6.69476132177155,0.0,50.699999999999996,19.0,0.0,156.0,-49.647640578054634,0,133575981.00173809,6.69476132177155,50.699999999999996,19.0,0.0,13.357598100173808,6.69476132177155,50.699999999999996,19.0,0.0,13.357598100173808,6.69476132177155,50.699999999999996,19.0,0.0,69,REACTIVE,CV mobility,N/A,42,0.36750498000037624,False
29913638.66079654,14150316.457400985,0.0,6.276316022070402,0.0,50.699999999999996,19.0,2.0,158.0,-48.51034290840088,1,149568193.3039827,6.276316022070402,50.699999999999996,19.0,2.0,14.95681933039827,6.276316022070402,50.699999999999996,19.0,0.043478260869565216,14.95681933039827,6.276316022070402,50.699999999999996,19.0,0.043478260869565216,70,REACTIVE,CV mobility,N/A,42,0.36750498000037624,False
28624806.94775198,14841398.866873993,0.0,5.8698651889281805,0.0,47.15,19.0,4.0,162.0,-46.05468785893497,1,143124034.7387599,5.8698651889281805,47.15,19.0,4.0,14.31240347387599,5.8698651889281805,47.15,19.0,0.08695652173913043,14.31240347387599,5.8698651889281805,47.15,19.0,0.08695652173913043,71,REACTIVE,CV mobility,N/A,42,0.36750498000037624,False
29454047.323507894,15867980.667195199,0.0,5.715286352188927,0.0,47.15,19.0,0.0,162.0,-45.70768998605713,0,147270236.61753947,5.715286352188927,47.15,19.0,0.0,14.727023661753947,5.715286352188927,47.15,19.0,0.0,14.727023661753947,5.715286352188927,47.15,19.0,0.0,72,REACTIVE,CV mobility,N/A,42,0.36750498000037624,False
29784836.40529114,16046014.129015092,0.0,5.92187370469237,0.0,47.15,19.0,2.0,164.0,-45.37918635353163,1,148924182.0264557,5.92187370469237,47.15,19.0,2.0,14.89241820264557,5.92187370469237,47.15,19.0,0.043478260869565216,14.89241820264557,5.92187370469237,47.15,19.0,0.043478260869565216,73,REACTIVE,CV mobility,N/A,42,0.36750498000037624,False
36991799.16153914,11813672.316220721,0.0,6.263476940468358,0.0,47.15,19.0,2.0,166.0,-41.43410173963164,1,184958995.8076957,6.263476940468358,47.15,19.0,2.0,18.495899580769567,6.263476940468358,47.15,19.0,0.043478260869565216,18.495899580769567,6.263476940468358,47.15,19.0,0.043478260869565216,74,REACTIVE,CV mobility,N/A,42,0.36750498000037624,False
42743468.66248126,11281293.835425658,0.0,6.562223488978654,0.0,47.15,19.0,0.0,166.0,-38.21604217978072,0,213717343.31240633,6.562223488978654,47.15,19.0,0.0,21.37173433124063,6.562223488978654,47.15,19.0,0.0,21.37173433124063,6.562223488978654,47.15,19.0,0.0,75,REACTIVE,CV mobility,N/A,42,0.36750498000037624,False
42123697.634159595,10695582.793231599,0.0,5.71306460670699,0.0,47.15,19.0,4.0,170.0,-39.46204309795235,1,210618488.17079797,5.71306460670699,47.15,19.0,4.0,21.0618488170798,5.71306460670699,47.15,19.0,0.08695652173913043,21.0618488170798,5.71306460670699,47.15,19.0,0.08695652173913043,76,REACTIVE,CV mobility,N/A,42,0.36750498000037624,False
36437534.55794953,10087258.981658874,0.0,5.9395926670747805,0.0,47.15,19.0,0.0,170.0,-41.99164005395046,0,182187672.78974763,5.9395926670747805,47.15,19.0,0.0,18.218767278974763,5.9395926670747805,47.15,19.0,0.0,18.218767278974763,5.9395926670747805,47.15,19.0,0.0,77,REACTIVE,CV mobility,N/A,42,0.36750498000037624,False
32339966.118798625,9466611.3059373,0.0,6.113548553491005,0.0,47.15,19.0,0.0,170.0,-43.86646838710969,0,161699830.59399313,6.113548553491005,47.15,19.0,0.0,16.169983059399314,6.113548553491005,47.15,19.0,0.0,16.169983059399314,6.113548553491005,47.15,19.0,0.0,78,REACTIVE,CV mobility,N/A,42,0.36750498000037624,False
20950009.97920529,10143743.655687533,0.0,6.249240928000755,0.0,47.15,19.0,4.0,174.0,-49.51271060413574,1,104750049.89602646,6.249240928000755,47.15,19.0,4.0,10.475004989602645,6.249240928000755,47.15,19.0,0.08695652173913043,10.475004989602645,6.249240928000755,47.15,19.0,0.08695652173913043,79,REACTIVE,CV mobility,N/A,42,0.36750498000037624,False
21160001.465409465,10170439.388821669,0.0,6.2930521331110985,0.0,47.15,19.0,2.0,176.0,-49.32042539505374,1,105800007.32704732,6.2930521331110985,47.15,19.0,2.0,10.580000732704733,6.2930521331110985,47.15,19.0,0.043478260869565216,10.580000732704733,6.2930521331110985,47.15,19.0,0.043478260869565216,80,REACTIVE,CV mobility,N/A,42,0.36750498000037624,False
22387964.58274042,10317344.512242844,0.0,6.305828012275265,0.0,47.15,19.0,2.0,178.0,-48.69366795722409,1,111939822.9137021,6.305828012275265,47.15,19.0,2.0,11.19398229137021,6.305828012275265,47.15,19.0,0.043478260869565216,11.19398229137021,6.305828012275265,47.15,19.0,0.043478260869565216,81,REACTIVE,CV mobility,N/A,42,0.36750498000037624,False
25148834.963267665,10884064.98823707,0.0,6.396610909913276,0.0,50.699999999999996,19.0,4.0,182.0,-50.81592813019201,1,125744174.81633833,6.396610909913276,50.699999999999996,19.0,4.0,12.574417481633834,6.396610909913276,50.699999999999996,19.0,0.08695652173913043,12.574417481633834,6.396610909913276,50.699999999999996,19.0,0.08695652173913043,82,REACTIVE,CV mobility,N/A,42,0.36750498000037624,False
29965879.405325092,11426791.388993634,0.0,5.7573514902163145,0.0,50.699999999999996,19.0,4.0,186.0,-49.046665328860264,1,149829397.02662545,5.7573514902163145,50.699999999999996,19.0,4.0,14.982939702662545,5.7573514902163145,50.699999999999996,19.0,0.08695652173913043,14.982939702662545,5.7573514902163145,50.699999999999996,19.0,0.08695652173913043,83,REACTIVE,CV mobility,N/A,42,0.36750498000037624,False
33352003.605463613,11931730.32941151,0.0,5.797169882047824,0.0,50.699999999999996,19.0,0.0,186.0,-47.22682831522036,0,166760018.02731806,5.797169882047824,50.699999999999996,19.0,0.0,16.676001802731808,5.797169882047824,50.699999999999996,19.0,0.0,16.676001802731808,5.797169882047824,50.699999999999996,19.0,0.0,84,REACTIVE,CV mobility,N/A,42,0.36750498000037624,False
30277962.439763784,12477375.950134154,0.0,5.8576433747049155,0.0,54.25,19.0,2.0,188.0,-52.29685366628276,1,151389812.19881892,5.8576433747049155,54.25,19.0,2.0,15.138981219881892,5.8576433747049155,54.25,19.0,0.043478260869565216,15.138981219881892,5.8576433747049155,54.25,19.0,0.043478260869565216,85,REACTIVE,CV mobility,N/A,42,0.36750498000037624,False
26962428.148040425,13387507.20939689,0.0,5.948032144229171,0.0,50.699999999999996,19.0,2.0,190.0,-50.31423204262016,1,134812140.74020213,5.948032144229171,50.699999999999996,19.0,2.0,13.481214074020214,5.948032144229171,50.699999999999996,19.0,0.043478260869565216,13.481214074020214,5.948032144229171,50.699999999999996,19.0,0.043478260869565216,86,REACTIVE,CV mobility,N/A,42,0.36750498000037624,False
26345617.867934458,13027915.70426021,0.0,6.075578781779726,0.0,50.699999999999996,19.0,0.0,190.0,-50.45161228425303,0,131728089.33967228,6.075578781779726,50.699999999999996,19.0,0.0,13.172808933967229,6.075578781779726,50.699999999999996,19.0,0.0,13.172808933967229,6.075578781779726,50.699999999999996,19.0,0.0,87,REACTIVE,CV mobility,N/A,42,0.36750498000037624,False
30630668.348128688,12167604.714551184,0.0,6.234402718221595,0.0,50.699999999999996,19.0,2.0,192.0,-48.193741368583616,1,153153341.74064344,6.234402718221595,50.699999999999996,19.0,2.0,15.315334174064343,6.234402718221595,50.699999999999996,19.0,0.043478260869565216,15.315334174064343,6.234402718221595,50.699999999999996,19.0,0.043478260869565216,88,REACTIVE,CV mobility,N/A,42,0.36750498000037624,False
31419912.12387355,12491483.067308562,0.0,6.394405449577812,0.0,50.699999999999996,19.0,2.0,194.0,-47.63911674935497,1,157099560.61936775,6.394405449577812,50.699999999999996,19.0,2.0,15.709956061936774,6.394405449577812,50.699999999999996,19.0,0.043478260869565216,15.709956061936774,6.394405449577812,50.699999999999996,19.0,0.043478260869565216,89,REACTIVE,CV mobility,N/A,42,0.36750498000037624,False
30967338.677430473,11930207.963036368,0.0,6.514567478703579,0.0,50.699999999999996,19.0,0.0,194.0,-47.701763182581175,0,154836693.38715237,6.514567478703579,50.699999999999996,19.0,0.0,15.483669338715238,6.514567478703579,50.699999999999996,19.0,0.0,15.483669338715238,6.514567478703579,50.699999999999996,19.0,0.0,90,REACTIVE,CV mobility,N/A,42,0.36750498000037624,False
28857182.406639863,11198878.468368605,0.0,6.575074007589336,0.0,50.7,19.0,4.0,198.0,-48.78329131082987,1,144285912.0331993,6.575074007589336,50.7,19.0,4.0,14.42859120331993,6.575074007589336,50.7,19.0,0.08695652173913043,14.42859120331993,6.575074007589336,50.7,19.0,0.08695652173913043,91,REACTIVE,CV mobility,N/A,42,0.36750498000037624,False
28031779.864355285,10804822.153947618,0.0,6.575025048841468,0.0,50.7,19.0,0.0,198.0,-49.10908501898089,0,140158899.32177642,6.575025048841468,50.7,19.0,0.0,14.015889932177641,6.575025048841468,50.7,19.0,0.0,14.015889932177641,6.575025048841468,50.7,19.0,0.0,92,REACTIVE,CV mobility,N/A,42,0.36750498000037624,False
28408250.018240344,10471283.546192601,0.0,6.5057777618416965,0.0,50.7,19.0,2.0,200.0,-49.0335754899077,1,142041250.09120172,6.5057777618416965,50.7,19.0,2.0,14.204125009120173,6.5057777618416965,50.7,19.0,0.043478260869565216,14.204125009120173,6.5057777618416965,50.7,19.0,0.043478260869565216,93,REACTIVE,CV mobility,N/A,42,0.36750498000037624,False
31869867.735581852,10478318.29632527,0.0,6.3656152884400345,0.0,50.7,19.0,0.0,200.0,-47.399450843769046,0,159349338.67790926,6.3656152884400345,50.7,19.0,0.0,15.934933867790926,6.3656152884400345,50.7,19.0,0.0,15.934933867790926,6.3656152884400345,50.7,19.0,0.0,94,REACTIVE,CV mobility,N/A,42,0.36750498000037624,False
38421304.03347895,10823805.800449993,0.0,6.197661778996988,0.0,47.150000000000006,19.0,2.0,202.0,-40.78516446513311,1,192106520.16739476,6.197661778996988,47.150000000000006,19.0,2.0,19.210652016739477,6.197661778996988,47.150000000000006,19.0,0.043478260869565216,19.210652016739477,6.197661778996988,47.150000000000006,19.0,0.043478260869565216,95,REACTIVE,CV mobility,N/A,42,0.36750498000037624,False
51780578.675442755,11568604.383220902,0.0,6.059373193407809,0.0,50.7,19.0,2.0,204.0,-37.79381572974038,1,258902893.37721378,6.059373193407809,50.7,19.0,2.0,25.890289337721377,6.059373193407809,50.7,19.0,0.043478260869565216,25.890289337721377,6.059373193407809,50.7,19.0,0.043478260869565216,96,REACTIVE,CV mobility,N/A,42,0.36750498000037624,False
33601619.27628991,11304836.386720296,0.0,5.970278234117754,0.0,47.150000000000006,19.0,6.0,210.0,-43.50934691034599,1,168008096.38144955,5.970278234117754,47.150000000000006,19.0,6.0,16.800809638144955,5.970278234117754,47.150000000000006,19.0,0.13043478260869565,16.800809638144955,5.970278234117754,47.150000000000006,19.0,0.13043478260869565,97,REACTIVE,CV mobility,N/A,42,0.36750498000037624,False
26732093.919316106,11746370.197052104,0.0,5.919485529753894,0.0,47.150000000000006,19.0,0.0,210.0,-46.86446751058806,0,133660469.59658052,5.919485529753894,47.150000000000006,19.0,0.0,13.366046959658052,5.919485529753894,47.150000000000006,19.0,0.0,13.366046959658052,5.919485529753894,47.150000000000006,19.0,0.0,98,REACTIVE,CV mobility,N/A,42,0.36750498000037624,False
22974712.565955736,11226430.68548463,0.0,5.89108151967551,0.0,47.150000000000006,19.0,0.0,210.0,-48.771562197346626,0,114873562.82977869,5.89108151967551,47.150000000000006,19.0,0.0,11.487356282977869,5.89108151967551,47.150000000000006,19.0,0.0,11.487356282977869,5.89108151967551,47.150000000000006,19.0,0.0,99,REACTIVE,CV mobility,N/A,42,0.36750498000037624,False
66088046.773487546,16923844.820368215,0.0,5.333816217159404,0.0,47.14999999999999,19.0,0.0,0.0,-27.772160396096815,0,330440233.8674377,5.333816217159404,47.14999999999999,19.0,0.0,33.044023386743774,5.333816217159404,47.14999999999999,19.0,0.0,33.044023386743774,5.333816217159404,47.14999999999999,19.0,0.0,0,PREDICTIVE,CV mobility,cv,42,0.36504337299993495,True
52424928.76221856,15656252.34153944,0.0,6.040681877789924,0.0,50.699999999999996,19.0,4.0,4.0,-37.53381026283992,1,262124643.8110928,6.040681877789924,50.699999999999996,19.0,4.0,26.212464381109278,6.040681877789924,50.699999999999996,19.0,0.08695652173913043,26.212464381109278,6.040681877789924,50.699999999999996,19.0,0.08695652173913043,1,PREDICTIVE,CV mobility,cv,42,0.36504337299993495,True
40853113.13014079,15724434.192531498,0.0,5.961788238822941,0.0,47.14999999999999,19.0,2.0,6.0,-39.80513345697622,1,204265565.65070394,5.961788238822941,47.14999999999999,19.0,2.0,20.426556565070392,5.961788238822941,47.14999999999999,19.0,0.043478260869565216,20.426556565070392,5.961788238822941,47.14999999999999,19.0,0.043478260869565216,2,PREDICTIVE,CV mobility,cv,42,0.36504337299993495,True
34842212.45043691,15070699.371937383,0.0,5.739119627275911,0.0,47.14999999999999,19.0,2.0,8.0,-43.03325240837519,1,174211062.25218457,5.739119627275911,47.14999999999999,19.0,2.0,17.421106225218455,5.739119627275911,47.14999999999999,19.0,0.043478260869565216,17.421106225218455,5.739119627275911,47.14999999999999,19.0,0.043478260869565216,3,PREDICTIVE,CV mobility,cv,42,0.36504337299993495,True
30583373.15263083,16911600.24921983,0.0,5.279897985476914,0.0,47.14999999999999,19.0,2.0,10.0,-45.621893699077226,1,152916865.76315415,5.279897985476914,47.14999999999999,19.0,2.0,15.291686576315415,5.279897985476914,47.14999999999999,19.0,0.043478260869565216,15.291686576315415,5.279897985476914,47.14999999999999,19.0,0.043478260869565216,4,PREDICTIVE,CV mobility,cv,42,0.36504337299993495,True
27958677.65995381,17656654.99919008,0.0,4.623394459928656,0.0,43.599999999999994,19.0,2.0,12.0,-44.040744970964,1,139793388.29976904,4.623394459928656,43.599999999999994,19.0,2.0,13.979338829976905,4.623394459928656,43.599999999999994,19.0,0.043478260869565216,13.979338829976905,4.623394459928656,43.599999999999994,19.0,0.043478260869565216,5,PREDICTIVE,CV mobility,cv,42,0.36504337299993495,True
30805727.825743698,17978541.765262865,0.0,6.01108311537244,0.0,47.14999999999999,19.0,4.0,16.0,-44.82300949349484,1,154028639.1287185,6.01108311537244,47.14999999999999,19.0,4.0,15.40286391287185,6.01108311537244,47.14999999999999,19.0,0.08695652173913043,15.40286391287185,6.01108311537244,47.14999999999999,19.0,0.08695652173913043,6,PREDICTIVE,CV mobility,cv,42,0.36504337299993495,True
34157569.213367775,15871557.959495928,0.0,5.900812680467617,0.0,43.599999999999994,19.0,4.0,20.0,-39.70735923458762,1,170787846.0668389,5.900812680467617,43.599999999999994,19.0,4.0,17.07878460668389,5.900812680467617,43.599999999999994,19.0,0.08695652173913043,17.07878460668389,5.900812680467617,43.599999999999994,19.0,0.08695652173913043,7,PREDICTIVE,CV mobility,cv,42,0.36504337299993495,True
35533623.591836125,15950913.391708095,0.0,5.960159424055151,0.0,47.14999999999999,19.0,4.0,24.0,-42.50998530176591,1,177668117.95918062,5.960159424055151,47.14999999999999,19.0,4.0,17.766811795918063,5.960159424055151,47.14999999999999,19.0,0.08695652173913043,17.766811795918063,5.960159424055151,47.14999999999999,19.0,0.08695652173913043,8,PREDICTIVE,CV mobility,cv,42,0.36504337299993495,True
34190131.27579102,15994519.15087428,0.0,5.8545775971980625,0.0,47.14999999999999,19.0,0.0,24.0,-43.20035676490642,0,170950656.3789551,5.8545775971980625,47.14999999999999,19.0,0.0,17.09506563789551,5.8545775971980625,47.14999999999999,19.0,0.0,17.09506563789551,5.8545775971980625,47.14999999999999,19.0,0.0,9,PREDICTIVE,CV mobility,cv,42,0.36504337299993495,True
30628403.830239344,16026948.438975591,0.0,5.718914120326337,0.0,47.14999999999999,19.0,2.0,26.0,-45.16036222542355,1,153142019.15119672,5.718914120326337,47.14999999999999,19.0,2.0,15.314201915119671,5.718914120326337,47.14999999999999,19.0,0.043478260869565216,15.314201915119671,5.718914120326337,47.14999999999999,19.0,0.043478260869565216,10,PREDICTIVE,CV mobility,cv,42,0.36504337299993495,False
28227474.273269605,14760773.581077475,0.0,5.560565912008215,0.0,47.14999999999999,19.0,4.0,30.0,-46.562653473096105,1,141137371.36634803,5.560565912008215,47.14999999999999,19.0,4.0,14.113737136634803,5.560565912008215,47.14999999999999,19.0,0.08695652173913043,14.113737136634803,5.560565912008215,47.14999999999999,19.0,0.08695652173913043,11,PREDICTIVE,CV mobility,cv,42,0.36504337299993495,False
23441469.68157054,10786821.377551856,0.0,5.384129854132466,0.0,47.14999999999999,19.0,4.0,34.0,-49.13209182682139,1,117207348.40785271,5.384129854132466,47.14999999999999,19.0,4.0,11.720734840785271,5.384129854132466,47.14999999999999,19.0,0.08695652173913043,11.720734840785271,5.384129854132466,47.14999999999999,19.0,0.08695652173913043,12,PREDICTIVE,CV mobility,cv,42,0.36504337299993495,False
21560685.50462759,10663792.254142942,0.0,5.189220449517412,0.0,47.14999999999999,19.0,0.0,34.0,-50.180436798168785,0,107803427.52313794,5.189220449517412,47.14999999999999,19.0,0.0,10.780342752313794,5.189220449517412,47.14999999999999,19.0,0.0,10.780342752313794,5.189220449517412,47.14999999999999,19.0,0.0,13,PREDICTIVE,CV mobility,cv,42,0.36504337299993495,False
17650139.593362708,9727226.728209114,0.0,4.969125671417128,0.0,47.14999999999999,19.0,2.0,36.0,-52.399282792771075,1,88250697.96681353,4.969125671417128,47.14999999999999,19.0,2.0,8.825069796681353,4.969125671417128,47.14999999999999,19.0,0.043478260869565216,8.825069796681353,4.969125671417128,47.14999999999999,19.0,0.043478260869565216,14,PREDICTIVE,CV mobility,cv,42,0.36504337299993495,False
15882080.225424279,8639094.481220314,0.0,4.715282943813828,0.0,43.599999999999994,19.0,6.0,42.0,-50.07411172608273,1,79410401.12712139,4.715282943813828,43.599999999999994,19.0,6.0,7.941040112712139,4.715282943813828,43.599999999999994,19.0,0.13043478260869565,7.941040112712139,4.715282943813828,43.599999999999994,19.0,0.13043478260869565,15,PREDICTIVE,CV mobility,cv,42,0.36504337299993495,False
15855926.058487881,8948143.34430686,0.0,4.48637767640998,0.0,47.14999999999999,19.0,4.0,46.0,-53.822615816085204,1,79279630.2924394,4.48637767640998,47.14999999999999,19.0,4.0,7.92796302924394,4.48637767640998,47.14999999999999,19.0,0.08695652173913043,7.92796302924394,4.48637767640998,47.14999999999999,19.0,0.08695652173913043,16,PREDICTIVE,CV mobility,cv,42,0.36504337299993495,False
15496494.868031928,9030380.488034898,0.0,4.818927973617921,0.0,43.599999999999994,19.0,2.0,48.0,-50.076302853235674,1,77482474.34015964,4.818927973617921,43.599999999999994,19.0,2.0,7.748247434015964,4.818927973617921,43.599999999999994,19.0,0.043478260869565216,7.748247434015964,4.818927973617921,43.599999999999994,19.0,0.043478260869565216,17,PREDICTIVE,CV mobility,cv,42,0.36504337299993495,False
16423157.591761772,9190512.502550129,0.0,5.869496806732637,0.0,43.599999999999994,19.0,0.0,48.0,-48.51892439738647,0,82115787.95880885,5.869496806732637,43.599999999999994,19.0,0.0,8.211578795880886,5.869496806732637,43.599999999999994,19.0,0.0,8.211578795880886,5.869496806732637,43.599999999999994,19.0,0.0,18,PREDICTIVE,CV mobility,cv,42,0.36504337299993495,False
15816462.853677586,7564050.544602293,0.0,5.133334029444526,0.0,43.599999999999994,19.0,6.0,54.0,-49.68886932632537,1,79082314.26838793,5.133334029444526,43.599999999999994,19.0,6.0,7.9082314268387925,5.133334029444526,43.599999999999994,19.0,0.13043478260869565,7.9082314268387925,5.133334029444526,43.599999999999994,19.0,0.13043478260869565,19,PREDICTIVE,CV mobility,cv,42,0.36504337299993495,False
15540187.265195807,8336953.722376589,0.0,5.199213211094531,0.0,47.15,19.0,2.0,56.0,-53.22417141717713,1,77700936.32597904,5.199213211094531,47.15,19.0,2.0,7.770093632597904,5.199213211094531,47.15,19.0,0.043478260869565216,7.770093632597904,5.199213211094531,47.15,19.0,0.043478260869565216,20,PREDICTIVE,CV mobility,cv,42,0.36504337299993495,False
15384463.172018731,9207306.482054606,0.0,6.097943693296836,0.0,47.14999999999999,19.0,4.0,60.0,-52.44678124243293,1,76922315.86009365,6.097943693296836,47.14999999999999,19.0,4.0,7.692231586009365,6.097943693296836,47.14999999999999,19.0,0.08695652173913043,7.692231586009365,6.097943693296836,47.14999999999999,19.0,0.08695652173913043,21,PREDICTIVE,CV mobility,cv,42,0.36504337299993495,False
14926772.343424994,10740113.015105253,0.0,6.043866391577376,0.0,50.699999999999996,19.0,4.0,64.0,-56.27970395844925,1,74633861.71712497,6.043866391577376,50.699999999999996,19.0,4.0,7.4633861717124965,6.043866391577376,50.699999999999996,19.0,0.08695652173913043,7.4633861717124965,6.043866391577376,50.699999999999996,19.0,0.08695652173913043,22,PREDICTIVE,CV mobility,cv,42,0.36504337299993495,False
11515565.11321395,8494412.055248091,0.0,5.810702562242344,0.0,43.59999999999999,19.0,4.0,68.0,-51.1184714028898,1,57577825.56606975,5.810702562242344,43.59999999999999,19.0,4.0,5.757782556606975,5.810702562242344,43.59999999999999,19.0,0.08695652173913043,5.757782556606975,5.810702562242344,43.59999999999999,19.0,0.08695652173913043,23,PREDICTIVE,CV mobility,cv,42,0.36504337299993495,False
11977801.353664601,9007352.032288462,0.0,5.579557739273283,0.0,43.59999999999999,19.0,0.0,68.0,-51.0315415838944,0,59889006.768323004,5.579557739273283,43.59999999999999,19.0,0.0,5.9889006768323005,5.579557739273283,43.59999999999999,19.0,0.0,5.9889006768323005,5.579557739273283,43.59999999999999,19.0,0.0,24,PREDICTIVE,CV mobility,cv,42,0.36504337299993495,False
16923860.42507496,9558175.600464862,0.0,6.140078723457394,0.0,43.59999999999999,19.0,6.0,74.0,-48.12842584661381,1,84619302.12537481,6.140078723457394,43.59999999999999,19.0,6.0,8.461930212537482,6.140078723457394,43.59999999999999,19.0,0.13043478260869565,8.461930212537482,6.140078723457394,43.59999999999999,19.0,0.13043478260869565,25,PREDICTIVE,CV mobility,cv,42,0.36504337299993495,False
17113415.332790207,9906156.575675277,0.0,6.034739474133472,0.0,43.59999999999999,19.0,0.0,74.0,-48.00855285947141,0,85567076.66395104,6.034739474133472,43.59999999999999,19.0,0.0,8.556707666395104,6.034739474133472,43.59999999999999,19.0,0.0,8.556707666395104,6.034739474133472,43.59999999999999,19.0,0.0,26,PREDICTIVE,CV mobility,cv,42,0.36504337299993495,False
17502071.829796426,7816714.128085648,0.0,5.977206679220267,0.0,47.14999999999999,19.0,2.0,76.0,-51.46523566675107,1,87510359.14898214,5.977206679220267,47.14999999999999,19.0,2.0,8.751035914898214,5.977206679220267,47.14999999999999,19.0,0.043478260869565216,8.751035914898214,5.977206679220267,47.14999999999999,19.0,0.043478260869565216,27,PREDICTIVE,CV mobility,cv,42,0.36504337299993495,False
19024135.27501934,8196428.032969534,0.0,6.783481722763449,0.0,43.59999999999999,19.0,6.0,82.0,-46.43488542233556,1,95120676.37509671,6.783481722763449,43.59999999999999,19.0,6.0,9.51206763750967,6.783481722763449,43.59999999999999,19.0,0.13043478260869565,9.51206763750967,6.783481722763449,43.59999999999999,19.0,0.13043478260869565,28,PREDICTIVE,CV mobility,cv,42,0.36504337299993495,False
21882339.98880607,8952380.295550738,0.0,6.824287139701338,0.0,43.59999999999999,19.0,0.0,82.0,-44.834542865895614,0,109411699.94403034,6.824287139701338,43.59999999999999,19.0,0.0,10.941169994403035,6.824287139701338,43.59999999999999,19.0,0.0,10.941169994403035,6.824287139701338,43.59999999999999,19.0,0.0,29,PREDICTIVE,CV mobility,cv,42,0.36504337299993495,False
26051217.850424714,9743079.930183847,0.0,6.436317235023919,0.0,43.59999999999999,19.0,4.0,86.0,-43.22503036150284,1,130256089.25212358,6.436317235023919,43.59999999999999,19.0,4.0,13.025608925212358,6.436317235023919,43.59999999999999,19.0,0.08695652173913043,13.025608925212358,6.436317235023919,43.59999999999999,19.0,0.08695652173913043,30,PREDICTIVE,CV mobility,cv,42,0.36504337299993495,False
31300536.64334301,9403145.392142734,0.0,6.438369871097796,0.0,43.59999999999999,19.0,4.0,90.0,-40.59831832896982,1,156502683.21671504,6.438369871097796,43.59999999999999,19.0,4.0,15.650268321671504,6.438369871097796,43.59999999999999,19.0,0.08695652173913043,15.650268321671504,6.438369871097796,43.59999999999999,19.0,0.08695652173913043,31,PREDICTIVE,CV mobility,cv,42,0.36504337299993495,False
38077097.86429157,12234882.40316544,0.0,6.398972872142977,0.0,40.04999999999999,19.0,2.0,92.0,-33.65595645658079,1,190385489.32145786,6.398972872142977,40.04999999999999,19.0,2.0,19.038548932145787,6.398972872142977,40.04999999999999,19.0,0.043478260869565216,19.038548932145787,6.398972872142977,40.04999999999999,19.0,0.043478260869565216,32,PREDICTIVE,CV mobility,cv,42,0.36504337299993495,False
48644585.50222395,14496980.75041541,0.0,6.26870391259402,0.0,47.14999999999999,19.0,4.0,96.0,-35.64595985803313,1,243222927.51111978,6.26870391259402,47.14999999999999,19.0,4.0,24.322292751111977,6.26870391259402,47.14999999999999,19.0,0.08695652173913043,24.322292751111977,6.26870391259402,47.14999999999999,19.0,0.08695652173913043,33,PREDICTIVE,CV mobility,cv,42,0.36504337299993495,False
46825648.58977574,16148520.53907322,0.0,6.052433988370187,0.0,50.699999999999996,19.0,2.0,98.0,-40.2782199776115,1,234128242.9488787,6.052433988370187,50.699999999999996,19.0,2.0,23.41282429488787,6.052433988370187,50.699999999999996,19.0,0.043478260869565216,23.41282429488787,6.052433988370187,50.699999999999996,19.0,0.043478260869565216,34,PREDICTIVE,CV mobility,cv,42,0.36504337299993495,False
46078510.792085506,17641635.912231494,0.0,6.3698031589814565,0.0,50.699999999999996,19.0,0.0,98.0,-40.29094144497578,0,230392553.96042752,6.3698031589814565,50.699999999999996,19.0,0.0,23.03925539604275,6.3698031589814565,50.699999999999996,19.0,0.0,23.03925539604275,6.3698031589814565,50.699999999999996,19.0,0.0,35,PREDICTIVE,CV mobility,cv,42,0.36504337299993495,False
37361075.35301654,18714701.444621187,0.0,6.809804045168909,0.0,47.14999999999999,19.0,2.0,100.0,-40.70313653919237,1,186805376.7650827,6.809804045168909,47.14999999999999,19.0,2.0,18.68053767650827,6.809804045168909,47.14999999999999,19.0,0.043478260869565216,18.68053767650827,6.809804045168909,47.14999999999999,19.0,0.043478260869565216,36,PREDICTIVE,CV mobility,cv,42,0.36504337299993495,False
34921533.34649151,19726886.999835968,0.0,7.0426605595446095,0.0,50.699999999999996,19.0,2.0,102.0,-45.240051028079186,1,174607666.73245755,7.0426605595446095,50.699999999999996,19.0,2.0,17.460766673245754,7.0426605595446095,50.699999999999996,19.0,0.043478260869565216,17.460766673245754,7.0426605595446095,50.699999999999996,19.0,0.043478260869565216,37,PREDICTIVE,CV mobility,cv,42,0.36504337299993495,False
36602394.154759094,20394562.64224675,0.0,7.124543049636073,0.0,50.699999999999996,19.0,0.0,102.0,-44.274259872984366,0,183011970.7737955,7.124543049636073,50.699999999999996,19.0,0.0,18.30119707737955,7.124543049636073,50.699999999999996,19.0,0.0,18.30119707737955,7.124543049636073,50.699999999999996,19.0,0.0,38,PREDICTIVE,CV mobility,cv,42,0.36504337299993495,False
39643457.46527077,19243636.139411986,0.0,7.163849529551851,0.0,50.699999999999996,19.0,0.0,102.0,-42.714421737812756,0,198217287.32635385,7.163849529551851,50.699999999999996,19.0,0.0,19.821728732635385,7.163849529551851,50.699999999999996,19.0,0.0,19.821728732635385,7.163849529551851,50.699999999999996,19.0,0.0,39,PREDICTIVE,CV mobility,cv,42,0.36504337299993495,False
41401129.8854528,18474381.06843268,0.0,7.200920503853119,0.0,50.699999999999996,19.0,4.0,106.0,-41.8854710751596,1,207005649.427264,7.200920503853119,50.699999999999996,19.0,4.0,20.700564942726402,7.200920503853119,50.699999999999996,19.0,0.08695652173913043,20.700564942726402,7.200920503853119,50.699999999999996,19.0,0.08695652173913043,40,PREDICTIVE,CV mobility,cv,42,0.36504337299993495,False
38626290.67569037,16136233.059231147,0.0,7.240889644218527,0.0,50.699999999999996,19.0,2.0,108.0,-43.18944327880584,1,193131453.37845182,7.240889644218527,50.699999999999996,19.0,2.0,19.31314533784518,7.240889644218527,50.699999999999996,19.0,0.043478260869565216,19.31314533784518,7.240889644218527,50.699999999999996,19.0,0.043478260869565216,41,PREDICTIVE,CV mobility,cv,42,0.36504337299993495,False
32298646.68303007,15970624.984185504,0.0,7.28437707313701,0.0,47.14999999999999,19.0,8.0,116.0,-42.890212628826205,1,161493233.41515034,7.28437707313701,47.14999999999999,19.0,8.0,16.149323341515036,7.28437707313701,47.14999999999999,19.0,0.17391304347826086,16.149323341515036,7.28437707313701,47.14999999999999,19.0,0.17391304347826086,42,PREDICTIVE,CV mobility,cv,42,0.36504337299993495,False
24986656.518286243,16123931.778036833,0.0,7.320667068142355,0.0,43.599999999999994,19.0,2.0,118.0,-42.82948293358408,1,124933282.59143122,7.320667068142355,43.599999999999994,19.0,2.0,12.493328259143121,7.320667068142355,43.599999999999994,19.0,0.043478260869565216,12.493328259143121,7.320667068142355,43.599999999999994,19.0,0.043478260869565216,43,PREDICTIVE,CV mobility,cv,42,0.36504337299993495,False
24214090.432711978,16442082.916822724,0.0,7.33614474974109,0.0,43.599999999999994,19.0,0.0,118.0,-43.156810033902914,0,121070452.16355988,7.33614474974109,43.599999999999994,19.0,0.0,12.107045216355989,7.33614474974109,43.599999999999994,19.0,0.0,12.107045216355989,7.33614474974109,43.599999999999994,19.0,0.0,44,PREDICTIVE,CV mobility,cv,42,0.36504337299993495,False
23726935.808601208,16799407.19092188,0.0,7.329555894057215,0.0,43.599999999999994,19.0,0.0,118.0,-43.40697620164218,0,118634679.04300603,7.329555894057215,43.599999999999994,19.0,0.0,11.863467904300602,7.329555894057215,43.599999999999994,19.0,0.0,11.863467904300602,7.329555894057215,43.599999999999994,19.0,0.0,45,PREDICTIVE,CV mobility,cv,42,0.36504337299993495,False
23391179.122235913,16873490.07252433,0.0,7.300891312985536,0.0,43.599999999999994,19.0,0.0,118.0,-43.603519125896504,0,116955895.61117956,7.300891312985536,43.599999999999994,19.0,0.0,11.695589561117956,7.300891312985536,43.599999999999994,19.0,0.0,11.695589561117956,7.300891312985536,43.599999999999994,19.0,0.0,46,PREDICTIVE,CV mobility,cv,42,0.36504337299993495,False
23148487.990838367,16814162.539878,0.0,7.2503747297953165,0.0,43.599999999999994,19.0,0.0,118.0,-43.775381274785495,0,115742439.95419183,7.2503747297953165,43.599999999999994,19.0,0.0,11.574243995419183,7.2503747297953165,43.599999999999994,19.0,0.0,11.574243995419183,7.2503747297953165,43.599999999999994,19.0,0.0,47,PREDICTIVE,CV mobility,cv,42,0.36504337299993495,False
22415809.264333088,16262750.124585638,0.0,7.176907548716475,0.0,43.599999999999994,19.0,2.0,120.0,-44.25866607998654,1,112079046.32166544,7.176907548716475,43.599999999999994,19.0,2.0,11.207904632166544,7.176907548716475,43.599999999999994,19.0,0.043478260869565216,11.207904632166544,7.176907548716475,43.599999999999994,19.0,0.043478260869565216,48,PREDICTIVE,CV mobility,cv,42,0.36504337299993495,False
21850173.778020047,16048526.021881433,0.0,7.0761669177270425,0.0,50.699999999999996,19.0,6.0,126.0,-51.829180975871616,1,109250868.89010024,7.0761669177270425,50.699999999999996,19.0,6.0,10.925086889010023,7.0761669177270425,50.699999999999996,19.0,0.13043478260869565,10.925086889010023,7.0761669177270425,50.699999999999996,19.0,0.13043478260869565,49,PREDICTIVE,CV mobility,cv,42,0.36504337299993495,False
22556122.157155346,17187040.24837475,0.0,6.938423337776611,0.0,50.699999999999996,19.0,0.0,126.0,-51.483515583645705,0,112780610.78577673,6.938423337776611,50.699999999999996,19.0,0.0,11.278061078577673,6.938423337776611,50.699999999999996,19.0,0.0,11.278061078577673,6.938423337776611,50.699999999999996,19.0,0.0,50,PREDICTIVE,CV mobility,cv,42,0.36504337299993495,False
23233872.65479516,17832798.656250127,0.0,6.746109897783251,0.0,54.25,19.0,2.0,128.0,-54.93043203568873,1,116169363.27397579,6.746109897783251,54.25,19.0,2.0,11.616936327397578,6.746109897783251,54.25,19.0,0.043478260869565216,11.616936327397578,6.746109897783251,54.25,19.0,0.043478260869565216,51,PREDICTIVE,CV mobility,cv,42,0.36504337299993495,False
23293624.89591522,18036941.801394776,0.0,7.225377195584098,0.0,54.25,19.0,4.0,132.0,-54.46476687819742,1,116468124.47957611,7.225377195584098,54.25,19.0,4.0,11.646812447957611,7.225377195584098,54.25,19.0,0.08695652173913043,11.646812447957611,7.225377195584098,54.25,19.0,0.08695652173913043,52,PREDICTIVE,CV mobility,cv,42,0.36504337299993495,False
22007878.572476067,17189690.178860813,0.0,7.13537120000731,0.0,54.25,19.0,2.0,134.0,-55.15416777462422,1,110039392.86238033,7.13537120000731,54.25,19.0,2.0,11.003939286238033,7.13537120000731,54.25,19.0,0.043478260869565216,11.003939286238033,7.13537120000731,54.25,19.0,0.043478260869565216,53,PREDICTIVE,CV mobility,cv,42,0.36504337299993495,False
21686156.447117094,16810312.117116373,0.0,6.946209611705298,0.0,54.25,19.0,0.0,134.0,-55.46071216473616,0,108430782.23558547,6.946209611705298,54.25,19.0,0.0,10.843078223558546,6.946209611705298,54.25,19.0,0.0,10.843078223558546,6.946209611705298,54.25,19.0,0.0,54,PREDICTIVE,CV mobility,cv,42,0.36504337299993495,False
21380414.21317982,15702203.573071448,0.0,6.633231015239716,0.0,54.25,19.0,2.0,136.0,-55.97004013903994,1,106902071.0658991,6.633231015239716,54.25,19.0,2.0,10.690207106589911,6.633231015239716,54.25,19.0,0.043478260869565216,10.690207106589911,6.633231015239716,54.25,19.0,0.043478260869565216,55,PREDICTIVE,CV mobility,cv,42,0.36504337299993495,False
22763156.87116394,12391115.799051626,0.0,6.153399826849233,0.0,54.25,19.0,2.0,138.0,-55.75849999843836,1,113815784.35581969,6.153399826849233,54.25,19.0,2.0,11.381578435581968,6.153399826849233,54.25,19.0,0.043478260869565216,11.381578435581968,6.153399826849233,54.25,19.0,0.043478260869565216,56,PREDICTIVE,CV mobility,cv,42,0.36504337299993495,False
22344650.715520583,11558938.36450918,0.0,5.347992068221981,0.0,54.25,19.0,4.0,142.0,-56.81663909575686,1,111723253.57760292,5.347992068221981,54.25,19.0,4.0,11.172325357760291,5.347992068221981,54.25,19.0,0.08695652173913043,11.172325357760291,5.347992068221981,54.25,19.0,0.08695652173913043,57,PREDICTIVE,CV mobility,cv,42,0.36504337299993495,False
24199722.129747353,13092587.134555286,0.0,6.240126921905436,0.0,57.8,19.0,4.0,146.0,-58.546968534960016,1,120998610.64873677,6.240126921905436,57.8,19.0,4.0,12.099861064873677,6.240126921905436,57.8,19.0,0.08695652173913043,12.099861064873677,6.240126921905436,57.8,19.0,0.08695652173913043,58,PREDICTIVE,CV mobility,cv,42,0.36504337299993495,False
26843206.006017834,16952251.441758618,0.0,6.551408989355421,0.0,57.8,19.0,2.0,148.0,-56.870466268505226,1,134216030.03008917,6.551408989355421,57.8,19.0,2.0,13.421603003008917,6.551408989355421,57.8,19.0,0.043478260869565216,13.421603003008917,6.551408989355421,57.8,19.0,0.043478260869565216,59,PREDICTIVE,CV mobility,cv,42,0.36504337299993495,False
28651082.89528972,18014251.48083664,0.0,6.832007592346156,0.0,57.8,19.0,2.0,150.0,-55.68592922087855,1,143255414.4764486,6.832007592346156,57.8,19.0,2.0,14.32554144764486,6.832007592346156,57.8,19.0,0.043478260869565216,14.32554144764486,6.832007592346156,57.8,19.0,0.043478260869565216,60,PREDICTIVE,CV mobility,cv,42,0.36504337299993495,False
28991926.18921579,12815272.106070831,0.0,7.051445903648602,0.0,54.25,19.0,2.0,152.0,-51.74606926261306,1,144959630.94607896,7.051445903648602,54.25,19.0,2.0,14.495963094607896,7.051445903648602,54.25,19.0,0.043478260869565216,14.495963094607896,7.051445903648602,54.25,19.0,0.043478260869565216,61,PREDICTIVE,CV mobility,cv,42,0.36504337299993495,False
30307761.939843267,13389293.43103358,0.0,7.477211415978301,0.0,50.699999999999996,19.0,4.0,156.0,-47.15586413583919,1,151538809.69921634,7.477211415978301,50.699999999999996,19.0,4.0,15.153880969921634,7.477211415978301,50.699999999999996,19.0,0.08695652173913043,15.153880969921634,7.477211415978301,50.699999999999996,19.0,0.08695652173913043,62,PREDICTIVE,CV mobility,cv,42,0.36504337299993495,False
27564438.927959323,10624864.99839353,0.0,7.5742595200911795,0.0,50.699999999999996,19.0,2.0,158.0,-48.38699927679871,1,137822194.6397966,7.5742595200911795,50.699999999999996,19.0,2.0,13.782219463979661,7.5742595200911795,50.699999999999996,19.0,0.043478260869565216,13.782219463979661,7.5742595200911795,50.699999999999996,19.0,0.043478260869565216,63,PREDICTIVE,CV mobility,cv,42,0.36504337299993495,False
26525847.1895682,11230690.373307247,0.0,7.598021292098055,0.0,50.699999999999996,19.0,0.0,158.0,-48.83905511311784,0,132629235.94784099,7.598021292098055,50.699999999999996,19.0,0.0,13.262923594784098,7.598021292098055,50.699999999999996,19.0,0.0,13.262923594784098,7.598021292098055,50.699999999999996,19.0,0.0,64,PREDICTIVE,CV mobility,cv,42,0.36504337299993495,False
24393848.920846112,9236415.831577852,0.0,7.557093219771891,0.0,50.699999999999996,19.0,2.0,160.0,-49.9894605806746,1,121969244.60423055,7.557093219771891,50.699999999999996,19.0,2.0,12.196924460423055,7.557093219771891,50.699999999999996,19.0,0.043478260869565216,12.196924460423055,7.557093219771891,50.699999999999996,19.0,0.043478260869565216,65,PREDICTIVE,CV mobility,cv,42,0.36504337299993495,False
20739613.3748161,8779790.64341879,0.0,7.453431422633267,0.0,47.15,19.0,4.0,164.0,-48.41371841169782,1,103698066.87408051,7.453431422633267,47.15,19.0,4.0,10.369806687408051,7.453431422633267,47.15,19.0,0.08695652173913043,10.369806687408051,7.453431422633267,47.15,19.0,0.08695652173913043,66,PREDICTIVE,CV mobility,cv,42,0.36504337299993495,False
22388004.650283173,10238942.56980381,0.0,7.282202928158872,0.0,47.15,19.0,0.0,164.0,-47.67379474669955,0,111940023.25141586,7.282202928158872,47.15,19.0,0.0,11.194002325141586,7.282202928158872,47.15,19.0,0.0,11.194002325141586,7.282202928158872,47.15,19.0,0.0,67,PREDICTIVE,CV mobility,cv,42,0.36504337299993495,False
23368945.47618895,11339569.779039469,0.0,7.032953393660251,0.0,47.15,19.0,2.0,166.0,-47.47605212911485,1,116844727.38094474,7.032953393660251,47.15,19.0,2.0,11.684472738094474,7.032953393660251,47.15,19.0,0.043478260869565216,11.684472738094474,7.032953393660251,47.15,19.0,0.043478260869565216,68,PREDICTIVE,CV mobility,cv,42,0.36504337299993495,False
24614007.05551938,10617222.844965354,0.0,6.69476132177155,0.0,47.15,19.0,2.0,168.0,-47.19171341133833,1,123070035.2775969,6.69476132177155,47.15,19.0,2.0,12.30700352775969,6.69476132177155,47.15,19.0,0.043478260869565216,12.30700352775969,6.69476132177155,47.15,19.0,0.043478260869565216,69,PREDICTIVE,CV mobility,cv,42,0.36504337299993495,False
26456863.921018485,11145174.398801079,0.0,6.276316022070402,0.0,47.15,19.0,0.0,168.0,-46.64525201742036,0,132284319.60509242,6.276316022070402,47.15,19.0,0.0,13.228431960509242,6.276316022070402,47.15,19.0,0.0,13.228431960509242,6.276316022070402,47.15,19.0,0.0,70,PREDICTIVE,CV mobility,cv,42,0.36504337299993495,False
28485581.048175715,10955955.961966923,0.0,4.550063897742789,0.0,47.15,19.0,4.0,172.0,-47.44410209990849,1,142427905.24087858,4.550063897742789,47.15,19.0,4.0,14.242790524087859,4.550063897742789,47.15,19.0,0.08695652173913043,14.242790524087859,4.550063897742789,47.15,19.0,0.08695652173913043,71,PREDICTIVE,CV mobility,cv,42,0.36504337299993495,False
30660087.064418327,11286535.871224098,0.0,4.4121087289910115,0.0,47.15,19.0,0.0,172.0,-46.40784773879983,0,153300435.32209164,4.4121087289910115,47.15,19.0,0.0,15.330043532209164,4.4121087289910115,47.15,19.0,0.0,15.330043532209164,4.4121087289910115,47.15,19.0,0.0,72,PREDICTIVE,CV mobility,cv,42,0.36504337299993495,False
33193972.386982583,11610852.006243747,0.0,4.655826726622048,0.0,47.15,19.0,0.0,172.0,-44.89718707988666,0,165969861.93491292,4.655826726622048,47.15,19.0,0.0,16.596986193491293,4.655826726622048,47.15,19.0,0.0,16.596986193491293,4.655826726622048,47.15,19.0,0.0,73,PREDICTIVE,CV mobility,cv,42,0.36504337299993495,False
19418203.308820777,13519914.77578225,0.0,5.051765063335389,0.0,47.15,19.0,4.0,176.0,-51.47608980399336,1,97091016.54410389,5.051765063335389,47.15,19.0,4.0,9.70910165441039,5.051765063335389,47.15,19.0,0.08695652173913043,9.70910165441039,5.051765063335389,47.15,19.0,0.08695652173913043,74,PREDICTIVE,CV mobility,cv,42,0.36504337299993495,False
19991486.876552053,7404159.991685186,0.0,5.418900530789339,0.0,47.15,19.0,2.0,178.0,-50.7788342918042,1,99957434.38276027,5.418900530789339,47.15,19.0,2.0,9.995743438276028,5.418900530789339,47.15,19.0,0.043478260869565216,9.995743438276028,5.418900530789339,47.15,19.0,0.043478260869565216,75,PREDICTIVE,CV mobility,cv,42,0.36504337299993495,False
20724559.811482854,7443652.718252179,0.0,5.71306460670699,0.0,47.15,19.0,2.0,180.0,-50.11813374842115,1,103622799.05741426,5.71306460670699,47.15,19.0,2.0,10.362279905741426,5.71306460670699,47.15,19.0,0.043478260869565216,10.362279905741426,5.71306460670699,47.15,19.0,0.043478260869565216,76,PREDICTIVE,CV mobility,cv,42,0.36504337299993495,False
21360214.123630077,8197838.361371208,0.0,6.434459566354736,0.0,50.699999999999996,19.0,4.0,184.0,-52.672389893569346,1,106801070.61815038,6.434459566354736,50.699999999999996,19.0,4.0,10.680107061815038,6.434459566354736,50.699999999999996,19.0,0.08695652173913043,10.680107061815038,6.434459566354736,50.699999999999996,19.0,0.08695652173913043,77,PREDICTIVE,CV mobility,cv,42,0.36504337299993495,False
21103087.24013428,8793680.420530634,0.0,6.543826285756707,0.0,50.699999999999996,19.0,0.0,184.0,-52.604630094176144,0,105515436.2006714,6.543826285756707,50.699999999999996,19.0,0.0,10.551543620067141,6.543826285756707,50.699999999999996,19.0,0.0,10.551543620067141,6.543826285756707,50.699999999999996,19.0,0.0,78,PREDICTIVE,CV mobility,cv,42,0.36504337299993495,False
16051186.20487018,9868913.247152643,0.0,6.607218645562929,0.0,47.14999999999999,19.0,2.0,186.0,-51.560666512871535,1,80255931.0243509,6.607218645562929,47.14999999999999,19.0,2.0,8.02559310243509,6.607218645562929,47.14999999999999,19.0,0.043478260869565216,8.02559310243509,6.607218645562929,47.14999999999999,19.0,0.043478260869565216,79,PREDICTIVE,CV mobility,cv,42,0.36504337299993495,False
16153217.684208613,9040572.085985232,0.0,5.701110349645574,0.0,50.699999999999996,19.0,6.0,192.0,-56.0527155908588,1,80766088.42104307,5.701110349645574,50.699999999999996,19.0,6.0,8.076608842104307,5.701110349645574,50.699999999999996,19.0,0.13043478260869565,8.076608842104307,5.701110349645574,50.699999999999996,19.0,0.13043478260869565,80,PREDICTIVE,CV mobility,cv,42,0.36504337299993495,False
15165023.634102726,9849334.49948054,0.0,5.713254112678836,0.0,50.699999999999996,19.0,2.0,194.0,-56.44771233113936,1,75825118.17051363,5.713254112678836,50.699999999999996,19.0,2.0,7.582511817051363,5.713254112678836,50.699999999999996,19.0,0.043478260869565216,7.582511817051363,5.713254112678836,50.699999999999996,19.0,0.043478260869565216,81,PREDICTIVE,CV mobility,cv,42,0.36504337299993495,False
15231932.894986767,10950565.958327193,0.0,5.73098369420193,0.0,50.699999999999996,19.0,0.0,194.0,-56.35304985830467,0,76159664.47493383,5.73098369420193,50.699999999999996,19.0,0.0,7.615966447493383,5.73098369420193,50.699999999999996,19.0,0.0,7.615966447493383,5.73098369420193,50.699999999999996,19.0,0.0,82,PREDICTIVE,CV mobility,cv,42,0.36504337299993495,False
37279457.25151419,10575194.2949589,0.0,5.7573514902163145,0.0,50.699999999999996,19.0,4.0,198.0,-45.38987640576571,1,186397286.25757095,5.7573514902163145,50.699999999999996,19.0,4.0,18.639728625757094,5.7573514902163145,50.699999999999996,19.0,0.08695652173913043,18.639728625757094,5.7573514902163145,50.699999999999996,19.0,0.08695652173913043,83,PREDICTIVE,CV mobility,cv,42,0.36504337299993495,False
40922728.31225033,10572837.552087644,0.0,5.797169882047824,0.0,50.699999999999996,19.0,2.0,200.0,-43.48494422269656,1,204613641.56125164,5.797169882047824,50.699999999999996,19.0,2.0,20.461364156125164,5.797169882047824,50.699999999999996,19.0,0.043478260869565216,20.461364156125164,5.797169882047824,50.699999999999996,19.0,0.043478260869565216,84,PREDICTIVE,CV mobility,cv,42,0.36504337299993495,False
36397544.86313445,11670637.405675374,0.0,5.8576433747049155,0.0,50.699999999999996,19.0,0.0,200.0,-45.64358419372785,0,181987724.31567225,5.8576433747049155,50.699999999999996,19.0,0.0,18.198772431567225,5.8576433747049155,50.699999999999996,19.0,0.0,18.198772431567225,5.8576433747049155,50.699999999999996,19.0,0.0,85,PREDICTIVE,CV mobility,cv,42,0.36504337299993495,False
33284593.328836214,12233234.636108726,0.0,5.948032144229171,0.0,50.7,19.0,4.0,204.0,-47.19662771309186,1,166422966.64418107,5.948032144229171,50.7,19.0,4.0,16.642296664418108,5.948032144229171,50.7,19.0,0.08695652173913043,16.642296664418108,5.948032144229171,50.7,19.0,0.08695652173913043,86,PREDICTIVE,CV mobility,cv,42,0.36504337299993495,False
31233724.74186231,12330678.75762853,0.0,6.075578781779726,0.0,50.7,19.0,0.0,204.0,-48.00755884728912,0,156168623.70931154,6.075578781779726,50.7,19.0,0.0,15.616862370931155,6.075578781779726,50.7,19.0,0.0,15.616862370931155,6.075578781779726,50.7,19.0,0.0,87,PREDICTIVE,CV mobility,cv,42,0.36504337299993495,False
29704292.8384381,10500130.333624443,0.0,6.234402718221595,0.0,50.7,19.0,2.0,206.0,-48.656929123428924,1,148521464.1921905,6.234402718221595,50.7,19.0,2.0,14.85214641921905,6.234402718221595,50.7,19.0,0.043478260869565216,14.85214641921905,6.234402718221595,50.7,19.0,0.043478260869565216,88,PREDICTIVE,CV mobility,cv,42,0.36504337299993495,False
30224938.004932128,10569470.05557568,0.0,6.394405449577812,0.0,50.7,19.0,0.0,206.0,-48.19312554795613,0,151124690.02466065,6.394405449577812,50.7,19.0,0.0,15.112469002466066,6.394405449577812,50.7,19.0,0.0,15.112469002466066,6.394405449577812,50.7,19.0,0.0,89,PREDICTIVE,CV mobility,cv,42,0.36504337299993495,False
23739649.739110313,10973082.895060522,0.0,6.514567478703579,0.0,47.150000000000006,19.0,2.0,208.0,-47.80908591261083,1,118698248.69555157,6.514567478703579,47.150000000000006,19.0,2.0,11.869824869555158,6.514567478703579,47.150000000000006,19.0,0.043478260869565216,11.869824869555158,6.514567478703579,47.150000000000006,19.0,0.043478260869565216,90,PREDICTIVE,CV mobility,cv,42,0.36504337299993495,False
23983957.203668322,12226755.870283384,0.0,6.575074007589336,0.0,50.7,19.0,2.0,210.0,-51.17642565144607,1,119919786.01834162,6.575074007589336,50.7,19.0,2.0,11.99197860183416,6.575074007589336,50.7,19.0,0.043478260869565216,11.99197860183416,6.575074007589336,50.7,19.0,0.043478260869565216,91,PREDICTIVE,CV mobility,cv,42,0.36504337299993495,False
21240333.712102324,9106961.146056611,0.0,6.575025048841468,0.0,47.150000000000006,19.0,6.0,216.0,-49.08524287771607,1,106201668.56051162,6.575025048841468,47.150000000000006,19.0,6.0,10.620166856051162,6.575025048841468,47.150000000000006,19.0,0.13043478260869565,10.620166856051162,6.575025048841468,47.150000000000006,19.0,0.13043478260869565,92,PREDICTIVE,CV mobility,cv,42,0.36504337299993495,False
23289779.96012851,9782697.412618298,0.0,6.5057777618416965,0.0,47.150000000000006,19.0,0.0,216.0,-47.99933225809406,0,116448899.80064254,6.5057777618416965,47.150000000000006,19.0,0.0,11.644889980064253,6.5057777618416965,47.150000000000006,19.0,0.0,11.644889980064253,6.5057777618416965,47.150000000000006,19.0,0.0,93,PREDICTIVE,CV mobility,cv,42,0.36504337299993495,False
26693963.326526556,10143742.093503933,0.0,6.3656152884400345,0.0,47.150000000000006,19.0,0.0,216.0,-46.437403048296694,0,133469816.63263278,6.3656152884400345,47.150000000000006,19.0,0.0,13.346981663263279,6.3656152884400345,47.150000000000006,19.0,0.0,13.346981663263279,6.3656152884400345,47.150000000000006,19.0,0.0,94,PREDICTIVE,CV mobility,cv,42,0.36504337299993495,False
29059324.65999893,9675426.432304306,0.0,6.197661778996988,0.0,47.150000000000006,19.0,2.0,218.0,-45.46615415187311,1,145296623.29999465,6.197661778996988,47.150000000000006,19.0,2.0,14.529662329999464,6.197661778996988,47.150000000000006,19.0,0.043478260869565216,14.529662329999464,6.197661778996988,47.150000000000006,19.0,0.043478260869565216,95,PREDICTIVE,CV mobility,cv,42,0.36504337299993495,False
50850370.69944759,5483932.676194064,0.0,6.059373193407809,0.0,47.150000000000006,19.0,4.0,222.0,-34.75239797860754,1,254251853.49723795,6.059373193407809,47.150000000000006,19.0,4.0,25.425185349723794,6.059373193407809,47.150000000000006,19.0,0.08695652173913043,25.425185349723794,6.059373193407809,47.150000000000006,19.0,0.08695652173913043,96,PREDICTIVE,CV mobility,cv,42,0.36504337299993495,False
42162716.573647745,7736062.760134206,0.0,5.970278234117754,0.0,43.6,19.0,4.0,226.0,-35.63532000079751,1,210813582.86823872,5.970278234117754,43.6,19.0,4.0,21.08135828682387,5.970278234117754,43.6,19.0,0.08695652173913043,21.08135828682387,5.970278234117754,43.6,19.0,0.08695652173913043,97,PREDICTIVE,CV mobility,cv,42,0.36504337299993495,False
43432725.73788391,9009470.18843379,0.0,6.499945587472213,0.0,43.6,19.0,6.0,232.0,-34.51412632619453,1,217163628.68941954,6.499945587472213,43.6,19.0,6.0,21.716362868941953,6.499945587472213,43.6,19.0,0.13043478260869565,21.716362868941953,6.499945587472213,43.6,19.0,0.13043478260869565,98,PREDICTIVE,CV mobility,cv,42,0.36504337299993495,False
22081963.94993818,10552864.670880688,0.0,6.648981148207357,0.0,43.6,19.0,2.0,234.0,-44.95351513769312,1,110409819.7496909,6.648981148207357,43.6,19.0,2.0,11.04098197496909,6.648981148207357,43.6,19.0,0.043478260869565216,11.04098197496909,6.648981148207357,43.6,19.0,0.043478260869565216,99,PREDICTIVE,CV mobility,cv,42,0.36504337299993495,False
66088046.773487546,16923844.820368215,0.0,5.333816217159404,0.0,47.14999999999999,19.0,0.0,0.0,-27.772160396096815,0,330440233.8674377,5.333816217159404,47.14999999999999,19.0,0.0,33.044023386743774,5.333816217159404,47.14999999999999,19.0,0.0,33.044023386743774,5.333816217159404,47.14999999999999,19.0,0.0,0,PREDICTIVE+CHURN,CV mobility,cv,42,1.8873584809989552,True
52424928.76221856,15656252.34153944,0.0,5.498797850540012,0.0,47.14999999999999,19.0,0.0,0.0,-34.438737768350705,0,262124643.8110928,5.498797850540012,47.14999999999999,19.0,0.0,26.212464381109278,5.498797850540012,47.14999999999999,19.0,0.0,26.212464381109278,5.498797850540012,47.14999999999999,19.0,0.0,1,PREDICTIVE+CHURN,CV mobility,cv,42,1.8873584809989552,True
46024132.79626535,15780117.017046656,0.0,5.6802668038859085,0.0,47.14999999999999,19.0,0.0,0.0,-37.45766679798141,0,230120663.98132676,5.6802668038859085,47.14999999999999,19.0,0.0,23.012066398132674,5.6802668038859085,47.14999999999999,19.0,0.0,23.012066398132674,5.6802668038859085,47.14999999999999,19.0,0.0,2,PREDICTIVE+CHURN,CV mobility,cv,42,1.8873584809989552,True
37582339.83635874,16644449.678356566,0.0,5.858393272639885,0.0,47.14999999999999,19.0,0.0,0.0,-41.50043680918074,0,187911699.1817937,5.858393272639885,47.14999999999999,19.0,0.0,18.791169918179367,5.858393272639885,47.14999999999999,19.0,0.0,18.791169918179367,5.858393272639885,47.14999999999999,19.0,0.0,3,PREDICTIVE+CHURN,CV mobility,cv,42,1.8873584809989552,True
32116244.47540906,17094731.78591997,0.0,5.996917037000827,0.0,47.14999999999999,19.0,0.0,0.0,-44.094960725294634,0,160581222.3770453,5.996917037000827,47.14999999999999,19.0,0.0,16.05812223770453,5.996917037000827,47.14999999999999,19.0,0.0,16.05812223770453,5.996917037000827,47.14999999999999,19.0,0.0,4,PREDICTIVE+CHURN,CV mobility,cv,42,1.8873584809989552,True
27958677.65995381,17656654.99919008,0.0,4.623394459928656,0.0,43.599999999999994,19.0,12.0,12.0,-44.25813627531183,1,139793388.29976904,4.623394459928656,43.599999999999994,19.0,12.0,13.979338829976905,4.623394459928656,43.599999999999994,19.0,0.2608695652173913,13.979338829976905,4.623394459928656,43.599999999999994,19.0,0.2608695652173913,5,PREDICTIVE+CHURN,CV mobility,cv,42,1.8873584809989552,True
30805727.825743698,17978541.765262865,0.0,4.553106668276781,0.0,43.599999999999994,19.0,0.0,12.0,-42.64402941885136,0,154028639.1287185,4.553106668276781,43.599999999999994,19.0,0.0,15.40286391287185,4.553106668276781,43.599999999999994,19.0,0.0,15.40286391287185,4.553106668276781,43.599999999999994,19.0,0.0,6,PREDICTIVE+CHURN,CV mobility,cv,42,1.8873584809989552,True
35623366.47483264,18031044.03033069,0.0,5.160853407801302,0.0,43.599999999999994,19.0,0.0,12.0,-39.62746335478237,0,178116832.3741632,5.160853407801302,43.599999999999994,19.0,0.0,17.81168323741632,5.160853407801302,43.599999999999994,19.0,0.0,17.81168323741632,5.160853407801302,43.599999999999994,19.0,0.0,7,PREDICTIVE+CHURN,CV mobility,cv,42,1.8873584809989552,True
36625394.84381322,17819986.792659476,0.0,5.63901072922743,0.0,43.599999999999994,19.0,0.0,12.0,-38.64829184886595,0,183126974.21906608,5.63901072922743,43.599999999999994,19.0,0.0,18.31269742190661,5.63901072922743,43.599999999999994,19.0,0.0,18.31269742190661,5.63901072922743,43.599999999999994,19.0,0.0,8,PREDICTIVE+CHURN,CV mobility,cv,42,1.8873584809989552,True
35010305.64340605,17420416.547890753,0.0,5.904785362576714,0.0,43.599999999999994,19.0,0.0,12.0,-39.190061815720256,0,175051528.21703023,5.904785362576714,43.599999999999994,19.0,0.0,17.50515282170302,5.904785362576714,43.599999999999994,19.0,0.0,17.50515282170302,5.904785362576714,43.599999999999994,19.0,0.0,9,PREDICTIVE+CHURN,CV mobility,cv,42,1.8873584809989552,True
31273499.365104813,17069472.399702244,0.0,6.02948433031463,0.0,43.599999999999994,19.0,0.0,12.0,-40.93376598713296,0,156367496.82552406,6.02948433031463,43.599999999999994,19.0,0.0,15.636749682552406,6.02948433031463,43.599999999999994,19.0,0.0,15.636749682552406,6.02948433031463,43.599999999999994,19.0,0.0,10,PREDICTIVE+CHURN,CV mobility,cv,42,1.8873584809989552,False
27302192.180490296,16570532.930034783,0.0,6.069223207132879,0.0,43.599999999999994,19.0,0.0,12.0,-42.87968070262197,0,136510960.9024515,6.069223207132879,43.599999999999994,19.0,0.0,13.651096090245149,6.069223207132879,43.599999999999994,19.0,0.0,13.651096090245149,6.069223207132879,43.599999999999994,19.0,0.0,11,PREDICTIVE+CHURN,CV mobility,cv,42,1.8873584809989552,False
24262931.737663526,15939279.95240652,0.0,6.05974783774823,0.0,43.599999999999994,19.0,0.0,12.0,-44.40878629342,0,121314658.68831763,6.05974783774823,43.599999999999994,19.0,0.0,12.131465868831762,6.05974783774823,43.599999999999994,19.0,0.0,12.131465868831762,6.05974783774823,43.599999999999994,19.0,0.0,12,PREDICTIVE+CHURN,CV mobility,cv,42,1.8873584809989552,False
21934895.9349689,15269609.604901245,0.0,6.023184074597646,0.0,43.599999999999994,19.0,0.0,12.0,-45.6093679579179,0,109674479.6748445,6.023184074597646,43.599999999999994,19.0,0.0,10.96744796748445,6.023184074597646,43.599999999999994,19.0,0.0,10.96744796748445,6.023184074597646,43.599999999999994,19.0,0.0,13,PREDICTIVE+CHURN,CV mobility,cv,42,1.8873584809989552,False
20017795.191988442,14522543.285927886,0.0,5.973061010585353,0.0,43.599999999999994,19.0,0.0,12.0,-46.61804139342042,0,100088975.9599422,5.973061010585353,43.599999999999994,19.0,0.0,10.00889759599422,5.973061010585353,43.599999999999994,19.0,0.0,10.00889759599422,5.973061010585353,43.599999999999994,19.0,0.0,14,PREDICTIVE+CHURN,CV mobility,cv,42,1.8873584809989552,False
19195273.475543298,12388167.784385132,0.0,5.917525574274635,0.0,43.599999999999994,19.0,0.0,12.0,-47.08483768795371,0,95976367.3777165,5.917525574274635,43.599999999999994,19.0,0.0,9.59763673777165,5.917525574274635,43.599999999999994,19.0,0.0,9.59763673777165,5.917525574274635,43.599999999999994,19.0,0.0,15,PREDICTIVE+CHURN,CV mobility,cv,42,1.8873584809989552,False
18616355.97029714,9576280.414602233,0.0,5.861375344158459,0.0,43.599999999999994,19.0,0.0,12.0,-47.430446670692966,0,93081779.8514857,5.861375344158459,43.599999999999994,19.0,0.0,9.30817798514857,5.861375344158459,43.599999999999994,19.0,0.0,9.30817798514857,5.861375344158459,43.599999999999994,19.0,0.0,16,PREDICTIVE+CHURN,CV mobility,cv,42,1.8873584809989552,False
15496494.868031928,9030380.488034898,0.0,4.818927973617921,0.0,43.599999999999994,19.0,24.0,36.0,-50.55456372280089,1,77482474.34015964,4.818927973617921,43.599999999999994,19.0,24.0,7.748247434015964,4.818927973617921,43.599999999999994,19.0,0.5217391304347826,7.748247434015964,4.818927973617921,43.599999999999994,19.0,0.5217391304347826,17,PREDICTIVE+CHURN,CV mobility,cv,42,1.8873584809989552,False
16423157.591761772,9190512.502550129,0.0,5.869496806732637,0.0,43.599999999999994,19.0,0.0,36.0,-48.51892439738647,0,82115787.95880885,5.869496806732637,43.599999999999994,19.0,0.0,8.211578795880886,5.869496806732637,43.599999999999994,19.0,0.0,8.211578795880886,5.869496806732637,43.599999999999994,19.0,0.0,18,PREDICTIVE+CHURN,CV mobility,cv,42,1.8873584809989552,False
17194496.1033727,9413402.082454672,0.0,6.079702328694512,0.0,43.599999999999994,19.0,0.0,36.0,-47.923049619619135,0,85972480.51686351,6.079702328694512,43.599999999999994,19.0,0.0,8.597248051686352,6.079702328694512,43.599999999999994,19.0,0.0,8.597248051686352,6.079702328694512,43.599999999999994,19.0,0.0,19,PREDICTIVE+CHURN,CV mobility,cv,42,1.8873584809989552,False
17498159.669680834,9699730.542582031,0.0,5.914702101268876,0.0,43.599999999999994,19.0,0.0,36.0,-47.9362180638907,0,87490798.34840417,5.914702101268876,43.599999999999994,19.0,0.0,8.749079834840417,5.914702101268876,43.599999999999994,19.0,0.0,8.749079834840417,5.914702101268876,43.599999999999994,19.0,0.0,20,PREDICTIVE+CHURN,CV mobility,cv,42,1.8873584809989552,False
17128003.071393583,10047709.643067742,0.0,6.097943693296836,0.0,43.599999999999994,19.0,0.0,36.0,-47.938054771006364,0,85640015.35696791,6.097943693296836,43.599999999999994,19.0,0.0,8.564001535696791,6.097943693296836,43.599999999999994,19.0,0.0,8.564001535696791,6.097943693296836,43.599999999999994,19.0,0.0,21,PREDICTIVE+CHURN,CV mobility,cv,42,1.8873584809989552,False
16322737.174999598,10457448.527220631,0.0,6.043866391577376,0.0,43.599999999999994,19.0,0.0,36.0,-48.39476502092282,0,81613685.87499799,6.043866391577376,43.599999999999994,19.0,0.0,8.1613685874998,6.043866391577376,43.599999999999994,19.0,0.0,8.1613685874998,6.043866391577376,43.599999999999994,19.0,0.0,22,PREDICTIVE+CHURN,CV mobility,cv,42,1.8873584809989552,False
15536253.675167236,10622753.180409834,0.0,5.810702562242344,0.0,43.599999999999994,19.0,0.0,36.0,-49.02117060017403,0,77681268.37583618,5.810702562242344,43.599999999999994,19.0,0.0,7.768126837583618,5.810702562242344,43.599999999999994,19.0,0.0,7.768126837583618,5.810702562242344,43.599999999999994,19.0,0.0,23,PREDICTIVE+CHURN,CV mobility,cv,42,1.8873584809989552,False
15028448.07436278,10628388.942396032,0.0,5.579557739273283,0.0,43.599999999999994,19.0,0.0,36.0,-49.50621822354532,0,75142240.37181391,5.579557739273283,43.599999999999994,19.0,0.0,7.514224037181391,5.579557739273283,43.599999999999994,19.0,0.0,7.514224037181391,5.579557739273283,43.599999999999994,19.0,0.0,24,PREDICTIVE+CHURN,CV mobility,cv,42,1.8873584809989552,False
16923860.42507496,9558175.600464862,0.0,6.140078723457394,0.0,43.59999999999999,19.0,16.0,52.0,-48.345817150961636,1,84619302.12537481,6.140078723457394,43.59999999999999,19.0,16.0,8.461930212537482,6.140078723457394,43.59999999999999,19.0,0.34782608695652173,8.461930212537482,6.140078723457394,43.59999999999999,19.0,0.34782608695652173,25,PREDICTIVE+CHURN,CV mobility,cv,42,1.8873584809989552,False
17113415.332790207,9906156.575675277,0.0,6.034739474133472,0.0,43.59999999999999,19.0,0.0,52.0,-48.00855285947141,0,85567076.66395104,6.034739474133472,43.59999999999999,19.0,0.0,8.556707666395104,6.034739474133472,43.59999999999999,19.0,0.0,8.556707666395104,6.034739474133472,43.59999999999999,19.0,0.0,26,PREDICTIVE+CHURN,CV mobility,cv,42,1.8873584809989552,False
17998768.512526087,9955258.126067234,0.0,5.977206679220267,0.0,43.59999999999999,19.0,0.0,52.0,-47.62340906451668,0,89993842.56263043,5.977206679220267,43.59999999999999,19.0,0.0,8.999384256263044,5.977206679220267,43.59999999999999,19.0,0.0,8.999384256263044,5.977206679220267,43.59999999999999,19.0,0.0,27,PREDICTIVE+CHURN,CV mobility,cv,42,1.8873584809989552,False
19024135.27501934,8196428.032969534,0.0,6.783481722763449,0.0,43.59999999999999,19.0,8.0,60.0,-46.478363683205124,1,95120676.37509671,6.783481722763449,43.59999999999999,19.0,8.0,9.51206763750967,6.783481722763449,43.59999999999999,19.0,0.17391304347826086,9.51206763750967,6.783481722763449,43.59999999999999,19.0,0.17391304347826086,28,PREDICTIVE+CHURN,CV mobility,cv,42,1.8873584809989552,False
21882339.98880607,8952380.295550738,0.0,6.824287139701338,0.0,43.59999999999999,19.0,0.0,60.0,-44.834542865895614,0,109411699.94403034,6.824287139701338,43.59999999999999,19.0,0.0,10.941169994403035,6.824287139701338,43.59999999999999,19.0,0.0,10.941169994403035,6.824287139701338,43.59999999999999,19.0,0.0,29,PREDICTIVE+CHURN,CV mobility,cv,42,1.8873584809989552,False
26051217.850424714,9743079.930183847,0.0,6.857861155661414,0.0,43.59999999999999,19.0,0.0,60.0,-42.716529919126216,0,130256089.25212358,6.857861155661414,43.59999999999999,19.0,0.0,13.025608925212358,6.857861155661414,43.59999999999999,19.0,0.0,13.025608925212358,6.857861155661414,43.59999999999999,19.0,0.0,30,PREDICTIVE+CHURN,CV mobility,cv,42,1.8873584809989552,False
31790378.38370173,10694060.069277652,0.0,6.880913897288169,0.0,43.59999999999999,19.0,0.0,60.0,-39.82389691086095,0,158951891.91850865,6.880913897288169,43.59999999999999,19.0,0.0,15.895189191850864,6.880913897288169,43.59999999999999,19.0,0.0,15.895189191850864,6.880913897288169,43.59999999999999,19.0,0.0,31,PREDICTIVE+CHURN,CV mobility,cv,42,1.8873584809989552,False
38077097.86429157,12234882.40316544,0.0,6.398972872142977,0.0,40.04999999999999,19.0,10.0,70.0,-33.829869500059054,1,190385489.32145786,6.398972872142977,40.04999999999999,19.0,10.0,19.038548932145787,6.398972872142977,40.04999999999999,19.0,0.21739130434782608,19.038548932145787,6.398972872142977,40.04999999999999,19.0,0.21739130434782608,32,PREDICTIVE+CHURN,CV mobility,cv,42,1.8873584809989552,False
44837034.23606285,13478247.380825927,0.0,6.26870391259402,0.0,40.04999999999999,19.0,0.0,70.0,-30.362778969374546,0,224185171.18031424,6.26870391259402,40.04999999999999,19.0,0.0,22.418517118031424,6.26870391259402,40.04999999999999,19.0,0.0,22.418517118031424,6.26870391259402,40.04999999999999,19.0,0.0,33,PREDICTIVE+CHURN,CV mobility,cv,42,1.8873584809989552,False
42214287.832493916,13718815.994543605,0.0,6.052433988370187,0.0,40.04999999999999,19.0,0.0,70.0,-31.890422095382846,0,211071439.16246957,6.052433988370187,40.04999999999999,19.0,0.0,21.107143916246958,6.052433988370187,40.04999999999999,19.0,0.0,21.107143916246958,6.052433988370187,40.04999999999999,19.0,0.0,34,PREDICTIVE+CHURN,CV mobility,cv,42,1.8873584809989552,False
40612411.389613315,13919782.197632184,0.0,6.3698031589814565,0.0,40.04999999999999,19.0,0.0,70.0,-32.37399114621187,0,203062056.9480666,6.3698031589814565,40.04999999999999,19.0,0.0,20.30620569480666,6.3698031589814565,40.04999999999999,19.0,0.0,20.30620569480666,6.3698031589814565,40.04999999999999,19.0,0.0,35,PREDICTIVE+CHURN,CV mobility,cv,42,1.8873584809989552,False
35915383.881829664,14096885.660016863,0.0,6.809804045168909,0.0,40.04999999999999,19.0,0.0,70.0,-34.28250401391625,0,179576919.4091483,6.809804045168909,40.04999999999999,19.0,0.0,17.95769194091483,6.809804045168909,40.04999999999999,19.0,0.0,17.95769194091483,6.809804045168909,40.04999999999999,19.0,0.0,36,PREDICTIVE+CHURN,CV mobility,cv,42,1.8873584809989552,False
32403149.061783127,14267255.334241455,0.0,7.0426605595446095,0.0,40.04999999999999,19.0,0.0,70.0,-35.80576490956381,0,162015745.30891564,7.0426605595446095,40.04999999999999,19.0,0.0,16.201574530891566,7.0426605595446095,40.04999999999999,19.0,0.0,16.201574530891566,7.0426605595446095,40.04999999999999,19.0,0.0,37,PREDICTIVE+CHURN,CV mobility,cv,42,1.8873584809989552,False
32187403.443950783,14434215.557591721,0.0,7.124543049636073,0.0,40.04999999999999,19.0,0.0,70.0,-35.83175522838852,0,160937017.21975392,7.124543049636073,40.04999999999999,19.0,0.0,16.093701721975393,7.124543049636073,40.04999999999999,19.0,0.0,16.093701721975393,7.124543049636073,40.04999999999999,19.0,0.0,38,PREDICTIVE+CHURN,CV mobility,cv,42,1.8873584809989552,False
32356423.204335503,14575044.96806562,0.0,7.163849529551851,0.0,40.04999999999999,19.0,0.0,70.0,-35.70793886828039,0,161782116.02167752,7.163849529551851,40.04999999999999,19.0,0.0,16.178211602167753,7.163849529551851,40.04999999999999,19.0,0.0,16.178211602167753,7.163849529551851,40.04999999999999,19.0,0.0,39,PREDICTIVE+CHURN,CV mobility,cv,42,1.8873584809989552,False
31667337.092213947,14656447.595394013,0.0,7.200920503853119,0.0,40.04999999999999,19.0,0.0,70.0,-36.01541095003989,0,158336685.46106973,7.200920503853119,40.04999999999999,19.0,0.0,15.833668546106974,7.200920503853119,40.04999999999999,19.0,0.0,15.833668546106974,7.200920503853119,40.04999999999999,19.0,0.0,40,PREDICTIVE+CHURN,CV mobility,cv,42,1.8873584809989552,False
29579672.553303786,14665347.544842938,0.0,7.240889644218527,0.0,40.04999999999999,19.0,0.0,70.0,-37.01927407912957,0,147898362.76651892,7.240889644218527,40.04999999999999,19.0,0.0,14.789836276651892,7.240889644218527,40.04999999999999,19.0,0.0,14.789836276651892,7.240889644218527,40.04999999999999,19.0,0.0,41,PREDICTIVE+CHURN,CV mobility,cv,42,1.8873584809989552,False
27051324.863764964,14614327.61657835,0.0,7.280042137117162,0.0,40.04999999999999,19.0,0.0,70.0,-38.244295431000346,0,135256624.31882483,7.280042137117162,40.04999999999999,19.0,0.0,13.525662431882482,7.280042137117162,40.04999999999999,19.0,0.0,13.525662431882482,7.280042137117162,40.04999999999999,19.0,0.0,42,PREDICTIVE+CHURN,CV mobility,cv,42,1.8873584809989552,False
24918434.569222637,14524909.829596512,0.0,7.31364738227839,0.0,40.04999999999999,19.0,0.0,70.0,-39.27713533311028,0,124592172.84611318,7.31364738227839,40.04999999999999,19.0,0.0,12.459217284611318,7.31364738227839,40.04999999999999,19.0,0.0,12.459217284611318,7.31364738227839,40.04999999999999,19.0,0.0,43,PREDICTIVE+CHURN,CV mobility,cv,42,1.8873584809989552,False
23308742.92047406,14229669.22889095,0.0,7.338283604436054,0.0,40.04999999999999,19.0,0.0,70.0,-40.05734493532691,0,116543714.6023703,7.338283604436054,40.04999999999999,19.0,0.0,11.65437146023703,7.338283604436054,40.04999999999999,19.0,0.0,11.65437146023703,7.338283604436054,40.04999999999999,19.0,0.0,44,PREDICTIVE+CHURN,CV mobility,cv,42,1.8873584809989552,False
22050053.28728903,13916124.571608026,0.0,7.352429703749103,0.0,40.04999999999999,19.0,0.0,70.0,-40.67254365260637,0,110250266.43644515,7.352429703749103,40.04999999999999,19.0,0.0,11.025026643644514,7.352429703749103,40.04999999999999,19.0,0.0,11.025026643644514,7.352429703749103,40.04999999999999,19.0,0.0,45,PREDICTIVE+CHURN,CV mobility,cv,42,1.8873584809989552,False
20956452.603769105,12969599.524909135,0.0,7.356111202088316,0.0,40.04999999999999,19.0,0.0,70.0,-41.21566249602712,0,104782263.01884553,7.356111202088316,40.04999999999999,19.0,0.0,10.478226301884552,7.356111202088316,40.04999999999999,19.0,0.0,10.478226301884552,7.356111202088316,40.04999999999999,19.0,0.0,46,PREDICTIVE+CHURN,CV mobility,cv,42,1.8873584809989552,False
19923180.191773497,12207544.11124685,0.0,7.349852590513565,0.0,40.04999999999999,19.0,0.0,70.0,-41.73855731359968,0,99615900.95886749,7.349852590513565,40.04999999999999,19.0,0.0,9.961590095886748,7.349852590513565,40.04999999999999,19.0,0.0,9.961590095886748,7.349852590513565,40.04999999999999,19.0,0.0,47,PREDICTIVE+CHURN,CV mobility,cv,42,1.8873584809989552,False
18912144.694644142,11604269.775188617,0.0,7.333214481970318,0.0,40.04999999999999,19.0,0.0,70.0,-42.260713170707604,0,94560723.4732207,7.333214481970318,40.04999999999999,19.0,0.0,9.45607234732207,7.333214481970318,40.04999999999999,19.0,0.0,9.45607234732207,7.333214481970318,40.04999999999999,19.0,0.0,48,PREDICTIVE+CHURN,CV mobility,cv,42,1.8873584809989552,False
18073209.16919105,11734189.869262435,0.0,7.303166635561758,0.0,40.04999999999999,19.0,0.0,70.0,-42.71022877984271,0,90366045.84595525,7.303166635561758,40.04999999999999,19.0,0.0,9.036604584595525,7.303166635561758,40.04999999999999,19.0,0.0,9.036604584595525,7.303166635561758,40.04999999999999,19.0,0.0,49,PREDICTIVE+CHURN,CV mobility,cv,42,1.8873584809989552,False
17439100.04321388,12394939.740068557,0.0,7.2524159620377855,0.0,40.04999999999999,19.0,0.0,70.0,-43.07803401635526,0,87195500.2160694,7.2524159620377855,40.04999999999999,19.0,0.0,8.71955002160694,7.2524159620377855,40.04999999999999,19.0,0.0,8.71955002160694,7.2524159620377855,40.04999999999999,19.0,0.0,50,PREDICTIVE+CHURN,CV mobility,cv,42,1.8873584809989552,False
16807991.524208076,13136744.963783823,0.0,7.167784699847848,0.0,40.04999999999999,19.0,0.0,70.0,-43.4782195380481,0,84039957.62104039,7.167784699847848,40.04999999999999,19.0,0.0,8.403995762104039,7.167784699847848,40.04999999999999,19.0,0.0,8.403995762104039,7.167784699847848,40.04999999999999,19.0,0.0,51,PREDICTIVE+CHURN,CV mobility,cv,42,1.8873584809989552,False
16216482.415348714,13763969.849421902,0.0,7.029071655113018,0.0,40.04999999999999,19.0,0.0,70.0,-43.912687137212615,0,81082412.07674357,7.029071655113018,40.04999999999999,19.0,0.0,8.108241207674357,7.029071655113018,40.04999999999999,19.0,0.0,8.108241207674357,7.029071655113018,40.04999999999999,19.0,0.0,52,PREDICTIVE+CHURN,CV mobility,cv,42,1.8873584809989552,False
15694302.541413477,13714411.244247574,0.0,6.809703725412848,0.0,40.04999999999999,19.0,0.0,70.0,-44.393145003880406,0,78471512.70706739,6.809703725412848,40.04999999999999,19.0,0.0,7.847151270706738,6.809703725412848,40.04999999999999,19.0,0.0,7.847151270706738,6.809703725412848,40.04999999999999,19.0,0.0,53,PREDICTIVE+CHURN,CV mobility,cv,42,1.8873584809989552,False
15270206.87457255,13565753.9733716,0.0,6.482260580257634,0.0,40.04999999999999,19.0,0.0,70.0,-44.93263598245608,0,76351034.37286276,6.482260580257634,40.04999999999999,19.0,0.0,7.635103437286276,6.482260580257634,40.04999999999999,19.0,0.0,7.635103437286276,6.482260580257634,40.04999999999999,19.0,0.0,54,PREDICTIVE+CHURN,CV mobility,cv,42,1.8873584809989552,False
14961808.333399918,11600742.738636136,0.0,6.0383497634102055,0.0,40.04999999999999,19.0,0.0,70.0,-45.53074606988983,0,74809041.6669996,6.0383497634102055,40.04999999999999,19.0,0.0,7.480904166699959,6.0383497634102055,40.04999999999999,19.0,0.0,7.480904166699959,6.0383497634102055,40.04999999999999,19.0,0.0,55,PREDICTIVE+CHURN,CV mobility,cv,42,1.8873584809989552,False
14733122.270462895,9871287.765167527,0.0,5.557722648045827,0.0,40.04999999999999,19.0,0.0,70.0,-46.125716216722715,0,73665611.35231447,5.557722648045827,40.04999999999999,19.0,0.0,7.366561135231447,5.557722648045827,40.04999999999999,19.0,0.0,7.366561135231447,5.557722648045827,40.04999999999999,19.0,0.0,56,PREDICTIVE+CHURN,CV mobility,cv,42,1.8873584809989552,False
14751610.389070187,8392019.079107873,0.0,5.329219351829693,0.0,40.04999999999999,19.0,0.0,70.0,-46.3449754536352,0,73758051.94535093,5.329219351829693,40.04999999999999,19.0,0.0,7.375805194535093,5.329219351829693,40.04999999999999,19.0,0.0,7.375805194535093,5.329219351829693,40.04999999999999,19.0,0.0,57,PREDICTIVE+CHURN,CV mobility,cv,42,1.8873584809989552,False
14832842.768829143,7158732.229822651,0.0,5.553653032677461,0.0,40.04999999999999,19.0,0.0,70.0,-46.07992558290796,0,74164213.84414572,5.553653032677461,40.04999999999999,19.0,0.0,7.416421384414572,5.553653032677461,40.04999999999999,19.0,0.0,7.416421384414572,5.553653032677461,40.04999999999999,19.0,0.0,58,PREDICTIVE+CHURN,CV mobility,cv,42,1.8873584809989552,False
14889503.81076334,6155846.687002417,0.0,5.953221584244198,0.0,40.04999999999999,19.0,0.0,70.0,-45.65202651037412,0,74447519.0538167,5.953221584244198,40.04999999999999,19.0,0.0,7.44475190538167,5.953221584244198,40.04999999999999,19.0,0.0,7.44475190538167,5.953221584244198,40.04999999999999,19.0,0.0,59,PREDICTIVE+CHURN,CV mobility,cv,42,1.8873584809989552,False
14776470.222745294,5362003.986180844,0.0,6.298440860060496,0.0,40.04999999999999,19.0,0.0,70.0,-45.36332402856685,0,73882351.11372647,6.298440860060496,40.04999999999999,19.0,0.0,7.388235111372647,6.298440860060496,40.04999999999999,19.0,0.0,7.388235111372647,6.298440860060496,40.04999999999999,19.0,0.0,60,PREDICTIVE+CHURN,CV mobility,cv,42,1.8873584809989552,False
14354418.075716645,4752470.165912118,0.0,6.5412950942812405,0.0,40.04999999999999,19.0,0.0,70.0,-45.331495867860426,0,71772090.37858322,6.5412950942812405,40.04999999999999,19.0,0.0,7.177209037858322,6.5412950942812405,40.04999999999999,19.0,0.0,7.177209037858322,6.5412950942812405,40.04999999999999,19.0,0.0,61,PREDICTIVE+CHURN,CV mobility,cv,42,1.8873584809989552,False
13712698.900124252,4298242.041862341,0.0,6.691542512256454,0.0,40.04999999999999,19.0,0.0,70.0,-45.50210803768141,0,68563494.50062126,6.691542512256454,40.04999999999999,19.0,0.0,6.856349450062126,6.691542512256454,40.04999999999999,19.0,0.0,6.856349450062126,6.691542512256454,40.04999999999999,19.0,0.0,62,PREDICTIVE+CHURN,CV mobility,cv,42,1.8873584809989552,False
12941354.30705246,3964263.8973322576,0.0,6.769519978495947,0.0,40.04999999999999,19.0,0.0,70.0,-45.80980286797781,0,64706771.5352623,6.769519978495947,40.04999999999999,19.0,0.0,6.47067715352623,6.769519978495947,40.04999999999999,19.0,0.0,6.47067715352623,6.769519978495947,40.04999999999999,19.0,0.0,63,PREDICTIVE+CHURN,CV mobility,cv,42,1.8873584809989552,False
12149559.624562845,3712085.1486343374,0.0,6.7951013492020795,0.0,40.04999999999999,19.0,0.0,70.0,-46.18011883851649,0,60747798.12281422,6.7951013492020795,40.04999999999999,19.0,0.0,6.074779812281422,6.7951013492020795,40.04999999999999,19.0,0.0,6.074779812281422,6.7951013492020795,40.04999999999999,19.0,0.0,64,PREDICTIVE+CHURN,CV mobility,cv,42,1.8873584809989552,False
11451583.185925968,3248987.3768050224,0.0,6.784935329349209,0.0,40.04999999999999,19.0,0.0,70.0,-46.539273077687795,0,57257915.92962984,6.784935329349209,40.04999999999999,19.0,0.0,5.725791592962984,6.784935329349209,40.04999999999999,19.0,0.0,5.725791592962984,6.784935329349209,40.04999999999999,19.0,0.0,65,PREDICTIVE+CHURN,CV mobility,cv,42,1.8873584809989552,False
20739613.3748161,8779790.64341879,0.0,7.453431422633267,0.0,47.15,19.0,30.0,100.0,-48.978935803002166,1,103698066.87408051,7.453431422633267,47.15,19.0,30.0,10.369806687408051,7.453431422633267,47.15,19.0,0.6521739130434783,10.369806687408051,7.453431422633267,47.15,19.0,0.6521739130434783,66,PREDICTIVE+CHURN,CV mobility,cv,42,1.8873584809989552,False
22388004.650283173,10238942.56980381,0.0,7.282202928158872,0.0,47.15,19.0,0.0,100.0,-47.67379474669955,0,111940023.25141586,7.282202928158872,47.15,19.0,0.0,11.194002325141586,7.282202928158872,47.15,19.0,0.0,11.194002325141586,7.282202928158872,47.15,19.0,0.0,67,PREDICTIVE+CHURN,CV mobility,cv,42,1.8873584809989552,False
24055791.7873539,11560757.930496613,0.0,7.032953393660251,0.0,47.15,19.0,0.0,100.0,-47.0891507126628,0,120278958.9367695,7.032953393660251,47.15,19.0,0.0,12.02789589367695,7.032953393660251,47.15,19.0,0.0,12.02789589367695,7.032953393660251,47.15,19.0,0.0,68,PREDICTIVE+CHURN,CV mobility,cv,42,1.8873584809989552,False
24614007.05551938,10617222.844965354,0.0,6.69476132177155,0.0,47.15,19.0,4.0,104.0,-47.2351916722079,1,123070035.2775969,6.69476132177155,47.15,19.0,4.0,12.30700352775969,6.69476132177155,47.15,19.0,0.08695652173913043,12.30700352775969,6.69476132177155,47.15,19.0,0.08695652173913043,69,PREDICTIVE+CHURN,CV mobility,cv,42,1.8873584809989552,False
26456863.921018485,11145174.398801079,0.0,6.276316022070402,0.0,47.15,19.0,0.0,104.0,-46.64525201742036,0,132284319.60509242,6.276316022070402,47.15,19.0,0.0,13.228431960509242,6.276316022070402,47.15,19.0,0.0,13.228431960509242,6.276316022070402,47.15,19.0,0.0,70,PREDICTIVE+CHURN,CV mobility,cv,42,1.8873584809989552,False
28485581.048175715,10955955.961966923,0.0,5.8698651889281805,0.0,47.15,19.0,0.0,104.0,-46.037344286983966,0,142427905.24087858,5.8698651889281805,47.15,19.0,0.0,14.242790524087859,5.8698651889281805,47.15,19.0,0.0,14.242790524087859,5.8698651889281805,47.15,19.0,0.0,71,PREDICTIVE+CHURN,CV mobility,cv,42,1.8873584809989552,False
30660087.064418327,11286535.871224098,0.0,5.715286352188927,0.0,47.15,19.0,0.0,104.0,-45.10467011560192,0,153300435.32209164,5.715286352188927,47.15,19.0,0.0,15.330043532209164,5.715286352188927,47.15,19.0,0.0,15.330043532209164,5.715286352188927,47.15,19.0,0.0,72,PREDICTIVE+CHURN,CV mobility,cv,42,1.8873584809989552,False
33193972.386982583,11610852.006243747,0.0,5.92187370469237,0.0,47.15,19.0,0.0,104.0,-43.63114010181634,0,165969861.93491292,5.92187370469237,47.15,19.0,0.0,16.596986193491293,5.92187370469237,47.15,19.0,0.0,16.596986193491293,5.92187370469237,47.15,19.0,0.0,73,PREDICTIVE+CHURN,CV mobility,cv,42,1.8873584809989552,False
36991799.16153914,11813672.316220721,0.0,6.263476940468358,0.0,47.15,19.0,0.0,104.0,-41.39062347876208,0,184958995.8076957,6.263476940468358,47.15,19.0,0.0,18.495899580769567,6.263476940468358,47.15,19.0,0.0,18.495899580769567,6.263476940468358,47.15,19.0,0.0,74,PREDICTIVE+CHURN,CV mobility,cv,42,1.8873584809989552,False
42743468.66248126,11281293.835425658,0.0,6.562223488978654,0.0,47.15,19.0,0.0,104.0,-38.21604217978072,0,213717343.31240633,6.562223488978654,47.15,19.0,0.0,21.37173433124063,6.562223488978654,47.15,19.0,0.0,21.37173433124063,6.562223488978654,47.15,19.0,0.0,75,PREDICTIVE+CHURN,CV mobility,cv,42,1.8873584809989552,False
42123697.634159595,10695582.793231599,0.0,6.776743836099193,0.0,47.15,19.0,0.0,104.0,-38.311407346821014,0,210618488.17079797,6.776743836099193,47.15,19.0,0.0,21.0618488170798,6.776743836099193,47.15,19.0,0.0,21.0618488170798,6.776743836099193,47.15,19.0,0.0,76,PREDICTIVE+CHURN,CV mobility,cv,42,1.8873584809989552,False
36437534.55794953,10087258.981658874,0.0,6.914731321653471,0.0,47.15,19.0,0.0,104.0,-41.016501399371776,0,182187672.78974763,6.914731321653471,47.15,19.0,0.0,18.218767278974763,6.914731321653471,47.15,19.0,0.0,18.218767278974763,6.914731321653471,47.15,19.0,0.0,77,PREDICTIVE+CHURN,CV mobility,cv,42,1.8873584809989552,False
32339966.118798625,9466611.3059373,0.0,6.9931635025008685,0.0,47.15,19.0,0.0,104.0,-42.98685343809982,0,161699830.59399313,6.9931635025008685,47.15,19.0,0.0,16.169983059399314,6.9931635025008685,47.15,19.0,0.0,16.169983059399314,6.9931635025008685,47.15,19.0,0.0,78,PREDICTIVE+CHURN,CV mobility,cv,42,1.8873584809989552,False
29293144.0510508,8842320.006781409,0.0,7.027869219159495,0.0,47.15,19.0,0.0,104.0,-44.47555875531511,0,146465720.255254,7.027869219159495,47.15,19.0,0.0,14.6465720255254,7.027869219159495,47.15,19.0,0.0,14.6465720255254,7.027869219159495,47.15,19.0,0.0,79,PREDICTIVE+CHURN,CV mobility,cv,42,1.8873584809989552,False
29361175.22401755,8224882.974196718,0.0,6.966434694009191,0.0,47.15,19.0,0.0,104.0,-44.50297769398204,0,146805876.12008774,6.966434694009191,47.15,19.0,0.0,14.680587612008773,6.966434694009191,47.15,19.0,0.0,14.680587612008773,6.966434694009191,47.15,19.0,0.0,80,PREDICTIVE+CHURN,CV mobility,cv,42,1.8873584809989552,False
30493804.68508481,7696285.859550026,0.0,6.8706787818314705,0.0,47.15,19.0,0.0,104.0,-44.032418875626135,0,152469023.42542404,6.8706787818314705,47.15,19.0,0.0,15.246902342542404,6.8706787818314705,47.15,19.0,0.0,15.246902342542404,6.8706787818314705,47.15,19.0,0.0,81,PREDICTIVE+CHURN,CV mobility,cv,42,1.8873584809989552,False
32862182.3454562,7223511.897618842,0.0,6.742212278946093,0.0,47.15,19.0,0.0,104.0,-42.97669654832581,0,164310911.727281,6.742212278946093,47.15,19.0,0.0,16.4310911727281,6.742212278946093,47.15,19.0,0.0,16.4310911727281,6.742212278946093,47.15,19.0,0.0,82,PREDICTIVE+CHURN,CV mobility,cv,42,1.8873584809989552,False
37092203.69056708,6765001.956463702,0.0,6.5711385042838275,0.0,47.15,19.0,0.0,104.0,-41.03275965043264,0,185461018.4528354,6.5711385042838275,47.15,19.0,0.0,18.54610184528354,6.5711385042838275,47.15,19.0,0.0,18.54610184528354,6.5711385042838275,47.15,19.0,0.0,83,PREDICTIVE+CHURN,CV mobility,cv,42,1.8873584809989552,False
39617920.86540697,6333854.640819241,0.0,6.343523433320771,0.0,47.15,19.0,0.0,104.0,-39.99751613397575,0,198089604.32703483,6.343523433320771,47.15,19.0,0.0,19.808960432703483,6.343523433320771,47.15,19.0,0.0,19.808960432703483,6.343523433320771,47.15,19.0,0.0,84,PREDICTIVE+CHURN,CV mobility,cv,42,1.8873584809989552,False
34348327.720058225,5946442.484297611,0.0,6.042079325256532,0.0,47.15,19.0,0.0,104.0,-42.93375681471436,0,171741638.60029113,6.042079325256532,47.15,19.0,0.0,17.174163860029115,6.042079325256532,47.15,19.0,0.0,17.174163860029115,6.042079325256532,47.15,19.0,0.0,85,PREDICTIVE+CHURN,CV mobility,cv,42,1.8873584809989552,False
29985586.55753725,5623804.34275461,0.0,5.664508560518554,0.0,47.15,19.0,0.0,104.0,-45.49269816071283,0,149927932.78768626,5.664508560518554,47.15,19.0,0.0,14.992793278768627,5.664508560518554,47.15,19.0,0.0,14.992793278768627,5.664508560518554,47.15,19.0,0.0,86,PREDICTIVE+CHURN,CV mobility,cv,42,1.8873584809989552,False
27571905.39405014,5392425.985836664,0.0,5.327017602501017,0.0,47.15,19.0,0.0,104.0,-47.03702970047392,0,137859526.9702507,5.327017602501017,47.15,19.0,0.0,13.785952697025069,5.327017602501017,47.15,19.0,0.0,13.785952697025069,5.327017602501017,47.15,19.0,0.0,87,PREDICTIVE+CHURN,CV mobility,cv,42,1.8873584809989552,False
26675920.534354873,5279873.0737074185,0.0,5.404120368018899,0.0,47.15,19.0,0.0,104.0,-47.407919364803675,0,133379602.67177436,5.404120368018899,47.15,19.0,0.0,13.337960267177436,5.404120368018899,47.15,19.0,0.0,13.337960267177436,5.404120368018899,47.15,19.0,0.0,88,PREDICTIVE+CHURN,CV mobility,cv,42,1.8873584809989552,False
26651277.731060658,5296419.237387578,0.0,5.908676839666412,0.0,47.15,19.0,0.0,104.0,-46.91568429480327,0,133256388.65530328,5.908676839666412,47.15,19.0,0.0,13.325638865530328,5.908676839666412,47.15,19.0,0.0,13.325638865530328,5.908676839666412,47.15,19.0,0.0,89,PREDICTIVE+CHURN,CV mobility,cv,42,1.8873584809989552,False
23739649.739110313,10973082.895060522,0.0,6.514567478703579,0.0,47.150000000000006,19.0,28.0,132.0,-48.374303303915184,1,118698248.69555157,6.514567478703579,47.150000000000006,19.0,28.0,11.869824869555158,6.514567478703579,47.150000000000006,19.0,0.6086956521739131,11.869824869555158,6.514567478703579,47.150000000000006,19.0,0.6086956521739131,90,PREDICTIVE+CHURN,CV mobility,cv,42,1.8873584809989552,False
24153944.87076812,10791318.551919548,0.0,6.575074007589336,0.0,47.150000000000006,19.0,0.0,132.0,-47.49795355702661,0,120769724.35384059,6.575074007589336,47.150000000000006,19.0,0.0,12.076972435384059,6.575074007589336,47.150000000000006,19.0,0.0,12.076972435384059,6.575074007589336,47.150000000000006,19.0,0.0,91,PREDICTIVE+CHURN,CV mobility,cv,42,1.8873584809989552,False
25292246.029829256,10706611.659128277,0.0,6.575025048841468,0.0,47.150000000000006,19.0,0.0,132.0,-46.92885193624391,0,126461230.14914627,6.575025048841468,47.150000000000006,19.0,0.0,12.646123014914627,6.575025048841468,47.150000000000006,19.0,0.0,12.646123014914627,6.575025048841468,47.150000000000006,19.0,0.0,92,PREDICTIVE+CHURN,CV mobility,cv,42,1.8873584809989552,False
27549714.73141537,10794246.495744536,0.0,6.5057777618416965,0.0,47.150000000000006,19.0,0.0,132.0,-45.869364872450625,0,137748573.65707684,6.5057777618416965,47.150000000000006,19.0,0.0,13.774857365707684,6.5057777618416965,47.150000000000006,19.0,0.0,13.774857365707684,6.5057777618416965,47.150000000000006,19.0,0.0,93,PREDICTIVE+CHURN,CV mobility,cv,42,1.8873584809989552,False
31485274.556554217,10782454.542337175,0.0,6.3656152884400345,0.0,47.150000000000006,19.0,0.0,132.0,-44.041747433282865,0,157426372.78277108,6.3656152884400345,47.150000000000006,19.0,0.0,15.742637278277108,6.3656152884400345,47.150000000000006,19.0,0.0,15.742637278277108,6.3656152884400345,47.150000000000006,19.0,0.0,94,PREDICTIVE+CHURN,CV mobility,cv,42,1.8873584809989552,False
38421304.03347895,10823805.800449993,0.0,6.197661778996988,0.0,47.150000000000006,19.0,0.0,132.0,-40.741686204263544,0,192106520.16739476,6.197661778996988,47.150000000000006,19.0,0.0,19.210652016739477,6.197661778996988,47.150000000000006,19.0,0.0,19.210652016739477,6.197661778996988,47.150000000000006,19.0,0.0,95,PREDICTIVE+CHURN,CV mobility,cv,42,1.8873584809989552,False
50850370.69944759,5483932.676194064,0.0,6.059373193407809,0.0,47.150000000000006,19.0,12.0,144.0,-34.9263110220858,1,254251853.49723795,6.059373193407809,47.150000000000006,19.0,12.0,25.425185349723794,6.059373193407809,47.150000000000006,19.0,0.2608695652173913,25.425185349723794,6.059373193407809,47.150000000000006,19.0,0.2608695652173913,96,PREDICTIVE+CHURN,CV mobility,cv,42,1.8873584809989552,False
42162716.573647745,7736062.760134206,0.0,5.970278234117754,0.0,43.6,19.0,4.0,148.0,-35.63532000079751,1,210813582.86823872,5.970278234117754,43.6,19.0,4.0,21.08135828682387,5.970278234117754,43.6,19.0,0.08695652173913043,21.08135828682387,5.970278234117754,43.6,19.0,0.08695652173913043,97,PREDICTIVE+CHURN,CV mobility,cv,42,1.8873584809989552,False
43432725.73788391,9009470.18843379,0.0,6.499945587472213,0.0,43.6,19.0,6.0,154.0,-34.51412632619453,1,217163628.68941954,6.499945587472213,43.6,19.0,6.0,21.716362868941953,6.499945587472213,43.6,19.0,0.13043478260869565,21.716362868941953,6.499945587472213,43.6,19.0,0.13043478260869565,98,PREDICTIVE+CHURN,CV mobility,cv,42,1.8873584809989552,False
32814939.67114929,10002704.754674697,0.0,6.648981148207357,0.0,43.6,19.0,0.0,154.0,-39.543549016218,0,164074698.35574645,6.648981148207357,43.6,19.0,0.0,16.407469835574645,6.648981148207357,43.6,19.0,0.0,16.407469835574645,6.648981148207357,43.6,19.0,0.0,99,PREDICTIVE+CHURN,CV mobility,cv,42,1.8873584809989552,False
66088046.773487546,16923844.820368215,0.0,5.333816217159404,0.0,47.14999999999999,19.0,0.0,0.0,-27.772160396096815,0,330440233.8674377,5.333816217159404,47.14999999999999,19.0,0.0,33.044023386743774,5.333816217159404,47.14999999999999,19.0,0.0,33.044023386743774,5.333816217159404,47.14999999999999,19.0,0.0,0,PREDICTIVE,CV mobility,lstm_cv,42,0.5119141440009116,True
52424928.76221856,15656252.34153944,0.0,6.040681877789924,0.0,50.699999999999996,19.0,4.0,4.0,-37.53381026283992,1,262124643.8110928,6.040681877789924,50.699999999999996,19.0,4.0,26.212464381109278,6.040681877789924,50.699999999999996,19.0,0.08695652173913043,26.212464381109278,6.040681877789924,50.699999999999996,19.0,0.08695652173913043,1,PREDICTIVE,CV mobility,lstm_cv,42,0.5119141440009116,True
40853113.13014079,15724434.192531498,0.0,5.961788238822941,0.0,47.14999999999999,19.0,2.0,6.0,-39.80513345697622,1,204265565.65070394,5.961788238822941,47.14999999999999,19.0,2.0,20.426556565070392,5.961788238822941,47.14999999999999,19.0,0.043478260869565216,20.426556565070392,5.961788238822941,47.14999999999999,19.0,0.043478260869565216,2,PREDICTIVE,CV mobility,lstm_cv,42,0.5119141440009116,True
34842212.45043691,15070699.371937383,0.0,5.739119627275911,0.0,47.14999999999999,19.0,2.0,8.0,-43.03325240837519,1,174211062.25218457,5.739119627275911,47.14999999999999,19.0,2.0,17.421106225218455,5.739119627275911,47.14999999999999,19.0,0.043478260869565216,17.421106225218455,5.739119627275911,47.14999999999999,19.0,0.043478260869565216,3,PREDICTIVE,CV mobility,lstm_cv,42,0.5119141440009116,True
30583373.15263083,16911600.24921983,0.0,5.279897985476914,0.0,47.14999999999999,19.0,2.0,10.0,-45.621893699077226,1,152916865.76315415,5.279897985476914,47.14999999999999,19.0,2.0,15.291686576315415,5.279897985476914,47.14999999999999,19.0,0.043478260869565216,15.291686576315415,5.279897985476914,47.14999999999999,19.0,0.043478260869565216,4,PREDICTIVE,CV mobility,lstm_cv,42,0.5119141440009116,True
27958677.65995381,17656654.99919008,0.0,4.623394459928656,0.0,43.599999999999994,19.0,2.0,12.0,-44.040744970964,1,139793388.29976904,4.623394459928656,43.599999999999994,19.0,2.0,13.979338829976905,4.623394459928656,43.599999999999994,19.0,0.043478260869565216,13.979338829976905,4.623394459928656,43.599999999999994,19.0,0.043478260869565216,5,PREDICTIVE,CV mobility,lstm_cv,42,0.5119141440009116,True
30805727.825743698,17978541.765262865,0.0,6.01108311537244,0.0,47.14999999999999,19.0,4.0,16.0,-44.82300949349484,1,154028639.1287185,6.01108311537244,47.14999999999999,19.0,4.0,15.40286391287185,6.01108311537244,47.14999999999999,19.0,0.08695652173913043,15.40286391287185,6.01108311537244,47.14999999999999,19.0,0.08695652173913043,6,PREDICTIVE,CV mobility,lstm_cv,42,0.5119141440009116,True
34157569.213367775,15871557.959495928,0.0,5.900812680467617,0.0,43.599999999999994,19.0,4.0,20.0,-39.70735923458762,1,170787846.0668389,5.900812680467617,43.599999999999994,19.0,4.0,17.07878460668389,5.900812680467617,43.599999999999994,19.0,0.08695652173913043,17.07878460668389,5.900812680467617,43.599999999999994,19.0,0.08695652173913043,7,PREDICTIVE,CV mobility,lstm_cv,42,0.5119141440009116,True
35533623.591836125,15950913.391708095,0.0,5.960159424055151,0.0,47.14999999999999,19.0,4.0,24.0,-42.50998530176591,1,177668117.95918062,5.960159424055151,47.14999999999999,19.0,4.0,17.766811795918063,5.960159424055151,47.14999999999999,19.0,0.08695652173913043,17.766811795918063,5.960159424055151,47.14999999999999,19.0,0.08695652173913043,8,PREDICTIVE,CV mobility,lstm_cv,42,0.5119141440009116,True
34190131.27579102,15994519.15087428,0.0,5.8545775971980625,0.0,47.14999999999999,19.0,0.0,24.0,-43.20035676490642,0,170950656.3789551,5.8545775971980625,47.14999999999999,19.0,0.0,17.09506563789551,5.8545775971980625,47.14999999999999,19.0,0.0,17.09506563789551,5.8545775971980625,47.14999999999999,19.0,0.0,9,PREDICTIVE,CV mobility,lstm_cv,42,0.5119141440009116,True
30629938.216905028,15988808.215225214,0.0,5.718914120326337,0.0,47.14999999999999,19.0,0.0,24.0,-45.116116771221144,0,153149691.08452514,5.718914120326337,47.14999999999999,19.0,0.0,15.314969108452514,5.718914120326337,47.14999999999999,19.0,0.0,15.314969108452514,5.718914120326337,47.14999999999999,19.0,0.0,10,PREDICTIVE,CV mobility,lstm_cv,42,0.5119141440009116,False
28015611.47236207,14714536.328007892,0.0,5.560565912008215,0.0,47.14999999999999,19.0,4.0,28.0,-46.668584873549875,1,140078057.36181036,5.560565912008215,47.14999999999999,19.0,4.0,14.007805736181036,5.560565912008215,47.14999999999999,19.0,0.08695652173913043,14.007805736181036,5.560565912008215,47.14999999999999,19.0,0.08695652173913043,11,PREDICTIVE,CV mobility,lstm_cv,42,0.5119141440009116,False
23106661.713498473,10761812.148632957,0.0,5.384129854132466,0.0,47.14999999999999,19.0,4.0,32.0,-49.29949581085742,1,115533308.56749237,5.384129854132466,47.14999999999999,19.0,4.0,11.553330856749236,5.384129854132466,47.14999999999999,19.0,0.08695652173913043,11.553330856749236,5.384129854132466,47.14999999999999,19.0,0.08695652173913043,12,PREDICTIVE,CV mobility,lstm_cv,42,0.5119141440009116,False
21146795.785930842,10632278.968469594,0.0,5.189220449517412,0.0,47.14999999999999,19.0,0.0,32.0,-50.38738165751716,0,105733978.92965421,5.189220449517412,47.14999999999999,19.0,0.0,10.57339789296542,5.189220449517412,47.14999999999999,19.0,0.0,10.57339789296542,5.189220449517412,47.14999999999999,19.0,0.0,13,PREDICTIVE,CV mobility,lstm_cv,42,0.5119141440009116,False
16189148.661685925,9602954.247850064,0.0,4.969125671417128,0.0,43.599999999999994,19.0,4.0,36.0,-49.623256519479035,1,80945743.30842963,4.969125671417128,43.599999999999994,19.0,4.0,8.094574330842963,4.969125671417128,43.599999999999994,19.0,0.08695652173913043,8.094574330842963,4.969125671417128,43.599999999999994,19.0,0.08695652173913043,14,PREDICTIVE,CV mobility,lstm_cv,42,0.5119141440009116,False
15882080.225424279,8639094.481220314,0.0,4.715282943813828,0.0,43.599999999999994,19.0,2.0,38.0,-49.987155204343594,1,79410401.12712139,4.715282943813828,43.599999999999994,19.0,2.0,7.941040112712139,4.715282943813828,43.599999999999994,19.0,0.043478260869565216,7.941040112712139,4.715282943813828,43.599999999999994,19.0,0.043478260869565216,15,PREDICTIVE,CV mobility,lstm_cv,42,0.5119141440009116,False
16609483.450284708,8817819.277223203,0.0,4.48637767640998,0.0,47.14999999999999,19.0,2.0,40.0,-53.40235885931722,1,83047417.25142354,4.48637767640998,47.14999999999999,19.0,2.0,8.304741725142353,4.48637767640998,47.14999999999999,19.0,0.043478260869565216,8.304741725142353,4.48637767640998,47.14999999999999,19.0,0.043478260869565216,16,PREDICTIVE,CV mobility,lstm_cv,42,0.5119141440009116,False
15496494.868031928,9030380.488034898,0.0,4.818927973617921,0.0,43.599999999999994,19.0,4.0,44.0,-50.119781114105244,1,77482474.34015964,4.818927973617921,43.599999999999994,19.0,4.0,7.748247434015964,4.818927973617921,43.599999999999994,19.0,0.08695652173913043,7.748247434015964,4.818927973617921,43.599999999999994,19.0,0.08695652173913043,17,PREDICTIVE,CV mobility,lstm_cv,42,0.5119141440009116,False
16423157.591761772,9190512.502550129,0.0,5.869496806732637,0.0,43.599999999999994,19.0,0.0,44.0,-48.51892439738647,0,82115787.95880885,5.869496806732637,43.599999999999994,19.0,0.0,8.211578795880886,5.869496806732637,43.599999999999994,19.0,0.0,8.211578795880886,5.869496806732637,43.599999999999994,19.0,0.0,18,PREDICTIVE,CV mobility,lstm_cv,42,0.5119141440009116,False
15816462.853677586,7564050.544602293,0.0,6.079702328694512,0.0,43.599999999999994,19.0,2.0,46.0,-48.65554450533625,1,79082314.26838793,6.079702328694512,43.599999999999994,19.0,2.0,7.9082314268387925,6.079702328694512,43.599999999999994,19.0,0.043478260869565216,7.9082314268387925,6.079702328694512,43.599999999999994,19.0,0.043478260869565216,19,PREDICTIVE,CV mobility,lstm_cv,42,0.5119141440009116,False
15540187.265195807,8336953.722376589,0.0,5.914702101268876,0.0,47.14999999999999,19.0,2.0,48.0,-52.508682527002776,1,77700936.32597904,5.914702101268876,47.14999999999999,19.0,2.0,7.770093632597904,5.914702101268876,47.14999999999999,19.0,0.043478260869565216,7.770093632597904,5.914702101268876,47.14999999999999,19.0,0.043478260869565216,20,PREDICTIVE,CV mobility,lstm_cv,42,0.5119141440009116,False
15384463.172018731,9207306.482054606,0.0,6.097943693296836,0.0,47.14999999999999,19.0,0.0,48.0,-52.359824720693794,0,76922315.86009365,6.097943693296836,47.14999999999999,19.0,0.0,7.692231586009365,6.097943693296836,47.14999999999999,19.0,0.0,7.692231586009365,6.097943693296836,47.14999999999999,19.0,0.0,21,PREDICTIVE,CV mobility,lstm_cv,42,0.5119141440009116,False
14926772.343424994,10740113.015105253,0.0,6.043866391577376,0.0,50.699999999999996,19.0,4.0,52.0,-56.27970395844925,1,74633861.71712497,6.043866391577376,50.699999999999996,19.0,4.0,7.4633861717124965,6.043866391577376,50.699999999999996,19.0,0.08695652173913043,7.4633861717124965,6.043866391577376,50.699999999999996,19.0,0.08695652173913043,22,PREDICTIVE,CV mobility,lstm_cv,42,0.5119141440009116,False
11515565.11321395,8494412.055248091,0.0,5.810702562242344,0.0,43.59999999999999,19.0,4.0,56.0,-51.1184714028898,1,57577825.56606975,5.810702562242344,43.59999999999999,19.0,4.0,5.757782556606975,5.810702562242344,43.59999999999999,19.0,0.08695652173913043,5.757782556606975,5.810702562242344,43.59999999999999,19.0,0.08695652173913043,23,PREDICTIVE,CV mobility,lstm_cv,42,0.5119141440009116,False
11977801.353664601,9007352.032288462,0.0,5.579557739273283,0.0,43.59999999999999,19.0,0.0,56.0,-51.0315415838944,0,59889006.768323004,5.579557739273283,43.59999999999999,19.0,0.0,5.9889006768323005,5.579557739273283,43.59999999999999,19.0,0.0,5.9889006768323005,5.579557739273283,43.59999999999999,19.0,0.0,24,PREDICTIVE,CV mobility,lstm_cv,42,0.5119141440009116,False
16923860.42507496,9558175.600464862,0.0,6.140078723457394,0.0,43.59999999999999,19.0,6.0,62.0,-48.12842584661381,1,84619302.12537481,6.140078723457394,43.59999999999999,19.0,6.0,8.461930212537482,6.140078723457394,43.59999999999999,19.0,0.13043478260869565,8.461930212537482,6.140078723457394,43.59999999999999,19.0,0.13043478260869565,25,PREDICTIVE,CV mobility,lstm_cv,42,0.5119141440009116,False
17113415.332790207,9906156.575675277,0.0,6.034739474133472,0.0,43.59999999999999,19.0,0.0,62.0,-48.00855285947141,0,85567076.66395104,6.034739474133472,43.59999999999999,19.0,0.0,8.556707666395104,6.034739474133472,43.59999999999999,19.0,0.0,8.556707666395104,6.034739474133472,43.59999999999999,19.0,0.0,26,PREDICTIVE,CV mobility,lstm_cv,42,0.5119141440009116,False
17502071.829796426,7816714.128085648,0.0,5.977206679220267,0.0,47.14999999999999,19.0,2.0,64.0,-51.46523566675107,1,87510359.14898214,5.977206679220267,47.14999999999999,19.0,2.0,8.751035914898214,5.977206679220267,47.14999999999999,19.0,0.043478260869565216,8.751035914898214,5.977206679220267,47.14999999999999,19.0,0.043478260869565216,27,PREDICTIVE,CV mobility,lstm_cv,42,0.5119141440009116,False
19024135.27501934,8196428.032969534,0.0,5.958659987282512,0.0,47.14999999999999,19.0,2.0,66.0,-50.72275063607737,1,95120676.37509671,5.958659987282512,47.14999999999999,19.0,2.0,9.51206763750967,5.958659987282512,47.14999999999999,19.0,0.043478260869565216,9.51206763750967,5.958659987282512,47.14999999999999,19.0,0.043478260869565216,28,PREDICTIVE,CV mobility,lstm_cv,42,0.5119141440009116,False
21882339.98880607,8952380.295550738,0.0,5.975971408123312,0.0,47.14999999999999,19.0,0.0,66.0,-49.232858597473644,0,109411699.94403034,5.975971408123312,47.14999999999999,19.0,0.0,10.941169994403035,5.975971408123312,47.14999999999999,19.0,0.0,10.941169994403035,5.975971408123312,47.14999999999999,19.0,0.0,29,PREDICTIVE,CV mobility,lstm_cv,42,0.5119141440009116,False
26051217.850424714,9743079.930183847,0.0,6.857861155661414,0.0,43.59999999999999,19.0,4.0,70.0,-42.80348644086535,1,130256089.25212358,6.857861155661414,43.59999999999999,19.0,4.0,13.025608925212358,6.857861155661414,43.59999999999999,19.0,0.08695652173913043,13.025608925212358,6.857861155661414,43.59999999999999,19.0,0.08695652173913043,30,PREDICTIVE,CV mobility,lstm_cv,42,0.5119141440009116,False
31300536.64334301,9403145.392142734,0.0,6.438369871097796,0.0,43.59999999999999,19.0,8.0,78.0,-40.68527485070894,1,156502683.21671504,6.438369871097796,43.59999999999999,19.0,8.0,15.650268321671504,6.438369871097796,43.59999999999999,19.0,0.17391304347826086,15.650268321671504,6.438369871097796,43.59999999999999,19.0,0.17391304347826086,31,PREDICTIVE,CV mobility,lstm_cv,42,0.5119141440009116,False
37929793.48667974,12239117.694701962,0.0,6.398972872142977,0.0,43.59999999999999,19.0,0.0,78.0,-37.23613038451714,0,189648967.4333987,6.398972872142977,43.59999999999999,19.0,0.0,18.96489674333987,6.398972872142977,43.59999999999999,19.0,0.0,18.96489674333987,6.398972872142977,43.59999999999999,19.0,0.0,32,PREDICTIVE,CV mobility,lstm_cv,42,0.5119141440009116,False
48644585.50222395,14496980.75041541,0.0,6.26870391259402,0.0,47.14999999999999,19.0,6.0,84.0,-35.68943811890269,1,243222927.51111978,6.26870391259402,47.14999999999999,19.0,6.0,24.322292751111977,6.26870391259402,47.14999999999999,19.0,0.13043478260869565,24.322292751111977,6.26870391259402,47.14999999999999,19.0,0.13043478260869565,33,PREDICTIVE,CV mobility,lstm_cv,42,0.5119141440009116,False
46523436.17254526,16242826.4468415,0.0,6.052433988370187,0.0,54.24999999999999,19.0,4.0,88.0,-44.02280444709631,1,232617180.8627263,6.052433988370187,54.24999999999999,19.0,4.0,23.26171808627263,6.052433988370187,54.24999999999999,19.0,0.08695652173913043,23.26171808627263,6.052433988370187,54.24999999999999,19.0,0.08695652173913043,34,PREDICTIVE,CV mobility,lstm_cv,42,0.5119141440009116,False
45786050.48888761,17764863.242225435,0.0,6.3698031589814565,0.0,54.24999999999999,19.0,0.0,88.0,-43.98717159657474,0,228930252.44443804,6.3698031589814565,54.24999999999999,19.0,0.0,22.893025244443805,6.3698031589814565,54.24999999999999,19.0,0.0,22.893025244443805,6.3698031589814565,54.24999999999999,19.0,0.0,35,PREDICTIVE,CV mobility,lstm_cv,42,0.5119141440009116,False
37254152.86747049,18850307.908712707,0.0,6.809804045168909,0.0,50.699999999999996,19.0,2.0,90.0,-44.306597781965394,1,186270764.33735245,6.809804045168909,50.699999999999996,19.0,2.0,18.627076433735244,6.809804045168909,50.699999999999996,19.0,0.043478260869565216,18.627076433735244,6.809804045168909,50.699999999999996,19.0,0.043478260869565216,36,PREDICTIVE,CV mobility,lstm_cv,42,0.5119141440009116,False
34921533.34649151,19726886.999835968,0.0,7.0426605595446095,0.0,50.699999999999996,19.0,0.0,90.0,-45.196572767209624,0,174607666.73245755,7.0426605595446095,50.699999999999996,19.0,0.0,17.460766673245754,7.0426605595446095,50.699999999999996,19.0,0.0,17.460766673245754,7.0426605595446095,50.699999999999996,19.0,0.0,37,PREDICTIVE,CV mobility,lstm_cv,42,0.5119141440009116,False
36602394.154759094,20394562.64224675,0.0,7.124543049636073,0.0,50.699999999999996,19.0,0.0,90.0,-44.274259872984366,0,183011970.7737955,7.124543049636073,50.699999999999996,19.0,0.0,18.30119707737955,7.124543049636073,50.699999999999996,19.0,0.0,18.30119707737955,7.124543049636073,50.699999999999996,19.0,0.0,38,PREDICTIVE,CV mobility,lstm_cv,42,0.5119141440009116,False
39643457.46527077,19243636.139411986,0.0,7.163849529551851,0.0,50.699999999999996,19.0,0.0,90.0,-42.714421737812756,0,198217287.32635385,7.163849529551851,50.699999999999996,19.0,0.0,19.821728732635385,7.163849529551851,50.699999999999996,19.0,0.0,19.821728732635385,7.163849529551851,50.699999999999996,19.0,0.0,39,PREDICTIVE,CV mobility,lstm_cv,42,0.5119141440009116,False
41401129.8854528,18474381.06843268,0.0,7.200920503853119,0.0,50.699999999999996,19.0,4.0,94.0,-41.8854710751596,1,207005649.427264,7.200920503853119,50.699999999999996,19.0,4.0,20.700564942726402,7.200920503853119,50.699999999999996,19.0,0.08695652173913043,20.700564942726402,7.200920503853119,50.699999999999996,19.0,0.08695652173913043,40,PREDICTIVE,CV mobility,lstm_cv,42,0.5119141440009116,False
36268841.955764405,15638183.335329996,0.0,7.240889644218527,0.0,47.14999999999999,19.0,4.0,98.0,-40.8616458996384,1,181344209.77882203,7.240889644218527,47.14999999999999,19.0,4.0,18.134420977882204,7.240889644218527,47.14999999999999,19.0,0.08695652173913043,18.134420977882204,7.240889644218527,47.14999999999999,19.0,0.08695652173913043,41,PREDICTIVE,CV mobility,lstm_cv,42,0.5119141440009116,False
32298646.68303007,15970624.984185504,0.0,7.28437707313701,0.0,47.14999999999999,19.0,6.0,104.0,-42.84673436795664,1,161493233.41515034,7.28437707313701,47.14999999999999,19.0,6.0,16.149323341515036,7.28437707313701,47.14999999999999,19.0,0.13043478260869565,16.149323341515036,7.28437707313701,47.14999999999999,19.0,0.13043478260869565,42,PREDICTIVE,CV mobility,lstm_cv,42,0.5119141440009116,False
24986656.518286243,16123931.778036833,0.0,7.320667068142355,0.0,43.599999999999994,19.0,2.0,106.0,-42.82948293358408,1,124933282.59143122,7.320667068142355,43.599999999999994,19.0,2.0,12.493328259143121,7.320667068142355,43.599999999999994,19.0,0.043478260869565216,12.493328259143121,7.320667068142355,43.599999999999994,19.0,0.043478260869565216,43,PREDICTIVE,CV mobility,lstm_cv,42,0.5119141440009116,False
24214090.432711978,16442082.916822724,0.0,7.33614474974109,0.0,43.599999999999994,19.0,0.0,106.0,-43.156810033902914,0,121070452.16355988,7.33614474974109,43.599999999999994,19.0,0.0,12.107045216355989,7.33614474974109,43.599999999999994,19.0,0.0,12.107045216355989,7.33614474974109,43.599999999999994,19.0,0.0,44,PREDICTIVE,CV mobility,lstm_cv,42,0.5119141440009116,False
23726935.808601208,16799407.19092188,0.0,7.329555894057215,0.0,43.599999999999994,19.0,0.0,106.0,-43.40697620164218,0,118634679.04300603,7.329555894057215,43.599999999999994,19.0,0.0,11.863467904300602,7.329555894057215,43.599999999999994,19.0,0.0,11.863467904300602,7.329555894057215,43.599999999999994,19.0,0.0,45,PREDICTIVE,CV mobility,lstm_cv,42,0.5119141440009116,False
23391179.122235913,16873490.07252433,0.0,7.300891312985536,0.0,43.599999999999994,19.0,0.0,106.0,-43.603519125896504,0,116955895.61117956,7.300891312985536,43.599999999999994,19.0,0.0,11.695589561117956,7.300891312985536,43.599999999999994,19.0,0.0,11.695589561117956,7.300891312985536,43.599999999999994,19.0,0.0,46,PREDICTIVE,CV mobility,lstm_cv,42,0.5119141440009116,False
24510931.1490797,17095334.103125572,0.0,7.2503747297953165,0.0,47.14999999999999,19.0,2.0,108.0,-46.68763795653439,1,122554655.74539849,7.2503747297953165,47.14999999999999,19.0,2.0,12.25546557453985,7.2503747297953165,47.14999999999999,19.0,0.043478260869565216,12.25546557453985,7.2503747297953165,47.14999999999999,19.0,0.043478260869565216,47,PREDICTIVE,CV mobility,lstm_cv,42,0.5119141440009116,False
23513836.109962977,15926851.794165784,0.0,7.176907548716475,0.0,47.14999999999999,19.0,2.0,110.0,-47.25965265717159,1,117569180.54981488,7.176907548716475,47.14999999999999,19.0,2.0,11.756918054981488,7.176907548716475,47.14999999999999,19.0,0.043478260869565216,11.756918054981488,7.176907548716475,47.14999999999999,19.0,0.043478260869565216,48,PREDICTIVE,CV mobility,lstm_cv,42,0.5119141440009116,False
21850173.778020047,16048526.021881433,0.0,7.0761669177270425,0.0,50.699999999999996,19.0,4.0,114.0,-51.78570271500205,1,109250868.89010024,7.0761669177270425,50.699999999999996,19.0,4.0,10.925086889010023,7.0761669177270425,50.699999999999996,19.0,0.08695652173913043,10.925086889010023,7.0761669177270425,50.699999999999996,19.0,0.08695652173913043,49,PREDICTIVE,CV mobility,lstm_cv,42,0.5119141440009116,False
22556122.157155346,17187040.24837475,0.0,6.938423337776611,0.0,50.699999999999996,19.0,0.0,114.0,-51.483515583645705,0,112780610.78577673,6.938423337776611,50.699999999999996,19.0,0.0,11.278061078577673,6.938423337776611,50.699999999999996,19.0,0.0,11.278061078577673,6.938423337776611,50.699999999999996,19.0,0.0,50,PREDICTIVE,CV mobility,lstm_cv,42,0.5119141440009116,False
23233872.65479516,17832798.656250127,0.0,6.746109897783251,0.0,54.25,19.0,2.0,116.0,-54.93043203568873,1,116169363.27397579,6.746109897783251,54.25,19.0,2.0,11.616936327397578,6.746109897783251,54.25,19.0,0.043478260869565216,11.616936327397578,6.746109897783251,54.25,19.0,0.043478260869565216,51,PREDICTIVE,CV mobility,lstm_cv,42,0.5119141440009116,False
23293624.89591522,18036941.801394776,0.0,7.225377195584098,0.0,54.25,19.0,4.0,120.0,-54.46476687819742,1,116468124.47957611,7.225377195584098,54.25,19.0,4.0,11.646812447957611,7.225377195584098,54.25,19.0,0.08695652173913043,11.646812447957611,7.225377195584098,54.25,19.0,0.08695652173913043,52,PREDICTIVE,CV mobility,lstm_cv,42,0.5119141440009116,False
23049305.416217044,17838731.554400332,0.0,7.13537120000731,0.0,54.25,19.0,0.0,120.0,-54.58997609188417,0,115246527.08108522,7.13537120000731,54.25,19.0,0.0,11.524652708108523,7.13537120000731,54.25,19.0,0.0,11.524652708108523,7.13537120000731,54.25,19.0,0.0,53,PREDICTIVE,CV mobility,lstm_cv,42,0.5119141440009116,False
21686156.447117094,16810312.117116373,0.0,6.946209611705298,0.0,54.25,19.0,2.0,122.0,-55.50419042560572,1,108430782.23558547,6.946209611705298,54.25,19.0,2.0,10.843078223558546,6.946209611705298,54.25,19.0,0.043478260869565216,10.843078223558546,6.946209611705298,54.25,19.0,0.043478260869565216,54,PREDICTIVE,CV mobility,lstm_cv,42,0.5119141440009116,False
21615011.78580873,10380855.000527468,0.0,6.633231015239716,0.0,54.25,19.0,2.0,124.0,-55.85274135272548,1,108075058.92904365,6.633231015239716,54.25,19.0,2.0,10.807505892904365,6.633231015239716,54.25,19.0,0.043478260869565216,10.807505892904365,6.633231015239716,54.25,19.0,0.043478260869565216,55,PREDICTIVE,CV mobility,lstm_cv,42,0.5119141440009116,False
22995978.720853947,13532110.025297638,0.0,6.153399826849233,0.0,54.25,19.0,0.0,124.0,-55.59861081272379,0,114979893.60426974,6.153399826849233,54.25,19.0,0.0,11.497989360426974,6.153399826849233,54.25,19.0,0.0,11.497989360426974,6.153399826849233,54.25,19.0,0.0,56,PREDICTIVE,CV mobility,lstm_cv,42,0.5119141440009116,False
22696511.762038596,13138814.152595103,0.0,5.347992068221981,0.0,54.25,19.0,4.0,128.0,-56.64070857249786,1,113482558.81019297,5.347992068221981,54.25,19.0,4.0,11.348255881019297,5.347992068221981,54.25,19.0,0.08695652173913043,11.348255881019297,5.347992068221981,54.25,19.0,0.08695652173913043,57,PREDICTIVE,CV mobility,lstm_cv,42,0.5119141440009116,False
24783791.10782095,15737584.534713883,0.0,6.240126921905436,0.0,57.8,19.0,4.0,132.0,-58.254934045923214,1,123918955.53910476,6.240126921905436,57.8,19.0,4.0,12.391895553910476,6.240126921905436,57.8,19.0,0.08695652173913043,12.391895553910476,6.240126921905436,57.8,19.0,0.08695652173913043,58,PREDICTIVE,CV mobility,lstm_cv,42,0.5119141440009116,False
26843206.006017834,16952251.441758618,0.0,6.551408989355421,0.0,57.8,19.0,0.0,132.0,-56.82698800763566,0,134216030.03008917,6.551408989355421,57.8,19.0,0.0,13.421603003008917,6.551408989355421,57.8,19.0,0.0,13.421603003008917,6.551408989355421,57.8,19.0,0.0,59,PREDICTIVE,CV mobility,lstm_cv,42,0.5119141440009116,False
28651082.89528972,18014251.48083664,0.0,6.832007592346156,0.0,57.8,19.0,2.0,134.0,-55.68592922087855,1,143255414.4764486,6.832007592346156,57.8,19.0,2.0,14.32554144764486,6.832007592346156,57.8,19.0,0.043478260869565216,14.32554144764486,6.832007592346156,57.8,19.0,0.043478260869565216,60,PREDICTIVE,CV mobility,lstm_cv,42,0.5119141440009116,False
28991926.18921579,12815272.106070831,0.0,7.051445903648602,0.0,54.25,19.0,2.0,136.0,-51.74606926261306,1,144959630.94607896,7.051445903648602,54.25,19.0,2.0,14.495963094607896,7.051445903648602,54.25,19.0,0.043478260869565216,14.495963094607896,7.051445903648602,54.25,19.0,0.043478260869565216,61,PREDICTIVE,CV mobility,lstm_cv,42,0.5119141440009116,False
30307761.939843267,13389293.43103358,0.0,7.477211415978301,0.0,50.699999999999996,19.0,4.0,140.0,-47.15586413583919,1,151538809.69921634,7.477211415978301,50.699999999999996,19.0,4.0,15.153880969921634,7.477211415978301,50.699999999999996,19.0,0.08695652173913043,15.153880969921634,7.477211415978301,50.699999999999996,19.0,0.08695652173913043,62,PREDICTIVE,CV mobility,lstm_cv,42,0.5119141440009116,False
27564438.927959323,10624864.99839353,0.0,7.5742595200911795,0.0,50.699999999999996,19.0,2.0,142.0,-48.38699927679871,1,137822194.6397966,7.5742595200911795,50.699999999999996,19.0,2.0,13.782219463979661,7.5742595200911795,50.699999999999996,19.0,0.043478260869565216,13.782219463979661,7.5742595200911795,50.699999999999996,19.0,0.043478260869565216,63,PREDICTIVE,CV mobility,lstm_cv,42,0.5119141440009116,False
24999498.031294595,7787072.501680556,0.0,7.598021292098055,0.0,50.699999999999996,19.0,2.0,144.0,-49.6457079531242,1,124997490.15647298,7.598021292098055,50.699999999999996,19.0,2.0,12.499749015647298,7.598021292098055,50.699999999999996,19.0,0.043478260869565216,12.499749015647298,7.598021292098055,50.699999999999996,19.0,0.043478260869565216,64,PREDICTIVE,CV mobility,lstm_cv,42,0.5119141440009116,False
24393848.920846112,9236415.831577852,0.0,7.557093219771891,0.0,50.699999999999996,19.0,0.0,144.0,-49.94598231980504,0,121969244.60423055,7.557093219771891,50.699999999999996,19.0,0.0,12.196924460423055,7.557093219771891,50.699999999999996,19.0,0.0,12.196924460423055,7.557093219771891,50.699999999999996,19.0,0.0,65,PREDICTIVE,CV mobility,lstm_cv,42,0.5119141440009116,False
20739613.3748161,8779790.64341879,0.0,7.453431422633267,0.0,47.15,19.0,4.0,148.0,-48.41371841169782,1,103698066.87408051,7.453431422633267,47.15,19.0,4.0,10.369806687408051,7.453431422633267,47.15,19.0,0.08695652173913043,10.369806687408051,7.453431422633267,47.15,19.0,0.08695652173913043,66,PREDICTIVE,CV mobility,lstm_cv,42,0.5119141440009116,False
22388004.650283173,10238942.56980381,0.0,7.282202928158872,0.0,47.15,19.0,0.0,148.0,-47.67379474669955,0,111940023.25141586,7.282202928158872,47.15,19.0,0.0,11.194002325141586,7.282202928158872,47.15,19.0,0.0,11.194002325141586,7.282202928158872,47.15,19.0,0.0,67,PREDICTIVE,CV mobility,lstm_cv,42,0.5119141440009116,False
23368945.47618895,11339569.779039469,0.0,7.032953393660251,0.0,47.15,19.0,2.0,150.0,-47.47605212911485,1,116844727.38094474,7.032953393660251,47.15,19.0,2.0,11.684472738094474,7.032953393660251,47.15,19.0,0.043478260869565216,11.684472738094474,7.032953393660251,47.15,19.0,0.043478260869565216,68,PREDICTIVE,CV mobility,lstm_cv,42,0.5119141440009116,False
24614007.05551938,10617222.844965354,0.0,6.69476132177155,0.0,47.15,19.0,2.0,152.0,-47.19171341133833,1,123070035.2775969,6.69476132177155,47.15,19.0,2.0,12.30700352775969,6.69476132177155,47.15,19.0,0.043478260869565216,12.30700352775969,6.69476132177155,47.15,19.0,0.043478260869565216,69,PREDICTIVE,CV mobility,lstm_cv,42,0.5119141440009116,False
26456863.921018485,11145174.398801079,0.0,6.276316022070402,0.0,47.15,19.0,0.0,152.0,-46.64525201742036,0,132284319.60509242,6.276316022070402,47.15,19.0,0.0,13.228431960509242,6.276316022070402,47.15,19.0,0.0,13.228431960509242,6.276316022070402,47.15,19.0,0.0,70,PREDICTIVE,CV mobility,lstm_cv,42,0.5119141440009116,False
28485581.048175715,10955955.961966923,0.0,5.8698651889281805,0.0,47.15,19.0,0.0,152.0,-46.037344286983966,0,142427905.24087858,5.8698651889281805,47.15,19.0,0.0,14.242790524087859,5.8698651889281805,47.15,19.0,0.0,14.242790524087859,5.8698651889281805,47.15,19.0,0.0,71,PREDICTIVE,CV mobility,lstm_cv,42,0.5119141440009116,False
30660087.064418327,11286535.871224098,0.0,4.4121087289910115,0.0,47.15,19.0,4.0,156.0,-46.49480426053896,1,153300435.32209164,4.4121087289910115,47.15,19.0,4.0,15.330043532209164,4.4121087289910115,47.15,19.0,0.08695652173913043,15.330043532209164,4.4121087289910115,47.15,19.0,0.08695652173913043,72,PREDICTIVE,CV mobility,lstm_cv,42,0.5119141440009116,False
18455656.245947503,14657917.382688675,0.0,4.655826726622048,0.0,47.15,19.0,4.0,160.0,-52.35330167214334,1,92278281.22973752,4.655826726622048,47.15,19.0,4.0,9.227828122973753,4.655826726622048,47.15,19.0,0.08695652173913043,9.227828122973753,4.655826726622048,47.15,19.0,0.08695652173913043,73,PREDICTIVE,CV mobility,lstm_cv,42,0.5119141440009116,False
19418203.308820777,13519914.77578225,0.0,5.051765063335389,0.0,47.15,19.0,0.0,160.0,-51.38913328225423,0,97091016.54410389,5.051765063335389,47.15,19.0,0.0,9.70910165441039,5.051765063335389,47.15,19.0,0.0,9.70910165441039,5.051765063335389,47.15,19.0,0.0,74,PREDICTIVE,CV mobility,lstm_cv,42,0.5119141440009116,False
19991486.876552053,7404159.991685186,0.0,5.418900530789339,0.0,47.15,19.0,2.0,162.0,-50.7788342918042,1,99957434.38276027,5.418900530789339,47.15,19.0,2.0,9.995743438276028,5.418900530789339,47.15,19.0,0.043478260869565216,9.995743438276028,5.418900530789339,47.15,19.0,0.043478260869565216,75,PREDICTIVE,CV mobility,lstm_cv,42,0.5119141440009116,False
20724559.811482854,7443652.718252179,0.0,5.71306460670699,0.0,47.15,19.0,2.0,164.0,-50.11813374842115,1,103622799.05741426,5.71306460670699,47.15,19.0,2.0,10.362279905741426,5.71306460670699,47.15,19.0,0.043478260869565216,10.362279905741426,5.71306460670699,47.15,19.0,0.043478260869565216,76,PREDICTIVE,CV mobility,lstm_cv,42,0.5119141440009116,False
21360214.123630077,8197838.361371208,0.0,5.9395926670747805,0.0,47.15,19.0,0.0,164.0,-49.530300271110185,0,106801070.61815038,5.9395926670747805,47.15,19.0,0.0,10.680107061815038,5.9395926670747805,47.15,19.0,0.0,10.680107061815038,5.9395926670747805,47.15,19.0,0.0,77,PREDICTIVE,CV mobility,lstm_cv,42,0.5119141440009116,False
21103087.24013428,8793680.420530634,0.0,6.543826285756707,0.0,50.699999999999996,19.0,4.0,168.0,-52.69158661591528,1,105515436.2006714,6.543826285756707,50.699999999999996,19.0,4.0,10.551543620067141,6.543826285756707,50.699999999999996,19.0,0.08695652173913043,10.551543620067141,6.543826285756707,50.699999999999996,19.0,0.08695652173913043,78,PREDICTIVE,CV mobility,lstm_cv,42,0.5119141440009116,False
20365232.963141914,9306214.556744887,0.0,6.607218645562929,0.0,50.699999999999996,19.0,0.0,168.0,-52.910164872866105,0,101826164.81570958,6.607218645562929,50.699999999999996,19.0,0.0,10.182616481570957,6.607218645562929,50.699999999999996,19.0,0.0,10.182616481570957,6.607218645562929,50.699999999999996,19.0,0.0,79,PREDICTIVE,CV mobility,lstm_cv,42,0.5119141440009116,False
21442597.400383618,8708000.725114869,0.0,5.701110349645574,0.0,54.25,19.0,6.0,174.0,-56.95802573277131,1,107212987.00191809,5.701110349645574,54.25,19.0,6.0,10.72129870019181,5.701110349645574,54.25,19.0,0.13043478260869565,10.72129870019181,5.701110349645574,54.25,19.0,0.13043478260869565,80,PREDICTIVE,CV mobility,lstm_cv,42,0.5119141440009116,False
22149709.70915667,9290461.008943416,0.0,5.713254112678836,0.0,50.699999999999996,19.0,2.0,176.0,-52.95536929361238,1,110748548.54578336,5.713254112678836,50.699999999999996,19.0,2.0,11.074854854578335,5.713254112678836,50.699999999999996,19.0,0.043478260869565216,11.074854854578335,5.713254112678836,50.699999999999996,19.0,0.043478260869565216,81,PREDICTIVE,CV mobility,lstm_cv,42,0.5119141440009116,False
25176254.69991374,10372128.854773445,0.0,5.73098369420193,0.0,50.699999999999996,19.0,0.0,176.0,-51.380888955841186,0,125881273.4995687,5.73098369420193,50.699999999999996,19.0,0.0,12.58812734995687,5.73098369420193,50.699999999999996,19.0,0.0,12.58812734995687,5.73098369420193,50.699999999999996,19.0,0.0,82,PREDICTIVE,CV mobility,lstm_cv,42,0.5119141440009116,False
30234164.031049646,11443022.88276938,0.0,5.7573514902163145,0.0,50.699999999999996,19.0,0.0,176.0,-48.82556649425885,0,151170820.15524822,5.7573514902163145,50.699999999999996,19.0,0.0,15.117082015524822,5.7573514902163145,50.699999999999996,19.0,0.0,15.117082015524822,5.7573514902163145,50.699999999999996,19.0,0.0,83,PREDICTIVE,CV mobility,lstm_cv,42,0.5119141440009116,False
40922728.31225033,10572837.552087644,0.0,5.797169882047824,0.0,50.699999999999996,19.0,4.0,180.0,-43.52842248356613,1,204613641.56125164,5.797169882047824,50.699999999999996,19.0,4.0,20.461364156125164,5.797169882047824,50.699999999999996,19.0,0.08695652173913043,20.461364156125164,5.797169882047824,50.699999999999996,19.0,0.08695652173913043,84,PREDICTIVE,CV mobility,lstm_cv,42,0.5119141440009116,False
36397544.86313445,11670637.405675374,0.0,5.8576433747049155,0.0,50.699999999999996,19.0,0.0,180.0,-45.64358419372785,0,181987724.31567225,5.8576433747049155,50.699999999999996,19.0,0.0,18.198772431567225,5.8576433747049155,50.699999999999996,19.0,0.0,18.198772431567225,5.8576433747049155,50.699999999999996,19.0,0.0,85,PREDICTIVE,CV mobility,lstm_cv,42,0.5119141440009116,False
33249852.29989475,12368745.800552873,0.0,5.948032144229171,0.0,50.699999999999996,19.0,2.0,182.0,-47.17051996669301,1,166249261.49947375,5.948032144229171,50.699999999999996,19.0,2.0,16.624926149947374,5.948032144229171,50.699999999999996,19.0,0.043478260869565216,16.624926149947374,5.948032144229171,50.699999999999996,19.0,0.043478260869565216,86,PREDICTIVE,CV mobility,lstm_cv,42,0.5119141440009116,False
31233724.74186231,12330678.75762853,0.0,6.075578781779726,0.0,50.7,19.0,2.0,184.0,-48.05103710815868,1,156168623.70931154,6.075578781779726,50.7,19.0,2.0,15.616862370931155,6.075578781779726,50.7,19.0,0.043478260869565216,15.616862370931155,6.075578781779726,50.7,19.0,0.043478260869565216,87,PREDICTIVE,CV mobility,lstm_cv,42,0.5119141440009116,False
29704292.8384381,10500130.333624443,0.0,6.234402718221595,0.0,50.7,19.0,2.0,186.0,-48.656929123428924,1,148521464.1921905,6.234402718221595,50.7,19.0,2.0,14.85214641921905,6.234402718221595,50.7,19.0,0.043478260869565216,14.85214641921905,6.234402718221595,50.7,19.0,0.043478260869565216,88,PREDICTIVE,CV mobility,lstm_cv,42,0.5119141440009116,False
23885694.474391837,11165517.045325417,0.0,6.394405449577812,0.0,47.150000000000006,19.0,2.0,188.0,-47.85622557409584,1,119428472.37195918,6.394405449577812,47.150000000000006,19.0,2.0,11.942847237195918,6.394405449577812,47.150000000000006,19.0,0.043478260869565216,11.942847237195918,6.394405449577812,47.150000000000006,19.0,0.043478260869565216,89,PREDICTIVE,CV mobility,lstm_cv,42,0.5119141440009116,False
23739649.739110313,10973082.895060522,0.0,6.514567478703579,0.0,47.150000000000006,19.0,0.0,188.0,-47.76560765174127,0,118698248.69555157,6.514567478703579,47.150000000000006,19.0,0.0,11.869824869555158,6.514567478703579,47.150000000000006,19.0,0.0,11.869824869555158,6.514567478703579,47.150000000000006,19.0,0.0,90,PREDICTIVE,CV mobility,lstm_cv,42,0.5119141440009116,False
23983957.203668322,12226755.870283384,0.0,6.575074007589336,0.0,50.7,19.0,2.0,190.0,-51.17642565144607,1,119919786.01834162,6.575074007589336,50.7,19.0,2.0,11.99197860183416,6.575074007589336,50.7,19.0,0.043478260869565216,11.99197860183416,6.575074007589336,50.7,19.0,0.043478260869565216,91,PREDICTIVE,CV mobility,lstm_cv,42,0.5119141440009116,False
23344346.00617582,9884888.051193096,0.0,6.575025048841468,0.0,47.150000000000006,19.0,4.0,194.0,-47.989758469809765,1,116721730.0308791,6.575025048841468,47.150000000000006,19.0,4.0,11.67217300308791,6.575025048841468,47.150000000000006,19.0,0.08695652173913043,11.67217300308791,6.575025048841468,47.150000000000006,19.0,0.08695652173913043,92,PREDICTIVE,CV mobility,lstm_cv,42,0.5119141440009116,False
23289779.96012851,9782697.412618298,0.0,6.5057777618416965,0.0,47.150000000000006,19.0,2.0,196.0,-48.04281051896362,1,116448899.80064254,6.5057777618416965,47.150000000000006,19.0,2.0,11.644889980064253,6.5057777618416965,47.150000000000006,19.0,0.043478260869565216,11.644889980064253,6.5057777618416965,47.150000000000006,19.0,0.043478260869565216,93,PREDICTIVE,CV mobility,lstm_cv,42,0.5119141440009116,False
26693963.326526556,10143742.093503933,0.0,6.3656152884400345,0.0,47.150000000000006,19.0,0.0,196.0,-46.437403048296694,0,133469816.63263278,6.3656152884400345,47.150000000000006,19.0,0.0,13.346981663263279,6.3656152884400345,47.150000000000006,19.0,0.0,13.346981663263279,6.3656152884400345,47.150000000000006,19.0,0.0,94,PREDICTIVE,CV mobility,lstm_cv,42,0.5119141440009116,False
29059324.65999893,9675426.432304306,0.0,6.197661778996988,0.0,47.150000000000006,19.0,2.0,198.0,-45.46615415187311,1,145296623.29999465,6.197661778996988,47.150000000000006,19.0,2.0,14.529662329999464,6.197661778996988,47.150000000000006,19.0,0.043478260869565216,14.529662329999464,6.197661778996988,47.150000000000006,19.0,0.043478260869565216,95,PREDICTIVE,CV mobility,lstm_cv,42,0.5119141440009116,False
50850370.69944759,5483932.676194064,0.0,6.059373193407809,0.0,47.150000000000006,19.0,4.0,202.0,-34.75239797860754,1,254251853.49723795,6.059373193407809,47.150000000000006,19.0,4.0,25.425185349723794,6.059373193407809,47.150000000000006,19.0,0.08695652173913043,25.425185349723794,6.059373193407809,47.150000000000006,19.0,0.08695652173913043,96,PREDICTIVE,CV mobility,lstm_cv,42,0.5119141440009116,False
42162716.573647745,7736062.760134206,0.0,5.970278234117754,0.0,43.6,19.0,4.0,206.0,-35.63532000079751,1,210813582.86823872,5.970278234117754,43.6,19.0,4.0,21.08135828682387,5.970278234117754,43.6,19.0,0.08695652173913043,21.08135828682387,5.970278234117754,43.6,19.0,0.08695652173913043,97,PREDICTIVE,CV mobility,lstm_cv,42,0.5119141440009116,False
43246399.389360085,8829907.103828603,0.0,6.499945587472213,0.0,40.050000000000004,19.0,4.0,210.0,-31.013811239586875,1,216231996.94680044,6.499945587472213,40.050000000000004,19.0,4.0,21.623199694680043,6.499945587472213,40.050000000000004,19.0,0.08695652173913043,21.623199694680043,6.499945587472213,40.050000000000004,19.0,0.08695652173913043,98,PREDICTIVE,CV mobility,lstm_cv,42,0.5119141440009116,False
21904222.04342463,9975642.075739242,0.0,6.648981148207357,0.0,40.050000000000004,19.0,2.0,212.0,-41.49238609094989,1,109521110.21712315,6.648981148207357,40.050000000000004,19.0,2.0,10.952111021712316,6.648981148207357,40.050000000000004,19.0,0.043478260869565216,10.952111021712316,6.648981148207357,40.050000000000004,19.0,0.043478260869565216,99,PREDICTIVE,CV mobility,lstm_cv,42,0.5119141440009116,False
66088046.773487546,16923844.820368215,0.0,5.333816217159404,0.0,47.14999999999999,19.0,0.0,0.0,-27.772160396096815,0,330440233.8674377,5.333816217159404,47.14999999999999,19.0,0.0,33.044023386743774,5.333816217159404,47.14999999999999,19.0,0.0,33.044023386743774,5.333816217159404,47.14999999999999,19.0,0.0,0,PREDICTIVE+CHURN,CV mobility,lstm_cv,42,1.9697277520026546,True
52424928.76221856,15656252.34153944,0.0,5.498797850540012,0.0,47.14999999999999,19.0,0.0,0.0,-34.438737768350705,0,262124643.8110928,5.498797850540012,47.14999999999999,19.0,0.0,26.212464381109278,5.498797850540012,47.14999999999999,19.0,0.0,26.212464381109278,5.498797850540012,47.14999999999999,19.0,0.0,1,PREDICTIVE+CHURN,CV mobility,lstm_cv,42,1.9697277520026546,True
46024132.79626535,15780117.017046656,0.0,5.6802668038859085,0.0,47.14999999999999,19.0,0.0,0.0,-37.45766679798141,0,230120663.98132676,5.6802668038859085,47.14999999999999,19.0,0.0,23.012066398132674,5.6802668038859085,47.14999999999999,19.0,0.0,23.012066398132674,5.6802668038859085,47.14999999999999,19.0,0.0,2,PREDICTIVE+CHURN,CV mobility,lstm_cv,42,1.9697277520026546,True
37582339.83635874,16644449.678356566,0.0,5.858393272639885,0.0,47.14999999999999,19.0,0.0,0.0,-41.50043680918074,0,187911699.1817937,5.858393272639885,47.14999999999999,19.0,0.0,18.791169918179367,5.858393272639885,47.14999999999999,19.0,0.0,18.791169918179367,5.858393272639885,47.14999999999999,19.0,0.0,3,PREDICTIVE+CHURN,CV mobility,lstm_cv,42,1.9697277520026546,True
32116244.47540906,17094731.78591997,0.0,5.996917037000827,0.0,47.14999999999999,19.0,0.0,0.0,-44.094960725294634,0,160581222.3770453,5.996917037000827,47.14999999999999,19.0,0.0,16.05812223770453,5.996917037000827,47.14999999999999,19.0,0.0,16.05812223770453,5.996917037000827,47.14999999999999,19.0,0.0,4,PREDICTIVE+CHURN,CV mobility,lstm_cv,42,1.9697277520026546,True
27958677.65995381,17656654.99919008,0.0,4.623394459928656,0.0,43.599999999999994,19.0,12.0,12.0,-44.25813627531183,1,139793388.29976904,4.623394459928656,43.599999999999994,19.0,12.0,13.979338829976905,4.623394459928656,43.599999999999994,19.0,0.2608695652173913,13.979338829976905,4.623394459928656,43.599999999999994,19.0,0.2608695652173913,5,PREDICTIVE+CHURN,CV mobility,lstm_cv,42,1.9697277520026546,True
30805727.825743698,17978541.765262865,0.0,4.553106668276781,0.0,43.599999999999994,19.0,0.0,12.0,-42.64402941885136,0,154028639.1287185,4.553106668276781,43.599999999999994,19.0,0.0,15.40286391287185,4.553106668276781,43.599999999999994,19.0,0.0,15.40286391287185,4.553106668276781,43.599999999999994,19.0,0.0,6,PREDICTIVE+CHURN,CV mobility,lstm_cv,42,1.9697277520026546,True
35623366.47483264,18031044.03033069,0.0,5.160853407801302,0.0,43.599999999999994,19.0,0.0,12.0,-39.62746335478237,0,178116832.3741632,5.160853407801302,43.599999999999994,19.0,0.0,17.81168323741632,5.160853407801302,43.599999999999994,19.0,0.0,17.81168323741632,5.160853407801302,43.599999999999994,19.0,0.0,7,PREDICTIVE+CHURN,CV mobility,lstm_cv,42,1.9697277520026546,True
36625394.84381322,17819986.792659476,0.0,5.63901072922743,0.0,43.599999999999994,19.0,0.0,12.0,-38.64829184886595,0,183126974.21906608,5.63901072922743,43.599999999999994,19.0,0.0,18.31269742190661,5.63901072922743,43.599999999999994,19.0,0.0,18.31269742190661,5.63901072922743,43.599999999999994,19.0,0.0,8,PREDICTIVE+CHURN,CV mobility,lstm_cv,42,1.9697277520026546,True
35010305.64340605,17420416.547890753,0.0,5.904785362576714,0.0,43.599999999999994,19.0,0.0,12.0,-39.190061815720256,0,175051528.21703023,5.904785362576714,43.599999999999994,19.0,0.0,17.50515282170302,5.904785362576714,43.599999999999994,19.0,0.0,17.50515282170302,5.904785362576714,43.599999999999994,19.0,0.0,9,PREDICTIVE+CHURN,CV mobility,lstm_cv,42,1.9697277520026546,True
31273499.365104813,17069472.399702244,0.0,6.02948433031463,0.0,43.599999999999994,19.0,0.0,12.0,-40.93376598713296,0,156367496.82552406,6.02948433031463,43.599999999999994,19.0,0.0,15.636749682552406,6.02948433031463,43.599999999999994,19.0,0.0,15.636749682552406,6.02948433031463,43.599999999999994,19.0,0.0,10,PREDICTIVE+CHURN,CV mobility,lstm_cv,42,1.9697277520026546,False
27302192.180490296,16570532.930034783,0.0,6.069223207132879,0.0,43.599999999999994,19.0,0.0,12.0,-42.87968070262197,0,136510960.9024515,6.069223207132879,43.599999999999994,19.0,0.0,13.651096090245149,6.069223207132879,43.599999999999994,19.0,0.0,13.651096090245149,6.069223207132879,43.599999999999994,19.0,0.0,11,PREDICTIVE+CHURN,CV mobility,lstm_cv,42,1.9697277520026546,False
24262931.737663526,15939279.95240652,0.0,6.05974783774823,0.0,43.599999999999994,19.0,0.0,12.0,-44.40878629342,0,121314658.68831763,6.05974783774823,43.599999999999994,19.0,0.0,12.131465868831762,6.05974783774823,43.599999999999994,19.0,0.0,12.131465868831762,6.05974783774823,43.599999999999994,19.0,0.0,12,PREDICTIVE+CHURN,CV mobility,lstm_cv,42,1.9697277520026546,False
21934895.9349689,15269609.604901245,0.0,6.023184074597646,0.0,43.599999999999994,19.0,0.0,12.0,-45.6093679579179,0,109674479.6748445,6.023184074597646,43.599999999999994,19.0,0.0,10.96744796748445,6.023184074597646,43.599999999999994,19.0,0.0,10.96744796748445,6.023184074597646,43.599999999999994,19.0,0.0,13,PREDICTIVE+CHURN,CV mobility,lstm_cv,42,1.9697277520026546,False
16189148.661685925,9602954.247850064,0.0,4.969125671417128,0.0,43.599999999999994,19.0,16.0,28.0,-49.884126084696426,1,80945743.30842963,4.969125671417128,43.599999999999994,19.0,16.0,8.094574330842963,4.969125671417128,43.599999999999994,19.0,0.34782608695652173,8.094574330842963,4.969125671417128,43.599999999999994,19.0,0.34782608695652173,14,PREDICTIVE+CHURN,CV mobility,lstm_cv,42,1.9697277520026546,False
16743636.139429033,9459171.50091367,0.0,4.715282943813828,0.0,43.599999999999994,19.0,0.0,28.0,-49.512898986471654,0,83718180.69714516,4.715282943813828,43.599999999999994,19.0,0.0,8.371818069714516,4.715282943813828,43.599999999999994,19.0,0.0,8.371818069714516,4.715282943813828,43.599999999999994,19.0,0.0,15,PREDICTIVE+CHURN,CV mobility,lstm_cv,42,1.9697277520026546,False
17698786.8700025,9299893.217625277,0.0,4.48637767640998,0.0,43.599999999999994,19.0,0.0,28.0,-49.26422888858876,0,88493934.3500125,4.48637767640998,43.599999999999994,19.0,0.0,8.84939343500125,4.48637767640998,43.599999999999994,19.0,0.0,8.84939343500125,4.48637767640998,43.599999999999994,19.0,0.0,16,PREDICTIVE+CHURN,CV mobility,lstm_cv,42,1.9697277520026546,False
19121129.237872835,9136948.54510728,0.0,4.818927973617921,0.0,43.599999999999994,19.0,0.0,28.0,-48.22050740744565,0,95605646.18936418,4.818927973617921,43.599999999999994,19.0,0.0,9.560564618936418,4.818927973617921,43.599999999999994,19.0,0.0,9.560564618936418,4.818927973617921,43.599999999999994,19.0,0.0,17,PREDICTIVE+CHURN,CV mobility,lstm_cv,42,1.9697277520026546,False
21191839.111133963,8983050.33608659,0.0,5.869496806732637,0.0,43.599999999999994,19.0,0.0,28.0,-46.13458363770037,0,105959195.55566981,5.869496806732637,43.599999999999994,19.0,0.0,10.595919555566981,5.869496806732637,43.599999999999994,19.0,0.0,10.595919555566981,5.869496806732637,43.599999999999994,19.0,0.0,18,PREDICTIVE+CHURN,CV mobility,lstm_cv,42,1.9697277520026546,False
24093247.11548779,8849477.82083863,0.0,6.079702328694512,0.0,43.599999999999994,19.0,0.0,28.0,-44.473674113561586,0,120466235.57743895,6.079702328694512,43.599999999999994,19.0,0.0,12.046623557743896,6.079702328694512,43.599999999999994,19.0,0.0,12.046623557743896,6.079702328694512,43.599999999999994,19.0,0.0,19,PREDICTIVE+CHURN,CV mobility,lstm_cv,42,1.9697277520026546,False
27633649.23994072,8744455.990297947,0.0,5.914702101268876,0.0,43.599999999999994,19.0,0.0,28.0,-42.86847327876076,0,138168246.1997036,5.914702101268876,43.599999999999994,19.0,0.0,13.81682461997036,5.914702101268876,43.599999999999994,19.0,0.0,13.81682461997036,5.914702101268876,43.599999999999994,19.0,0.0,20,PREDICTIVE+CHURN,CV mobility,lstm_cv,42,1.9697277520026546,False
28955953.243244015,8672703.387242625,0.0,6.097943693296836,0.0,43.599999999999994,19.0,0.0,28.0,-42.02407968508115,0,144779766.21622008,6.097943693296836,43.599999999999994,19.0,0.0,14.477976621622009,6.097943693296836,43.599999999999994,19.0,0.0,14.477976621622009,6.097943693296836,43.599999999999994,19.0,0.0,21,PREDICTIVE+CHURN,CV mobility,lstm_cv,42,1.9697277520026546,False
25200054.861828774,8636642.810343698,0.0,6.043866391577376,0.0,43.599999999999994,19.0,0.0,28.0,-43.95610617750823,0,126000274.30914387,6.043866391577376,43.599999999999994,19.0,0.0,12.600027430914388,6.043866391577376,43.599999999999994,19.0,0.0,12.600027430914388,6.043866391577376,43.599999999999994,19.0,0.0,22,PREDICTIVE+CHURN,CV mobility,lstm_cv,42,1.9697277520026546,False
21057341.49990826,8639382.555076076,0.0,5.810702562242344,0.0,43.599999999999994,19.0,0.0,28.0,-46.26062668780352,0,105286707.49954131,5.810702562242344,43.599999999999994,19.0,0.0,10.52867074995413,5.810702562242344,43.599999999999994,19.0,0.0,10.52867074995413,5.810702562242344,43.599999999999994,19.0,0.0,23,PREDICTIVE+CHURN,CV mobility,lstm_cv,42,1.9697277520026546,False
11977801.353664601,9007352.032288462,0.0,5.579557739273283,0.0,43.59999999999999,19.0,18.0,46.0,-51.42284593172049,1,59889006.768323004,5.579557739273283,43.59999999999999,19.0,18.0,5.9889006768323005,5.579557739273283,43.59999999999999,19.0,0.391304347826087,5.9889006768323005,5.579557739273283,43.59999999999999,19.0,0.391304347826087,24,PREDICTIVE+CHURN,CV mobility,lstm_cv,42,1.9697277520026546,False
16923860.42507496,9558175.600464862,0.0,6.140078723457394,0.0,43.59999999999999,19.0,6.0,52.0,-48.12842584661381,1,84619302.12537481,6.140078723457394,43.59999999999999,19.0,6.0,8.461930212537482,6.140078723457394,43.59999999999999,19.0,0.13043478260869565,8.461930212537482,6.140078723457394,43.59999999999999,19.0,0.13043478260869565,25,PREDICTIVE+CHURN,CV mobility,lstm_cv,42,1.9697277520026546,False
17113415.332790207,9906156.575675277,0.0,6.034739474133472,0.0,43.59999999999999,19.0,0.0,52.0,-48.00855285947141,0,85567076.66395104,6.034739474133472,43.59999999999999,19.0,0.0,8.556707666395104,6.034739474133472,43.59999999999999,19.0,0.0,8.556707666395104,6.034739474133472,43.59999999999999,19.0,0.0,26,PREDICTIVE+CHURN,CV mobility,lstm_cv,42,1.9697277520026546,False
17998768.512526087,9955258.126067234,0.0,5.977206679220267,0.0,43.59999999999999,19.0,0.0,52.0,-47.62340906451668,0,89993842.56263043,5.977206679220267,43.59999999999999,19.0,0.0,8.999384256263044,5.977206679220267,43.59999999999999,19.0,0.0,8.999384256263044,5.977206679220267,43.59999999999999,19.0,0.0,27,PREDICTIVE+CHURN,CV mobility,lstm_cv,42,1.9697277520026546,False
19650738.497075982,9962892.368285486,0.0,5.958659987282512,0.0,43.59999999999999,19.0,0.0,52.0,-46.81597076417948,0,98253692.4853799,5.958659987282512,43.59999999999999,19.0,0.0,9.82536924853799,5.958659987282512,43.59999999999999,19.0,0.0,9.82536924853799,5.958659987282512,43.59999999999999,19.0,0.0,28,PREDICTIVE+CHURN,CV mobility,lstm_cv,42,1.9697277520026546,False
22268312.118164904,9976841.018099234,0.0,5.975971408123312,0.0,43.59999999999999,19.0,0.0,52.0,-45.48987253279422,0,111341560.59082451,5.975971408123312,43.59999999999999,19.0,0.0,11.134156059082452,5.975971408123312,43.59999999999999,19.0,0.0,11.134156059082452,5.975971408123312,43.59999999999999,19.0,0.0,29,PREDICTIVE+CHURN,CV mobility,lstm_cv,42,1.9697277520026546,False
26051217.850424714,9743079.930183847,0.0,6.857861155661414,0.0,43.59999999999999,19.0,8.0,60.0,-42.890442962604475,1,130256089.25212358,6.857861155661414,43.59999999999999,19.0,8.0,13.025608925212358,6.857861155661414,43.59999999999999,19.0,0.17391304347826086,13.025608925212358,6.857861155661414,43.59999999999999,19.0,0.17391304347826086,30,PREDICTIVE+CHURN,CV mobility,lstm_cv,42,1.9697277520026546,False
31790378.38370173,10694060.069277652,0.0,6.880913897288169,0.0,43.59999999999999,19.0,0.0,60.0,-39.82389691086095,0,158951891.91850865,6.880913897288169,43.59999999999999,19.0,0.0,15.895189191850864,6.880913897288169,43.59999999999999,19.0,0.0,15.895189191850864,6.880913897288169,43.59999999999999,19.0,0.0,31,PREDICTIVE+CHURN,CV mobility,lstm_cv,42,1.9697277520026546,False
38333619.59249327,11128128.341131482,0.0,6.883780518730433,0.0,43.59999999999999,19.0,0.0,60.0,-36.54940968502292,0,191668097.96246636,6.883780518730433,43.59999999999999,19.0,0.0,19.166809796246635,6.883780518730433,43.59999999999999,19.0,0.0,19.166809796246635,6.883780518730433,43.59999999999999,19.0,0.0,32,PREDICTIVE+CHURN,CV mobility,lstm_cv,42,1.9697277520026546,False
45017686.61559533,11546678.485898482,0.0,6.8289923239312955,0.0,43.59999999999999,19.0,0.0,60.0,-33.26216436827102,0,225088433.07797667,6.8289923239312955,43.59999999999999,19.0,0.0,22.50884330779767,6.8289923239312955,43.59999999999999,19.0,0.0,22.50884330779767,6.8289923239312955,43.59999999999999,19.0,0.0,33,PREDICTIVE+CHURN,CV mobility,lstm_cv,42,1.9697277520026546,False
42461697.74259609,11991785.58543861,0.0,6.575511830709221,0.0,43.59999999999999,19.0,0.0,60.0,-34.793639297992726,0,212308488.71298045,6.575511830709221,43.59999999999999,19.0,0.0,21.230848871298043,6.575511830709221,43.59999999999999,19.0,0.0,21.230848871298043,6.575511830709221,43.59999999999999,19.0,0.0,34,PREDICTIVE+CHURN,CV mobility,lstm_cv,42,1.9697277520026546,False
41187603.47248382,12459268.558067452,0.0,6.100875731421791,0.0,43.59999999999999,19.0,0.0,60.0,-35.905322532336285,0,205938017.3624191,6.100875731421791,43.59999999999999,19.0,0.0,20.59380173624191,6.100875731421791,43.59999999999999,19.0,0.0,20.59380173624191,6.100875731421791,43.59999999999999,19.0,0.0,35,PREDICTIVE+CHURN,CV mobility,lstm_cv,42,1.9697277520026546,False
37182205.94604336,12969220.492184281,0.0,6.228218100475981,0.0,43.59999999999999,19.0,0.0,60.0,-37.780678926502326,0,185911029.7302168,6.228218100475981,43.59999999999999,19.0,0.0,18.59110297302168,6.228218100475981,43.59999999999999,19.0,0.0,18.59110297302168,6.228218100475981,43.59999999999999,19.0,0.0,36,PREDICTIVE+CHURN,CV mobility,lstm_cv,42,1.9697277520026546,False
34863874.215335615,13445609.119251648,0.0,6.586542994605262,0.0,43.59999999999999,19.0,0.0,60.0,-38.58151989772692,0,174319371.07667807,6.586542994605262,43.59999999999999,19.0,0.0,17.431937107667807,6.586542994605262,43.59999999999999,19.0,0.0,17.431937107667807,6.586542994605262,43.59999999999999,19.0,0.0,37,PREDICTIVE+CHURN,CV mobility,lstm_cv,42,1.9697277520026546,False
36627522.12908302,13620549.858005784,0.0,6.807301056467193,0.0,43.59999999999999,19.0,0.0,60.0,-37.47893787899129,0,183137610.6454151,6.807301056467193,43.59999999999999,19.0,0.0,18.31376106454151,6.807301056467193,43.59999999999999,19.0,0.0,18.31376106454151,6.807301056467193,43.59999999999999,19.0,0.0,38,PREDICTIVE+CHURN,CV mobility,lstm_cv,42,1.9697277520026546,False
39666506.7332567,13350411.287053352,0.0,6.917114725025658,0.0,43.59999999999999,19.0,0.0,60.0,-35.849631908345984,0,198332533.6662835,6.917114725025658,43.59999999999999,19.0,0.0,19.833253366628348,6.917114725025658,43.59999999999999,19.0,0.0,19.833253366628348,6.917114725025658,43.59999999999999,19.0,0.0,39,PREDICTIVE+CHURN,CV mobility,lstm_cv,42,1.9697277520026546,False
41501565.15268041,12823488.753171103,0.0,6.97779743152049,0.0,43.59999999999999,19.0,0.0,60.0,-34.871419992139295,0,207507825.76340207,6.97779743152049,43.59999999999999,19.0,0.0,20.750782576340207,6.97779743152049,43.59999999999999,19.0,0.0,20.750782576340207,6.97779743152049,43.59999999999999,19.0,0.0,40,PREDICTIVE+CHURN,CV mobility,lstm_cv,42,1.9697277520026546,False
38886884.65676737,12261486.493441537,0.0,7.016280431346297,0.0,43.59999999999999,19.0,0.0,60.0,-36.14027724027,0,194434423.28383684,7.016280431346297,43.59999999999999,19.0,0.0,19.443442328383686,7.016280431346297,43.59999999999999,19.0,0.0,19.443442328383686,7.016280431346297,43.59999999999999,19.0,0.0,41,PREDICTIVE+CHURN,CV mobility,lstm_cv,42,1.9697277520026546,False
34086067.78646307,11758283.343874788,0.0,7.04392099978536,0.0,43.59999999999999,19.0,0.0,60.0,-38.5130451069831,0,170430338.93231532,7.04392099978536,43.59999999999999,19.0,0.0,17.04303389323153,7.04392099978536,43.59999999999999,19.0,0.0,17.04303389323153,7.04392099978536,43.59999999999999,19.0,0.0,42,PREDICTIVE+CHURN,CV mobility,lstm_cv,42,1.9697277520026546,False
29979990.54430877,11326891.861535294,0.0,7.066127945684481,0.0,43.59999999999999,19.0,0.0,60.0,-40.54387678216112,0,149899952.72154385,7.066127945684481,43.59999999999999,19.0,0.0,14.989995272154385,7.066127945684481,43.59999999999999,19.0,0.0,14.989995272154385,7.066127945684481,43.59999999999999,19.0,0.0,43,PREDICTIVE+CHURN,CV mobility,lstm_cv,42,1.9697277520026546,False
24214090.432711978,16442082.916822724,0.0,7.33614474974109,0.0,43.599999999999994,19.0,24.0,84.0,-43.678549164337696,1,121070452.16355988,7.33614474974109,43.599999999999994,19.0,24.0,12.107045216355989,7.33614474974109,43.599999999999994,19.0,0.5217391304347826,12.107045216355989,7.33614474974109,43.599999999999994,19.0,0.5217391304347826,44,PREDICTIVE+CHURN,CV mobility,lstm_cv,42,1.9697277520026546,False
23726935.808601208,16799407.19092188,0.0,7.329555894057215,0.0,43.599999999999994,19.0,0.0,84.0,-43.40697620164218,0,118634679.04300603,7.329555894057215,43.599999999999994,19.0,0.0,11.863467904300602,7.329555894057215,43.599999999999994,19.0,0.0,11.863467904300602,7.329555894057215,43.599999999999994,19.0,0.0,45,PREDICTIVE+CHURN,CV mobility,lstm_cv,42,1.9697277520026546,False
23391179.122235913,16873490.07252433,0.0,7.300891312985536,0.0,43.599999999999994,19.0,0.0,84.0,-43.603519125896504,0,116955895.61117956,7.300891312985536,43.599999999999994,19.0,0.0,11.695589561117956,7.300891312985536,43.599999999999994,19.0,0.0,11.695589561117956,7.300891312985536,43.599999999999994,19.0,0.0,46,PREDICTIVE+CHURN,CV mobility,lstm_cv,42,1.9697277520026546,False
23148487.990838367,16814162.539878,0.0,7.2503747297953165,0.0,43.599999999999994,19.0,0.0,84.0,-43.775381274785495,0,115742439.95419183,7.2503747297953165,43.599999999999994,19.0,0.0,11.574243995419183,7.2503747297953165,43.599999999999994,19.0,0.0,11.574243995419183,7.2503747297953165,43.599999999999994,19.0,0.0,47,PREDICTIVE+CHURN,CV mobility,lstm_cv,42,1.9697277520026546,False
22965862.05528583,16666046.431480166,0.0,7.176907548716475,0.0,43.599999999999994,19.0,0.0,84.0,-43.9401614236406,0,114829310.27642915,7.176907548716475,43.599999999999994,19.0,0.0,11.482931027642914,7.176907548716475,43.599999999999994,19.0,0.0,11.482931027642914,7.176907548716475,43.599999999999994,19.0,0.0,48,PREDICTIVE+CHURN,CV mobility,lstm_cv,42,1.9697277520026546,False
22941067.97856587,16657005.16773548,0.0,7.0761669177270425,0.0,43.599999999999994,19.0,0.0,84.0,-44.05329909299002,0,114705339.89282936,7.0761669177270425,43.599999999999994,19.0,0.0,11.470533989282936,7.0761669177270425,43.599999999999994,19.0,0.0,11.470533989282936,7.0761669177270425,43.599999999999994,19.0,0.0,49,PREDICTIVE+CHURN,CV mobility,lstm_cv,42,1.9697277520026546,False
23183531.72799366,16751058.742830686,0.0,6.938423337776611,0.0,43.599999999999994,19.0,0.0,84.0,-44.069810798226555,0,115917658.63996829,6.938423337776611,43.599999999999994,19.0,0.0,11.591765863996828,6.938423337776611,43.599999999999994,19.0,0.0,11.591765863996828,6.938423337776611,43.599999999999994,19.0,0.0,50,PREDICTIVE+CHURN,CV mobility,lstm_cv,42,1.9697277520026546,False
23172533.62326926,16849101.36456455,0.0,6.746109897783251,0.0,43.599999999999994,19.0,0.0,84.0,-44.267623290582115,0,115862668.1163463,6.746109897783251,43.599999999999994,19.0,0.0,11.58626681163463,6.746109897783251,43.599999999999994,19.0,0.0,11.58626681163463,6.746109897783251,43.599999999999994,19.0,0.0,51,PREDICTIVE+CHURN,CV mobility,lstm_cv,42,1.9697277520026546,False
22830079.06604364,16902115.085454788,0.0,6.471709247337115,0.0,43.599999999999994,19.0,0.0,84.0,-44.71325121964106,0,114150395.33021821,6.471709247337115,43.599999999999994,19.0,0.0,11.41503953302182,6.471709247337115,43.599999999999994,19.0,0.0,11.41503953302182,6.471709247337115,43.599999999999994,19.0,0.0,52,PREDICTIVE+CHURN,CV mobility,lstm_cv,42,1.9697277520026546,False
22171482.127150625,16865461.306032687,0.0,6.079398615107478,0.0,43.599999999999994,19.0,0.0,84.0,-45.4348603213172,0,110857410.63575312,6.079398615107478,43.599999999999994,19.0,0.0,11.085741063575313,6.079398615107478,43.599999999999994,19.0,0.0,11.085741063575313,6.079398615107478,43.599999999999994,19.0,0.0,53,PREDICTIVE+CHURN,CV mobility,lstm_cv,42,1.9697277520026546,False
21296308.57196343,16725694.46727318,0.0,5.551424493525943,0.0,43.599999999999994,19.0,0.0,84.0,-46.40042122049233,0,106481542.85981715,5.551424493525943,43.599999999999994,19.0,0.0,10.648154285981715,5.551424493525943,43.599999999999994,19.0,0.0,10.648154285981715,5.551424493525943,43.599999999999994,19.0,0.0,54,PREDICTIVE+CHURN,CV mobility,lstm_cv,42,1.9697277520026546,False
20334864.01130604,16533112.858008195,0.0,5.058551279531448,0.0,43.599999999999994,19.0,0.0,84.0,-47.374016714815525,0,101674320.0565302,5.058551279531448,43.599999999999994,19.0,0.0,10.167432005653021,5.058551279531448,43.599999999999994,19.0,0.0,10.167432005653021,5.058551279531448,43.599999999999994,19.0,0.0,55,PREDICTIVE+CHURN,CV mobility,lstm_cv,42,1.9697277520026546,False
19430566.00210546,15934349.134187715,0.0,5.2231350684102065,0.0,43.599999999999994,19.0,0.0,84.0,-47.66158193053706,0,97152830.0105273,5.2231350684102065,43.599999999999994,19.0,0.0,9.715283001052729,5.2231350684102065,43.599999999999994,19.0,0.0,9.715283001052729,5.2231350684102065,43.599999999999994,19.0,0.0,56,PREDICTIVE+CHURN,CV mobility,lstm_cv,42,1.9697277520026546,False
18926599.951857217,15005205.669410786,0.0,5.842753073715228,0.0,43.599999999999994,19.0,0.0,84.0,-47.29394695035616,0,94632999.75928608,5.842753073715228,43.599999999999994,19.0,0.0,9.463299975928608,5.842753073715228,43.599999999999994,19.0,0.0,9.463299975928608,5.842753073715228,43.599999999999994,19.0,0.0,57,PREDICTIVE+CHURN,CV mobility,lstm_cv,42,1.9697277520026546,False
18478299.53993625,12883340.575758342,0.0,6.254734410257871,0.0,43.599999999999994,19.0,0.0,84.0,-47.106115819774,0,92391497.69968124,6.254734410257871,43.599999999999994,19.0,0.0,9.239149769968124,6.254734410257871,43.599999999999994,19.0,0.0,9.239149769968124,6.254734410257871,43.599999999999994,19.0,0.0,58,PREDICTIVE+CHURN,CV mobility,lstm_cv,42,1.9697277520026546,False
18043907.092358757,10752783.804123098,0.0,6.566330746812739,0.0,43.599999999999994,19.0,0.0,84.0,-47.01171570700788,0,90219535.46179378,6.566330746812739,43.599999999999994,19.0,0.0,9.021953546179377,6.566330746812739,43.599999999999994,19.0,0.0,9.021953546179377,6.566330746812739,43.599999999999994,19.0,0.0,59,PREDICTIVE+CHURN,CV mobility,lstm_cv,42,1.9697277520026546,False
17571548.256171156,8949095.771620357,0.0,6.808059466662578,0.0,43.599999999999994,19.0,0.0,84.0,-47.00616640525184,0,87857741.28085577,6.808059466662578,43.599999999999994,19.0,0.0,8.785774128085578,6.808059466662578,43.599999999999994,19.0,0.0,8.785774128085578,6.808059466662578,43.599999999999994,19.0,0.0,60,PREDICTIVE+CHURN,CV mobility,lstm_cv,42,1.9697277520026546,False
16967788.852446277,7421930.544594774,0.0,6.969441204714258,0.0,43.599999999999994,19.0,0.0,84.0,-47.1466643690626,0,84838944.26223138,6.969441204714258,43.599999999999994,19.0,0.0,8.483894426223138,6.969441204714258,43.599999999999994,19.0,0.0,8.483894426223138,6.969441204714258,43.599999999999994,19.0,0.0,61,PREDICTIVE+CHURN,CV mobility,lstm_cv,42,1.9697277520026546,False
30307761.939843267,13389293.43103358,0.0,7.477211415978301,0.0,50.699999999999996,19.0,26.0,110.0,-47.63412500540441,1,151538809.69921634,7.477211415978301,50.699999999999996,19.0,26.0,15.153880969921634,7.477211415978301,50.699999999999996,19.0,0.5652173913043478,15.153880969921634,7.477211415978301,50.699999999999996,19.0,0.5652173913043478,62,PREDICTIVE+CHURN,CV mobility,lstm_cv,42,1.9697277520026546,False
29953757.534084477,13628799.591830987,0.0,7.5742595200911795,0.0,50.699999999999996,19.0,0.0,110.0,-47.14886171286658,0,149768787.67042238,7.5742595200911795,50.699999999999996,19.0,0.0,14.976878767042237,7.5742595200911795,50.699999999999996,19.0,0.0,14.976878767042237,7.5742595200911795,50.699999999999996,19.0,0.0,63,PREDICTIVE+CHURN,CV mobility,lstm_cv,42,1.9697277520026546,False
28487384.773857832,13661798.426924761,0.0,7.598021292098055,0.0,50.699999999999996,19.0,0.0,110.0,-47.858286320973015,0,142436923.86928916,7.598021292098055,50.699999999999996,19.0,0.0,14.243692386928917,7.598021292098055,50.699999999999996,19.0,0.0,14.243692386928917,7.598021292098055,50.699999999999996,19.0,0.0,64,PREDICTIVE+CHURN,CV mobility,lstm_cv,42,1.9697277520026546,False
26992912.297406554,13555362.325982632,0.0,7.557093219771891,0.0,50.699999999999996,19.0,0.0,110.0,-48.64645063152482,0,134964561.48703277,7.557093219771891,50.699999999999996,19.0,0.0,13.496456148703277,7.557093219771891,50.699999999999996,19.0,0.0,13.496456148703277,7.557093219771891,50.699999999999996,19.0,0.0,65,PREDICTIVE+CHURN,CV mobility,lstm_cv,42,1.9697277520026546,False
20739613.3748161,8779790.64341879,0.0,7.453431422633267,0.0,47.15,19.0,8.0,118.0,-48.50067493343695,1,103698066.87408051,7.453431422633267,47.15,19.0,8.0,10.369806687408051,7.453431422633267,47.15,19.0,0.17391304347826086,10.369806687408051,7.453431422633267,47.15,19.0,0.17391304347826086,66,PREDICTIVE+CHURN,CV mobility,lstm_cv,42,1.9697277520026546,False
22388004.650283173,10238942.56980381,0.0,7.282202928158872,0.0,47.15,19.0,0.0,118.0,-47.67379474669955,0,111940023.25141586,7.282202928158872,47.15,19.0,0.0,11.194002325141586,7.282202928158872,47.15,19.0,0.0,11.194002325141586,7.282202928158872,47.15,19.0,0.0,67,PREDICTIVE+CHURN,CV mobility,lstm_cv,42,1.9697277520026546,False
24055791.7873539,11560757.930496613,0.0,7.032953393660251,0.0,47.15,19.0,0.0,118.0,-47.0891507126628,0,120278958.9367695,7.032953393660251,47.15,19.0,0.0,12.02789589367695,7.032953393660251,47.15,19.0,0.0,12.02789589367695,7.032953393660251,47.15,19.0,0.0,68,PREDICTIVE+CHURN,CV mobility,lstm_cv,42,1.9697277520026546,False
24614007.05551938,10617222.844965354,0.0,6.69476132177155,0.0,47.15,19.0,4.0,122.0,-47.2351916722079,1,123070035.2775969,6.69476132177155,47.15,19.0,4.0,12.30700352775969,6.69476132177155,47.15,19.0,0.08695652173913043,12.30700352775969,6.69476132177155,47.15,19.0,0.08695652173913043,69,PREDICTIVE+CHURN,CV mobility,lstm_cv,42,1.9697277520026546,False
26456863.921018485,11145174.398801079,0.0,6.276316022070402,0.0,47.15,19.0,0.0,122.0,-46.64525201742036,0,132284319.60509242,6.276316022070402,47.15,19.0,0.0,13.228431960509242,6.276316022070402,47.15,19.0,0.0,13.228431960509242,6.276316022070402,47.15,19.0,0.0,70,PREDICTIVE+CHURN,CV mobility,lstm_cv,42,1.9697277520026546,False
28485581.048175715,10955955.961966923,0.0,5.8698651889281805,0.0,47.15,19.0,0.0,122.0,-46.037344286983966,0,142427905.24087858,5.8698651889281805,47.15,19.0,0.0,14.242790524087859,5.8698651889281805,47.15,19.0,0.0,14.242790524087859,5.8698651889281805,47.15,19.0,0.0,71,PREDICTIVE+CHURN,CV mobility,lstm_cv,42,1.9697277520026546,False
30660087.064418327,11286535.871224098,0.0,5.715286352188927,0.0,47.15,19.0,0.0,122.0,-45.10467011560192,0,153300435.32209164,5.715286352188927,47.15,19.0,0.0,15.330043532209164,5.715286352188927,47.15,19.0,0.0,15.330043532209164,5.715286352188927,47.15,19.0,0.0,72,PREDICTIVE+CHURN,CV mobility,lstm_cv,42,1.9697277520026546,False
33193972.386982583,11610852.006243747,0.0,5.92187370469237,0.0,47.15,19.0,0.0,122.0,-43.63114010181634,0,165969861.93491292,5.92187370469237,47.15,19.0,0.0,16.596986193491293,5.92187370469237,47.15,19.0,0.0,16.596986193491293,5.92187370469237,47.15,19.0,0.0,73,PREDICTIVE+CHURN,CV mobility,lstm_cv,42,1.9697277520026546,False
36991799.16153914,11813672.316220721,0.0,6.263476940468358,0.0,47.15,19.0,0.0,122.0,-41.39062347876208,0,184958995.8076957,6.263476940468358,47.15,19.0,0.0,18.495899580769567,6.263476940468358,47.15,19.0,0.0,18.495899580769567,6.263476940468358,47.15,19.0,0.0,74,PREDICTIVE+CHURN,CV mobility,lstm_cv,42,1.9697277520026546,False
42743468.66248126,11281293.835425658,0.0,6.562223488978654,0.0,47.15,19.0,0.0,122.0,-38.21604217978072,0,213717343.31240633,6.562223488978654,47.15,19.0,0.0,21.37173433124063,6.562223488978654,47.15,19.0,0.0,21.37173433124063,6.562223488978654,47.15,19.0,0.0,75,PREDICTIVE+CHURN,CV mobility,lstm_cv,42,1.9697277520026546,False
42123697.634159595,10695582.793231599,0.0,6.776743836099193,0.0,47.15,19.0,0.0,122.0,-38.311407346821014,0,210618488.17079797,6.776743836099193,47.15,19.0,0.0,21.0618488170798,6.776743836099193,47.15,19.0,0.0,21.0618488170798,6.776743836099193,47.15,19.0,0.0,76,PREDICTIVE+CHURN,CV mobility,lstm_cv,42,1.9697277520026546,False
36437534.55794953,10087258.981658874,0.0,6.914731321653471,0.0,47.15,19.0,0.0,122.0,-41.016501399371776,0,182187672.78974763,6.914731321653471,47.15,19.0,0.0,18.218767278974763,6.914731321653471,47.15,19.0,0.0,18.218767278974763,6.914731321653471,47.15,19.0,0.0,77,PREDICTIVE+CHURN,CV mobility,lstm_cv,42,1.9697277520026546,False
32339966.118798625,9466611.3059373,0.0,6.9931635025008685,0.0,47.15,19.0,0.0,122.0,-42.98685343809982,0,161699830.59399313,6.9931635025008685,47.15,19.0,0.0,16.169983059399314,6.9931635025008685,47.15,19.0,0.0,16.169983059399314,6.9931635025008685,47.15,19.0,0.0,78,PREDICTIVE+CHURN,CV mobility,lstm_cv,42,1.9697277520026546,False
29293144.0510508,8842320.006781409,0.0,7.027869219159495,0.0,47.15,19.0,0.0,122.0,-44.47555875531511,0,146465720.255254,7.027869219159495,47.15,19.0,0.0,14.6465720255254,7.027869219159495,47.15,19.0,0.0,14.6465720255254,7.027869219159495,47.15,19.0,0.0,79,PREDICTIVE+CHURN,CV mobility,lstm_cv,42,1.9697277520026546,False
29361175.22401755,8224882.974196718,0.0,6.966434694009191,0.0,47.15,19.0,0.0,122.0,-44.50297769398204,0,146805876.12008774,6.966434694009191,47.15,19.0,0.0,14.680587612008773,6.966434694009191,47.15,19.0,0.0,14.680587612008773,6.966434694009191,47.15,19.0,0.0,80,PREDICTIVE+CHURN,CV mobility,lstm_cv,42,1.9697277520026546,False
30493804.68508481,7696285.859550026,0.0,6.8706787818314705,0.0,47.15,19.0,0.0,122.0,-44.032418875626135,0,152469023.42542404,6.8706787818314705,47.15,19.0,0.0,15.246902342542404,6.8706787818314705,47.15,19.0,0.0,15.246902342542404,6.8706787818314705,47.15,19.0,0.0,81,PREDICTIVE+CHURN,CV mobility,lstm_cv,42,1.9697277520026546,False
32862182.3454562,7223511.897618842,0.0,6.742212278946093,0.0,47.15,19.0,0.0,122.0,-42.97669654832581,0,164310911.727281,6.742212278946093,47.15,19.0,0.0,16.4310911727281,6.742212278946093,47.15,19.0,0.0,16.4310911727281,6.742212278946093,47.15,19.0,0.0,82,PREDICTIVE+CHURN,CV mobility,lstm_cv,42,1.9697277520026546,False
37092203.69056708,6765001.956463702,0.0,6.5711385042838275,0.0,47.15,19.0,0.0,122.0,-41.03275965043264,0,185461018.4528354,6.5711385042838275,47.15,19.0,0.0,18.54610184528354,6.5711385042838275,47.15,19.0,0.0,18.54610184528354,6.5711385042838275,47.15,19.0,0.0,83,PREDICTIVE+CHURN,CV mobility,lstm_cv,42,1.9697277520026546,False
39617920.86540697,6333854.640819241,0.0,6.343523433320771,0.0,47.15,19.0,0.0,122.0,-39.99751613397575,0,198089604.32703483,6.343523433320771,47.15,19.0,0.0,19.808960432703483,6.343523433320771,47.15,19.0,0.0,19.808960432703483,6.343523433320771,47.15,19.0,0.0,84,PREDICTIVE+CHURN,CV mobility,lstm_cv,42,1.9697277520026546,False
34348327.720058225,5946442.484297611,0.0,6.042079325256532,0.0,47.15,19.0,0.0,122.0,-42.93375681471436,0,171741638.60029113,6.042079325256532,47.15,19.0,0.0,17.174163860029115,6.042079325256532,47.15,19.0,0.0,17.174163860029115,6.042079325256532,47.15,19.0,0.0,85,PREDICTIVE+CHURN,CV mobility,lstm_cv,42,1.9697277520026546,False
29985586.55753725,5623804.34275461,0.0,5.664508560518554,0.0,47.15,19.0,0.0,122.0,-45.49269816071283,0,149927932.78768626,5.664508560518554,47.15,19.0,0.0,14.992793278768627,5.664508560518554,47.15,19.0,0.0,14.992793278768627,5.664508560518554,47.15,19.0,0.0,86,PREDICTIVE+CHURN,CV mobility,lstm_cv,42,1.9697277520026546,False
27571905.39405014,5392425.985836664,0.0,5.327017602501017,0.0,47.15,19.0,0.0,122.0,-47.03702970047392,0,137859526.9702507,5.327017602501017,47.15,19.0,0.0,13.785952697025069,5.327017602501017,47.15,19.0,0.0,13.785952697025069,5.327017602501017,47.15,19.0,0.0,87,PREDICTIVE+CHURN,CV mobility,lstm_cv,42,1.9697277520026546,False
26675920.534354873,5279873.0737074185,0.0,5.404120368018899,0.0,47.15,19.0,0.0,122.0,-47.407919364803675,0,133379602.67177436,5.404120368018899,47.15,19.0,0.0,13.337960267177436,5.404120368018899,47.15,19.0,0.0,13.337960267177436,5.404120368018899,47.15,19.0,0.0,88,PREDICTIVE+CHURN,CV mobility,lstm_cv,42,1.9697277520026546,False
23885694.474391837,11165517.045325417,0.0,6.394405449577812,0.0,47.150000000000006,19.0,28.0,150.0,-48.42144296540019,1,119428472.37195918,6.394405449577812,47.150000000000006,19.0,28.0,11.942847237195918,6.394405449577812,47.150000000000006,19.0,0.6086956521739131,11.942847237195918,6.394405449577812,47.150000000000006,19.0,0.6086956521739131,89,PREDICTIVE+CHURN,CV mobility,lstm_cv,42,1.9697277520026546,False
23739649.739110313,10973082.895060522,0.0,6.514567478703579,0.0,47.150000000000006,19.0,0.0,150.0,-47.76560765174127,0,118698248.69555157,6.514567478703579,47.150000000000006,19.0,0.0,11.869824869555158,6.514567478703579,47.150000000000006,19.0,0.0,11.869824869555158,6.514567478703579,47.150000000000006,19.0,0.0,90,PREDICTIVE+CHURN,CV mobility,lstm_cv,42,1.9697277520026546,False
24153944.87076812,10791318.551919548,0.0,6.575074007589336,0.0,47.150000000000006,19.0,0.0,150.0,-47.49795355702661,0,120769724.35384059,6.575074007589336,47.150000000000006,19.0,0.0,12.076972435384059,6.575074007589336,47.150000000000006,19.0,0.0,12.076972435384059,6.575074007589336,47.150000000000006,19.0,0.0,91,PREDICTIVE+CHURN,CV mobility,lstm_cv,42,1.9697277520026546,False
25292246.029829256,10706611.659128277,0.0,6.575025048841468,0.0,47.150000000000006,19.0,0.0,150.0,-46.92885193624391,0,126461230.14914627,6.575025048841468,47.150000000000006,19.0,0.0,12.646123014914627,6.575025048841468,47.150000000000006,19.0,0.0,12.646123014914627,6.575025048841468,47.150000000000006,19.0,0.0,92,PREDICTIVE+CHURN,CV mobility,lstm_cv,42,1.9697277520026546,False
27549714.73141537,10794246.495744536,0.0,6.5057777618416965,0.0,47.150000000000006,19.0,0.0,150.0,-45.869364872450625,0,137748573.65707684,6.5057777618416965,47.150000000000006,19.0,0.0,13.774857365707684,6.5057777618416965,47.150000000000006,19.0,0.0,13.774857365707684,6.5057777618416965,47.150000000000006,19.0,0.0,93,PREDICTIVE+CHURN,CV mobility,lstm_cv,42,1.9697277520026546,False
31485274.556554217,10782454.542337175,0.0,6.3656152884400345,0.0,47.150000000000006,19.0,0.0,150.0,-44.041747433282865,0,157426372.78277108,6.3656152884400345,47.150000000000006,19.0,0.0,15.742637278277108,6.3656152884400345,47.150000000000006,19.0,0.0,15.742637278277108,6.3656152884400345,47.150000000000006,19.0,0.0,94,PREDICTIVE+CHURN,CV mobility,lstm_cv,42,1.9697277520026546,False
38421304.03347895,10823805.800449993,0.0,6.197661778996988,0.0,47.150000000000006,19.0,0.0,150.0,-40.741686204263544,0,192106520.16739476,6.197661778996988,47.150000000000006,19.0,0.0,19.210652016739477,6.197661778996988,47.150000000000006,19.0,0.0,19.210652016739477,6.197661778996988,47.150000000000006,19.0,0.0,95,PREDICTIVE+CHURN,CV mobility,lstm_cv,42,1.9697277520026546,False
51515905.853725955,10906967.038097443,0.0,6.059373193407809,0.0,47.150000000000006,19.0,0.0,150.0,-34.33267387972922,0,257579529.26862976,6.059373193407809,47.150000000000006,19.0,0.0,25.757952926862977,6.059373193407809,47.150000000000006,19.0,0.0,25.757952926862977,6.059373193407809,47.150000000000006,19.0,0.0,96,PREDICTIVE+CHURN,CV mobility,lstm_cv,42,1.9697277520026546,False
42162716.573647745,7736062.760134206,0.0,5.970278234117754,0.0,43.6,19.0,16.0,166.0,-35.896189566014904,1,210813582.86823872,5.970278234117754,43.6,19.0,16.0,21.08135828682387,5.970278234117754,43.6,19.0,0.34782608695652173,21.08135828682387,5.970278234117754,43.6,19.0,0.34782608695652173,97,PREDICTIVE+CHURN,CV mobility,lstm_cv,42,1.9697277520026546,False
43246399.389360085,8829907.103828603,0.0,6.499945587472213,0.0,40.050000000000004,19.0,4.0,170.0,-31.013811239586875,1,216231996.94680044,6.499945587472213,40.050000000000004,19.0,4.0,21.623199694680043,6.499945587472213,40.050000000000004,19.0,0.08695652173913043,21.623199694680043,6.499945587472213,40.050000000000004,19.0,0.08695652173913043,98,PREDICTIVE+CHURN,CV mobility,lstm_cv,42,1.9697277520026546,False
32619210.536903672,9676006.80704692,0.0,6.648981148207357,0.0,40.050000000000004,19.0,0.0,170.0,-36.09141358334081,0,163096052.68451837,6.648981148207357,40.050000000000004,19.0,0.0,16.309605268451836,6.648981148207357,40.050000000000004,19.0,0.0,16.309605268451836,6.648981148207357,40.050000000000004,19.0,0.0,99,PREDICTIVE+CHURN,CV mobility,lstm_cv,42,1.9697277520026546,False
81250821.7552144,17872509.292623032,0.0,5.454859359799263,0.0,43.599999999999994,19.0,0.0,0.0,-16.519729762593535,0,406254108.77607197,5.454859359799263,43.599999999999994,19.0,0.0,40.625410877607194,5.454859359799263,43.599999999999994,19.0,0.0,40.625410877607194,5.454859359799263,43.599999999999994,19.0,0.0,0,STATIC,Stochastic mobility,N/A,42,0.17305818699969677,True
61941119.572426125,17648105.237778254,0.0,5.599787023149352,0.0,43.599999999999994,19.0,0.0,0.0,-26.029653190637575,0,309705597.86213064,5.599787023149352,43.599999999999994,19.0,0.0,30.970559786213066,5.599787023149352,43.599999999999994,19.0,0.0,30.970559786213066,5.599787023149352,43.599999999999994,19.0,0.0,1,STATIC,Stochastic mobility,N/A,42,0.17305818699969677,True
52777769.20102085,17326225.973740418,0.0,5.6475129897876695,0.0,43.599999999999994,19.0,0.0,0.0,-30.5636024097019,0,263888846.00510427,5.6475129897876695,43.599999999999994,19.0,0.0,26.388884600510426,5.6475129897876695,43.599999999999994,19.0,0.0,26.388884600510426,5.6475129897876695,43.599999999999994,19.0,0.0,2,STATIC,Stochastic mobility,N/A,42,0.17305818699969677,True
45602003.69070277,16811573.052141838,0.0,5.683689924898922,0.0,43.599999999999994,19.0,0.0,0.0,-34.11530822974969,0,228010018.45351386,5.683689924898922,43.599999999999994,19.0,0.0,22.801001845351387,5.683689924898922,43.599999999999994,19.0,0.0,22.801001845351387,5.683689924898922,43.599999999999994,19.0,0.0,3,STATIC,Stochastic mobility,N/A,42,0.17305818699969677,True
40094859.71036251,16546506.516172985,0.0,5.803155469687275,0.0,43.599999999999994,19.0,0.0,0.0,-36.74941467513146,0,200474298.55181253,5.803155469687275,43.599999999999994,19.0,0.0,20.047429855181253,5.803155469687275,43.599999999999994,19.0,0.0,20.047429855181253,5.803155469687275,43.599999999999994,19.0,0.0,4,STATIC,Stochastic mobility,N/A,42,0.17305818699969677,True
35999385.61842203,16253882.55491978,0.0,5.818110988968829,0.0,43.599999999999994,19.0,0.0,0.0,-38.78219620182015,0,179996928.09211016,5.818110988968829,43.599999999999994,19.0,0.0,17.999692809211016,5.818110988968829,43.599999999999994,19.0,0.0,17.999692809211016,5.818110988968829,43.599999999999994,19.0,0.0,5,STATIC,Stochastic mobility,N/A,42,0.17305818699969677,True
33121578.586942635,16034162.331678882,0.0,5.8200170426998925,0.0,43.599999999999994,19.0,0.0,0.0,-40.21919366382878,0,165607892.93471318,5.8200170426998925,43.599999999999994,19.0,0.0,16.56078929347132,5.8200170426998925,43.599999999999994,19.0,0.0,16.56078929347132,5.8200170426998925,43.599999999999994,19.0,0.0,6,STATIC,Stochastic mobility,N/A,42,0.17305818699969677,True
30341089.20066794,15735853.693954164,0.0,5.70215159825432,0.0,43.599999999999994,19.0,0.0,0.0,-41.72730380141171,0,151705446.0033397,5.70215159825432,43.599999999999994,19.0,0.0,15.17054460033397,5.70215159825432,43.599999999999994,19.0,0.0,15.17054460033397,5.70215159825432,43.599999999999994,19.0,0.0,7,STATIC,Stochastic mobility,N/A,42,0.17305818699969677,True
27702931.114692878,14958246.250400295,0.0,5.718686984248109,0.0,43.599999999999994,19.0,0.0,0.0,-43.02984745840544,0,138514655.5734644,5.718686984248109,43.599999999999994,19.0,0.0,13.85146555734644,5.718686984248109,43.599999999999994,19.0,0.0,13.85146555734644,5.718686984248109,43.599999999999994,19.0,0.0,8,STATIC,Stochastic mobility,N/A,42,0.17305818699969677,True
25692175.621723764,12750663.401781091,0.0,5.758647621998007,0.0,43.599999999999994,19.0,0.0,0.0,-43.995264567140104,0,128460878.10861881,5.758647621998007,43.599999999999994,19.0,0.0,12.846087810861881,5.758647621998007,43.599999999999994,19.0,0.0,12.846087810861881,5.758647621998007,43.599999999999994,19.0,0.0,9,STATIC,Stochastic mobility,N/A,42,0.17305818699969677,True
23513055.521718737,9858145.781733671,0.0,5.8611402204315555,0.0,43.599999999999994,19.0,0.0,0.0,-44.98233201870907,0,117565277.60859369,5.8611402204315555,43.599999999999994,19.0,0.0,11.756527760859369,5.8611402204315555,43.599999999999994,19.0,0.0,11.756527760859369,5.8611402204315555,43.599999999999994,19.0,0.0,10,STATIC,Stochastic mobility,N/A,42,0.17305818699969677,False
21766859.498458564,6896997.040900392,0.0,6.072718516846164,0.0,43.599999999999994,19.0,0.0,0.0,-45.64385173392455,0,108834297.49229282,6.072718516846164,43.599999999999994,19.0,0.0,10.883429749229283,6.072718516846164,43.599999999999994,19.0,0.0,10.883429749229283,6.072718516846164,43.599999999999994,19.0,0.0,11,STATIC,Stochastic mobility,N/A,42,0.17305818699969677,False
19917283.546926863,5170035.379345368,0.0,6.151647737566982,0.0,43.599999999999994,19.0,0.0,0.0,-46.48971048896958,0,99586417.73463431,6.151647737566982,43.599999999999994,19.0,0.0,9.95864177346343,6.151647737566982,43.599999999999994,19.0,0.0,9.95864177346343,6.151647737566982,43.599999999999994,19.0,0.0,12,STATIC,Stochastic mobility,N/A,42,0.17305818699969677,False
18509023.02306398,4490287.6152591165,0.0,6.436093679582329,0.0,43.599999999999994,19.0,0.0,0.0,-46.90939480888568,0,92545115.1153199,6.436093679582329,43.599999999999994,19.0,0.0,9.25451151153199,6.436093679582329,43.599999999999994,19.0,0.0,9.25451151153199,6.436093679582329,43.599999999999994,19.0,0.0,13,STATIC,Stochastic mobility,N/A,42,0.17305818699969677,False
17851397.773913883,5195812.182564463,0.0,6.742887040567398,0.0,43.599999999999994,19.0,0.0,0.0,-46.931414072475654,0,89256988.86956942,6.742887040567398,43.599999999999994,19.0,0.0,8.925698886956942,6.742887040567398,43.599999999999994,19.0,0.0,8.925698886956942,6.742887040567398,43.599999999999994,19.0,0.0,14,STATIC,Stochastic mobility,N/A,42,0.17305818699969677,False
17318546.504425768,5631723.805291181,0.0,6.838797836969601,0.0,43.599999999999994,19.0,0.0,0.0,-47.101928910817506,0,86592732.52212884,6.838797836969601,43.599999999999994,19.0,0.0,8.659273252212884,6.838797836969601,43.599999999999994,19.0,0.0,8.659273252212884,6.838797836969601,43.599999999999994,19.0,0.0,15,STATIC,Stochastic mobility,N/A,42,0.17305818699969677,False
16988710.40307533,5933815.401583524,0.0,6.5993067673898835,0.0,43.599999999999994,19.0,0.0,0.0,-47.506338031072445,0,84943552.01537664,6.5993067673898835,43.599999999999994,19.0,0.0,8.494355201537664,6.5993067673898835,43.599999999999994,19.0,0.0,8.494355201537664,6.5993067673898835,43.599999999999994,19.0,0.0,16,STATIC,Stochastic mobility,N/A,42,0.17305818699969677,False
16387412.441123053,5846094.515134915,0.0,6.3422154254837695,0.0,43.599999999999994,19.0,0.0,0.0,-48.0640783539547,0,81937062.20561527,6.3422154254837695,43.599999999999994,19.0,0.0,8.193706220561527,6.3422154254837695,43.599999999999994,19.0,0.0,8.193706220561527,6.3422154254837695,43.599999999999994,19.0,0.0,17,STATIC,Stochastic mobility,N/A,42,0.17305818699969677,False
16069891.222572353,5494327.758733005,0.0,6.173125477105696,0.0,43.599999999999994,19.0,0.0,0.0,-48.39192891160812,0,80349456.11286177,6.173125477105696,43.599999999999994,19.0,0.0,8.034945611286176,6.173125477105696,43.599999999999994,19.0,0.0,8.034945611286176,6.173125477105696,43.599999999999994,19.0,0.0,18,STATIC,Stochastic mobility,N/A,42,0.17305818699969677,False
16195268.993357282,5012186.615382594,0.0,6.036067854090744,0.0,43.599999999999994,19.0,0.0,0.0,-48.46629764923061,0,80976344.96678641,6.036067854090744,43.599999999999994,19.0,0.0,8.09763449667864,6.036067854090744,43.599999999999994,19.0,0.0,8.09763449667864,6.036067854090744,43.599999999999994,19.0,0.0,19,STATIC,Stochastic mobility,N/A,42,0.17305818699969677,False
16525815.603240732,4523660.11171262,0.0,5.922568234854833,0.0,43.599999999999994,19.0,0.0,0.0,-48.4145239635248,0,82629078.01620366,5.922568234854833,43.599999999999994,19.0,0.0,8.262907801620365,5.922568234854833,43.599999999999994,19.0,0.0,8.262907801620365,5.922568234854833,43.599999999999994,19.0,0.0,20,STATIC,Stochastic mobility,N/A,42,0.17305818699969677,False
16472529.060554916,4000775.0519652735,0.0,5.601361842112256,0.0,43.599999999999994,19.0,0.0,0.0,-48.76237362761028,0,82362645.30277458,5.601361842112256,43.599999999999994,19.0,0.0,8.236264530277458,5.601361842112256,43.599999999999994,19.0,0.0,8.236264530277458,5.601361842112256,43.599999999999994,19.0,0.0,21,STATIC,Stochastic mobility,N/A,42,0.17305818699969677,False
16883814.491834328,3344407.447213867,0.0,5.760039815835958,0.0,43.599999999999994,19.0,0.0,0.0,-48.39805293824687,0,84419072.45917164,5.760039815835958,43.599999999999994,19.0,0.0,8.441907245917164,5.760039815835958,43.599999999999994,19.0,0.0,8.441907245917164,5.760039815835958,43.599999999999994,19.0,0.0,22,STATIC,Stochastic mobility,N/A,42,0.17305818699969677,False
17956549.311806746,2806436.360914972,0.0,6.2524056914017425,0.0,43.599999999999994,19.0,0.0,0.0,-47.369319652694884,0,89782746.55903372,6.2524056914017425,43.599999999999994,19.0,0.0,8.978274655903371,6.2524056914017425,43.599999999999994,19.0,0.0,8.978274655903371,6.2524056914017425,43.599999999999994,19.0,0.0,23,STATIC,Stochastic mobility,N/A,42,0.17305818699969677,False
19810055.22679869,2383312.932199052,0.0,6.4763373537055555,0.0,43.599999999999994,19.0,0.0,0.0,-46.218635032895094,0,99050276.13399345,6.4763373537055555,43.599999999999994,19.0,0.0,9.905027613399344,6.4763373537055555,43.599999999999994,19.0,0.0,9.905027613399344,6.4763373537055555,43.599999999999994,19.0,0.0,24,STATIC,Stochastic mobility,N/A,42,0.17305818699969677,False
19188588.36007873,1600685.3059020229,0.0,6.462962745596331,0.0,43.599999999999994,19.0,0.0,0.0,-46.542743074364296,0,95942941.80039366,6.462962745596331,43.599999999999994,19.0,0.0,9.594294180039366,6.462962745596331,43.599999999999994,19.0,0.0,9.594294180039366,6.462962745596331,43.599999999999994,19.0,0.0,25,STATIC,Stochastic mobility,N/A,42,0.17305818699969677,False
17885469.084153432,1079602.2050090807,0.0,6.532394032158763,0.0,43.599999999999994,19.0,0.0,0.0,-47.12487142576452,0,89427345.42076716,6.532394032158763,43.599999999999994,19.0,0.0,8.942734542076716,6.532394032158763,43.599999999999994,19.0,0.0,8.942734542076716,6.532394032158763,43.599999999999994,19.0,0.0,26,STATIC,Stochastic mobility,N/A,42,0.17305818699969677,False
17630575.939883016,771949.6843578657,0.0,6.663064721911887,0.0,43.599999999999994,19.0,0.0,0.0,-47.1216473081466,0,88152879.69941507,6.663064721911887,43.599999999999994,19.0,0.0,8.815287969941508,6.663064721911887,43.599999999999994,19.0,0.0,8.815287969941508,6.663064721911887,43.599999999999994,19.0,0.0,27,STATIC,Stochastic mobility,N/A,42,0.17305818699969677,False
16083903.752649158,974443.4968679929,0.0,7.156745670101298,0.0,43.599999999999994,19.0,0.0,0.0,-47.40130245357412,0,80419518.76324579,7.156745670101298,43.599999999999994,19.0,0.0,8.041951876324578,7.156745670101298,43.599999999999994,19.0,0.0,8.041951876324578,7.156745670101298,43.599999999999994,19.0,0.0,28,STATIC,Stochastic mobility,N/A,42,0.17305818699969677,False
13697175.529648554,1737461.534652992,0.0,7.2804668686328835,0.0,43.599999999999994,19.0,0.0,0.0,-48.470945366542836,0,68485877.64824277,7.2804668686328835,43.599999999999994,19.0,0.0,6.848587764824277,7.2804668686328835,43.599999999999994,19.0,0.0,6.848587764824277,7.2804668686328835,43.599999999999994,19.0,0.0,29,STATIC,Stochastic mobility,N/A,42,0.17305818699969677,False
12154601.71793344,2981515.2918199254,0.0,7.296959738482616,0.0,43.599999999999994,19.0,0.0,0.0,-49.22573940255066,0,60773008.5896672,7.296959738482616,43.599999999999994,19.0,0.0,6.07730085896672,7.296959738482616,43.599999999999994,19.0,0.0,6.07730085896672,7.296959738482616,43.599999999999994,19.0,0.0,30,STATIC,Stochastic mobility,N/A,42,0.17305818699969677,False
11553807.029077973,3226471.1540375734,0.0,7.225747930918517,0.0,43.599999999999994,19.0,0.0,0.0,-49.59734855454249,0,57769035.14538986,7.225747930918517,43.599999999999994,19.0,0.0,5.776903514538986,7.225747930918517,43.599999999999994,19.0,0.0,5.776903514538986,7.225747930918517,43.599999999999994,19.0,0.0,31,STATIC,Stochastic mobility,N/A,42,0.17305818699969677,False
11096811.533201313,3257508.0599476215,0.0,7.217056353960258,0.0,43.599999999999994,19.0,0.0,0.0,-49.83453787943908,0,55484057.666006565,7.217056353960258,43.599999999999994,19.0,0.0,5.5484057666006565,7.217056353960258,43.599999999999994,19.0,0.0,5.5484057666006565,7.217056353960258,43.599999999999994,19.0,0.0,32,STATIC,Stochastic mobility,N/A,42,0.17305818699969677,False
10916878.259561956,3259963.03741695,0.0,7.292306392590261,0.0,43.599999999999994,19.0,0.0,0.0,-49.849254477628755,0,54584391.29780978,7.292306392590261,43.599999999999994,19.0,0.0,5.458439129780978,7.292306392590261,43.599999999999994,19.0,0.0,5.458439129780978,7.292306392590261,43.599999999999994,19.0,0.0,33,STATIC,Stochastic mobility,N/A,42,0.17305818699969677,False
10705419.156333473,3271923.618823896,0.0,7.303880985004952,0.0,43.599999999999994,19.0,0.0,0.0,-49.943409436828304,0,53527095.78166737,7.303880985004952,43.599999999999994,19.0,0.0,5.352709578166737,7.303880985004952,43.599999999999994,19.0,0.0,5.352709578166737,7.303880985004952,43.599999999999994,19.0,0.0,34,STATIC,Stochastic mobility,N/A,42,0.17305818699969677,False
10627081.044536185,3278164.9982702103,0.0,7.2988852315350865,0.0,43.599999999999994,19.0,0.0,0.0,-49.987574246196814,0,53135405.22268092,7.2988852315350865,43.599999999999994,19.0,0.0,5.313540522268092,7.2988852315350865,43.599999999999994,19.0,0.0,5.313540522268092,7.2988852315350865,43.599999999999994,19.0,0.0,35,STATIC,Stochastic mobility,N/A,42,0.17305818699969677,False
10519412.530153401,3226020.4380529188,0.0,7.335340572804217,0.0,43.599999999999994,19.0,0.0,0.0,-50.00495316211908,0,52597062.650767006,7.335340572804217,43.599999999999994,19.0,0.0,5.259706265076701,7.335340572804217,43.599999999999994,19.0,0.0,5.259706265076701,7.335340572804217,43.599999999999994,19.0,0.0,36,STATIC,Stochastic mobility,N/A,42,0.17305818699969677,False
10380373.30713124,3052381.699248802,0.0,7.403912288629758,0.0,43.599999999999994,19.0,0.0,0.0,-50.005901057804614,0,51901866.5356562,7.403912288629758,43.599999999999994,19.0,0.0,5.19018665356562,7.403912288629758,43.599999999999994,19.0,0.0,5.19018665356562,7.403912288629758,43.599999999999994,19.0,0.0,37,STATIC,Stochastic mobility,N/A,42,0.17305818699969677,False
10160355.070546318,2889658.2685248847,0.0,7.415497855363137,0.0,43.599999999999994,19.0,0.0,0.0,-50.1043246093637,0,50801775.352731586,7.415497855363137,43.599999999999994,19.0,0.0,5.080177535273158,7.415497855363137,43.599999999999994,19.0,0.0,5.080177535273158,7.415497855363137,43.599999999999994,19.0,0.0,38,STATIC,Stochastic mobility,N/A,42,0.17305818699969677,False
10032492.985164873,2722646.329136749,0.0,7.400038453828483,0.0,43.599999999999994,19.0,0.0,0.0,-50.183715053589076,0,50162464.92582437,7.400038453828483,43.599999999999994,19.0,0.0,5.016246492582437,7.400038453828483,43.599999999999994,19.0,0.0,5.016246492582437,7.400038453828483,43.599999999999994,19.0,0.0,39,STATIC,Stochastic mobility,N/A,42,0.17305818699969677,False
9931936.052091273,2691147.590172929,0.0,7.3548934873311635,0.0,43.599999999999994,19.0,0.0,0.0,-50.2791384866232,0,49659680.26045636,7.3548934873311635,43.599999999999994,19.0,0.0,4.965968026045636,7.3548934873311635,43.599999999999994,19.0,0.0,4.965968026045636,7.3548934873311635,43.599999999999994,19.0,0.0,40,STATIC,Stochastic mobility,N/A,42,0.17305818699969677,False
9789030.165047284,2591328.292170556,0.0,7.336959836802228,0.0,43.599999999999994,19.0,0.0,0.0,-50.368525080674125,0,48945150.825236425,7.336959836802228,43.599999999999994,19.0,0.0,4.894515082523642,7.336959836802228,43.599999999999994,19.0,0.0,4.894515082523642,7.336959836802228,43.599999999999994,19.0,0.0,41,STATIC,Stochastic mobility,N/A,42,0.17305818699969677,False
9698947.620854253,2279814.4583637165,0.0,7.321180100856316,0.0,43.599999999999994,19.0,0.0,0.0,-50.42934608871656,0,48494738.10427126,7.321180100856316,43.599999999999994,19.0,0.0,4.849473810427126,7.321180100856316,43.599999999999994,19.0,0.0,4.849473810427126,7.321180100856316,43.599999999999994,19.0,0.0,42,STATIC,Stochastic mobility,N/A,42,0.17305818699969677,False
9710146.654676069,2194706.607132539,0.0,7.324339848630956,0.0,43.599999999999994,19.0,0.0,0.0,-50.420586824031005,0,48550733.27338035,7.324339848630956,43.599999999999994,19.0,0.0,4.855073327338035,7.324339848630956,43.599999999999994,19.0,0.0,4.855073327338035,7.324339848630956,43.599999999999994,19.0,0.0,43,STATIC,Stochastic mobility,N/A,42,0.17305818699969677,False
9848961.626538109,2121805.0271337777,0.0,7.262818382240059,0.0,43.599999999999994,19.0,0.0,0.0,-50.41270080449088,0,49244808.13269054,7.262818382240059,43.599999999999994,19.0,0.0,4.924480813269054,7.262818382240059,43.599999999999994,19.0,0.0,4.924480813269054,7.262818382240059,43.599999999999994,19.0,0.0,44,STATIC,Stochastic mobility,N/A,42,0.17305818699969677,False
9805607.041956177,2021645.837172163,0.0,7.117529081019436,0.0,43.599999999999994,19.0,0.0,0.0,-50.57966739800247,0,49028035.20978089,7.117529081019436,43.599999999999994,19.0,0.0,4.902803520978089,7.117529081019436,43.599999999999994,19.0,0.0,4.902803520978089,7.117529081019436,43.599999999999994,19.0,0.0,45,STATIC,Stochastic mobility,N/A,42,0.17305818699969677,False
9756695.873043496,1930367.193560473,0.0,7.00414093355681,0.0,43.599999999999994,19.0,0.0,0.0,-50.717511129921434,0,48783479.36521748,7.00414093355681,43.599999999999994,19.0,0.0,4.878347936521748,7.00414093355681,43.599999999999994,19.0,0.0,4.878347936521748,7.00414093355681,43.599999999999994,19.0,0.0,46,STATIC,Stochastic mobility,N/A,42,0.17305818699969677,False
9852602.849673215,2004628.7441931958,0.0,6.970311274884388,0.0,43.599999999999994,19.0,0.0,0.0,-50.703387300279,0,49263014.24836607,6.970311274884388,43.599999999999994,19.0,0.0,4.926301424836607,6.970311274884388,43.599999999999994,19.0,0.0,4.926301424836607,6.970311274884388,43.599999999999994,19.0,0.0,47,STATIC,Stochastic mobility,N/A,42,0.17305818699969677,False
9902245.170068761,2060032.5256611141,0.0,7.029294282802824,0.0,43.599999999999994,19.0,0.0,0.0,-50.61958313216279,0,49511225.85034381,7.029294282802824,43.599999999999994,19.0,0.0,4.951122585034381,7.029294282802824,43.599999999999994,19.0,0.0,4.951122585034381,7.029294282802824,43.599999999999994,19.0,0.0,48,STATIC,Stochastic mobility,N/A,42,0.17305818699969677,False
9797931.763451815,2086718.4701323141,0.0,7.024010306442749,0.0,43.599999999999994,19.0,0.0,0.0,-50.67702381183134,0,48989658.81725907,7.024010306442749,43.599999999999994,19.0,0.0,4.898965881725907,7.024010306442749,43.599999999999994,19.0,0.0,4.898965881725907,7.024010306442749,43.599999999999994,19.0,0.0,49,STATIC,Stochastic mobility,N/A,42,0.17305818699969677,False
9667569.019046558,2101922.774505669,0.0,6.912638951033099,0.0,43.599999999999994,19.0,0.0,0.0,-50.853576539443615,0,48337845.09523279,6.912638951033099,43.599999999999994,19.0,0.0,4.833784509523279,6.912638951033099,43.599999999999994,19.0,0.0,4.833784509523279,6.912638951033099,43.599999999999994,19.0,0.0,50,STATIC,Stochastic mobility,N/A,42,0.17305818699969677,False
9508620.29450225,2142171.7191178743,0.0,6.482816082073425,0.0,43.599999999999994,19.0,0.0,0.0,-51.36287377067544,0,47543101.472511254,6.482816082073425,43.599999999999994,19.0,0.0,4.754310147251125,6.482816082073425,43.599999999999994,19.0,0.0,4.754310147251125,6.482816082073425,43.599999999999994,19.0,0.0,51,STATIC,Stochastic mobility,N/A,42,0.17305818699969677,False
9118561.986527424,2011331.3469081526,0.0,5.802334033069361,0.0,43.599999999999994,19.0,0.0,0.0,-52.238384973666925,0,45592809.93263712,5.802334033069361,43.599999999999994,19.0,0.0,4.5592809932637115,5.802334033069361,43.599999999999994,19.0,0.0,4.5592809932637115,5.802334033069361,43.599999999999994,19.0,0.0,52,STATIC,Stochastic mobility,N/A,42,0.17305818699969677,False
8762910.1498201,1940241.1682784825,0.0,5.4547714462576256,0.0,43.599999999999994,19.0,0.0,0.0,-52.76377347883232,0,43814550.7491005,5.4547714462576256,43.599999999999994,19.0,0.0,4.38145507491005,5.4547714462576256,43.599999999999994,19.0,0.0,4.38145507491005,5.4547714462576256,43.599999999999994,19.0,0.0,53,STATIC,Stochastic mobility,N/A,42,0.17305818699969677,False
8436329.297006218,1930935.9237132808,0.0,5.312511888225581,0.0,43.599999999999994,19.0,0.0,0.0,-53.0693234632713,0,42181646.48503109,5.312511888225581,43.599999999999994,19.0,0.0,4.218164648503109,5.312511888225581,43.599999999999994,19.0,0.0,4.218164648503109,5.312511888225581,43.599999999999994,19.0,0.0,54,STATIC,Stochastic mobility,N/A,42,0.17305818699969677,False
8329661.038085806,2009912.368221039,0.0,5.372546762935219,0.0,43.599999999999994,19.0,0.0,0.0,-53.06262271802187,0,41648305.19042903,5.372546762935219,43.599999999999994,19.0,0.0,4.164830519042903,5.372546762935219,43.599999999999994,19.0,0.0,4.164830519042903,5.372546762935219,43.599999999999994,19.0,0.0,55,STATIC,Stochastic mobility,N/A,42,0.17305818699969677,False
8398126.406847108,2158564.883302173,0.0,5.085529095515659,0.0,43.599999999999994,19.0,0.0,0.0,-53.31540770106078,0,41990632.03423554,5.085529095515659,43.599999999999994,19.0,0.0,4.199063203423553,5.085529095515659,43.599999999999994,19.0,0.0,4.199063203423553,5.085529095515659,43.599999999999994,19.0,0.0,56,STATIC,Stochastic mobility,N/A,42,0.17305818699969677,False
8674167.583733879,2168479.877761838,0.0,5.158966672998627,0.0,43.599999999999994,19.0,0.0,0.0,-53.103949535134426,0,43370837.918669395,5.158966672998627,43.599999999999994,19.0,0.0,4.33708379186694,5.158966672998627,43.599999999999994,19.0,0.0,4.33708379186694,5.158966672998627,43.599999999999994,19.0,0.0,57,STATIC,Stochastic mobility,N/A,42,0.17305818699969677,False
8709200.815620467,2157043.5655754427,0.0,5.178086826792265,0.0,43.599999999999994,19.0,0.0,0.0,-53.067312765397496,0,43546004.078102335,5.178086826792265,43.599999999999994,19.0,0.0,4.354600407810233,5.178086826792265,43.599999999999994,19.0,0.0,4.354600407810233,5.178086826792265,43.599999999999994,19.0,0.0,58,STATIC,Stochastic mobility,N/A,42,0.17305818699969677,False
8744139.919502234,2087994.3348838503,0.0,5.984490572240034,0.0,43.599999999999994,19.0,0.0,0.0,-52.243439468008845,0,43720699.59751117,5.984490572240034,43.599999999999994,19.0,0.0,4.3720699597511175,5.984490572240034,43.599999999999994,19.0,0.0,4.3720699597511175,5.984490572240034,43.599999999999994,19.0,0.0,59,STATIC,Stochastic mobility,N/A,42,0.17305818699969677,False
8867476.340084683,2014882.3738885461,0.0,6.661213776882478,0.0,43.599999999999994,19.0,0.0,0.0,-51.50504805307517,0,44337381.70042342,6.661213776882478,43.599999999999994,19.0,0.0,4.433738170042342,6.661213776882478,43.599999999999994,19.0,0.0,4.433738170042342,6.661213776882478,43.599999999999994,19.0,0.0,60,STATIC,Stochastic mobility,N/A,42,0.17305818699969677,False
9276284.766746761,1883905.8484980785,0.0,6.8443810227642174,0.0,43.599999999999994,19.0,0.0,0.0,-51.11747659386239,0,46381423.833733805,6.8443810227642174,43.599999999999994,19.0,0.0,4.63814238337338,6.8443810227642174,43.599999999999994,19.0,0.0,4.63814238337338,6.8443810227642174,43.599999999999994,19.0,0.0,61,STATIC,Stochastic mobility,N/A,42,0.17305818699969677,False
9945980.59424362,1809822.5087565612,0.0,6.945873326953645,0.0,43.599999999999994,19.0,0.0,0.0,-50.68113637592454,0,49729902.971218094,6.945873326953645,43.599999999999994,19.0,0.0,4.972990297121809,6.945873326953645,43.599999999999994,19.0,0.0,4.972990297121809,6.945873326953645,43.599999999999994,19.0,0.0,62,STATIC,Stochastic mobility,N/A,42,0.17305818699969677,False
10753774.621124625,1893636.4039920848,0.0,6.863205645170893,0.0,43.599999999999994,19.0,0.0,0.0,-50.35990704426679,0,53768873.105623126,6.863205645170893,43.599999999999994,19.0,0.0,5.376887310562313,6.863205645170893,43.599999999999994,19.0,0.0,5.376887310562313,6.863205645170893,43.599999999999994,19.0,0.0,63,STATIC,Stochastic mobility,N/A,42,0.17305818699969677,False
11297591.991416942,1913425.2166686836,0.0,6.760002163114298,0.0,43.599999999999994,19.0,0.0,0.0,-50.191201841177225,0,56487959.95708471,6.760002163114298,43.599999999999994,19.0,0.0,5.648795995708471,6.760002163114298,43.599999999999994,19.0,0.0,5.648795995708471,6.760002163114298,43.599999999999994,19.0,0.0,64,STATIC,Stochastic mobility,N/A,42,0.17305818699969677,False
11716918.298498662,2013079.7600945418,0.0,6.74061995256849,0.0,43.599999999999994,19.0,0.0,0.0,-50.00092089818217,0,58584591.49249331,6.74061995256849,43.599999999999994,19.0,0.0,5.858459149249331,6.74061995256849,43.599999999999994,19.0,0.0,5.858459149249331,6.74061995256849,43.599999999999994,19.0,0.0,65,STATIC,Stochastic mobility,N/A,42,0.17305818699969677,False
12002698.423823606,2198196.6354535925,0.0,6.681288328895012,0.0,43.599999999999994,19.0,0.0,0.0,-49.91736245919318,0,60013492.119118035,6.681288328895012,43.599999999999994,19.0,0.0,6.001349211911804,6.681288328895012,43.599999999999994,19.0,0.0,6.001349211911804,6.681288328895012,43.599999999999994,19.0,0.0,66,STATIC,Stochastic mobility,N/A,42,0.17305818699969677,False
12191710.564071456,2400504.3166796793,0.0,6.724791020878974,0.0,43.599999999999994,19.0,0.0,0.0,-49.77935369708529,0,60958552.82035728,6.724791020878974,43.599999999999994,19.0,0.0,6.0958552820357275,6.724791020878974,43.599999999999994,19.0,0.0,6.0958552820357275,6.724791020878974,43.599999999999994,19.0,0.0,67,STATIC,Stochastic mobility,N/A,42,0.17305818699969677,False
12599037.92420317,2609544.6979268766,0.0,6.68784899195704,0.0,43.599999999999994,19.0,0.0,0.0,-49.61263204594137,0,62995189.621015854,6.68784899195704,43.599999999999994,19.0,0.0,6.299518962101585,6.68784899195704,43.599999999999994,19.0,0.0,6.299518962101585,6.68784899195704,43.599999999999994,19.0,0.0,68,STATIC,Stochastic mobility,N/A,42,0.17305818699969677,False
12948653.714185128,2922038.153107322,0.0,6.733009912350247,0.0,43.599999999999994,19.0,0.0,0.0,-49.39266323055718,0,64743268.57092564,6.733009912350247,43.599999999999994,19.0,0.0,6.474326857092564,6.733009912350247,43.599999999999994,19.0,0.0,6.474326857092564,6.733009912350247,43.599999999999994,19.0,0.0,69,STATIC,Stochastic mobility,N/A,42,0.17305818699969677,False
13567913.43427448,3436667.7463144786,0.0,6.667942680040902,0.0,43.599999999999994,19.0,0.0,0.0,-49.148100602821856,0,67839567.1713724,6.667942680040902,43.599999999999994,19.0,0.0,6.78395671713724,6.667942680040902,43.599999999999994,19.0,0.0,6.78395671713724,6.667942680040902,43.599999999999994,19.0,0.0,70,STATIC,Stochastic mobility,N/A,42,0.17305818699969677,False
14008391.469847715,4015155.6539435363,0.0,6.518792792341911,0.0,43.599999999999994,19.0,0.0,0.0,-49.07701147273423,0,70041957.34923857,6.518792792341911,43.599999999999994,19.0,0.0,7.004195734923857,6.518792792341911,43.599999999999994,19.0,0.0,7.004195734923857,6.518792792341911,43.599999999999994,19.0,0.0,71,STATIC,Stochastic mobility,N/A,42,0.17305818699969677,False
14143986.061654394,4557973.855665839,0.0,6.478353761436239,0.0,43.599999999999994,19.0,0.0,0.0,-49.049653207736554,0,70719930.30827197,6.478353761436239,43.599999999999994,19.0,0.0,7.071993030827198,6.478353761436239,43.599999999999994,19.0,0.0,7.071993030827198,6.478353761436239,43.599999999999994,19.0,0.0,72,STATIC,Stochastic mobility,N/A,42,0.17305818699969677,False
14056610.639380012,4947881.375763146,0.0,6.661662972206507,0.0,43.599999999999994,19.0,0.0,0.0,-48.91003170810348,0,70283053.19690005,6.661662972206507,43.599999999999994,19.0,0.0,7.028305319690006,6.661662972206507,43.599999999999994,19.0,0.0,7.028305319690006,6.661662972206507,43.599999999999994,19.0,0.0,73,STATIC,Stochastic mobility,N/A,42,0.17305818699969677,False
13867886.686317286,5477625.627774359,0.0,6.751741947832529,0.0,43.599999999999994,19.0,0.0,0.0,-48.91431470900882,0,69339433.43158643,6.751741947832529,43.599999999999994,19.0,0.0,6.933943343158643,6.751741947832529,43.599999999999994,19.0,0.0,6.933943343158643,6.751741947832529,43.599999999999994,19.0,0.0,74,STATIC,Stochastic mobility,N/A,42,0.17305818699969677,False
13739164.764737945,5959549.504490191,0.0,6.947052031269603,0.0,43.599999999999994,19.0,0.0,0.0,-48.78336558636142,0,68695823.82368973,6.947052031269603,43.599999999999994,19.0,0.0,6.869582382368973,6.947052031269603,43.599999999999994,19.0,0.0,6.869582382368973,6.947052031269603,43.599999999999994,19.0,0.0,75,STATIC,Stochastic mobility,N/A,42,0.17305818699969677,False
13716445.1463237,6357147.119058178,0.0,6.981928392101285,0.0,43.599999999999994,19.0,0.0,0.0,-48.75984903473686,0,68582225.7316185,6.981928392101285,43.599999999999994,19.0,0.0,6.858222573161849,6.981928392101285,43.599999999999994,19.0,0.0,6.858222573161849,6.981928392101285,43.599999999999994,19.0,0.0,76,STATIC,Stochastic mobility,N/A,42,0.17305818699969677,False
13683318.995315468,6637234.208419595,0.0,7.019217751698205,0.0,43.599999999999994,19.0,0.0,0.0,-48.73912275064406,0,68416594.97657734,7.019217751698205,43.599999999999994,19.0,0.0,6.8416594976577345,7.019217751698205,43.599999999999994,19.0,0.0,6.8416594976577345,7.019217751698205,43.599999999999994,19.0,0.0,77,STATIC,Stochastic mobility,N/A,42,0.17305818699969677,False
13845283.981194869,6990123.130379897,0.0,6.995469796630224,0.0,43.599999999999994,19.0,0.0,0.0,-48.681888212772336,0,69226419.90597434,6.995469796630224,43.599999999999994,19.0,0.0,6.922641990597434,6.995469796630224,43.599999999999994,19.0,0.0,6.922641990597434,6.995469796630224,43.599999999999994,19.0,0.0,78,STATIC,Stochastic mobility,N/A,42,0.17305818699969677,False
14108871.404796803,7662665.15398809,0.0,6.772183016898834,0.0,43.599999999999994,19.0,0.0,0.0,-48.77338128070276,0,70544357.02398401,6.772183016898834,43.599999999999994,19.0,0.0,7.0544357023984015,6.772183016898834,43.599999999999994,19.0,0.0,7.0544357023984015,6.772183016898834,43.599999999999994,19.0,0.0,79,STATIC,Stochastic mobility,N/A,42,0.17305818699969677,False
14458267.742432613,8114371.447158786,0.0,6.701134143798724,0.0,43.599999999999994,19.0,0.0,0.0,-48.66973198498496,0,72291338.71216306,6.701134143798724,43.599999999999994,19.0,0.0,7.229133871216306,6.701134143798724,43.599999999999994,19.0,0.0,7.229133871216306,6.701134143798724,43.599999999999994,19.0,0.0,80,STATIC,Stochastic mobility,N/A,42,0.17305818699969677,False
14679695.473108947,8319892.448233645,0.0,6.3832048639586,0.0,43.599999999999994,19.0,0.0,0.0,-48.87694739948692,0,73398477.36554474,6.3832048639586,43.599999999999994,19.0,0.0,7.339847736554473,6.3832048639586,43.599999999999994,19.0,0.0,7.339847736554473,6.3832048639586,43.599999999999994,19.0,0.0,81,STATIC,Stochastic mobility,N/A,42,0.17305818699969677,False
14592233.697363412,8532098.467585236,0.0,6.191318079643737,0.0,43.599999999999994,19.0,0.0,0.0,-49.11256507167455,0,72961168.48681706,6.191318079643737,43.599999999999994,19.0,0.0,7.296116848681706,6.191318079643737,43.599999999999994,19.0,0.0,7.296116848681706,6.191318079643737,43.599999999999994,19.0,0.0,82,STATIC,Stochastic mobility,N/A,42,0.17305818699969677,False
14698836.951479003,8765990.734084409,0.0,6.078587223622556,0.0,43.599999999999994,19.0,0.0,0.0,-49.171994300637934,0,73494184.75739501,6.078587223622556,43.599999999999994,19.0,0.0,7.349418475739501,6.078587223622556,43.599999999999994,19.0,0.0,7.349418475739501,6.078587223622556,43.599999999999994,19.0,0.0,83,STATIC,Stochastic mobility,N/A,42,0.17305818699969677,False
14774772.726358693,8621898.207699597,0.0,5.937952940984368,0.0,43.599999999999994,19.0,0.0,0.0,-49.274660695836275,0,73873863.63179347,5.937952940984368,43.599999999999994,19.0,0.0,7.387386363179347,5.937952940984368,43.599999999999994,19.0,0.0,7.387386363179347,5.937952940984368,43.599999999999994,19.0,0.0,84,STATIC,Stochastic mobility,N/A,42,0.17305818699969677,False
14631684.483964086,8456601.031360352,0.0,5.81890911429526,0.0,43.599999999999994,19.0,0.0,0.0,-49.46524864372269,0,73158422.41982043,5.81890911429526,43.599999999999994,19.0,0.0,7.315842241982042,5.81890911429526,43.599999999999994,19.0,0.0,7.315842241982042,5.81890911429526,43.599999999999994,19.0,0.0,85,STATIC,Stochastic mobility,N/A,42,0.17305818699969677,False
14363059.8629641,8111953.214940199,0.0,5.681846150930785,0.0,43.599999999999994,19.0,0.0,0.0,-49.73662391758716,0,71815299.3148205,5.681846150930785,43.599999999999994,19.0,0.0,7.18152993148205,5.681846150930785,43.599999999999994,19.0,0.0,7.18152993148205,5.681846150930785,43.599999999999994,19.0,0.0,86,STATIC,Stochastic mobility,N/A,42,0.17305818699969677,False
14355566.664632585,7996534.852767637,0.0,5.725411414851223,0.0,43.599999999999994,19.0,0.0,0.0,-49.696805252832476,0,71777833.32316293,5.725411414851223,43.599999999999994,19.0,0.0,7.1777833323162925,5.725411414851223,43.599999999999994,19.0,0.0,7.1777833323162925,5.725411414851223,43.599999999999994,19.0,0.0,87,STATIC,Stochastic mobility,N/A,42,0.17305818699969677,False
14185806.885409513,7821525.989033717,0.0,5.586083727320149,0.0,43.599999999999994,19.0,0.0,0.0,-49.92101282997509,0,70929034.42704757,5.586083727320149,43.599999999999994,19.0,0.0,7.092903442704756,5.586083727320149,43.599999999999994,19.0,0.0,7.092903442704756,5.586083727320149,43.599999999999994,19.0,0.0,88,STATIC,Stochastic mobility,N/A,42,0.17305818699969677,False
13992647.980691861,7794922.686564435,0.0,5.518632104315122,0.0,43.599999999999994,19.0,0.0,0.0,-50.08504390533894,0,69963239.90345931,5.518632104315122,43.599999999999994,19.0,0.0,6.996323990345931,5.518632104315122,43.599999999999994,19.0,0.0,6.996323990345931,5.518632104315122,43.599999999999994,19.0,0.0,89,STATIC,Stochastic mobility,N/A,42,0.17305818699969677,False
14243054.555181926,7837881.637182641,0.0,5.483037251779703,0.0,43.599999999999994,19.0,0.0,0.0,-49.99543547062933,0,71215272.77590963,5.483037251779703,43.599999999999994,19.0,0.0,7.121527277590963,5.483037251779703,43.599999999999994,19.0,0.0,7.121527277590963,5.483037251779703,43.599999999999994,19.0,0.0,90,STATIC,Stochastic mobility,N/A,42,0.17305818699969677,False
14792511.694614902,7715540.410183514,0.0,5.49921407250061,0.0,43.599999999999994,19.0,0.0,0.0,-49.70453008019193,0,73962558.47307451,5.49921407250061,43.599999999999994,19.0,0.0,7.396255847307451,5.49921407250061,43.599999999999994,19.0,0.0,7.396255847307451,5.49921407250061,43.599999999999994,19.0,0.0,91,STATIC,Stochastic mobility,N/A,42,0.17305818699969677,False
15578199.219962353,7481858.514672807,0.0,5.600769600469088,0.0,43.599999999999994,19.0,0.0,0.0,-49.21013078954973,0,77890996.09981176,5.600769600469088,43.599999999999994,19.0,0.0,7.789099609981176,5.600769600469088,43.599999999999994,19.0,0.0,7.789099609981176,5.600769600469088,43.599999999999994,19.0,0.0,92,STATIC,Stochastic mobility,N/A,42,0.17305818699969677,False
16435336.599780986,7140654.566348595,0.0,5.77363920074756,0.0,43.599999999999994,19.0,0.0,0.0,-48.60869249936194,0,82176682.99890493,5.77363920074756,43.599999999999994,19.0,0.0,8.217668299890493,5.77363920074756,43.599999999999994,19.0,0.0,8.217668299890493,5.77363920074756,43.599999999999994,19.0,0.0,93,STATIC,Stochastic mobility,N/A,42,0.17305818699969677,False
17405511.585463453,6730359.005272491,0.0,6.047224849499473,0.0,43.599999999999994,19.0,0.0,0.0,-47.850019357768794,0,87027557.92731726,6.047224849499473,43.599999999999994,19.0,0.0,8.702755792731725,6.047224849499473,43.599999999999994,19.0,0.0,8.702755792731725,6.047224849499473,43.599999999999994,19.0,0.0,94,STATIC,Stochastic mobility,N/A,42,0.17305818699969677,False
17784570.690223187,6364570.300977843,0.0,6.297468585003715,0.0,43.599999999999994,19.0,0.0,0.0,-47.410246069884685,0,88922853.45111594,6.297468585003715,43.599999999999994,19.0,0.0,8.892285345111594,6.297468585003715,43.599999999999994,19.0,0.0,8.892285345111594,6.297468585003715,43.599999999999994,19.0,0.0,95,STATIC,Stochastic mobility,N/A,42,0.17305818699969677,False
17792499.72963469,6275686.951772932,0.0,6.689400146761229,0.0,43.599999999999994,19.0,0.0,0.0,-47.014349988421415,0,88962498.64817345,6.689400146761229,43.599999999999994,19.0,0.0,8.896249864817346,6.689400146761229,43.599999999999994,19.0,0.0,8.896249864817346,6.689400146761229,43.599999999999994,19.0,0.0,96,STATIC,Stochastic mobility,N/A,42,0.17305818699969677,False
17381306.218729887,6222780.138683137,0.0,6.584383371911924,0.0,43.599999999999994,19.0,0.0,0.0,-47.32496351872312,0,86906531.09364943,6.584383371911924,43.599999999999994,19.0,0.0,8.690653109364943,6.584383371911924,43.599999999999994,19.0,0.0,8.690653109364943,6.584383371911924,43.599999999999994,19.0,0.0,97,STATIC,Stochastic mobility,N/A,42,0.17305818699969677,False
16537152.698704604,6178466.714563085,0.0,6.493511849290323,0.0,43.599999999999994,19.0,0.0,0.0,-47.83791180135737,0,82685763.49352302,6.493511849290323,43.599999999999994,19.0,0.0,8.268576349352301,6.493511849290323,43.599999999999994,19.0,0.0,8.268576349352301,6.493511849290323,43.599999999999994,19.0,0.0,98,STATIC,Stochastic mobility,N/A,42,0.17305818699969677,False
15882979.763069376,6191674.267271325,0.0,6.363635355333127,0.0,43.599999999999994,19.0,0.0,0.0,-48.29487476313218,0,79414898.81534688,6.363635355333127,43.599999999999994,19.0,0.0,7.941489881534689,6.363635355333127,43.599999999999994,19.0,0.0,7.941489881534689,6.363635355333127,43.599999999999994,19.0,0.0,99,STATIC,Stochastic mobility,N/A,42,0.17305818699969677,False
81250821.7552144,17872509.292623032,0.0,5.454859359799263,0.0,43.599999999999994,19.0,0.0,0.0,-16.519729762593535,0,406254108.77607197,5.454859359799263,43.599999999999994,19.0,0.0,40.625410877607194,5.454859359799263,43.599999999999994,19.0,0.0,40.625410877607194,5.454859359799263,43.599999999999994,19.0,0.0,0,REACTIVE,Stochastic mobility,N/A,42,0.3587660400007735,True
62289112.898777746,18083137.224212717,0.0,5.599787023149352,0.0,47.14999999999999,19.0,2.0,2.0,-29.44913478833133,1,311445564.49388874,5.599787023149352,47.14999999999999,19.0,2.0,31.144556449388872,5.599787023149352,47.14999999999999,19.0,0.043478260869565216,31.144556449388872,5.599787023149352,47.14999999999999,19.0,0.043478260869565216,1,REACTIVE,Stochastic mobility,N/A,42,0.3587660400007735,True
53339617.14824911,18002342.650168933,0.0,5.6475129897876695,0.0,47.14999999999999,19.0,0.0,2.0,-33.83267843608777,0,266698085.74124557,5.6475129897876695,47.14999999999999,19.0,0.0,26.669808574124556,5.6475129897876695,47.14999999999999,19.0,0.0,26.669808574124556,5.6475129897876695,47.14999999999999,19.0,0.0,2,REACTIVE,Stochastic mobility,N/A,42,0.3587660400007735,True
45708537.1333669,17341527.86069676,0.0,5.683689924898922,0.0,47.14999999999999,19.0,2.0,4.0,-37.65551976928718,1,228542685.66683447,5.683689924898922,47.14999999999999,19.0,2.0,22.854268566683448,5.683689924898922,47.14999999999999,19.0,0.043478260869565216,22.854268566683448,5.683689924898922,47.14999999999999,19.0,0.043478260869565216,3,REACTIVE,Stochastic mobility,N/A,42,0.3587660400007735,True
39022910.36890413,17182104.117343884,0.0,5.803155469687275,0.0,47.14999999999999,19.0,2.0,6.0,-40.87886760673021,1,195114551.84452063,5.803155469687275,47.14999999999999,19.0,2.0,19.511455184452064,5.803155469687275,47.14999999999999,19.0,0.043478260869565216,19.511455184452064,5.803155469687275,47.14999999999999,19.0,0.043478260869565216,4,REACTIVE,Stochastic mobility,N/A,42,0.3587660400007735,True
35210514.485323,17182941.391052872,0.0,5.818110988968829,0.0,47.14999999999999,19.0,0.0,6.0,-42.72663176836966,0,176052572.426615,5.818110988968829,47.14999999999999,19.0,0.0,17.6052572426615,5.818110988968829,47.14999999999999,19.0,0.0,17.6052572426615,5.818110988968829,47.14999999999999,19.0,0.0,5,REACTIVE,Stochastic mobility,N/A,42,0.3587660400007735,True
32731273.800532997,17273949.93609122,0.0,5.8200170426998925,0.0,47.14999999999999,19.0,0.0,6.0,-43.9643460570336,0,163656369.00266498,5.8200170426998925,47.14999999999999,19.0,0.0,16.365636900266498,5.8200170426998925,47.14999999999999,19.0,0.0,16.365636900266498,5.8200170426998925,47.14999999999999,19.0,0.0,6,REACTIVE,Stochastic mobility,N/A,42,0.3587660400007735,True
31123647.875801712,17572584.761180233,0.0,5.70215159825432,0.0,47.14999999999999,19.0,2.0,8.0,-44.92950272471438,1,155618239.37900856,5.70215159825432,47.14999999999999,19.0,2.0,15.561823937900856,5.70215159825432,47.14999999999999,19.0,0.043478260869565216,15.561823937900856,5.70215159825432,47.14999999999999,19.0,0.043478260869565216,7,REACTIVE,Stochastic mobility,N/A,42,0.3587660400007735,True
29718704.39758697,17620330.21902168,0.0,5.718686984248109,0.0,47.14999999999999,19.0,0.0,8.0,-45.571960816958395,0,148593521.98793486,5.718686984248109,47.14999999999999,19.0,0.0,14.859352198793486,5.718686984248109,47.14999999999999,19.0,0.0,14.859352198793486,5.718686984248109,47.14999999999999,19.0,0.0,8,REACTIVE,Stochastic mobility,N/A,42,0.3587660400007735,True
29304312.185724847,17880721.1074708,0.0,5.758647621998007,0.0,47.14999999999999,19.0,0.0,8.0,-45.739196285139556,0,146521560.92862424,5.758647621998007,47.14999999999999,19.0,0.0,14.652156092862425,5.758647621998007,47.14999999999999,19.0,0.0,14.652156092862425,5.758647621998007,47.14999999999999,19.0,0.0,9,REACTIVE,Stochastic mobility,N/A,42,0.3587660400007735,True
27985479.874818504,17723117.21683442,0.0,5.8611402204315555,0.0,47.14999999999999,19.0,2.0,10.0,-46.33959810302875,1,139927399.37409252,5.8611402204315555,47.14999999999999,19.0,2.0,13.992739937409253,5.8611402204315555,47.14999999999999,19.0,0.043478260869565216,13.992739937409253,5.8611402204315555,47.14999999999999,19.0,0.043478260869565216,10,REACTIVE,Stochastic mobility,N/A,42,0.3587660400007735,False
30800121.86019976,19933628.506052542,0.0,6.072718516846164,0.0,50.699999999999996,19.0,4.0,14.0,-48.31417707479307,1,154000609.3009988,6.072718516846164,50.699999999999996,19.0,4.0,15.400060930099881,6.072718516846164,50.699999999999996,19.0,0.08695652173913043,15.400060930099881,6.072718516846164,50.699999999999996,19.0,0.08695652173913043,11,REACTIVE,Stochastic mobility,N/A,42,0.3587660400007735,False
33201929.254214298,19505892.798175085,0.0,6.151647737566982,0.0,50.699999999999996,19.0,0.0,14.0,-46.94738763532585,0,166009646.2710715,6.151647737566982,50.699999999999996,19.0,0.0,16.60096462710715,6.151647737566982,50.699999999999996,19.0,0.0,16.60096462710715,6.151647737566982,50.699999999999996,19.0,0.0,12,REACTIVE,Stochastic mobility,N/A,42,0.3587660400007735,False
34241024.88982466,18270265.130682014,0.0,6.436093679582329,0.0,50.699999999999996,19.0,0.0,14.0,-46.14339387550533,0,171205124.4491233,6.436093679582329,50.699999999999996,19.0,0.0,17.12051244491233,6.436093679582329,50.699999999999996,19.0,0.0,17.12051244491233,6.436093679582329,50.699999999999996,19.0,0.0,13,REACTIVE,Stochastic mobility,N/A,42,0.3587660400007735,False
32045599.326097827,17392712.834012132,0.0,6.742887040567398,0.0,50.699999999999996,19.0,0.0,14.0,-46.93431329638368,0,160227996.63048914,6.742887040567398,50.699999999999996,19.0,0.0,16.022799663048914,6.742887040567398,50.699999999999996,19.0,0.0,16.022799663048914,6.742887040567398,50.699999999999996,19.0,0.0,14,REACTIVE,Stochastic mobility,N/A,42,0.3587660400007735,False
29668128.3575262,16321078.90415849,0.0,6.838797836969601,0.0,47.15,19.0,2.0,16.0,-44.520616245136864,1,148340641.787631,6.838797836969601,47.15,19.0,2.0,14.8340641787631,6.838797836969601,47.15,19.0,0.043478260869565216,14.8340641787631,6.838797836969601,47.15,19.0,0.043478260869565216,15,REACTIVE,Stochastic mobility,N/A,42,0.3587660400007735,False
28520091.244440578,16246171.909230256,0.0,6.5993067673898835,0.0,47.15,19.0,2.0,18.0,-45.334125871259396,1,142600456.2222029,6.5993067673898835,47.15,19.0,2.0,14.26004562222029,6.5993067673898835,47.15,19.0,0.043478260869565216,14.26004562222029,6.5993067673898835,47.15,19.0,0.043478260869565216,16,REACTIVE,Stochastic mobility,N/A,42,0.3587660400007735,False
25337351.690454468,14058120.459270224,0.0,6.3422154254837695,0.0,43.599999999999994,19.0,2.0,20.0,-43.63258699015856,1,126686758.45227234,6.3422154254837695,43.599999999999994,19.0,2.0,12.668675845227234,6.3422154254837695,43.599999999999994,19.0,0.043478260869565216,12.668675845227234,6.3422154254837695,43.599999999999994,19.0,0.043478260869565216,17,REACTIVE,Stochastic mobility,N/A,42,0.3587660400007735,False
24326998.789340526,13442957.270159502,0.0,6.173125477105696,0.0,43.599999999999994,19.0,0.0,20.0,-44.263375128224034,0,121634993.94670263,6.173125477105696,43.599999999999994,19.0,0.0,12.163499394670263,6.173125477105696,43.599999999999994,19.0,0.0,12.163499394670263,6.173125477105696,43.599999999999994,19.0,0.0,18,REACTIVE,Stochastic mobility,N/A,42,0.3587660400007735,False
23899464.04593709,13068861.177188702,0.0,6.036067854090744,0.0,43.599999999999994,19.0,0.0,20.0,-44.6142001229407,0,119497320.22968546,6.036067854090744,43.599999999999994,19.0,0.0,11.949732022968545,6.036067854090744,43.599999999999994,19.0,0.0,11.949732022968545,6.036067854090744,43.599999999999994,19.0,0.0,19,REACTIVE,Stochastic mobility,N/A,42,0.3587660400007735,False
23582704.141875595,12153680.740276176,0.0,5.922568234854833,0.0,43.599999999999994,19.0,0.0,20.0,-44.88607969420737,0,117913520.70937797,5.922568234854833,43.599999999999994,19.0,0.0,11.791352070937798,5.922568234854833,43.599999999999994,19.0,0.0,11.791352070937798,5.922568234854833,43.599999999999994,19.0,0.0,20,REACTIVE,Stochastic mobility,N/A,42,0.3587660400007735,False
24484546.99273548,10369309.14449523,0.0,5.9928974695016715,0.0,43.599999999999994,19.0,6.0,26.0,-44.495263816739275,1,122422734.96367739,5.9928974695016715,43.599999999999994,19.0,6.0,12.242273496367739,5.9928974695016715,43.599999999999994,19.0,0.13043478260869565,12.242273496367739,5.9928974695016715,43.599999999999994,19.0,0.13043478260869565,21,REACTIVE,Stochastic mobility,N/A,42,0.3587660400007735,False
26660437.05747405,11099471.611596597,0.0,6.2087615526887685,0.0,43.599999999999994,19.0,2.0,28.0,-43.104498179443766,1,133302185.28737025,6.2087615526887685,43.599999999999994,19.0,2.0,13.330218528737024,6.2087615526887685,43.599999999999994,19.0,0.043478260869565216,13.330218528737024,6.2087615526887685,43.599999999999994,19.0,0.043478260869565216,22,REACTIVE,Stochastic mobility,N/A,42,0.3587660400007735,False
27838449.03927929,11458182.36797648,0.0,6.728868205453546,0.0,50.7,19.0,4.0,32.0,-49.13886379664594,1,139192245.19639644,6.728868205453546,50.7,19.0,4.0,13.919224519639645,6.728868205453546,50.7,19.0,0.08695652173913043,13.919224519639645,6.728868205453546,50.7,19.0,0.08695652173913043,23,REACTIVE,Stochastic mobility,N/A,42,0.3587660400007735,False
31051071.54346023,11611436.356207121,0.0,7.051137235212211,0.0,50.7,19.0,0.0,32.0,-47.123326993057674,0,155255357.71730116,7.051137235212211,50.7,19.0,0.0,15.525535771730116,7.051137235212211,50.7,19.0,0.0,15.525535771730116,7.051137235212211,50.7,19.0,0.0,24,REACTIVE,Stochastic mobility,N/A,42,0.3587660400007735,False
34803778.49606438,11681827.880168056,0.0,6.5538314336782335,0.0,50.7,19.0,4.0,36.0,-45.83123584002872,1,174018892.48032188,6.5538314336782335,50.7,19.0,4.0,17.401889248032187,6.5538314336782335,50.7,19.0,0.08695652173913043,17.401889248032187,6.5538314336782335,50.7,19.0,0.08695652173913043,25,REACTIVE,Stochastic mobility,N/A,42,0.3587660400007735,False
33488575.890482508,9918345.409392824,0.0,5.785251326121967,0.0,47.15,19.0,4.0,40.0,-43.70741725037592,1,167442879.45241255,5.785251326121967,47.15,19.0,4.0,16.744287945241254,5.785251326121967,47.15,19.0,0.08695652173913043,16.744287945241254,5.785251326121967,47.15,19.0,0.08695652173913043,26,REACTIVE,Stochastic mobility,N/A,42,0.3587660400007735,False
37427703.94216569,10126591.742565248,0.0,4.662673373004085,0.0,43.599999999999994,19.0,4.0,44.0,-39.3104311776522,1,187138519.71082842,4.662673373004085,43.599999999999994,19.0,4.0,18.713851971082843,4.662673373004085,43.599999999999994,19.0,0.08695652173913043,18.713851971082843,4.662673373004085,43.599999999999994,19.0,0.08695652173913043,27,REACTIVE,Stochastic mobility,N/A,42,0.3587660400007735,False
35397769.91140224,10065276.347716892,0.0,5.141355674017615,0.0,43.599999999999994,19.0,0.0,44.0,-39.75975937028126,0,176988849.55701122,5.141355674017615,43.599999999999994,19.0,0.0,17.69888495570112,5.141355674017615,43.599999999999994,19.0,0.0,17.69888495570112,5.141355674017615,43.599999999999994,19.0,0.0,28,REACTIVE,Stochastic mobility,N/A,42,0.3587660400007735,False
30977991.01029557,9889685.614063734,0.0,6.039867232608144,0.0,43.599999999999994,19.0,0.0,44.0,-41.071137262244065,0,154889955.05147785,6.039867232608144,43.599999999999994,19.0,0.0,15.488995505147784,6.039867232608144,43.599999999999994,19.0,0.0,15.488995505147784,6.039867232608144,43.599999999999994,19.0,0.0,29,REACTIVE,Stochastic mobility,N/A,42,0.3587660400007735,False
26361803.418204613,9581835.670963777,0.0,6.384855632201134,0.0,40.04999999999999,19.0,2.0,46.0,-39.52772091956611,1,131809017.09102307,6.384855632201134,40.04999999999999,19.0,2.0,13.180901709102308,6.384855632201134,40.04999999999999,19.0,0.043478260869565216,13.180901709102308,6.384855632201134,40.04999999999999,19.0,0.043478260869565216,30,REACTIVE,Stochastic mobility,N/A,42,0.3587660400007735,False
24360098.921570208,9586625.537507392,0.0,6.689504436956841,0.0,40.04999999999999,19.0,0.0,46.0,-40.180446102258045,0,121800494.60785104,6.689504436956841,40.04999999999999,19.0,0.0,12.180049460785105,6.689504436956841,40.04999999999999,19.0,0.0,12.180049460785105,6.689504436956841,40.04999999999999,19.0,0.0,31,REACTIVE,Stochastic mobility,N/A,42,0.3587660400007735,False
21565582.902959965,9791730.929502798,0.0,6.852627390472899,0.0,43.599999999999994,19.0,2.0,48.0,-45.00805941891667,1,107827914.51479982,6.852627390472899,43.599999999999994,19.0,2.0,10.782791451479982,6.852627390472899,43.599999999999994,19.0,0.043478260869565216,10.782791451479982,6.852627390472899,43.599999999999994,19.0,0.043478260869565216,32,REACTIVE,Stochastic mobility,N/A,42,0.3587660400007735,False
18459140.901723783,10303618.654853605,0.0,7.00932857883486,0.0,43.599999999999994,19.0,2.0,50.0,-46.404579231172804,1,92295704.50861892,7.00932857883486,43.599999999999994,19.0,2.0,9.229570450861893,7.00932857883486,43.599999999999994,19.0,0.043478260869565216,9.229570450861893,7.00932857883486,43.599999999999994,19.0,0.043478260869565216,33,REACTIVE,Stochastic mobility,N/A,42,0.3587660400007735,False
18525351.64280302,10321011.153572973,0.0,6.8227731014780435,0.0,43.599999999999994,19.0,4.0,54.0,-46.60150759885958,1,92626758.2140151,6.8227731014780435,43.599999999999994,19.0,4.0,9.26267582140151,6.8227731014780435,43.599999999999994,19.0,0.08695652173913043,9.26267582140151,6.8227731014780435,43.599999999999994,19.0,0.08695652173913043,34,REACTIVE,Stochastic mobility,N/A,42,0.3587660400007735,False
19281643.766359694,10089122.834246777,0.0,7.035996687524205,0.0,43.599999999999994,19.0,4.0,58.0,-46.01013795103508,1,96408218.83179846,7.035996687524205,43.599999999999994,19.0,4.0,9.640821883179846,7.035996687524205,43.599999999999994,19.0,0.08695652173913043,9.640821883179846,7.035996687524205,43.599999999999994,19.0,0.08695652173913043,35,REACTIVE,Stochastic mobility,N/A,42,0.3587660400007735,False
19400520.40871154,10098031.332461307,0.0,6.935083253564439,0.0,43.599999999999994,19.0,6.0,64.0,-46.09509132468848,1,97002602.0435577,6.935083253564439,43.599999999999994,19.0,6.0,9.70026020435577,6.935083253564439,43.599999999999994,19.0,0.13043478260869565,9.70026020435577,6.935083253564439,43.599999999999994,19.0,0.13043478260869565,36,REACTIVE,Stochastic mobility,N/A,42,0.3587660400007735,False
18968110.08914646,11127238.365910077,0.0,6.968225984285398,0.0,47.14999999999999,19.0,4.0,68.0,-49.784675492880496,1,94840550.44573231,6.968225984285398,47.14999999999999,19.0,4.0,9.484055044573232,6.968225984285398,47.14999999999999,19.0,0.08695652173913043,9.484055044573232,6.968225984285398,47.14999999999999,19.0,0.08695652173913043,37,REACTIVE,Stochastic mobility,N/A,42,0.3587660400007735,False
19047809.83459722,11524831.347784875,0.0,7.057038970961285,0.0,47.14999999999999,19.0,0.0,68.0,-49.569056111740096,0,95239049.17298609,7.057038970961285,47.14999999999999,19.0,0.0,9.523904917298609,7.057038970961285,47.14999999999999,19.0,0.0,9.523904917298609,7.057038970961285,47.14999999999999,19.0,0.0,38,REACTIVE,Stochastic mobility,N/A,42,0.3587660400007735,False
19415589.39783858,12004864.577224618,0.0,7.021620587058322,0.0,47.14999999999999,19.0,0.0,68.0,-49.42058471402238,0,97077946.9891929,7.021620587058322,47.14999999999999,19.0,0.0,9.70779469891929,7.021620587058322,47.14999999999999,19.0,0.0,9.70779469891929,7.021620587058322,47.14999999999999,19.0,0.0,39,REACTIVE,Stochastic mobility,N/A,42,0.3587660400007735,False
19667235.845939465,12168594.439839076,0.0,7.115788000583155,0.0,47.14999999999999,19.0,0.0,68.0,-49.2005940764471,0,98336179.22969732,7.115788000583155,47.14999999999999,19.0,0.0,9.833617922969731,7.115788000583155,47.14999999999999,19.0,0.0,9.833617922969731,7.115788000583155,47.14999999999999,19.0,0.0,40,REACTIVE,Stochastic mobility,N/A,42,0.3587660400007735,False
19962281.425144754,12422595.644167028,0.0,7.171377517416195,0.0,47.14999999999999,19.0,0.0,68.0,-48.99748177001142,0,99811407.12572376,7.171377517416195,47.14999999999999,19.0,0.0,9.981140712572376,7.171377517416195,47.14999999999999,19.0,0.0,9.981140712572376,7.171377517416195,47.14999999999999,19.0,0.0,41,REACTIVE,Stochastic mobility,N/A,42,0.3587660400007735,False
20553433.8995267,12828987.116961276,0.0,7.283095988533826,0.0,47.14999999999999,19.0,0.0,68.0,-48.590187061702814,0,102767169.4976335,7.283095988533826,47.14999999999999,19.0,0.0,10.276716949763351,7.283095988533826,47.14999999999999,19.0,0.0,10.276716949763351,7.283095988533826,47.14999999999999,19.0,0.0,42,REACTIVE,Stochastic mobility,N/A,42,0.3587660400007735,False
21113619.808904625,12831918.134797722,0.0,7.394466452278411,0.0,47.14999999999999,19.0,0.0,68.0,-48.19872364326927,0,105568099.04452313,7.394466452278411,47.14999999999999,19.0,0.0,10.556809904452313,7.394466452278411,47.14999999999999,19.0,0.0,10.556809904452313,7.394466452278411,47.14999999999999,19.0,0.0,43,REACTIVE,Stochastic mobility,N/A,42,0.3587660400007735,False
21171236.187216423,11184368.706761332,0.0,7.517844431683996,0.0,43.599999999999994,19.0,4.0,72.0,-44.58349399644692,1,105856180.93608212,7.517844431683996,43.599999999999994,19.0,4.0,10.585618093608213,7.517844431683996,43.599999999999994,19.0,0.08695652173913043,10.585618093608213,7.517844431683996,43.599999999999994,19.0,0.08695652173913043,44,REACTIVE,Stochastic mobility,N/A,42,0.3587660400007735,False
21394958.241479613,11583428.94668221,0.0,7.475785614764199,0.0,43.599999999999994,19.0,2.0,74.0,-44.47021352536555,1,106974791.20739806,7.475785614764199,43.599999999999994,19.0,2.0,10.697479120739805,7.475785614764199,43.599999999999994,19.0,0.043478260869565216,10.697479120739805,7.475785614764199,43.599999999999994,19.0,0.043478260869565216,45,REACTIVE,Stochastic mobility,N/A,42,0.3587660400007735,False
21956764.00016012,11982252.3115285,0.0,7.34451338514976,0.0,43.599999999999994,19.0,0.0,74.0,-44.277104614770174,0,109783820.00080061,7.34451338514976,43.599999999999994,19.0,0.0,10.97838200008006,7.34451338514976,43.599999999999994,19.0,0.0,10.97838200008006,7.34451338514976,43.599999999999994,19.0,0.0,46,REACTIVE,Stochastic mobility,N/A,42,0.3587660400007735,False
22202367.732535433,12893234.318966731,0.0,7.253543157920358,0.0,43.599999999999994,19.0,2.0,76.0,-44.288751236681485,1,111011838.66267717,7.253543157920358,43.599999999999994,19.0,2.0,11.101183866267716,7.253543157920358,43.599999999999994,19.0,0.043478260869565216,11.101183866267716,7.253543157920358,43.599999999999994,19.0,0.043478260869565216,47,REACTIVE,Stochastic mobility,N/A,42,0.3587660400007735,False
22987602.329932146,13557598.355570704,0.0,7.282748030743843,0.0,43.599999999999994,19.0,0.0,76.0,-43.823450804290076,0,114938011.64966074,7.282748030743843,43.599999999999994,19.0,0.0,11.493801164966074,7.282748030743843,43.599999999999994,19.0,0.0,11.493801164966074,7.282748030743843,43.599999999999994,19.0,0.0,48,REACTIVE,Stochastic mobility,N/A,42,0.3587660400007735,False
24159674.843076076,13887313.60849422,0.0,7.302187379117976,0.0,43.599999999999994,19.0,0.0,76.0,-43.21797519934398,0,120798374.21538039,7.302187379117976,43.599999999999994,19.0,0.0,12.079837421538038,7.302187379117976,43.599999999999994,19.0,0.0,12.079837421538038,7.302187379117976,43.599999999999994,19.0,0.0,49,REACTIVE,Stochastic mobility,N/A,42,0.3587660400007735,False
26103268.98674988,14154072.683837563,0.0,7.289784782043711,0.0,43.599999999999994,19.0,2.0,78.0,-42.302058985450905,1,130516344.93374941,7.289784782043711,43.599999999999994,19.0,2.0,13.05163449337494,7.289784782043711,43.599999999999994,19.0,0.043478260869565216,13.05163449337494,7.289784782043711,43.599999999999994,19.0,0.043478260869565216,50,REACTIVE,Stochastic mobility,N/A,42,0.3587660400007735,False
27252986.583173543,14967144.685091207,0.0,7.086452291261788,0.0,43.599999999999994,19.0,0.0,78.0,-41.88705441715143,0,136264932.91586772,7.086452291261788,43.599999999999994,19.0,0.0,13.626493291586772,7.086452291261788,43.599999999999994,19.0,0.0,13.626493291586772,7.086452291261788,43.599999999999994,19.0,0.0,51,REACTIVE,Stochastic mobility,N/A,42,0.3587660400007735,False
24626451.800379056,13300849.477549698,0.0,6.629097219931461,0.0,40.04999999999999,19.0,2.0,80.0,-40.151155140748564,1,123132259.00189528,6.629097219931461,40.04999999999999,19.0,2.0,12.313225900189527,6.629097219931461,40.04999999999999,19.0,0.043478260869565216,12.313225900189527,6.629097219931461,40.04999999999999,19.0,0.043478260869565216,52,REACTIVE,Stochastic mobility,N/A,42,0.3587660400007735,False
22766651.446351998,13798413.165893277,0.0,6.293613789125676,0.0,40.04999999999999,19.0,0.0,80.0,-41.37306048769832,0,113833257.23175998,6.293613789125676,40.04999999999999,19.0,0.0,11.383325723175998,6.293613789125676,40.04999999999999,19.0,0.0,11.383325723175998,6.293613789125676,40.04999999999999,19.0,0.0,53,REACTIVE,Stochastic mobility,N/A,42,0.3587660400007735,False
21189442.881126657,14107274.889739178,0.0,5.989489110859738,0.0,40.04999999999999,19.0,0.0,80.0,-42.46578944857693,0,105947214.40563329,5.989489110859738,40.04999999999999,19.0,0.0,10.594721440563328,5.989489110859738,40.04999999999999,19.0,0.0,10.594721440563328,5.989489110859738,40.04999999999999,19.0,0.0,54,REACTIVE,Stochastic mobility,N/A,42,0.3587660400007735,False
19857270.099504784,14074962.714990173,0.0,6.2113333709855665,0.0,40.04999999999999,19.0,0.0,80.0,-42.91003157926203,0,99286350.49752392,6.2113333709855665,40.04999999999999,19.0,0.0,9.928635049752392,6.2113333709855665,40.04999999999999,19.0,0.0,9.928635049752392,6.2113333709855665,40.04999999999999,19.0,0.0,55,REACTIVE,Stochastic mobility,N/A,42,0.3587660400007735,False
18771286.701949645,13944380.81249096,0.0,5.948656713983555,0.0,40.04999999999999,19.0,0.0,80.0,-43.71569993504161,0,93856433.50974822,5.948656713983555,40.04999999999999,19.0,0.0,9.385643350974822,5.948656713983555,40.04999999999999,19.0,0.0,9.385643350974822,5.948656713983555,40.04999999999999,19.0,0.0,56,REACTIVE,Stochastic mobility,N/A,42,0.3587660400007735,False
17904800.50322453,13647518.929562602,0.0,6.015388124676823,0.0,40.04999999999999,19.0,0.0,80.0,-44.082211623710904,0,89524002.51612264,6.015388124676823,40.04999999999999,19.0,0.0,8.952400251612264,6.015388124676823,40.04999999999999,19.0,0.0,8.952400251612264,6.015388124676823,40.04999999999999,19.0,0.0,57,REACTIVE,Stochastic mobility,N/A,42,0.3587660400007735,False
18666936.02205091,12390568.620003495,0.0,6.021667923992641,0.0,40.04999999999999,19.0,4.0,84.0,-43.781820586721025,1,93334680.11025456,6.021667923992641,40.04999999999999,19.0,4.0,9.333468011025456,6.021667923992641,40.04999999999999,19.0,0.08695652173913043,9.333468011025456,6.021667923992641,40.04999999999999,19.0,0.08695652173913043,58,REACTIVE,Stochastic mobility,N/A,42,0.3587660400007735,False
18725290.09469334,12490084.568672152,0.0,6.818603706978042,0.0,43.59999999999999,19.0,2.0,86.0,-46.46222950654484,1,93626450.4734667,6.818603706978042,43.59999999999999,19.0,2.0,9.36264504734667,6.818603706978042,43.59999999999999,19.0,0.043478260869565216,9.36264504734667,6.818603706978042,43.59999999999999,19.0,0.043478260869565216,59,REACTIVE,Stochastic mobility,N/A,42,0.3587660400007735,False
18652677.81788311,12593875.377875265,0.0,7.463651899101709,0.0,43.59999999999999,19.0,0.0,86.0,-45.81000919195672,0,93263389.08941555,7.463651899101709,43.59999999999999,19.0,0.0,9.326338908941555,7.463651899101709,43.59999999999999,19.0,0.0,9.326338908941555,7.463651899101709,43.59999999999999,19.0,0.0,60,REACTIVE,Stochastic mobility,N/A,42,0.3587660400007735,False
18790318.967723336,12956165.002705427,0.0,7.594571632690121,0.0,43.59999999999999,19.0,2.0,88.0,-45.65374714431776,1,93951594.83861668,7.594571632690121,43.59999999999999,19.0,2.0,9.395159483861669,7.594571632690121,43.59999999999999,19.0,0.043478260869565216,9.395159483861669,7.594571632690121,43.59999999999999,19.0,0.043478260869565216,61,REACTIVE,Stochastic mobility,N/A,42,0.3587660400007735,False
18876971.670588177,12692864.702395128,0.0,7.5971766979350175,0.0,43.59999999999999,19.0,0.0,88.0,-45.56433746677088,0,94384858.35294089,7.5971766979350175,43.59999999999999,19.0,0.0,9.438485835294088,7.5971766979350175,43.59999999999999,19.0,0.0,9.438485835294088,7.5971766979350175,43.59999999999999,19.0,0.0,62,REACTIVE,Stochastic mobility,N/A,42,0.3587660400007735,False
18892464.947475724,12247519.937929936,0.0,7.506773572605097,0.0,43.59999999999999,19.0,0.0,88.0,-45.64699395365703,0,94462324.73737861,7.506773572605097,43.59999999999999,19.0,0.0,9.446232473737862,7.506773572605097,43.59999999999999,19.0,0.0,9.446232473737862,7.506773572605097,43.59999999999999,19.0,0.0,63,REACTIVE,Stochastic mobility,N/A,42,0.3587660400007735,False
18938345.20302202,11943629.306489257,0.0,7.265515774287687,0.0,43.59999999999999,19.0,4.0,92.0,-45.95226814594042,1,94691726.0151101,7.265515774287687,43.59999999999999,19.0,4.0,9.46917260151101,7.265515774287687,43.59999999999999,19.0,0.08695652173913043,9.46917260151101,7.265515774287687,43.59999999999999,19.0,0.08695652173913043,64,REACTIVE,Stochastic mobility,N/A,42,0.3587660400007735,False
19624260.49788497,12310972.975962637,0.0,7.335021073107242,0.0,47.14999999999999,19.0,2.0,94.0,-49.046326938819824,1,98121302.48942485,7.335021073107242,47.14999999999999,19.0,2.0,9.812130248942486,7.335021073107242,47.14999999999999,19.0,0.043478260869565216,9.812130248942486,7.335021073107242,47.14999999999999,19.0,0.043478260869565216,65,REACTIVE,Stochastic mobility,N/A,42,0.3587660400007735,False
21025063.491619393,12537678.8911353,0.0,7.2751899331159,0.0,50.699999999999996,19.0,2.0,96.0,-51.95575658194396,1,105125317.45809697,7.2751899331159,50.699999999999996,19.0,2.0,10.512531745809696,7.2751899331159,50.699999999999996,19.0,0.043478260869565216,10.512531745809696,7.2751899331159,50.699999999999996,19.0,0.043478260869565216,66,REACTIVE,Stochastic mobility,N/A,42,0.3587660400007735,False
21474748.91561358,12796186.96518712,0.0,7.198249447517441,0.0,50.699999999999996,19.0,0.0,96.0,-51.764376094675754,0,107373744.5780679,7.198249447517441,50.699999999999996,19.0,0.0,10.73737445780679,7.198249447517441,50.699999999999996,19.0,0.0,10.73737445780679,7.198249447517441,50.699999999999996,19.0,0.0,67,REACTIVE,Stochastic mobility,N/A,42,0.3587660400007735,False
20542892.03295331,10903859.982545795,0.0,7.286960460659031,0.0,50.699999999999996,19.0,2.0,98.0,-52.18507178373386,1,102714460.16476655,7.286960460659031,50.699999999999996,19.0,2.0,10.271446016476656,7.286960460659031,50.699999999999996,19.0,0.043478260869565216,10.271446016476656,7.286960460659031,50.699999999999996,19.0,0.043478260869565216,68,REACTIVE,Stochastic mobility,N/A,42,0.3587660400007735,False
21076469.48878917,10876166.924265467,0.0,7.348676591137657,0.0,50.699999999999996,19.0,0.0,98.0,-51.81308866446774,0,105382347.44394585,7.348676591137657,50.699999999999996,19.0,0.0,10.538234744394586,7.348676591137657,50.699999999999996,19.0,0.0,10.538234744394586,7.348676591137657,50.699999999999996,19.0,0.0,69,REACTIVE,Stochastic mobility,N/A,42,0.3587660400007735,False
21825196.858678,10144903.871690072,0.0,7.508103615062819,0.0,50.699999999999996,19.0,0.0,98.0,-51.27929795559817,0,109125984.29338999,7.508103615062819,50.699999999999996,19.0,0.0,10.912598429338999,7.508103615062819,50.699999999999996,19.0,0.0,10.912598429338999,7.508103615062819,50.699999999999996,19.0,0.0,70,REACTIVE,Stochastic mobility,N/A,42,0.3587660400007735,False
21992618.939833485,8993971.781980595,0.0,7.582218826841205,0.0,47.15,19.0,2.0,100.0,-47.61494996411162,1,109963094.69916743,7.582218826841205,47.15,19.0,2.0,10.996309469916744,7.582218826841205,47.15,19.0,0.043478260869565216,10.996309469916744,7.582218826841205,47.15,19.0,0.043478260869565216,71,REACTIVE,Stochastic mobility,N/A,42,0.3587660400007735,False
22208400.428774588,8742082.726954386,0.0,6.042527903264366,0.0,50.699999999999996,19.0,4.0,104.0,-52.64022840408746,1,111042002.14387295,6.042527903264366,50.699999999999996,19.0,4.0,11.104200214387294,6.042527903264366,50.699999999999996,19.0,0.08695652173913043,11.104200214387294,6.042527903264366,50.699999999999996,19.0,0.08695652173913043,72,REACTIVE,Stochastic mobility,N/A,42,0.3587660400007735,False
23011200.018086772,8632371.727133889,0.0,5.926263184392015,0.0,50.699999999999996,19.0,0.0,104.0,-52.268136806564584,0,115056000.09043387,5.926263184392015,50.699999999999996,19.0,0.0,11.505600009043386,5.926263184392015,50.699999999999996,19.0,0.0,11.505600009043386,5.926263184392015,50.699999999999996,19.0,0.0,73,REACTIVE,Stochastic mobility,N/A,42,0.3587660400007735,False
24877447.603480943,8774462.499497445,0.0,6.120700425029275,0.0,50.699999999999996,19.0,4.0,108.0,-51.22753229496937,1,124387238.0174047,6.120700425029275,50.699999999999996,19.0,4.0,12.43872380174047,6.120700425029275,50.699999999999996,19.0,0.08695652173913043,12.43872380174047,6.120700425029275,50.699999999999996,19.0,0.08695652173913043,74,REACTIVE,Stochastic mobility,N/A,42,0.3587660400007735,False
27997401.516557485,8693366.597068863,0.0,6.074572856635449,0.0,50.699999999999996,19.0,2.0,110.0,-49.67020464595536,1,139987007.58278742,6.074572856635449,50.699999999999996,19.0,2.0,13.998700758278742,6.074572856635449,50.699999999999996,19.0,0.043478260869565216,13.998700758278742,6.074572856635449,50.699999999999996,19.0,0.043478260869565216,75,REACTIVE,Stochastic mobility,N/A,42,0.3587660400007735,False
32909844.47852399,8982568.258544916,0.0,6.069925608839135,0.0,54.25,19.0,2.0,112.0,-50.76863041276843,1,164549222.39261994,6.069925608839135,54.25,19.0,2.0,16.454922239261993,6.069925608839135,54.25,19.0,0.043478260869565216,16.454922239261993,6.069925608839135,54.25,19.0,0.043478260869565216,76,REACTIVE,Stochastic mobility,N/A,42,0.3587660400007735,False
44169905.90717369,9149745.788147742,0.0,5.867840657238709,0.0,54.25,19.0,0.0,112.0,-45.29720638917445,0,220849529.53586847,5.867840657238709,54.25,19.0,0.0,22.084952953586846,5.867840657238709,54.25,19.0,0.0,22.084952953586846,5.867840657238709,54.25,19.0,0.0,77,REACTIVE,Stochastic mobility,N/A,42,0.3587660400007735,False
40233030.32912751,9361970.637651669,0.0,5.465764276530596,0.0,54.25,19.0,0.0,112.0,-47.66772055890564,0,201165151.64563757,5.465764276530596,54.25,19.0,0.0,20.116515164563758,5.465764276530596,54.25,19.0,0.0,20.116515164563758,5.465764276530596,54.25,19.0,0.0,78,REACTIVE,Stochastic mobility,N/A,42,0.3587660400007735,False
36030781.0246273,9903624.402218014,0.0,5.855795392672435,0.0,50.699999999999996,19.0,2.0,114.0,-45.872292355883474,1,180153905.1231365,5.855795392672435,50.699999999999996,19.0,2.0,18.015390512313648,5.855795392672435,50.699999999999996,19.0,0.043478260869565216,18.015390512313648,5.855795392672435,50.699999999999996,19.0,0.043478260869565216,79,REACTIVE,Stochastic mobility,N/A,42,0.3587660400007735,False
34579489.94114815,11164496.193363154,0.0,6.966929162569253,0.0,54.25,19.0,6.0,120.0,-49.12376064946537,1,172897449.70574075,6.966929162569253,54.25,19.0,6.0,17.289744970574073,6.966929162569253,54.25,19.0,0.13043478260869565,17.289744970574073,6.966929162569253,54.25,19.0,0.13043478260869565,80,REACTIVE,Stochastic mobility,N/A,42,0.3587660400007735,False
34971583.48314484,12037193.501386577,0.0,6.596223298732889,0.0,57.800000000000004,19.0,4.0,124.0,-52.804941481433836,1,174857917.41572422,6.596223298732889,57.800000000000004,19.0,4.0,17.48579174157242,6.596223298732889,57.800000000000004,19.0,0.08695652173913043,17.48579174157242,6.596223298732889,57.800000000000004,19.0,0.08695652173913043,81,REACTIVE,Stochastic mobility,N/A,42,0.3587660400007735,False
36278397.42964296,12525983.185954727,0.0,6.294901455130523,0.0,57.800000000000004,19.0,0.0,124.0,-52.36589983004801,0,181391987.1482148,6.294901455130523,57.800000000000004,19.0,0.0,18.13919871482148,6.294901455130523,57.800000000000004,19.0,0.0,18.13919871482148,6.294901455130523,57.800000000000004,19.0,0.0,82,REACTIVE,Stochastic mobility,N/A,42,0.3587660400007735,False
39086193.207026616,13175529.673408056,0.0,6.180486677939765,0.0,57.800000000000004,19.0,2.0,126.0,-51.1198949794165,1,195430966.03513306,6.180486677939765,57.800000000000004,19.0,2.0,19.543096603513305,6.180486677939765,57.800000000000004,19.0,0.043478260869565216,19.543096603513305,6.180486677939765,57.800000000000004,19.0,0.043478260869565216,83,REACTIVE,Stochastic mobility,N/A,42,0.3587660400007735,False
43416566.73339254,14147194.18936522,0.0,5.828949970099947,0.0,57.800000000000004,19.0,2.0,128.0,-49.30624492407336,1,217082833.66696268,5.828949970099947,57.800000000000004,19.0,2.0,21.708283366696268,5.828949970099947,57.800000000000004,19.0,0.043478260869565216,21.708283366696268,5.828949970099947,57.800000000000004,19.0,0.043478260869565216,84,REACTIVE,Stochastic mobility,N/A,42,0.3587660400007735,False
46723549.88431363,15145252.46207758,0.0,5.608425177403824,0.0,57.800000000000004,19.0,0.0,128.0,-47.829799880439374,0,233617749.42156813,5.608425177403824,57.800000000000004,19.0,0.0,23.361774942156813,5.608425177403824,57.800000000000004,19.0,0.0,23.361774942156813,5.608425177403824,57.800000000000004,19.0,0.0,85,REACTIVE,Stochastic mobility,N/A,42,0.3587660400007735,False
48316886.57132964,15178582.920531373,0.0,5.632923193554287,0.0,57.800000000000004,19.0,0.0,128.0,-47.008633520780904,0,241584432.85664818,5.632923193554287,57.800000000000004,19.0,0.0,24.158443285664816,5.632923193554287,57.800000000000004,19.0,0.0,24.158443285664816,5.632923193554287,57.800000000000004,19.0,0.0,86,REACTIVE,Stochastic mobility,N/A,42,0.3587660400007735,False
51105505.14680316,15316248.94387284,0.0,5.741567242385719,0.0,57.800000000000004,19.0,2.0,130.0,-45.54915844508227,1,255527525.73401582,5.741567242385719,57.800000000000004,19.0,2.0,25.552752573401584,5.741567242385719,57.800000000000004,19.0,0.043478260869565216,25.552752573401584,5.741567242385719,57.800000000000004,19.0,0.043478260869565216,87,REACTIVE,Stochastic mobility,N/A,42,0.3587660400007735,False
50088827.4642721,15229490.411652647,0.0,5.509073551353758,0.0,57.800000000000004,19.0,0.0,130.0,-46.2465127165102,0,250444137.3213605,5.509073551353758,57.800000000000004,19.0,0.0,25.04441373213605,5.509073551353758,57.800000000000004,19.0,0.0,25.04441373213605,5.509073551353758,57.800000000000004,19.0,0.0,88,REACTIVE,Stochastic mobility,N/A,42,0.3587660400007735,False
47358073.21979652,15185887.096180765,0.0,5.215273730892294,0.0,57.800000000000004,19.0,0.0,130.0,-47.90568965920946,0,236790366.0989826,5.215273730892294,57.800000000000004,19.0,0.0,23.67903660989826,5.215273730892294,57.800000000000004,19.0,0.0,23.67903660989826,5.215273730892294,57.800000000000004,19.0,0.0,89,REACTIVE,Stochastic mobility,N/A,42,0.3587660400007735,False
47823593.049793854,14956703.270659298,0.0,4.741863853725998,0.0,57.800000000000004,19.0,2.0,132.0,-48.18981788224665,1,239117965.24896926,4.741863853725998,57.800000000000004,19.0,2.0,23.911796524896925,4.741863853725998,57.800000000000004,19.0,0.043478260869565216,23.911796524896925,4.741863853725998,57.800000000000004,19.0,0.043478260869565216,90,REACTIVE,Stochastic mobility,N/A,42,0.3587660400007735,False
48381980.18161979,14901243.194304243,0.0,4.56973335858811,0.0,57.800000000000004,19.0,0.0,132.0,-48.039276550602004,0,241909900.90809897,4.56973335858811,57.800000000000004,19.0,0.0,24.190990090809898,4.56973335858811,57.800000000000004,19.0,0.0,24.190990090809898,4.56973335858811,57.800000000000004,19.0,0.0,91,REACTIVE,Stochastic mobility,N/A,42,0.3587660400007735,False
52238182.63994257,14797232.483745059,0.0,6.023079557742831,0.0,54.25,19.0,4.0,136.0,-41.19478564402502,1,261190913.19971284,6.023079557742831,54.25,19.0,4.0,26.119091319971286,6.023079557742831,54.25,19.0,0.08695652173913043,26.119091319971286,6.023079557742831,54.25,19.0,0.08695652173913043,92,REACTIVE,Stochastic mobility,N/A,42,0.3587660400007735,False
56218225.98681931,14762652.000041457,0.0,5.956095766744843,0.0,54.25,19.0,0.0,136.0,-39.1847912398455,0,281091129.9340966,5.956095766744843,54.25,19.0,0.0,28.109112993409656,5.956095766744843,54.25,19.0,0.0,28.109112993409656,5.956095766744843,54.25,19.0,0.0,93,REACTIVE,Stochastic mobility,N/A,42,0.3587660400007735,False
46913763.56141964,13223356.872963494,0.0,5.907540526730655,0.0,50.699999999999996,19.0,2.0,138.0,-40.379055953429074,1,234568817.8070982,5.907540526730655,50.699999999999996,19.0,2.0,23.45688178070982,5.907540526730655,50.699999999999996,19.0,0.043478260869565216,23.45688178070982,5.907540526730655,50.699999999999996,19.0,0.043478260869565216,94,REACTIVE,Stochastic mobility,N/A,42,0.3587660400007735,False
41030255.23820735,13284486.514060155,0.0,5.7540541472746956,0.0,50.699999999999996,19.0,0.0,138.0,-43.43081823362162,0,205151276.19103673,5.7540541472746956,50.699999999999996,19.0,0.0,20.515127619103673,5.7540541472746956,50.699999999999996,19.0,0.0,20.515127619103673,5.7540541472746956,50.699999999999996,19.0,0.0,95,REACTIVE,Stochastic mobility,N/A,42,0.3587660400007735,False
38008076.88106644,13292107.292298634,0.0,5.99503135045855,0.0,50.699999999999996,19.0,0.0,138.0,-44.70093020900822,0,190040384.4053322,5.99503135045855,50.699999999999996,19.0,0.0,19.004038440533222,5.99503135045855,50.699999999999996,19.0,0.0,19.004038440533222,5.99503135045855,50.699999999999996,19.0,0.0,96,REACTIVE,Stochastic mobility,N/A,42,0.3587660400007735,False
34540222.81167044,14439109.76504571,0.0,5.8915652791635384,0.0,50.699999999999996,19.0,6.0,144.0,-46.668758097609924,1,172701114.0583522,5.8915652791635384,50.699999999999996,19.0,6.0,17.27011140583522,5.8915652791635384,50.699999999999996,19.0,0.13043478260869565,17.27011140583522,5.8915652791635384,50.699999999999996,19.0,0.13043478260869565,97,REACTIVE,Stochastic mobility,N/A,42,0.3587660400007735,False
31624790.187946547,14359822.844621744,0.0,5.513856976681957,0.0,50.699999999999996,19.0,0.0,144.0,-48.37374792934476,0,158123950.93973273,5.513856976681957,50.699999999999996,19.0,0.0,15.812395093973272,5.513856976681957,50.699999999999996,19.0,0.0,15.812395093973272,5.513856976681957,50.699999999999996,19.0,0.0,98,REACTIVE,Stochastic mobility,N/A,42,0.3587660400007735,False
29621027.992731947,14279767.24312381,0.0,5.028994114051701,0.0,50.699999999999996,19.0,0.0,144.0,-49.86049188958231,0,148105139.96365973,5.028994114051701,50.699999999999996,19.0,0.0,14.810513996365973,5.028994114051701,50.699999999999996,19.0,0.0,14.810513996365973,5.028994114051701,50.699999999999996,19.0,0.0,99,REACTIVE,Stochastic mobility,N/A,42,0.3587660400007735,False
80830616.00170805,17907617.990657173,0.0,5.454859359799263,0.0,47.14999999999999,19.0,0.0,0.0,-20.279832639346708,0,404153080.0085402,5.454859359799263,47.14999999999999,19.0,0.0,40.41530800085402,5.454859359799263,47.14999999999999,19.0,0.0,40.41530800085402,5.454859359799263,47.14999999999999,19.0,0.0,0,PREDICTIVE,Stochastic mobility,cv,42,0.3652525360012078,True
60059475.60494049,17765772.21949772,0.0,5.599787023149352,0.0,50.699999999999996,19.0,2.0,2.0,-34.113953435249954,1,300297378.0247024,5.599787023149352,50.699999999999996,19.0,2.0,30.029737802470244,5.599787023149352,50.699999999999996,19.0,0.043478260869565216,30.029737802470244,5.599787023149352,50.699999999999996,19.0,0.043478260869565216,1,PREDICTIVE,Stochastic mobility,cv,42,0.3652525360012078,True
51302568.71988507,17564901.173402034,0.0,5.6475129897876695,0.0,47.14999999999999,19.0,4.0,6.0,-34.938159172008916,1,256512843.59942538,5.6475129897876695,47.14999999999999,19.0,4.0,25.651284359942537,5.6475129897876695,47.14999999999999,19.0,0.08695652173913043,25.651284359942537,5.6475129897876695,47.14999999999999,19.0,0.08695652173913043,2,PREDICTIVE,Stochastic mobility,cv,42,0.3652525360012078,True
44454808.0485362,15953590.888933048,0.0,5.683689924898922,0.0,47.14999999999999,19.0,2.0,8.0,-38.282384311702536,1,222274040.24268097,5.683689924898922,47.14999999999999,19.0,2.0,22.227404024268097,5.683689924898922,47.14999999999999,19.0,0.043478260869565216,22.227404024268097,5.683689924898922,47.14999999999999,19.0,0.043478260869565216,3,PREDICTIVE,Stochastic mobility,cv,42,0.3652525360012078,True
37343934.92986952,15937163.728268478,0.0,5.803155469687275,0.0,47.14999999999999,19.0,2.0,10.0,-41.71835532624752,1,186719674.64934757,5.803155469687275,47.14999999999999,19.0,2.0,18.671967464934756,5.803155469687275,47.14999999999999,19.0,0.043478260869565216,18.671967464934756,5.803155469687275,47.14999999999999,19.0,0.043478260869565216,4,PREDICTIVE,Stochastic mobility,cv,42,0.3652525360012078,True
35471949.105297126,16489468.548408518,0.0,5.818110988968829,0.0,47.14999999999999,19.0,2.0,12.0,-42.63939271925216,1,177359745.52648562,5.818110988968829,47.14999999999999,19.0,2.0,17.735974552648564,5.818110988968829,47.14999999999999,19.0,0.043478260869565216,17.735974552648564,5.818110988968829,47.14999999999999,19.0,0.043478260869565216,5,PREDICTIVE,Stochastic mobility,cv,42,0.3652525360012078,True
31340739.101425756,16559451.00481353,0.0,5.911194946715979,0.0,47.14999999999999,19.0,8.0,20.0,-44.74234854604939,1,156703695.50712878,5.911194946715979,47.14999999999999,19.0,8.0,15.670369550712877,5.911194946715979,47.14999999999999,19.0,0.17391304347826086,15.670369550712877,5.911194946715979,47.14999999999999,19.0,0.17391304347826086,6,PREDICTIVE,Stochastic mobility,cv,42,0.3652525360012078,True
29845815.127629317,17416468.900105864,0.0,5.70215159825432,0.0,47.14999999999999,19.0,4.0,24.0,-45.611897359670145,1,149229075.63814658,5.70215159825432,47.14999999999999,19.0,4.0,14.922907563814658,5.70215159825432,47.14999999999999,19.0,0.08695652173913043,14.922907563814658,5.70215159825432,47.14999999999999,19.0,0.08695652173913043,7,PREDICTIVE,Stochastic mobility,cv,42,0.3652525360012078,True
27479958.40672666,17045029.60519263,0.0,5.718686984248109,0.0,47.15,19.0,6.0,30.0,-46.82176859499726,1,137399792.0336333,5.718686984248109,47.15,19.0,6.0,13.73997920336333,5.718686984248109,47.15,19.0,0.13043478260869565,13.73997920336333,5.718686984248109,47.15,19.0,0.13043478260869565,8,PREDICTIVE,Stochastic mobility,cv,42,0.3652525360012078,True
27045265.057397526,17024334.743543252,0.0,5.758647621998007,0.0,47.15,19.0,0.0,30.0,-46.86871984930323,0,135226325.28698763,5.758647621998007,47.15,19.0,0.0,13.522632528698763,5.758647621998007,47.15,19.0,0.0,13.522632528698763,5.758647621998007,47.15,19.0,0.0,9,PREDICTIVE,Stochastic mobility,cv,42,0.3652525360012078,True
25786676.230572008,16784384.807004936,0.0,5.8611402204315555,0.0,43.6,19.0,2.0,32.0,-43.88899992515201,1,128933381.15286005,5.8611402204315555,43.6,19.0,2.0,12.893338115286005,5.8611402204315555,43.6,19.0,0.043478260869565216,12.893338115286005,5.8611402204315555,43.6,19.0,0.043478260869565216,10,PREDICTIVE,Stochastic mobility,cv,42,0.3652525360012078,False
29908309.86747371,20263555.498876583,0.0,5.412692093067141,0.0,50.699999999999996,19.0,6.0,38.0,-49.46358775580469,1,149541549.33736855,5.412692093067141,50.699999999999996,19.0,6.0,14.954154933736854,5.412692093067141,50.699999999999996,19.0,0.13043478260869565,14.954154933736854,5.412692093067141,50.699999999999996,19.0,0.13043478260869565,11,PREDICTIVE,Stochastic mobility,cv,42,0.3652525360012078,False
31478330.816309314,17479259.1696957,0.0,6.151647737566982,0.0,43.599999999999994,19.0,8.0,46.0,-40.883099897756615,1,157391654.08154657,6.151647737566982,43.599999999999994,19.0,8.0,15.739165408154658,6.151647737566982,43.599999999999994,19.0,0.17391304347826086,15.739165408154658,6.151647737566982,43.599999999999994,19.0,0.17391304347826086,12,PREDICTIVE,Stochastic mobility,cv,42,0.3652525360012078,False
26812023.637310583,15483806.022229573,0.0,5.763313828662788,0.0,43.599999999999994,19.0,6.0,52.0,-43.561109135290614,1,134060118.18655291,5.763313828662788,43.599999999999994,19.0,6.0,13.40601181865529,5.763313828662788,43.599999999999994,19.0,0.13043478260869565,13.40601181865529,5.763313828662788,43.599999999999994,19.0,0.13043478260869565,13,PREDICTIVE,Stochastic mobility,cv,42,0.3652525360012078,False
26675586.926690806,12705754.482410701,0.0,6.742887040567398,0.0,43.599999999999994,19.0,6.0,58.0,-42.64975427869589,1,133377934.63345402,6.742887040567398,43.599999999999994,19.0,6.0,13.337793463345403,6.742887040567398,43.599999999999994,19.0,0.13043478260869565,13.337793463345403,6.742887040567398,43.599999999999994,19.0,0.13043478260869565,14,PREDICTIVE,Stochastic mobility,cv,42,0.3652525360012078,False
26238032.263491716,14326258.165959174,0.0,6.374823028975328,0.0,43.599999999999994,19.0,6.0,64.0,-43.2365956218875,1,131190161.31745858,6.374823028975328,43.599999999999994,19.0,6.0,13.119016131745859,6.374823028975328,43.599999999999994,19.0,0.13043478260869565,13.119016131745859,6.374823028975328,43.599999999999994,19.0,0.13043478260869565,15,PREDICTIVE,Stochastic mobility,cv,42,0.3652525360012078,False
24881757.36063523,11262756.748427393,0.0,6.5993067673898835,0.0,47.15,19.0,8.0,72.0,-47.28372759577076,1,124408786.80317613,6.5993067673898835,47.15,19.0,8.0,12.440878680317613,6.5993067673898835,47.15,19.0,0.17391304347826086,12.440878680317613,6.5993067673898835,47.15,19.0,0.17391304347826086,16,PREDICTIVE,Stochastic mobility,cv,42,0.3652525360012078,False
24547608.863269396,11343131.960743634,0.0,6.111122884934781,0.0,43.599999999999994,19.0,6.0,78.0,-44.34550746603921,1,122738044.31634697,6.111122884934781,43.599999999999994,19.0,6.0,12.273804431634698,6.111122884934781,43.599999999999994,19.0,0.13043478260869565,12.273804431634698,6.111122884934781,43.599999999999994,19.0,0.13043478260869565,17,PREDICTIVE,Stochastic mobility,cv,42,0.3652525360012078,False
22483151.814160682,10759826.157826008,0.0,6.173125477105696,0.0,50.7,19.0,8.0,86.0,-52.45921165929222,1,112415759.0708034,6.173125477105696,50.7,19.0,8.0,11.24157590708034,6.173125477105696,50.7,19.0,0.17391304347826086,11.24157590708034,6.173125477105696,50.7,19.0,0.17391304347826086,18,PREDICTIVE,Stochastic mobility,cv,42,0.3652525360012078,False
22956470.09717361,10746235.225705665,0.0,5.726853747699834,0.0,50.7,19.0,4.0,90.0,-52.5818677254525,1,114782350.48586804,5.726853747699834,50.7,19.0,4.0,11.478235048586804,5.726853747699834,50.7,19.0,0.08695652173913043,11.478235048586804,5.726853747699834,50.7,19.0,0.08695652173913043,19,PREDICTIVE,Stochastic mobility,cv,42,0.3652525360012078,False
21952883.28536856,9242965.691998035,0.0,5.931199424634919,0.0,47.15,19.0,2.0,92.0,-49.28583719355037,1,109764416.42684281,5.931199424634919,47.15,19.0,2.0,10.97644164268428,5.931199424634919,47.15,19.0,0.043478260869565216,10.97644164268428,5.931199424634919,47.15,19.0,0.043478260869565216,20,PREDICTIVE,Stochastic mobility,cv,42,0.3652525360012078,False
21455309.04594665,8569450.593534058,0.0,5.9928974695016715,0.0,47.15,19.0,4.0,96.0,-49.51640452926414,1,107276545.22973324,5.9928974695016715,47.15,19.0,4.0,10.727654522973324,5.9928974695016715,47.15,19.0,0.08695652173913043,10.727654522973324,5.9928974695016715,47.15,19.0,0.08695652173913043,21,PREDICTIVE,Stochastic mobility,cv,42,0.3652525360012078,False
23464119.82402427,9216607.190710647,0.0,7.410765675327791,0.0,47.14999999999999,19.0,6.0,102.0,-47.13760919526876,1,117320599.12012136,7.410765675327791,47.14999999999999,19.0,6.0,11.732059912012136,7.410765675327791,47.14999999999999,19.0,0.13043478260869565,11.732059912012136,7.410765675327791,47.14999999999999,19.0,0.13043478260869565,22,PREDICTIVE,Stochastic mobility,cv,42,0.3652525360012078,False
24535674.21923349,9608563.391035616,0.0,7.282982822689614,0.0,47.14999999999999,19.0,0.0,102.0,-46.59918006769363,0,122678371.09616746,7.282982822689614,47.14999999999999,19.0,0.0,12.267837109616746,7.282982822689614,47.14999999999999,19.0,0.0,12.267837109616746,7.282982822689614,47.14999999999999,19.0,0.0,23,PREDICTIVE,Stochastic mobility,cv,42,0.3652525360012078,False
23907178.55707275,9800814.350341106,0.0,6.921134238894289,0.0,43.599999999999994,19.0,6.0,108.0,-43.85571126517802,1,119535892.78536376,6.921134238894289,43.599999999999994,19.0,6.0,11.953589278536377,6.921134238894289,43.599999999999994,19.0,0.13043478260869565,11.953589278536377,6.921134238894289,43.599999999999994,19.0,0.13043478260869565,24,PREDICTIVE,Stochastic mobility,cv,42,0.3652525360012078,False
28621870.95685964,9798244.340507051,0.0,6.5538314336782335,0.0,43.599999999999994,19.0,2.0,110.0,-41.778711348761504,1,143109354.7842982,6.5538314336782335,43.599999999999994,19.0,2.0,14.31093547842982,6.5538314336782335,43.599999999999994,19.0,0.043478260869565216,14.31093547842982,6.5538314336782335,43.599999999999994,19.0,0.043478260869565216,25,PREDICTIVE,Stochastic mobility,cv,42,0.3652525360012078,False
30358781.92236674,9178186.346313596,0.0,5.785251326121967,0.0,40.04999999999999,19.0,2.0,112.0,-38.128835973564215,1,151793909.6118337,5.785251326121967,40.04999999999999,19.0,2.0,15.179390961183369,5.785251326121967,40.04999999999999,19.0,0.043478260869565216,15.179390961183369,5.785251326121967,40.04999999999999,19.0,0.043478260869565216,26,PREDICTIVE,Stochastic mobility,cv,42,0.3652525360012078,False
19449030.78252417,9553434.071251934,0.0,4.662673373004085,0.0,43.599999999999994,19.0,4.0,116.0,-48.29976775747296,1,97245153.91262084,4.662673373004085,43.599999999999994,19.0,4.0,9.724515391262084,4.662673373004085,43.599999999999994,19.0,0.08695652173913043,9.724515391262084,4.662673373004085,43.599999999999994,19.0,0.08695652173913043,27,PREDICTIVE,Stochastic mobility,cv,42,0.3652525360012078,False
19325299.305659417,9959385.578568086,0.0,4.467946290159116,0.0,43.599999999999994,19.0,4.0,120.0,-48.5563605787503,1,96626496.52829708,4.467946290159116,43.599999999999994,19.0,4.0,9.662649652829709,4.467946290159116,43.599999999999994,19.0,0.08695652173913043,9.662649652829709,4.467946290159116,43.599999999999994,19.0,0.08695652173913043,28,PREDICTIVE,Stochastic mobility,cv,42,0.3652525360012078,False
18531101.551810924,9349616.151574362,0.0,5.850344666136649,0.0,40.04999999999999,19.0,6.0,126.0,-44.064539340566576,1,92655507.75905462,5.850344666136649,40.04999999999999,19.0,6.0,9.265550775905462,5.850344666136649,40.04999999999999,19.0,0.13043478260869565,9.265550775905462,5.850344666136649,40.04999999999999,19.0,0.13043478260869565,29,PREDICTIVE,Stochastic mobility,cv,42,0.3652525360012078,False
18981303.408882298,9939488.711117797,0.0,6.586162242777007,0.0,40.04999999999999,19.0,10.0,136.0,-43.19057735712966,1,94906517.04441148,6.586162242777007,40.04999999999999,19.0,10.0,9.490651704441149,6.586162242777007,40.04999999999999,19.0,0.21739130434782608,9.490651704441149,6.586162242777007,40.04999999999999,19.0,0.21739130434782608,30,PREDICTIVE,Stochastic mobility,cv,42,0.3652525360012078,False
19486318.279382907,9556499.909150729,0.0,6.3523315494512635,0.0,43.599999999999994,19.0,12.0,148.0,-46.765378876074664,1,97431591.39691454,6.3523315494512635,43.599999999999994,19.0,12.0,9.743159139691453,6.3523315494512635,43.599999999999994,19.0,0.2608695652173913,9.743159139691453,6.3523315494512635,43.599999999999994,19.0,0.2608695652173913,31,PREDICTIVE,Stochastic mobility,cv,42,0.3652525360012078,False
18027922.188822288,9675855.434967939,0.0,6.2151834444704654,0.0,40.04999999999999,19.0,10.0,158.0,-44.03824676546621,1,90139610.94411144,6.2151834444704654,40.04999999999999,19.0,10.0,9.013961094411144,6.2151834444704654,40.04999999999999,19.0,0.21739130434782608,9.013961094411144,6.2151834444704654,40.04999999999999,19.0,0.21739130434782608,32,PREDICTIVE,Stochastic mobility,cv,42,0.3652525360012078,False
19005751.90158771,10248246.49922825,0.0,6.816632356741582,0.0,43.599999999999994,19.0,6.0,164.0,-46.41092647507325,1,95028759.50793855,6.816632356741582,43.599999999999994,19.0,6.0,9.502875950793856,6.816632356741582,43.599999999999994,19.0,0.13043478260869565,9.502875950793856,6.816632356741582,43.599999999999994,19.0,0.13043478260869565,33,PREDICTIVE,Stochastic mobility,cv,42,0.3652525360012078,False
19628379.502876934,10801594.722083343,0.0,6.5928518420163424,0.0,40.04999999999999,19.0,10.0,174.0,-42.860349710893004,1,98141897.51438467,6.5928518420163424,40.04999999999999,19.0,10.0,9.814189751438468,6.5928518420163424,40.04999999999999,19.0,0.21739130434782608,9.814189751438468,6.5928518420163424,40.04999999999999,19.0,0.21739130434782608,34,PREDICTIVE,Stochastic mobility,cv,42,0.3652525360012078,False
16305492.249426842,7927831.392661857,0.0,6.578737702538323,0.0,40.04999999999999,19.0,12.0,186.0,-44.57938573796564,1,81527461.24713421,6.578737702538323,40.04999999999999,19.0,12.0,8.15274612471342,6.578737702538323,40.04999999999999,19.0,0.2608695652173913,8.15274612471342,6.578737702538323,40.04999999999999,19.0,0.2608695652173913,35,PREDICTIVE,Stochastic mobility,cv,42,0.3652525360012078,False
17002588.770361047,9003739.400663245,0.0,6.620115264726529,0.0,40.04999999999999,19.0,2.0,188.0,-43.9720686109625,1,85012943.85180524,6.620115264726529,40.04999999999999,19.0,2.0,8.501294385180524,6.620115264726529,40.04999999999999,19.0,0.043478260869565216,8.501294385180524,6.620115264726529,40.04999999999999,19.0,0.043478260869565216,36,PREDICTIVE,Stochastic mobility,cv,42,0.3652525360012078,False
17351049.28214421,9538203.475318538,0.0,6.968225984285398,0.0,43.599999999999994,19.0,8.0,196.0,-47.13016241812075,1,86755246.41072105,6.968225984285398,43.599999999999994,19.0,8.0,8.675524641072105,6.968225984285398,43.599999999999994,19.0,0.17391304347826086,8.675524641072105,6.968225984285398,43.599999999999994,19.0,0.17391304347826086,37,PREDICTIVE,Stochastic mobility,cv,42,0.3652525360012078,False
17009721.19620841,9087567.482805546,0.0,7.057038970961285,0.0,43.599999999999994,19.0,2.0,198.0,-47.08157869180407,1,85048605.98104206,7.057038970961285,43.599999999999994,19.0,2.0,8.504860598104205,7.057038970961285,43.599999999999994,19.0,0.043478260869565216,8.504860598104205,7.057038970961285,43.599999999999994,19.0,0.043478260869565216,38,PREDICTIVE,Stochastic mobility,cv,42,0.3652525360012078,False
18603295.05860811,10479985.236997785,0.0,7.021620587058322,0.0,47.14999999999999,19.0,4.0,202.0,-49.913688405376746,1,93016475.29304056,7.021620587058322,47.14999999999999,19.0,4.0,9.301647529304056,7.021620587058322,47.14999999999999,19.0,0.08695652173913043,9.301647529304056,7.021620587058322,47.14999999999999,19.0,0.08695652173913043,39,PREDICTIVE,Stochastic mobility,cv,42,0.3652525360012078,False
19222133.64604922,9995391.30646819,0.0,7.115788000583155,0.0,40.04999999999999,19.0,4.0,206.0,-42.410101698131356,1,96110668.2302461,7.115788000583155,40.04999999999999,19.0,4.0,9.61106682302461,7.115788000583155,40.04999999999999,19.0,0.08695652173913043,9.61106682302461,7.115788000583155,40.04999999999999,19.0,0.08695652173913043,40,PREDICTIVE,Stochastic mobility,cv,42,0.3652525360012078,False
18854808.55818172,10253609.85035875,0.0,7.171377517416195,0.0,43.599999999999994,19.0,2.0,208.0,-46.0446964643625,1,94274042.7909086,7.171377517416195,43.599999999999994,19.0,2.0,9.42740427909086,7.171377517416195,43.599999999999994,19.0,0.043478260869565216,9.42740427909086,7.171377517416195,43.599999999999994,19.0,0.043478260869565216,41,PREDICTIVE,Stochastic mobility,cv,42,0.3652525360012078,False
17886131.767587673,11510037.221735116,0.0,7.283095988533826,0.0,47.14999999999999,19.0,4.0,212.0,-50.01079464941146,1,89430658.83793837,7.283095988533826,47.14999999999999,19.0,4.0,8.943065883793837,7.283095988533826,47.14999999999999,19.0,0.08695652173913043,8.943065883793837,7.283095988533826,47.14999999999999,19.0,0.08695652173913043,42,PREDICTIVE,Stochastic mobility,cv,42,0.3652525360012078,False
19668113.907066323,10694833.913623683,0.0,7.394466452278411,0.0,43.599999999999994,19.0,4.0,216.0,-45.458433115927555,1,98340569.53533162,7.394466452278411,43.599999999999994,19.0,4.0,9.834056953533162,7.394466452278411,43.599999999999994,19.0,0.08695652173913043,9.834056953533162,7.394466452278411,43.599999999999994,19.0,0.08695652173913043,43,PREDICTIVE,Stochastic mobility,cv,42,0.3652525360012078,False
20437305.497800432,11021404.63541505,0.0,7.517844431683996,0.0,43.599999999999994,19.0,0.0,216.0,-44.863502819415785,0,102186527.48900215,7.517844431683996,43.599999999999994,19.0,0.0,10.218652748900215,7.517844431683996,43.599999999999994,19.0,0.0,10.218652748900215,7.517844431683996,43.599999999999994,19.0,0.0,44,PREDICTIVE,Stochastic mobility,cv,42,0.3652525360012078,False
21255508.109243624,10400644.134898458,0.0,7.475785614764199,0.0,43.599999999999994,19.0,2.0,218.0,-44.53993859148355,1,106277540.54621811,7.475785614764199,43.599999999999994,19.0,2.0,10.62775405462181,7.475785614764199,43.599999999999994,19.0,0.043478260869565216,10.62775405462181,7.475785614764199,43.599999999999994,19.0,0.043478260869565216,45,PREDICTIVE,Stochastic mobility,cv,42,0.3652525360012078,False
21823510.404005967,11056936.53781561,0.0,7.34451338514976,0.0,43.599999999999994,19.0,0.0,218.0,-44.34373141284725,0,109117552.02002983,7.34451338514976,43.599999999999994,19.0,0.0,10.911755202002983,7.34451338514976,43.599999999999994,19.0,0.0,10.911755202002983,7.34451338514976,43.599999999999994,19.0,0.0,46,PREDICTIVE,Stochastic mobility,cv,42,0.3652525360012078,False
23210049.46851877,12620385.592509072,0.0,6.970311274884388,0.0,47.14999999999999,19.0,6.0,224.0,-47.70509877346492,1,116050247.34259385,6.970311274884388,47.14999999999999,19.0,6.0,11.605024734259384,6.970311274884388,47.14999999999999,19.0,0.13043478260869565,11.605024734259384,6.970311274884388,47.14999999999999,19.0,0.13043478260869565,47,PREDICTIVE,Stochastic mobility,cv,42,0.3652525360012078,False
23152958.3652265,12842312.183813928,0.0,7.029294282802824,0.0,43.599999999999994,19.0,2.0,226.0,-44.03770479545348,1,115764791.8261325,7.029294282802824,43.599999999999994,19.0,2.0,11.57647918261325,7.029294282802824,43.599999999999994,19.0,0.043478260869565216,11.57647918261325,7.029294282802824,43.599999999999994,19.0,0.043478260869565216,48,PREDICTIVE,Stochastic mobility,cv,42,0.3652525360012078,False
23321256.71023006,11448878.920958092,0.0,6.8800459643713,0.0,40.04999999999999,19.0,6.0,232.0,-40.63976046312236,1,116606283.55115029,6.8800459643713,40.04999999999999,19.0,6.0,11.66062835511503,6.8800459643713,40.04999999999999,19.0,0.13043478260869565,11.66062835511503,6.8800459643713,40.04999999999999,19.0,0.13043478260869565,49,PREDICTIVE,Stochastic mobility,cv,42,0.3652525360012078,False
26326403.52313348,11305958.189947702,0.0,7.289784782043711,0.0,43.59999999999999,19.0,10.0,242.0,-42.364404760737365,1,131632017.6156674,7.289784782043711,43.59999999999999,19.0,10.0,13.163201761566741,7.289784782043711,43.59999999999999,19.0,0.21739130434782608,13.163201761566741,7.289784782043711,43.59999999999999,19.0,0.21739130434782608,50,PREDICTIVE,Stochastic mobility,cv,42,0.3652525360012078,False
26356679.4651888,12526680.99045277,0.0,7.086452291261788,0.0,40.04999999999999,19.0,2.0,244.0,-38.828686237013365,1,131783397.325944,7.086452291261788,40.04999999999999,19.0,2.0,13.1783397325944,7.086452291261788,40.04999999999999,19.0,0.043478260869565216,13.1783397325944,7.086452291261788,40.04999999999999,19.0,0.043478260869565216,51,PREDICTIVE,Stochastic mobility,cv,42,0.3652525360012078,False
26058936.522518832,12895864.500226965,0.0,6.731500543512428,0.0,43.59999999999999,19.0,10.0,254.0,-43.05642249957597,1,130294682.61259416,6.731500543512428,43.59999999999999,19.0,10.0,13.029468261259415,6.731500543512428,43.59999999999999,19.0,0.21739130434782608,13.029468261259415,6.731500543512428,43.59999999999999,19.0,0.21739130434782608,52,PREDICTIVE,Stochastic mobility,cv,42,0.3652525360012078,False
22766651.446351998,13798413.165893277,0.0,5.4547714462576256,0.0,40.04999999999999,19.0,6.0,260.0,-42.34233761317506,1,113833257.23175998,5.4547714462576256,40.04999999999999,19.0,6.0,11.383325723175998,5.4547714462576256,40.04999999999999,19.0,0.13043478260869565,11.383325723175998,5.4547714462576256,40.04999999999999,19.0,0.13043478260869565,53,PREDICTIVE,Stochastic mobility,cv,42,0.3652525360012078,False
20366069.875447758,12201098.489652995,0.0,5.989489110859738,0.0,40.04999999999999,19.0,8.0,268.0,-43.05138899489463,1,101830349.37723878,5.989489110859738,40.04999999999999,19.0,8.0,10.183034937723878,5.989489110859738,40.04999999999999,19.0,0.17391304347826086,10.183034937723878,5.989489110859738,40.04999999999999,19.0,0.17391304347826086,54,PREDICTIVE,Stochastic mobility,cv,42,0.3652525360012078,False
19500079.517265923,12452759.721654814,0.0,6.2113333709855665,0.0,40.04999999999999,19.0,0.0,268.0,-43.08862687038146,0,97500397.58632962,6.2113333709855665,40.04999999999999,19.0,0.0,9.750039758632962,6.2113333709855665,40.04999999999999,19.0,0.0,9.750039758632962,6.2113333709855665,40.04999999999999,19.0,0.0,55,PREDICTIVE,Stochastic mobility,cv,42,0.3652525360012078,False
19392223.2804898,12112319.373136899,0.0,6.777765395001442,0.0,43.59999999999999,19.0,6.0,274.0,-46.25655774736234,1,96961116.402449,6.777765395001442,43.59999999999999,19.0,6.0,9.696111640244899,6.777765395001442,43.59999999999999,19.0,0.13043478260869565,9.696111640244899,6.777765395001442,43.59999999999999,19.0,0.13043478260869565,56,PREDICTIVE,Stochastic mobility,cv,42,0.3652525360012078,False
19059323.113204036,12468189.875356209,0.0,6.682636079092766,0.0,47.14999999999999,19.0,2.0,276.0,-49.98118062517477,1,95296615.56602018,6.682636079092766,47.14999999999999,19.0,2.0,9.529661556602017,6.682636079092766,47.14999999999999,19.0,0.043478260869565216,9.529661556602017,6.682636079092766,47.14999999999999,19.0,0.043478260869565216,57,PREDICTIVE,Stochastic mobility,cv,42,0.3652525360012078,False
18910521.58382372,12663526.223193081,0.0,6.021667923992641,0.0,43.59999999999999,19.0,4.0,280.0,-47.21002780583462,1,94552607.91911861,6.021667923992641,43.59999999999999,19.0,4.0,9.455260791911861,6.021667923992641,43.59999999999999,19.0,0.08695652173913043,9.455260791911861,6.021667923992641,43.59999999999999,19.0,0.08695652173913043,58,PREDICTIVE,Stochastic mobility,cv,42,0.3652525360012078,False
18764065.446153462,12769601.552942107,0.0,6.97543991241293,0.0,43.59999999999999,19.0,4.0,284.0,-46.329483886249456,1,93820327.23076731,6.97543991241293,43.59999999999999,19.0,4.0,9.382032723076732,6.97543991241293,43.59999999999999,19.0,0.08695652173913043,9.382032723076732,6.97543991241293,43.59999999999999,19.0,0.08695652173913043,59,PREDICTIVE,Stochastic mobility,cv,42,0.3652525360012078,False
17790492.952156805,8667607.745490825,0.0,6.231899481364242,0.0,43.59999999999999,19.0,2.0,286.0,-47.51633230342691,1,88952464.76078403,6.231899481364242,43.59999999999999,19.0,2.0,8.895246476078404,6.231899481364242,43.59999999999999,19.0,0.043478260869565216,8.895246476078404,6.231899481364242,43.59999999999999,19.0,0.043478260869565216,60,PREDICTIVE,Stochastic mobility,cv,42,0.3652525360012078,False
18848333.76749926,11171920.00457036,0.0,6.005496153244472,0.0,47.14999999999999,19.0,4.0,290.0,-50.807293484745024,1,94241668.83749631,6.005496153244472,47.14999999999999,19.0,4.0,9.424166883749631,6.005496153244472,47.14999999999999,19.0,0.08695652173913043,9.424166883749631,6.005496153244472,47.14999999999999,19.0,0.08695652173913043,61,PREDICTIVE,Stochastic mobility,cv,42,0.3652525360012078,False
19555552.26436274,9686721.06615271,0.0,7.37080573333256,0.0,50.699999999999996,19.0,6.0,296.0,-52.68185291709475,1,97777761.3218137,7.37080573333256,50.699999999999996,19.0,6.0,9.777776132181371,7.37080573333256,50.699999999999996,19.0,0.13043478260869565,9.777776132181371,7.37080573333256,50.699999999999996,19.0,0.13043478260869565,62,PREDICTIVE,Stochastic mobility,cv,42,0.3652525360012078,False
19732431.45657254,10367287.353579065,0.0,7.424992839674636,0.0,54.25,19.0,8.0,304.0,-56.13270447551735,1,98662157.28286271,7.424992839674636,54.25,19.0,8.0,9.86621572828627,7.424992839674636,54.25,19.0,0.17391304347826086,9.86621572828627,7.424992839674636,54.25,19.0,0.17391304347826086,63,PREDICTIVE,Stochastic mobility,cv,42,0.3652525360012078,False
20107287.495249785,11446581.593003659,0.0,6.802714236656586,0.0,54.25,19.0,4.0,308.0,-56.48059853745765,1,100536437.47624893,6.802714236656586,54.25,19.0,4.0,10.053643747624893,6.802714236656586,54.25,19.0,0.08695652173913043,10.053643747624893,6.802714236656586,54.25,19.0,0.08695652173913043,64,PREDICTIVE,Stochastic mobility,cv,42,0.3652525360012078,False
18917893.273089275,10902634.582072048,0.0,7.335021073107242,0.0,50.699999999999996,19.0,6.0,314.0,-53.0364670729568,1,94589466.36544637,7.335021073107242,50.699999999999996,19.0,6.0,9.458946636544637,7.335021073107242,50.699999999999996,19.0,0.13043478260869565,9.458946636544637,7.335021073107242,50.699999999999996,19.0,0.13043478260869565,65,PREDICTIVE,Stochastic mobility,cv,42,0.3652525360012078,False
19327427.523190763,10894248.977294708,0.0,7.2751899331159,0.0,50.699999999999996,19.0,0.0,314.0,-52.7610963052887,0,96637137.61595382,7.2751899331159,50.699999999999996,19.0,0.0,9.663713761595382,7.2751899331159,50.699999999999996,19.0,0.0,9.663713761595382,7.2751899331159,50.699999999999996,19.0,0.0,66,PREDICTIVE,Stochastic mobility,cv,42,0.3652525360012078,False
19830012.2201717,11002711.25419002,0.0,7.198249447517441,0.0,50.699999999999996,19.0,0.0,314.0,-52.58674444239669,0,99150061.10085851,7.198249447517441,50.699999999999996,19.0,0.0,9.915006110085852,7.198249447517441,50.699999999999996,19.0,0.0,9.915006110085852,7.198249447517441,50.699999999999996,19.0,0.0,67,PREDICTIVE,Stochastic mobility,cv,42,0.3652525360012078,False
20542892.03295331,10903859.982545795,0.0,6.747970953158253,0.0,50.699999999999996,19.0,8.0,322.0,-52.854496073843336,1,102714460.16476655,6.747970953158253,50.699999999999996,19.0,8.0,10.271446016476656,6.747970953158253,50.699999999999996,19.0,0.17391304347826086,10.271446016476656,6.747970953158253,50.699999999999996,19.0,0.17391304347826086,68,PREDICTIVE,Stochastic mobility,cv,42,0.3652525360012078,False
20886589.11367286,10002708.145774828,0.0,6.585674693223765,0.0,47.15,19.0,2.0,324.0,-49.16450901080937,1,104432945.5683643,6.585674693223765,47.15,19.0,2.0,10.443294556836431,6.585674693223765,47.15,19.0,0.043478260869565216,10.443294556836431,6.585674693223765,47.15,19.0,0.043478260869565216,69,PREDICTIVE,Stochastic mobility,cv,42,0.3652525360012078,False
20420716.676031463,7296481.10320612,0.0,6.579799086802012,0.0,50.699999999999996,19.0,8.0,332.0,-53.083755618660504,1,102103583.38015732,6.579799086802012,50.699999999999996,19.0,8.0,10.210358338015732,6.579799086802012,50.699999999999996,19.0,0.17391304347826086,10.210358338015732,6.579799086802012,50.699999999999996,19.0,0.17391304347826086,70,PREDICTIVE,Stochastic mobility,cv,42,0.3652525360012078,False
20279129.16009912,7125303.487880638,0.0,6.279609499098519,0.0,50.699999999999996,19.0,4.0,336.0,-53.36778244259104,1,101395645.8004956,6.279609499098519,50.699999999999996,19.0,4.0,10.139564580049559,6.279609499098519,50.699999999999996,19.0,0.08695652173913043,10.139564580049559,6.279609499098519,50.699999999999996,19.0,0.08695652173913043,71,PREDICTIVE,Stochastic mobility,cv,42,0.3652525360012078,False
20960378.87794534,7404357.41239138,0.0,6.042527903264366,0.0,54.25,19.0,2.0,338.0,-56.770760918632526,1,104801894.38972671,6.042527903264366,54.25,19.0,2.0,10.48018943897267,6.042527903264366,54.25,19.0,0.043478260869565216,10.48018943897267,6.042527903264366,54.25,19.0,0.043478260869565216,72,PREDICTIVE,Stochastic mobility,cv,42,0.3652525360012078,False
22333959.74386082,9187173.567655709,0.0,5.926263184392015,0.0,54.25,19.0,2.0,340.0,-56.20023520454714,1,111669798.71930408,5.926263184392015,54.25,19.0,2.0,11.166979871930408,5.926263184392015,54.25,19.0,0.043478260869565216,11.166979871930408,5.926263184392015,54.25,19.0,0.043478260869565216,73,PREDICTIVE,Stochastic mobility,cv,42,0.3652525360012078,False
24528443.4213512,9741624.885880798,0.0,5.99201301255531,0.0,50.699999999999996,19.0,4.0,344.0,-51.53072179850821,1,122642217.10675602,5.99201301255531,50.699999999999996,19.0,4.0,12.264221710675601,5.99201301255531,50.699999999999996,19.0,0.08695652173913043,12.264221710675601,5.99201301255531,50.699999999999996,19.0,0.08695652173913043,74,PREDICTIVE,Stochastic mobility,cv,42,0.3652525360012078,False
28781543.006395638,10033925.261755852,0.0,6.074572856635449,0.0,54.25,19.0,10.0,354.0,-53.00204694451456,1,143907715.0319782,6.074572856635449,54.25,19.0,10.0,14.390771503197819,6.074572856635449,54.25,19.0,0.21739130434782608,14.390771503197819,6.074572856635449,54.25,19.0,0.21739130434782608,75,PREDICTIVE,Stochastic mobility,cv,42,0.3652525360012078,False
31987507.79746288,7775427.844892226,0.0,6.069925608839135,0.0,50.699999999999996,19.0,6.0,360.0,-47.76675527503811,1,159937538.9873144,6.069925608839135,50.699999999999996,19.0,6.0,15.993753898731441,6.069925608839135,50.699999999999996,19.0,0.13043478260869565,15.993753898731441,6.069925608839135,50.699999999999996,19.0,0.13043478260869565,76,PREDICTIVE,Stochastic mobility,cv,42,0.3652525360012078,False
43091487.78155665,9247633.405539269,0.0,6.825343278895541,0.0,54.25,19.0,8.0,368.0,-45.05282587380439,1,215457438.90778327,6.825343278895541,54.25,19.0,8.0,21.545743890778326,6.825343278895541,54.25,19.0,0.17391304347826086,21.545743890778326,6.825343278895541,54.25,19.0,0.17391304347826086,77,PREDICTIVE,Stochastic mobility,cv,42,0.3652525360012078,False
41751700.2604505,9096699.898334717,0.0,6.9661584735855975,0.0,54.25,19.0,6.0,374.0,-45.53842617879785,1,208758501.3022525,6.9661584735855975,54.25,19.0,6.0,20.87585013022525,6.9661584735855975,54.25,19.0,0.13043478260869565,20.87585013022525,6.9661584735855975,54.25,19.0,0.13043478260869565,78,PREDICTIVE,Stochastic mobility,cv,42,0.3652525360012078,False
37688261.92093684,11882352.123042108,0.0,7.016766166911627,0.0,54.25,19.0,6.0,380.0,-47.51953765522865,1,188441309.60468417,7.016766166911627,54.25,19.0,6.0,18.844130960468416,7.016766166911627,54.25,19.0,0.13043478260869565,18.844130960468416,7.016766166911627,54.25,19.0,0.13043478260869565,79,PREDICTIVE,Stochastic mobility,cv,42,0.3652525360012078,False
36342621.66537096,12060177.327678798,0.0,7.1127791269597935,0.0,57.800000000000004,19.0,8.0,388.0,-51.689823083833,1,181713108.32685483,7.1127791269597935,57.800000000000004,19.0,8.0,18.17131083268548,7.1127791269597935,57.800000000000004,19.0,0.17391304347826086,18.17131083268548,7.1127791269597935,57.800000000000004,19.0,0.17391304347826086,80,PREDICTIVE,Stochastic mobility,cv,42,0.3652525360012078,False
35210123.95483693,11288213.680189306,0.0,6.596223298732889,0.0,57.800000000000004,19.0,8.0,396.0,-52.77262776732692,1,176050619.77418464,6.596223298732889,57.800000000000004,19.0,8.0,17.605061977418465,6.596223298732889,57.800000000000004,19.0,0.17391304347826086,17.605061977418465,6.596223298732889,57.800000000000004,19.0,0.17391304347826086,81,PREDICTIVE,Stochastic mobility,cv,42,0.3652525360012078,False
36685884.919184685,12259596.52163098,0.0,6.294901455130523,0.0,57.800000000000004,19.0,0.0,396.0,-52.16215608527715,0,183429424.59592342,6.294901455130523,57.800000000000004,19.0,0.0,18.342942459592344,6.294901455130523,57.800000000000004,19.0,0.0,18.342942459592344,6.294901455130523,57.800000000000004,19.0,0.0,82,PREDICTIVE,Stochastic mobility,cv,42,0.3652525360012078,False
38182331.68688872,13434722.098467547,0.0,6.180486677939765,0.0,57.800000000000004,19.0,2.0,398.0,-51.57182573948545,1,190911658.4344436,6.180486677939765,57.800000000000004,19.0,2.0,19.091165843444358,6.180486677939765,57.800000000000004,19.0,0.043478260869565216,19.091165843444358,6.180486677939765,57.800000000000004,19.0,0.043478260869565216,83,PREDICTIVE,Stochastic mobility,cv,42,0.3652525360012078,False
43251460.722381204,14660287.98494279,0.0,5.828949970099947,0.0,57.800000000000004,19.0,2.0,400.0,-49.38879792957903,1,216257303.61190602,5.828949970099947,57.800000000000004,19.0,2.0,21.6257303611906,5.828949970099947,57.800000000000004,19.0,0.043478260869565216,21.6257303611906,5.828949970099947,57.800000000000004,19.0,0.043478260869565216,84,PREDICTIVE,Stochastic mobility,cv,42,0.3652525360012078,False
46893607.59949572,15724486.363436954,0.0,6.315420171121093,0.0,54.25,19.0,4.0,404.0,-43.57473255087018,1,234468037.99747857,6.315420171121093,54.25,19.0,4.0,23.446803799747858,6.315420171121093,54.25,19.0,0.08695652173913043,23.446803799747858,6.315420171121093,54.25,19.0,0.08695652173913043,85,PREDICTIVE,Stochastic mobility,cv,42,0.3652525360012078,False
48691343.876962215,15712149.45888558,0.0,5.632923193554287,0.0,57.800000000000004,19.0,4.0,408.0,-46.90836138970375,1,243456719.38481107,5.632923193554287,57.800000000000004,19.0,4.0,24.345671938481107,5.632923193554287,57.800000000000004,19.0,0.08695652173913043,24.345671938481107,5.632923193554287,57.800000000000004,19.0,0.08695652173913043,86,PREDICTIVE,Stochastic mobility,cv,42,0.3652525360012078,False
51056474.63057937,15558030.529432036,0.0,5.741567242385719,0.0,57.800000000000004,19.0,0.0,408.0,-45.53019544232461,0,255282373.15289682,5.741567242385719,57.800000000000004,19.0,0.0,25.528237315289683,5.741567242385719,57.800000000000004,19.0,0.0,25.528237315289683,5.741567242385719,57.800000000000004,19.0,0.0,87,PREDICTIVE,Stochastic mobility,cv,42,0.3652525360012078,False
50230495.47608339,15461051.146681812,0.0,5.509073551353758,0.0,57.800000000000004,19.0,0.0,408.0,-46.17567871060456,0,251152477.38041696,5.509073551353758,57.800000000000004,19.0,0.0,25.115247738041695,5.509073551353758,57.800000000000004,19.0,0.0,25.115247738041695,5.509073551353758,57.800000000000004,19.0,0.0,88,PREDICTIVE,Stochastic mobility,cv,42,0.3652525360012078,False
46034298.525899805,14076046.779800203,0.0,6.024572357358165,0.0,50.699999999999996,19.0,6.0,414.0,-40.78871316230062,1,230171492.62949902,6.024572357358165,50.699999999999996,19.0,6.0,23.017149262949903,6.024572357358165,50.699999999999996,19.0,0.13043478260869565,23.017149262949903,6.024572357358165,50.699999999999996,19.0,0.13043478260869565,89,PREDICTIVE,Stochastic mobility,cv,42,0.3652525360012078,False
47823593.049793854,14956703.270659298,0.0,6.003803059386948,0.0,54.25,19.0,2.0,416.0,-43.37787867658569,1,239117965.24896926,6.003803059386948,54.25,19.0,2.0,23.911796524896925,6.003803059386948,54.25,19.0,0.043478260869565216,23.911796524896925,6.003803059386948,54.25,19.0,0.043478260869565216,90,PREDICTIVE,Stochastic mobility,cv,42,0.3652525360012078,False
46462330.44231462,13515346.988290194,0.0,6.008335487444064,0.0,54.25,19.0,4.0,420.0,-44.09745581313776,1,232311652.2115731,6.008335487444064,54.25,19.0,4.0,23.23116522115731,6.008335487444064,54.25,19.0,0.08695652173913043,23.23116522115731,6.008335487444064,54.25,19.0,0.08695652173913043,91,PREDICTIVE,Stochastic mobility,cv,42,0.3652525360012078,False
50460589.654409334,13820886.741816394,0.0,6.023079557742831,0.0,54.25,19.0,2.0,422.0,-42.040103875922064,1,252302948.2720467,6.023079557742831,54.25,19.0,2.0,25.23029482720467,6.023079557742831,54.25,19.0,0.043478260869565216,25.23029482720467,6.023079557742831,54.25,19.0,0.043478260869565216,92,PREDICTIVE,Stochastic mobility,cv,42,0.3652525360012078,False
55382586.5857902,13292840.106798038,0.0,5.77363920074756,0.0,50.699999999999996,19.0,6.0,428.0,-36.36550228896602,1,276912932.928951,5.77363920074756,50.699999999999996,19.0,6.0,27.691293292895104,5.77363920074756,50.699999999999996,19.0,0.13043478260869565,27.691293292895104,5.77363920074756,50.699999999999996,19.0,0.13043478260869565,93,PREDICTIVE,Stochastic mobility,cv,42,0.3652525360012078,False
44873091.488035694,12098226.910406703,0.0,6.047224849499473,0.0,43.59999999999999,19.0,6.0,434.0,-34.24666418909136,1,224365457.44017845,6.047224849499473,43.59999999999999,19.0,6.0,22.436545744017845,6.047224849499473,43.59999999999999,19.0,0.13043478260869565,22.436545744017845,6.047224849499473,43.59999999999999,19.0,0.13043478260869565,94,PREDICTIVE,Stochastic mobility,cv,42,0.3652525360012078,False
39433601.20695265,13020831.881106986,0.0,6.297468585003715,0.0,47.14999999999999,19.0,4.0,438.0,-40.22268733325908,1,197168006.03476325,6.297468585003715,47.14999999999999,19.0,4.0,19.716800603476326,6.297468585003715,47.14999999999999,19.0,0.08695652173913043,19.716800603476326,6.297468585003715,47.14999999999999,19.0,0.08695652173913043,95,PREDICTIVE,Stochastic mobility,cv,42,0.3652525360012078,False
37065091.59751587,14407616.652258446,0.0,6.689400146761229,0.0,50.699999999999996,19.0,4.0,442.0,-44.565010576219954,1,185325457.98757938,6.689400146761229,50.699999999999996,19.0,4.0,18.532545798757937,6.689400146761229,50.699999999999996,19.0,0.08695652173913043,18.532545798757937,6.689400146761229,50.699999999999996,19.0,0.08695652173913043,96,PREDICTIVE,Stochastic mobility,cv,42,0.3652525360012078,False
34187629.91951219,14447834.273259187,0.0,6.292183203269037,0.0,50.699999999999996,19.0,6.0,448.0,-46.44443661958355,1,170938149.59756094,6.292183203269037,50.699999999999996,19.0,6.0,17.093814959756095,6.292183203269037,50.699999999999996,19.0,0.13043478260869565,17.093814959756095,6.292183203269037,50.699999999999996,19.0,0.13043478260869565,97,PREDICTIVE,Stochastic mobility,cv,42,0.3652525360012078,False
31414804.92193351,14232298.656086877,0.0,6.493511849290323,0.0,50.699999999999996,19.0,6.0,454.0,-47.62952047235161,1,157074024.60966754,6.493511849290323,50.699999999999996,19.0,6.0,15.707402460966755,6.493511849290323,50.699999999999996,19.0,0.13043478260869565,15.707402460966755,6.493511849290323,50.699999999999996,19.0,0.13043478260869565,98,PREDICTIVE,Stochastic mobility,cv,42,0.3652525360012078,False
25368667.37074406,14845614.172659352,0.0,6.408465783991789,0.0,50.699999999999996,19.0,8.0,462.0,-50.78111357411443,1,126843336.8537203,6.408465783991789,50.699999999999996,19.0,8.0,12.68433368537203,6.408465783991789,50.699999999999996,19.0,0.17391304347826086,12.68433368537203,6.408465783991789,50.699999999999996,19.0,0.17391304347826086,99,PREDICTIVE,Stochastic mobility,cv,42,0.3652525360012078,False
80830616.00170805,17907617.990657173,0.0,5.454859359799263,0.0,47.14999999999999,19.0,0.0,0.0,-20.279832639346708,0,404153080.0085402,5.454859359799263,47.14999999999999,19.0,0.0,40.41530800085402,5.454859359799263,47.14999999999999,19.0,0.0,40.41530800085402,5.454859359799263,47.14999999999999,19.0,0.0,0,PREDICTIVE+CHURN,Stochastic mobility,cv,42,1.887433821997547,True
61640174.6274132,17757724.942845866,0.0,5.599787023149352,0.0,47.14999999999999,19.0,0.0,0.0,-29.730125663144037,0,308200873.137066,5.599787023149352,47.14999999999999,19.0,0.0,30.8200873137066,5.599787023149352,47.14999999999999,19.0,0.0,30.8200873137066,5.599787023149352,47.14999999999999,19.0,0.0,1,PREDICTIVE+CHURN,Stochastic mobility,cv,42,1.887433821997547,True
52655554.91234019,17566346.217937343,0.0,5.6475129897876695,0.0,47.14999999999999,19.0,0.0,0.0,-34.17470955404223,0,263277774.56170094,5.6475129897876695,47.14999999999999,19.0,0.0,26.327777456170093,5.6475129897876695,47.14999999999999,19.0,0.0,26.327777456170093,5.6475129897876695,47.14999999999999,19.0,0.0,2,PREDICTIVE+CHURN,Stochastic mobility,cv,42,1.887433821997547,True
45708537.1333669,17341527.86069676,0.0,5.683689924898922,0.0,47.14999999999999,19.0,0.0,0.0,-37.61204150841762,0,228542685.66683447,5.683689924898922,47.14999999999999,19.0,0.0,22.854268566683448,5.683689924898922,47.14999999999999,19.0,0.0,22.854268566683448,5.683689924898922,47.14999999999999,19.0,0.0,3,PREDICTIVE+CHURN,Stochastic mobility,cv,42,1.887433821997547,True
40399902.20272608,17186524.294963278,0.0,5.803155469687275,0.0,47.14999999999999,19.0,0.0,0.0,-40.14689342894968,0,201999511.0136304,5.803155469687275,47.14999999999999,19.0,0.0,20.199951101363038,5.803155469687275,47.14999999999999,19.0,0.0,20.199951101363038,5.803155469687275,47.14999999999999,19.0,0.0,4,PREDICTIVE+CHURN,Stochastic mobility,cv,42,1.887433821997547,True
36540609.90289391,17188836.97840714,0.0,5.818110988968829,0.0,47.14999999999999,19.0,0.0,0.0,-42.061584059584206,0,182703049.51446953,5.818110988968829,47.14999999999999,19.0,0.0,18.270304951446953,5.818110988968829,47.14999999999999,19.0,0.0,18.270304951446953,5.818110988968829,47.14999999999999,19.0,0.0,5,PREDICTIVE+CHURN,Stochastic mobility,cv,42,1.887433821997547,True
33972041.396835804,17280606.385827728,0.0,5.8200170426998925,0.0,47.14999999999999,19.0,0.0,0.0,-43.3439622588822,0,169860206.98417902,5.8200170426998925,47.14999999999999,19.0,0.0,16.986020698417903,5.8200170426998925,47.14999999999999,19.0,0.0,16.986020698417903,5.8200170426998925,47.14999999999999,19.0,0.0,6,PREDICTIVE+CHURN,Stochastic mobility,cv,42,1.887433821997547,True
29845815.127629317,17416468.900105864,0.0,5.70215159825432,0.0,47.14999999999999,19.0,8.0,8.0,-45.69885388140927,1,149229075.63814658,5.70215159825432,47.14999999999999,19.0,8.0,14.922907563814658,5.70215159825432,47.14999999999999,19.0,0.17391304347826086,14.922907563814658,5.70215159825432,47.14999999999999,19.0,0.17391304347826086,7,PREDICTIVE+CHURN,Stochastic mobility,cv,42,1.887433821997547,True
28736475.51619228,18196398.979018584,0.0,5.718686984248109,0.0,47.14999999999999,19.0,0.0,8.0,-46.06307525765574,0,143682377.5809614,5.718686984248109,47.14999999999999,19.0,0.0,14.368237758096141,5.718686984248109,47.14999999999999,19.0,0.0,14.368237758096141,5.718686984248109,47.14999999999999,19.0,0.0,8,PREDICTIVE+CHURN,Stochastic mobility,cv,42,1.887433821997547,True
28450597.231159497,19428665.425522383,0.0,5.758647621998007,0.0,47.14999999999999,19.0,0.0,8.0,-46.16605376242224,0,142252986.15579748,5.758647621998007,47.14999999999999,19.0,0.0,14.225298615579748,5.758647621998007,47.14999999999999,19.0,0.0,14.225298615579748,5.758647621998007,47.14999999999999,19.0,0.0,9,PREDICTIVE+CHURN,Stochastic mobility,cv,42,1.887433821997547,True
25786676.230572008,16784384.807004936,0.0,5.8611402204315555,0.0,43.6,19.0,8.0,16.0,-44.0194347077607,1,128933381.15286005,5.8611402204315555,43.6,19.0,8.0,12.893338115286005,5.8611402204315555,43.6,19.0,0.17391304347826086,12.893338115286005,5.8611402204315555,43.6,19.0,0.17391304347826086,10,PREDICTIVE+CHURN,Stochastic mobility,cv,42,1.887433821997547,False
26231499.34432861,17270210.372660674,0.0,6.072718516846164,0.0,43.6,19.0,0.0,16.0,-43.41153181098953,0,131157496.72164305,6.072718516846164,43.6,19.0,0.0,13.115749672164304,6.072718516846164,43.6,19.0,0.0,13.115749672164304,6.072718516846164,43.6,19.0,0.0,11,PREDICTIVE+CHURN,Stochastic mobility,cv,42,1.887433821997547,False
31478330.816309314,17479259.1696957,0.0,6.151647737566982,0.0,43.599999999999994,19.0,6.0,22.0,-40.83962163688705,1,157391654.08154657,6.151647737566982,43.599999999999994,19.0,6.0,15.739165408154658,6.151647737566982,43.599999999999994,19.0,0.13043478260869565,15.739165408154658,6.151647737566982,43.599999999999994,19.0,0.13043478260869565,12,PREDICTIVE+CHURN,Stochastic mobility,cv,42,1.887433821997547,False
32727540.544891905,16982612.472137783,0.0,6.436093679582329,0.0,43.599999999999994,19.0,0.0,22.0,-39.80013604797171,0,163637702.72445953,6.436093679582329,43.599999999999994,19.0,0.0,16.363770272445954,6.436093679582329,43.599999999999994,19.0,0.0,16.363770272445954,6.436093679582329,43.599999999999994,19.0,0.0,13,PREDICTIVE+CHURN,Stochastic mobility,cv,42,1.887433821997547,False
30599781.882395178,16324139.276999423,0.0,6.742887040567398,0.0,43.599999999999994,19.0,0.0,22.0,-40.55722201823501,0,152998909.4119759,6.742887040567398,43.599999999999994,19.0,0.0,15.299890941197589,6.742887040567398,43.599999999999994,19.0,0.0,15.299890941197589,6.742887040567398,43.599999999999994,19.0,0.0,14,PREDICTIVE+CHURN,Stochastic mobility,cv,42,1.887433821997547,False
28708786.992302854,15578203.745717919,0.0,6.838797836969601,0.0,43.599999999999994,19.0,0.0,22.0,-41.406808666878966,0,143543934.96151426,6.838797836969601,43.599999999999994,19.0,0.0,14.354393496151426,6.838797836969601,43.599999999999994,19.0,0.0,14.354393496151426,6.838797836969601,43.599999999999994,19.0,0.0,15,PREDICTIVE+CHURN,Stochastic mobility,cv,42,1.887433821997547,False
26891095.635963924,14810462.08245293,0.0,6.5993067673898835,0.0,43.599999999999994,19.0,0.0,22.0,-42.55514541462815,0,134455478.1798196,6.5993067673898835,43.599999999999994,19.0,0.0,13.44554781798196,6.5993067673898835,43.599999999999994,19.0,0.0,13.44554781798196,6.5993067673898835,43.599999999999994,19.0,0.0,16,PREDICTIVE+CHURN,Stochastic mobility,cv,42,1.887433821997547,False
24547608.863269396,11343131.960743634,0.0,6.111122884934781,0.0,43.599999999999994,19.0,8.0,30.0,-44.38898572690877,1,122738044.31634697,6.111122884934781,43.599999999999994,19.0,8.0,12.273804431634698,6.111122884934781,43.599999999999994,19.0,0.17391304347826086,12.273804431634698,6.111122884934781,43.599999999999994,19.0,0.17391304347826086,17,PREDICTIVE+CHURN,Stochastic mobility,cv,42,1.887433821997547,False
24173189.105171233,11036046.95383554,0.0,5.8238348653465675,0.0,43.599999999999994,19.0,0.0,30.0,-44.68957058206781,0,120865945.52585617,5.8238348653465675,43.599999999999994,19.0,0.0,12.086594552585616,5.8238348653465675,43.599999999999994,19.0,0.0,12.086594552585616,5.8238348653465675,43.599999999999994,19.0,0.0,18,PREDICTIVE+CHURN,Stochastic mobility,cv,42,1.887433821997547,False
24301733.56588898,10958661.087938897,0.0,5.726853747699834,0.0,43.599999999999994,19.0,0.0,30.0,-44.72227946935567,0,121508667.82944489,5.726853747699834,43.599999999999994,19.0,0.0,12.150866782944489,5.726853747699834,43.599999999999994,19.0,0.0,12.150866782944489,5.726853747699834,43.599999999999994,19.0,0.0,19,PREDICTIVE+CHURN,Stochastic mobility,cv,42,1.887433821997547,False
24764397.616208963,10802650.588926181,0.0,5.931199424634919,0.0,43.599999999999994,19.0,0.0,30.0,-44.28660176726059,0,123821988.08104481,5.931199424634919,43.599999999999994,19.0,0.0,12.38219880810448,5.931199424634919,43.599999999999994,19.0,0.0,12.38219880810448,5.931199424634919,43.599999999999994,19.0,0.0,20,PREDICTIVE+CHURN,Stochastic mobility,cv,42,1.887433821997547,False
25000355.804303043,10919833.154972184,0.0,5.9928974695016715,0.0,43.599999999999994,19.0,0.0,30.0,-44.1069246283468,0,125001779.02151522,5.9928974695016715,43.599999999999994,19.0,0.0,12.500177902151522,5.9928974695016715,43.599999999999994,19.0,0.0,12.500177902151522,5.9928974695016715,43.599999999999994,19.0,0.0,21,PREDICTIVE+CHURN,Stochastic mobility,cv,42,1.887433821997547,False
26660437.05747405,11099471.611596597,0.0,6.2087615526887685,0.0,43.599999999999994,19.0,0.0,30.0,-43.0610199185742,0,133302185.28737025,6.2087615526887685,43.599999999999994,19.0,0.0,13.330218528737024,6.2087615526887685,43.599999999999994,19.0,0.0,13.330218528737024,6.2087615526887685,43.599999999999994,19.0,0.0,22,PREDICTIVE+CHURN,Stochastic mobility,cv,42,1.887433821997547,False
28339643.61212498,11351521.156316,0.0,6.728868205453546,0.0,43.599999999999994,19.0,0.0,30.0,-41.701309988483956,0,141698218.0606249,6.728868205453546,43.599999999999994,19.0,0.0,14.16982180606249,6.728868205453546,43.599999999999994,19.0,0.0,14.16982180606249,6.728868205453546,43.599999999999994,19.0,0.0,23,PREDICTIVE+CHURN,Stochastic mobility,cv,42,1.887433821997547,False
31587137.488344647,11451627.557850022,0.0,7.051137235212211,0.0,43.599999999999994,19.0,0.0,30.0,-39.75529402061546,0,157935687.44172323,7.051137235212211,43.599999999999994,19.0,0.0,15.793568744172322,7.051137235212211,43.599999999999994,19.0,0.0,15.793568744172322,7.051137235212211,43.599999999999994,19.0,0.0,24,PREDICTIVE+CHURN,Stochastic mobility,cv,42,1.887433821997547,False
35406693.73056866,11501480.417951357,0.0,7.0495037108523215,0.0,43.599999999999994,19.0,0.0,30.0,-37.84714942386334,0,177033468.65284333,7.0495037108523215,43.599999999999994,19.0,0.0,17.70334686528433,7.0495037108523215,43.599999999999994,19.0,0.0,17.70334686528433,7.0495037108523215,43.599999999999994,19.0,0.0,25,PREDICTIVE+CHURN,Stochastic mobility,cv,42,1.887433821997547,False
30358781.92236674,9178186.346313596,0.0,5.785251326121967,0.0,40.04999999999999,19.0,12.0,42.0,-38.34622727791204,1,151793909.6118337,5.785251326121967,40.04999999999999,19.0,12.0,15.179390961183369,5.785251326121967,40.04999999999999,19.0,0.2608695652173913,15.179390961183369,5.785251326121967,40.04999999999999,19.0,0.2608695652173913,26,PREDICTIVE+CHURN,Stochastic mobility,cv,42,1.887433821997547,False
34510730.23662506,9236595.450696634,0.0,4.662673373004085,0.0,40.04999999999999,19.0,0.0,42.0,-37.131961508683375,0,172553651.1831253,4.662673373004085,40.04999999999999,19.0,0.0,17.25536511831253,4.662673373004085,40.04999999999999,19.0,0.0,17.25536511831253,4.662673373004085,40.04999999999999,19.0,0.0,27,PREDICTIVE+CHURN,Stochastic mobility,cv,42,1.887433821997547,False
32873627.399374485,9300763.445511693,0.0,5.141355674017615,0.0,40.04999999999999,19.0,0.0,42.0,-37.47183062629513,0,164368136.99687243,5.141355674017615,40.04999999999999,19.0,0.0,16.436813699687242,5.141355674017615,40.04999999999999,19.0,0.0,16.436813699687242,5.141355674017615,40.04999999999999,19.0,0.0,28,PREDICTIVE+CHURN,Stochastic mobility,cv,42,1.887433821997547,False
28736719.423504245,9300508.947050955,0.0,6.039867232608144,0.0,40.04999999999999,19.0,0.0,42.0,-38.641773055639725,0,143683597.11752123,6.039867232608144,40.04999999999999,19.0,0.0,14.368359711752122,6.039867232608144,40.04999999999999,19.0,0.0,14.368359711752122,6.039867232608144,40.04999999999999,19.0,0.0,29,PREDICTIVE+CHURN,Stochastic mobility,cv,42,1.887433821997547,False
25053686.448095385,9214810.972702887,0.0,6.384855632201134,0.0,40.04999999999999,19.0,0.0,42.0,-40.138301143751164,0,125268432.24047692,6.384855632201134,40.04999999999999,19.0,0.0,12.526843224047692,6.384855632201134,40.04999999999999,19.0,0.0,12.526843224047692,6.384855632201134,40.04999999999999,19.0,0.0,30,PREDICTIVE+CHURN,Stochastic mobility,cv,42,1.887433821997547,False
23127462.268862285,9204277.107186751,0.0,6.689504436956841,0.0,40.04999999999999,19.0,0.0,42.0,-40.79676442861201,0,115637311.34431143,6.689504436956841,40.04999999999999,19.0,0.0,11.563731134431142,6.689504436956841,40.04999999999999,19.0,0.0,11.563731134431142,6.689504436956841,40.04999999999999,19.0,0.0,31,PREDICTIVE+CHURN,Stochastic mobility,cv,42,1.887433821997547,False
21262447.3834816,9228381.393428152,0.0,6.852627390472899,0.0,40.04999999999999,19.0,0.0,42.0,-41.56614891778629,0,106312236.917408,6.852627390472899,40.04999999999999,19.0,0.0,10.6312236917408,6.852627390472899,40.04999999999999,19.0,0.0,10.6312236917408,6.852627390472899,40.04999999999999,19.0,0.0,32,PREDICTIVE+CHURN,Stochastic mobility,cv,42,1.887433821997547,False
20305461.865380473,9274880.515781123,0.0,7.00932857883486,0.0,40.04999999999999,19.0,0.0,42.0,-41.8879404884749,0,101527309.32690237,7.00932857883486,40.04999999999999,19.0,0.0,10.152730932690238,7.00932857883486,40.04999999999999,19.0,0.0,10.152730932690238,7.00932857883486,40.04999999999999,19.0,0.0,33,PREDICTIVE+CHURN,Stochastic mobility,cv,42,1.887433821997547,False
19628379.502876934,10801594.722083343,0.0,6.5928518420163424,0.0,40.04999999999999,19.0,14.0,56.0,-42.94730623263213,1,98141897.51438467,6.5928518420163424,40.04999999999999,19.0,14.0,9.814189751438468,6.5928518420163424,40.04999999999999,19.0,0.30434782608695654,9.814189751438468,6.5928518420163424,40.04999999999999,19.0,0.30434782608695654,34,PREDICTIVE+CHURN,Stochastic mobility,cv,42,1.887433821997547,False
19777984.305599295,10664023.912189253,0.0,6.71925285188218,0.0,40.04999999999999,19.0,0.0,56.0,-42.44175499531816,0,98889921.52799648,6.71925285188218,40.04999999999999,19.0,0.0,9.888992152799648,6.71925285188218,40.04999999999999,19.0,0.0,9.888992152799648,6.71925285188218,40.04999999999999,19.0,0.0,35,PREDICTIVE+CHURN,Stochastic mobility,cv,42,1.887433821997547,False
19686950.006038412,10706056.774746377,0.0,6.74483054868419,0.0,40.04999999999999,19.0,0.0,56.0,-42.4616944482966,0,98434750.03019206,6.74483054868419,40.04999999999999,19.0,0.0,9.843475003019206,6.74483054868419,40.04999999999999,19.0,0.0,9.843475003019206,6.74483054868419,40.04999999999999,19.0,0.0,36,PREDICTIVE+CHURN,Stochastic mobility,cv,42,1.887433821997547,False
19691830.086465526,10938475.575697487,0.0,6.714052026475153,0.0,40.04999999999999,19.0,0.0,56.0,-42.490032930292074,0,98459150.43232763,6.714052026475153,40.04999999999999,19.0,0.0,9.845915043232763,6.714052026475153,40.04999999999999,19.0,0.0,9.845915043232763,6.714052026475153,40.04999999999999,19.0,0.0,37,PREDICTIVE+CHURN,Stochastic mobility,cv,42,1.887433821997547,False
19642716.41631395,11208793.48130419,0.0,6.6339630728366075,0.0,40.04999999999999,19.0,0.0,56.0,-42.59467871900641,0,98213582.08156975,6.6339630728366075,40.04999999999999,19.0,0.0,9.821358208156974,6.6339630728366075,40.04999999999999,19.0,0.0,9.821358208156974,6.6339630728366075,40.04999999999999,19.0,0.0,38,PREDICTIVE+CHURN,Stochastic mobility,cv,42,1.887433821997547,False
19905957.431378912,11636486.266673317,0.0,6.58694713085676,0.0,40.04999999999999,19.0,0.0,56.0,-42.51007415345377,0,99529787.15689456,6.58694713085676,40.04999999999999,19.0,0.0,9.952978715689456,6.58694713085676,40.04999999999999,19.0,0.0,9.952978715689456,6.58694713085676,40.04999999999999,19.0,0.0,39,PREDICTIVE+CHURN,Stochastic mobility,cv,42,1.887433821997547,False
19222133.64604922,9995391.30646819,0.0,7.115788000583155,0.0,40.04999999999999,19.0,12.0,68.0,-42.584014741609614,1,96110668.2302461,7.115788000583155,40.04999999999999,19.0,12.0,9.61106682302461,7.115788000583155,40.04999999999999,19.0,0.2608695652173913,9.61106682302461,7.115788000583155,40.04999999999999,19.0,0.2608695652173913,40,PREDICTIVE+CHURN,Stochastic mobility,cv,42,1.887433821997547,False
19507930.469648935,10168330.271700894,0.0,7.171377517416195,0.0,40.04999999999999,19.0,0.0,68.0,-42.12465724775933,0,97539652.34824467,7.171377517416195,40.04999999999999,19.0,0.0,9.753965234824467,7.171377517416195,40.04999999999999,19.0,0.0,9.753965234824467,7.171377517416195,40.04999999999999,19.0,0.0,41,PREDICTIVE+CHURN,Stochastic mobility,cv,42,1.887433821997547,False
20004379.431970213,10429511.293006953,0.0,7.283095988533826,0.0,40.04999999999999,19.0,0.0,68.0,-41.764714295481056,0,100021897.15985106,7.283095988533826,40.04999999999999,19.0,0.0,10.002189715985105,7.283095988533826,40.04999999999999,19.0,0.0,10.002189715985105,7.283095988533826,40.04999999999999,19.0,0.0,42,PREDICTIVE+CHURN,Stochastic mobility,cv,42,1.887433821997547,False
20579578.81030415,10402694.15443946,0.0,7.394466452278411,0.0,40.04999999999999,19.0,0.0,68.0,-41.365744142569504,0,102897894.05152075,7.394466452278411,40.04999999999999,19.0,0.0,10.289789405152074,7.394466452278411,40.04999999999999,19.0,0.0,10.289789405152074,7.394466452278411,40.04999999999999,19.0,0.0,43,PREDICTIVE+CHURN,Stochastic mobility,cv,42,1.887433821997547,False
21184626.172370218,10434798.014360199,0.0,7.517844431683996,0.0,40.04999999999999,19.0,0.0,68.0,-40.939842482130885,0,105923130.8618511,7.517844431683996,40.04999999999999,19.0,0.0,10.59231308618511,7.517844431683996,40.04999999999999,19.0,0.0,10.59231308618511,7.517844431683996,40.04999999999999,19.0,0.0,44,PREDICTIVE+CHURN,Stochastic mobility,cv,42,1.887433821997547,False
21717804.124353822,10447248.94299745,0.0,7.475785614764199,0.0,40.04999999999999,19.0,0.0,68.0,-40.71531232305888,0,108589020.62176912,7.475785614764199,40.04999999999999,19.0,0.0,10.858902062176911,7.475785614764199,40.04999999999999,19.0,0.0,10.858902062176911,7.475785614764199,40.04999999999999,19.0,0.0,45,PREDICTIVE+CHURN,Stochastic mobility,cv,42,1.887433821997547,False
22144363.37826369,10447090.14208737,0.0,7.34451338514976,0.0,40.04999999999999,19.0,0.0,68.0,-40.633304925718384,0,110721816.89131846,7.34451338514976,40.04999999999999,19.0,0.0,11.072181689131845,7.34451338514976,40.04999999999999,19.0,0.0,11.072181689131845,7.34451338514976,40.04999999999999,19.0,0.0,46,PREDICTIVE+CHURN,Stochastic mobility,cv,42,1.887433821997547,False
22140309.79464426,10105572.34134584,0.0,7.253543157920358,0.0,40.04999999999999,19.0,0.0,68.0,-40.7263019447575,0,110701548.9732213,7.253543157920358,40.04999999999999,19.0,0.0,11.07015489732213,7.253543157920358,40.04999999999999,19.0,0.0,11.07015489732213,7.253543157920358,40.04999999999999,19.0,0.0,47,PREDICTIVE+CHURN,Stochastic mobility,cv,42,1.887433821997547,False
22636874.58157316,9800858.804639945,0.0,7.282748030743843,0.0,40.04999999999999,19.0,0.0,68.0,-40.44881467846957,0,113184372.90786579,7.282748030743843,40.04999999999999,19.0,0.0,11.31843729078658,7.282748030743843,40.04999999999999,19.0,0.0,11.31843729078658,7.282748030743843,40.04999999999999,19.0,0.0,48,PREDICTIVE+CHURN,Stochastic mobility,cv,42,1.887433821997547,False
23462130.484919373,9598324.256755738,0.0,7.302187379117976,0.0,40.04999999999999,19.0,0.0,68.0,-40.01674737842233,0,117310652.42459686,7.302187379117976,40.04999999999999,19.0,0.0,11.731065242459685,7.302187379117976,40.04999999999999,19.0,0.0,11.731065242459685,7.302187379117976,40.04999999999999,19.0,0.0,49,PREDICTIVE+CHURN,Stochastic mobility,cv,42,1.887433821997547,False
25139324.080205128,9233078.330849668,0.0,7.289784782043711,0.0,40.04999999999999,19.0,0.0,68.0,-39.190553177853715,0,125696620.40102564,7.289784782043711,40.04999999999999,19.0,0.0,12.569662040102564,7.289784782043711,40.04999999999999,19.0,0.0,12.569662040102564,7.289784782043711,40.04999999999999,19.0,0.0,50,PREDICTIVE+CHURN,Stochastic mobility,cv,42,1.887433821997547,False
26356679.4651888,12526680.99045277,0.0,7.086452291261788,0.0,40.04999999999999,19.0,8.0,76.0,-38.95912101962206,1,131783397.325944,7.086452291261788,40.04999999999999,19.0,8.0,13.1783397325944,7.086452291261788,40.04999999999999,19.0,0.17391304347826086,13.1783397325944,7.086452291261788,40.04999999999999,19.0,0.17391304347826086,51,PREDICTIVE+CHURN,Stochastic mobility,cv,42,1.887433821997547,False
24626451.800379056,13300849.477549698,0.0,6.629097219931461,0.0,40.04999999999999,19.0,0.0,76.0,-40.107676879879,0,123132259.00189528,6.629097219931461,40.04999999999999,19.0,0.0,12.313225900189527,6.629097219931461,40.04999999999999,19.0,0.0,12.313225900189527,6.629097219931461,40.04999999999999,19.0,0.0,52,PREDICTIVE+CHURN,Stochastic mobility,cv,42,1.887433821997547,False
22766651.446351998,13798413.165893277,0.0,6.293613789125676,0.0,40.04999999999999,19.0,0.0,76.0,-41.37306048769832,0,113833257.23175998,6.293613789125676,40.04999999999999,19.0,0.0,11.383325723175998,6.293613789125676,40.04999999999999,19.0,0.0,11.383325723175998,6.293613789125676,40.04999999999999,19.0,0.0,53,PREDICTIVE+CHURN,Stochastic mobility,cv,42,1.887433821997547,False
20366069.875447758,12201098.489652995,0.0,5.989489110859738,0.0,40.04999999999999,19.0,4.0,80.0,-42.964432473155505,1,101830349.37723878,5.989489110859738,40.04999999999999,19.0,4.0,10.183034937723878,5.989489110859738,40.04999999999999,19.0,0.08695652173913043,10.183034937723878,5.989489110859738,40.04999999999999,19.0,0.08695652173913043,54,PREDICTIVE+CHURN,Stochastic mobility,cv,42,1.887433821997547,False
19500079.517265923,12452759.721654814,0.0,6.2113333709855665,0.0,40.04999999999999,19.0,0.0,80.0,-43.08862687038146,0,97500397.58632962,6.2113333709855665,40.04999999999999,19.0,0.0,9.750039758632962,6.2113333709855665,40.04999999999999,19.0,0.0,9.750039758632962,6.2113333709855665,40.04999999999999,19.0,0.0,55,PREDICTIVE+CHURN,Stochastic mobility,cv,42,1.887433821997547,False
19098910.33089567,12560830.045186916,0.0,5.948656713983555,0.0,40.04999999999999,19.0,0.0,80.0,-43.5518881205686,0,95494551.65447836,5.948656713983555,40.04999999999999,19.0,0.0,9.549455165447835,5.948656713983555,40.04999999999999,19.0,0.0,9.549455165447835,5.948656713983555,40.04999999999999,19.0,0.0,56,PREDICTIVE+CHURN,Stochastic mobility,cv,42,1.887433821997547,False
18947030.152998276,12429717.309117138,0.0,6.015388124676823,0.0,40.04999999999999,19.0,0.0,80.0,-43.56109679882403,0,94735150.76499137,6.015388124676823,40.04999999999999,19.0,0.0,9.473515076499137,6.015388124676823,40.04999999999999,19.0,0.0,9.473515076499137,6.015388124676823,40.04999999999999,19.0,0.0,57,PREDICTIVE+CHURN,Stochastic mobility,cv,42,1.887433821997547,False
18666936.02205091,12390568.620003495,0.0,6.021667923992641,0.0,40.04999999999999,19.0,0.0,80.0,-43.69486406498189,0,93334680.11025456,6.021667923992641,40.04999999999999,19.0,0.0,9.333468011025456,6.021667923992641,40.04999999999999,19.0,0.0,9.333468011025456,6.021667923992641,40.04999999999999,19.0,0.0,58,PREDICTIVE+CHURN,Stochastic mobility,cv,42,1.887433821997547,False
18397900.459339418,12248694.554734256,0.0,6.818603706978042,0.0,40.04999999999999,19.0,0.0,80.0,-43.03244606335224,0,91989502.29669708,6.818603706978042,40.04999999999999,19.0,0.0,9.198950229669707,6.818603706978042,40.04999999999999,19.0,0.0,9.198950229669707,6.818603706978042,40.04999999999999,19.0,0.0,59,PREDICTIVE+CHURN,Stochastic mobility,cv,42,1.887433821997547,False
18239908.158038072,11946301.22618663,0.0,7.463651899101709,0.0,40.04999999999999,19.0,0.0,80.0,-42.466394021879246,0,91199540.79019037,7.463651899101709,40.04999999999999,19.0,0.0,9.119954079019037,7.463651899101709,40.04999999999999,19.0,0.0,9.119954079019037,7.463651899101709,40.04999999999999,19.0,0.0,60,PREDICTIVE+CHURN,Stochastic mobility,cv,42,1.887433821997547,False
18136455.074085683,11739567.973769885,0.0,7.594571632690121,0.0,40.04999999999999,19.0,0.0,80.0,-42.38720083026703,0,90682275.37042841,7.594571632690121,40.04999999999999,19.0,0.0,9.06822753704284,7.594571632690121,40.04999999999999,19.0,0.0,9.06822753704284,7.594571632690121,40.04999999999999,19.0,0.0,61,PREDICTIVE+CHURN,Stochastic mobility,cv,42,1.887433821997547,False
18060026.63021373,11257453.94431523,0.0,7.5971766979350175,0.0,40.04999999999999,19.0,0.0,80.0,-42.42280998695811,0,90300133.15106864,7.5971766979350175,40.04999999999999,19.0,0.0,9.030013315106864,7.5971766979350175,40.04999999999999,19.0,0.0,9.030013315106864,7.5971766979350175,40.04999999999999,19.0,0.0,62,PREDICTIVE+CHURN,Stochastic mobility,cv,42,1.887433821997547,False
17960224.2008669,10768906.798164705,0.0,7.506773572605097,0.0,40.04999999999999,19.0,0.0,80.0,-42.56311432696144,0,89801121.0043345,7.506773572605097,40.04999999999999,19.0,0.0,8.98011210043345,7.506773572605097,40.04999999999999,19.0,0.0,8.98011210043345,7.506773572605097,40.04999999999999,19.0,0.0,63,PREDICTIVE+CHURN,Stochastic mobility,cv,42,1.887433821997547,False
17806130.854792833,10419276.906057447,0.0,7.373393122563268,0.0,40.04999999999999,19.0,0.0,80.0,-42.773541450040305,0,89030654.27396417,7.373393122563268,40.04999999999999,19.0,0.0,8.903065427396417,7.373393122563268,40.04999999999999,19.0,0.0,8.903065427396417,7.373393122563268,40.04999999999999,19.0,0.0,64,PREDICTIVE+CHURN,Stochastic mobility,cv,42,1.887433821997547,False
17365190.851736702,10064946.732264765,0.0,7.326164104124094,0.0,40.04999999999999,19.0,0.0,80.0,-43.041240470007544,0,86825954.25868352,7.326164104124094,40.04999999999999,19.0,0.0,8.682595425868351,7.326164104124094,40.04999999999999,19.0,0.0,8.682595425868351,7.326164104124094,40.04999999999999,19.0,0.0,65,PREDICTIVE+CHURN,Stochastic mobility,cv,42,1.887433821997547,False
16895513.303771574,9859873.742009372,0.0,7.342619174909055,0.0,40.04999999999999,19.0,0.0,80.0,-43.25962417320515,0,84477566.51885787,7.342619174909055,40.04999999999999,19.0,0.0,8.447756651885786,7.342619174909055,40.04999999999999,19.0,0.0,8.447756651885786,7.342619174909055,40.04999999999999,19.0,0.0,66,PREDICTIVE+CHURN,Stochastic mobility,cv,42,1.887433821997547,False
16446280.89138605,9686536.618125327,0.0,7.346760104527238,0.0,40.04999999999999,19.0,0.0,80.0,-43.48009944977973,0,82231404.45693025,7.346760104527238,40.04999999999999,19.0,0.0,8.223140445693025,7.346760104527238,40.04999999999999,19.0,0.0,8.223140445693025,7.346760104527238,40.04999999999999,19.0,0.0,67,PREDICTIVE+CHURN,Stochastic mobility,cv,42,1.887433821997547,False
16066725.032831047,9420900.915532881,0.0,7.292282095018838,0.0,40.04999999999999,19.0,0.0,80.0,-43.72435538856563,0,80333625.16415523,7.292282095018838,40.04999999999999,19.0,0.0,8.033362516415522,7.292282095018838,40.04999999999999,19.0,0.0,8.033362516415522,7.292282095018838,40.04999999999999,19.0,0.0,68,PREDICTIVE+CHURN,Stochastic mobility,cv,42,1.887433821997547,False
15438210.485732654,9153955.502986316,0.0,7.218642791015331,0.0,40.04999999999999,19.0,0.0,80.0,-44.112251966118336,0,77191052.42866327,7.218642791015331,40.04999999999999,19.0,0.0,7.719105242866327,7.218642791015331,40.04999999999999,19.0,0.0,7.719105242866327,7.218642791015331,40.04999999999999,19.0,0.0,69,PREDICTIVE+CHURN,Stochastic mobility,cv,42,1.887433821997547,False
14755451.35461532,8826153.17179962,0.0,7.12917676320284,0.0,40.04999999999999,19.0,0.0,80.0,-44.54309755948949,0,73777256.7730766,7.12917676320284,40.04999999999999,19.0,0.0,7.37772567730766,7.12917676320284,40.04999999999999,19.0,0.0,7.37772567730766,7.12917676320284,40.04999999999999,19.0,0.0,70,PREDICTIVE+CHURN,Stochastic mobility,cv,42,1.887433821997547,False
14082224.53570334,8459211.5406455,0.0,7.133160884207399,0.0,40.04999999999999,19.0,0.0,80.0,-44.875726847940925,0,70411122.6785167,7.133160884207399,40.04999999999999,19.0,0.0,7.04111226785167,7.133160884207399,40.04999999999999,19.0,0.0,7.04111226785167,7.133160884207399,40.04999999999999,19.0,0.0,71,PREDICTIVE+CHURN,Stochastic mobility,cv,42,1.887433821997547,False
13441452.518931728,8225066.050293471,0.0,7.103312359115174,0.0,40.04999999999999,19.0,0.0,80.0,-45.225961381418955,0,67207262.59465864,7.103312359115174,40.04999999999999,19.0,0.0,6.720726259465864,7.103312359115174,40.04999999999999,19.0,0.0,6.720726259465864,7.103312359115174,40.04999999999999,19.0,0.0,72,PREDICTIVE+CHURN,Stochastic mobility,cv,42,1.887433821997547,False
13310301.389011456,7565070.466712554,0.0,7.017106985282435,0.0,40.04999999999999,19.0,0.0,80.0,-45.37774232021182,0,66551506.94505728,7.017106985282435,40.04999999999999,19.0,0.0,6.655150694505728,7.017106985282435,40.04999999999999,19.0,0.0,6.655150694505728,7.017106985282435,40.04999999999999,19.0,0.0,73,PREDICTIVE+CHURN,Stochastic mobility,cv,42,1.887433821997547,False
13248919.09158251,6430178.926884299,0.0,6.880429360306494,0.0,40.04999999999999,19.0,0.0,80.0,-45.54511109390224,0,66244595.45791255,6.880429360306494,40.04999999999999,19.0,0.0,6.624459545791255,6.880429360306494,40.04999999999999,19.0,0.0,6.624459545791255,6.880429360306494,40.04999999999999,19.0,0.0,74,PREDICTIVE+CHURN,Stochastic mobility,cv,42,1.887433821997547,False
13225426.590257684,5606028.125922623,0.0,6.5478486862439516,0.0,40.04999999999999,19.0,0.0,80.0,-45.889438018627196,0,66127132.95128842,6.5478486862439516,40.04999999999999,19.0,0.0,6.612713295128842,6.5478486862439516,40.04999999999999,19.0,0.0,6.612713295128842,6.5478486862439516,40.04999999999999,19.0,0.0,75,PREDICTIVE+CHURN,Stochastic mobility,cv,42,1.887433821997547,False
13143677.205014266,4804653.787519186,0.0,6.352630167654873,0.0,40.04999999999999,19.0,0.0,80.0,-46.12553122983799,0,65718386.02507133,6.352630167654873,40.04999999999999,19.0,0.0,6.571838602507133,6.352630167654873,40.04999999999999,19.0,0.0,6.571838602507133,6.352630167654873,40.04999999999999,19.0,0.0,76,PREDICTIVE+CHURN,Stochastic mobility,cv,42,1.887433821997547,False
12917582.40256813,4336928.905985575,0.0,6.061715130041374,0.0,40.04999999999999,19.0,0.0,80.0,-46.52949366867455,0,64587912.01284065,6.061715130041374,40.04999999999999,19.0,0.0,6.458791201284065,6.061715130041374,40.04999999999999,19.0,0.0,6.458791201284065,6.061715130041374,40.04999999999999,19.0,0.0,77,PREDICTIVE+CHURN,Stochastic mobility,cv,42,1.887433821997547,False
12656559.972546402,3878720.0939928163,0.0,5.495075599575221,0.0,40.04999999999999,19.0,0.0,80.0,-47.226644414151565,0,63282799.86273201,5.495075599575221,40.04999999999999,19.0,0.0,6.328279986273201,5.495075599575221,40.04999999999999,19.0,0.0,6.328279986273201,5.495075599575221,40.04999999999999,19.0,0.0,78,PREDICTIVE+CHURN,Stochastic mobility,cv,42,1.887433821997547,False
12375742.801877258,3431593.6653235126,0.0,5.611212242659642,0.0,40.04999999999999,19.0,0.0,80.0,-47.25091635640172,0,61878714.00938629,5.611212242659642,40.04999999999999,19.0,0.0,6.187871400938629,5.611212242659642,40.04999999999999,19.0,0.0,6.187871400938629,5.611212242659642,40.04999999999999,19.0,0.0,79,PREDICTIVE+CHURN,Stochastic mobility,cv,42,1.887433821997547,False
11642158.324826563,3026932.204200251,0.0,5.771649733600329,0.0,40.04999999999999,19.0,0.0,80.0,-47.45727110398638,0,58210791.62413281,5.771649733600329,40.04999999999999,19.0,0.0,5.821079162413281,5.771649733600329,40.04999999999999,19.0,0.0,5.821079162413281,5.771649733600329,40.04999999999999,19.0,0.0,80,PREDICTIVE+CHURN,Stochastic mobility,cv,42,1.887433821997547,False
11068242.471290806,2686764.635392143,0.0,6.337785998488334,0.0,40.04999999999999,19.0,0.0,80.0,-47.17809276586625,0,55341212.35645403,6.337785998488334,40.04999999999999,19.0,0.0,5.534121235645403,6.337785998488334,40.04999999999999,19.0,0.0,5.534121235645403,6.337785998488334,40.04999999999999,19.0,0.0,81,PREDICTIVE+CHURN,Stochastic mobility,cv,42,1.887433821997547,False
10765904.427820187,2430948.07238887,0.0,6.5505027348650255,0.0,40.04999999999999,19.0,0.0,80.0,-47.116545051224875,0,53829522.13910094,6.5505027348650255,40.04999999999999,19.0,0.0,5.382952213910094,6.5505027348650255,40.04999999999999,19.0,0.0,5.382952213910094,6.5505027348650255,40.04999999999999,19.0,0.0,82,PREDICTIVE+CHURN,Stochastic mobility,cv,42,1.887433821997547,False
10780741.724186148,2227416.8934096866,0.0,6.696497529182668,0.0,40.04999999999999,19.0,0.0,80.0,-46.96313160872425,0,53903708.620930746,6.696497529182668,40.04999999999999,19.0,0.0,5.390370862093075,6.696497529182668,40.04999999999999,19.0,0.0,5.390370862093075,6.696497529182668,40.04999999999999,19.0,0.0,83,PREDICTIVE+CHURN,Stochastic mobility,cv,42,1.887433821997547,False
43251460.722381204,14660287.98494279,0.0,5.828949970099947,0.0,57.800000000000004,19.0,32.0,112.0,-50.04097184262251,1,216257303.61190602,5.828949970099947,57.800000000000004,19.0,32.0,21.6257303611906,5.828949970099947,57.800000000000004,19.0,0.6956521739130435,21.6257303611906,5.828949970099947,57.800000000000004,19.0,0.6956521739130435,84,PREDICTIVE+CHURN,Stochastic mobility,cv,42,1.887433821997547,False
46893607.59949572,15724486.363436954,0.0,6.315420171121093,0.0,54.25,19.0,4.0,116.0,-43.57473255087018,1,234468037.99747857,6.315420171121093,54.25,19.0,4.0,23.446803799747858,6.315420171121093,54.25,19.0,0.08695652173913043,23.446803799747858,6.315420171121093,54.25,19.0,0.08695652173913043,85,PREDICTIVE+CHURN,Stochastic mobility,cv,42,1.887433821997547,False
48691343.876962215,15712149.45888558,0.0,6.15795254825095,0.0,54.25,19.0,0.0,116.0,-42.74637551326794,0,243456719.38481107,6.15795254825095,54.25,19.0,0.0,24.345671938481107,6.15795254825095,54.25,19.0,0.0,24.345671938481107,6.15795254825095,54.25,19.0,0.0,86,PREDICTIVE+CHURN,Stochastic mobility,cv,42,1.887433821997547,False
51056474.63057937,15558030.529432036,0.0,6.19522524369348,0.0,54.25,19.0,0.0,116.0,-41.526537441016835,0,255282373.15289682,6.19522524369348,54.25,19.0,0.0,25.528237315289683,6.19522524369348,54.25,19.0,0.0,25.528237315289683,6.19522524369348,54.25,19.0,0.0,87,PREDICTIVE+CHURN,Stochastic mobility,cv,42,1.887433821997547,False
50230495.47608339,15461051.146681812,0.0,6.069230947554163,0.0,54.25,19.0,0.0,116.0,-42.06552131440414,0,251152477.38041696,6.069230947554163,54.25,19.0,0.0,25.115247738041695,6.069230947554163,54.25,19.0,0.0,25.115247738041695,6.069230947554163,54.25,19.0,0.0,88,PREDICTIVE+CHURN,Stochastic mobility,cv,42,1.887433821997547,False
46034298.525899805,14076046.779800203,0.0,6.024572357358165,0.0,50.699999999999996,19.0,2.0,118.0,-40.701756640561484,1,230171492.62949902,6.024572357358165,50.699999999999996,19.0,2.0,23.017149262949903,6.024572357358165,50.699999999999996,19.0,0.043478260869565216,23.017149262949903,6.024572357358165,50.699999999999996,19.0,0.043478260869565216,89,PREDICTIVE+CHURN,Stochastic mobility,cv,42,1.887433821997547,False
46384528.39550038,13744712.939382484,0.0,6.003803059386948,0.0,50.699999999999996,19.0,0.0,118.0,-40.50393274286285,0,231922641.9775019,6.003803059386948,50.699999999999996,19.0,0.0,23.19226419775019,6.003803059386948,50.699999999999996,19.0,0.0,23.19226419775019,6.003803059386948,50.699999999999996,19.0,0.0,90,PREDICTIVE+CHURN,Stochastic mobility,cv,42,1.887433821997547,False
47117893.96373887,13555158.04964031,0.0,6.008335487444064,0.0,50.699999999999996,19.0,0.0,118.0,-40.132717530686485,0,235589469.81869438,6.008335487444064,50.699999999999996,19.0,0.0,23.55894698186944,6.008335487444064,50.699999999999996,19.0,0.0,23.55894698186944,6.008335487444064,50.699999999999996,19.0,0.0,91,PREDICTIVE+CHURN,Stochastic mobility,cv,42,1.887433821997547,False
51106199.13022141,13342297.931127567,0.0,6.023079557742831,0.0,50.699999999999996,19.0,0.0,118.0,-38.12382087714645,0,255530995.65110707,6.023079557742831,50.699999999999996,19.0,0.0,25.553099565110706,6.023079557742831,50.699999999999996,19.0,0.0,25.553099565110706,6.023079557742831,50.699999999999996,19.0,0.0,92,PREDICTIVE+CHURN,Stochastic mobility,cv,42,1.887433821997547,False
55382586.5857902,13292840.106798038,0.0,5.77363920074756,0.0,50.699999999999996,19.0,6.0,124.0,-36.36550228896602,1,276912932.928951,5.77363920074756,50.699999999999996,19.0,6.0,27.691293292895104,5.77363920074756,50.699999999999996,19.0,0.13043478260869565,27.691293292895104,5.77363920074756,50.699999999999996,19.0,0.13043478260869565,93,PREDICTIVE+CHURN,Stochastic mobility,cv,42,1.887433821997547,False
44873091.488035694,12098226.910406703,0.0,6.047224849499473,0.0,43.59999999999999,19.0,6.0,130.0,-34.24666418909136,1,224365457.44017845,6.047224849499473,43.59999999999999,19.0,6.0,22.436545744017845,6.047224849499473,43.59999999999999,19.0,0.13043478260869565,22.436545744017845,6.047224849499473,43.59999999999999,19.0,0.13043478260869565,94,PREDICTIVE+CHURN,Stochastic mobility,cv,42,1.887433821997547,False
39753854.01102313,12190834.596702226,0.0,6.297468585003715,0.0,43.59999999999999,19.0,0.0,130.0,-36.425604409484706,0,198769270.05511564,6.297468585003715,43.59999999999999,19.0,0.0,19.876927005511565,6.297468585003715,43.59999999999999,19.0,0.0,19.876927005511565,6.297468585003715,43.59999999999999,19.0,0.0,95,PREDICTIVE+CHURN,Stochastic mobility,cv,42,1.887433821997547,False
36999309.95050399,12268887.18072193,0.0,6.689400146761229,0.0,43.59999999999999,19.0,0.0,130.0,-37.410944877986765,0,184996549.75251997,6.689400146761229,43.59999999999999,19.0,0.0,18.499654975251996,6.689400146761229,43.59999999999999,19.0,0.0,18.499654975251996,6.689400146761229,43.59999999999999,19.0,0.0,96,PREDICTIVE+CHURN,Stochastic mobility,cv,42,1.887433821997547,False
34648888.0161058,12386786.640439622,0.0,6.584383371911924,0.0,43.59999999999999,19.0,0.0,130.0,-38.69117262003516,0,173244440.080529,6.584383371911924,43.59999999999999,19.0,0.0,17.3244440080529,6.584383371911924,43.59999999999999,19.0,0.0,17.3244440080529,6.584383371911924,43.59999999999999,19.0,0.0,97,PREDICTIVE+CHURN,Stochastic mobility,cv,42,1.887433821997547,False
31995346.480031602,12487416.656568876,0.0,6.493511849290323,0.0,43.59999999999999,19.0,0.0,130.0,-40.108814910693866,0,159976732.40015802,6.493511849290323,43.59999999999999,19.0,0.0,15.997673240015802,6.493511849290323,43.59999999999999,19.0,0.0,15.997673240015802,6.493511849290323,43.59999999999999,19.0,0.0,98,PREDICTIVE+CHURN,Stochastic mobility,cv,42,1.887433821997547,False
30148087.33595612,12525552.481717546,0.0,6.363635355333127,0.0,43.59999999999999,19.0,0.0,130.0,-41.162320976688804,0,150740436.6797806,6.363635355333127,43.59999999999999,19.0,0.0,15.07404366797806,6.363635355333127,43.59999999999999,19.0,0.0,15.07404366797806,6.363635355333127,43.59999999999999,19.0,0.0,99,PREDICTIVE+CHURN,Stochastic mobility,cv,42,1.887433821997547,False
80830616.00170805,17907617.990657173,0.0,5.454859359799263,0.0,47.14999999999999,19.0,0.0,0.0,-20.279832639346708,0,404153080.0085402,5.454859359799263,47.14999999999999,19.0,0.0,40.41530800085402,5.454859359799263,47.14999999999999,19.0,0.0,40.41530800085402,5.454859359799263,47.14999999999999,19.0,0.0,0,PREDICTIVE,Stochastic mobility,lstm_stoch,42,0.45717899299779674,True
60059475.60494049,17765772.21949772,0.0,5.599787023149352,0.0,50.699999999999996,19.0,2.0,2.0,-34.113953435249954,1,300297378.0247024,5.599787023149352,50.699999999999996,19.0,2.0,30.029737802470244,5.599787023149352,50.699999999999996,19.0,0.043478260869565216,30.029737802470244,5.599787023149352,50.699999999999996,19.0,0.043478260869565216,1,PREDICTIVE,Stochastic mobility,lstm_stoch,42,0.45717899299779674,True
51302568.71988507,17564901.173402034,0.0,5.6475129897876695,0.0,47.14999999999999,19.0,4.0,6.0,-34.938159172008916,1,256512843.59942538,5.6475129897876695,47.14999999999999,19.0,4.0,25.651284359942537,5.6475129897876695,47.14999999999999,19.0,0.08695652173913043,25.651284359942537,5.6475129897876695,47.14999999999999,19.0,0.08695652173913043,2,PREDICTIVE,Stochastic mobility,lstm_stoch,42,0.45717899299779674,True
44454808.0485362,15953590.888933048,0.0,5.683689924898922,0.0,47.14999999999999,19.0,2.0,8.0,-38.282384311702536,1,222274040.24268097,5.683689924898922,47.14999999999999,19.0,2.0,22.227404024268097,5.683689924898922,47.14999999999999,19.0,0.043478260869565216,22.227404024268097,5.683689924898922,47.14999999999999,19.0,0.043478260869565216,3,PREDICTIVE,Stochastic mobility,lstm_stoch,42,0.45717899299779674,True
37343934.92986952,15937163.728268478,0.0,5.803155469687275,0.0,47.14999999999999,19.0,2.0,10.0,-41.71835532624752,1,186719674.64934757,5.803155469687275,47.14999999999999,19.0,2.0,18.671967464934756,5.803155469687275,47.14999999999999,19.0,0.043478260869565216,18.671967464934756,5.803155469687275,47.14999999999999,19.0,0.043478260869565216,4,PREDICTIVE,Stochastic mobility,lstm_stoch,42,0.45717899299779674,True
35471949.105297126,16489468.548408518,0.0,5.818110988968829,0.0,47.14999999999999,19.0,2.0,12.0,-42.63939271925216,1,177359745.52648562,5.818110988968829,47.14999999999999,19.0,2.0,17.735974552648564,5.818110988968829,47.14999999999999,19.0,0.043478260869565216,17.735974552648564,5.818110988968829,47.14999999999999,19.0,0.043478260869565216,5,PREDICTIVE,Stochastic mobility,lstm_stoch,42,0.45717899299779674,True
31340739.101425756,16559451.00481353,0.0,5.911194946715979,0.0,47.14999999999999,19.0,8.0,20.0,-44.74234854604939,1,156703695.50712878,5.911194946715979,47.14999999999999,19.0,8.0,15.670369550712877,5.911194946715979,47.14999999999999,19.0,0.17391304347826086,15.670369550712877,5.911194946715979,47.14999999999999,19.0,0.17391304347826086,6,PREDICTIVE,Stochastic mobility,lstm_stoch,42,0.45717899299779674,True
29845815.127629317,17416468.900105864,0.0,5.70215159825432,0.0,47.14999999999999,19.0,4.0,24.0,-45.611897359670145,1,149229075.63814658,5.70215159825432,47.14999999999999,19.0,4.0,14.922907563814658,5.70215159825432,47.14999999999999,19.0,0.08695652173913043,14.922907563814658,5.70215159825432,47.14999999999999,19.0,0.08695652173913043,7,PREDICTIVE,Stochastic mobility,lstm_stoch,42,0.45717899299779674,True
27479958.40672666,17045029.60519263,0.0,5.718686984248109,0.0,47.15,19.0,6.0,30.0,-46.82176859499726,1,137399792.0336333,5.718686984248109,47.15,19.0,6.0,13.73997920336333,5.718686984248109,47.15,19.0,0.13043478260869565,13.73997920336333,5.718686984248109,47.15,19.0,0.13043478260869565,8,PREDICTIVE,Stochastic mobility,lstm_stoch,42,0.45717899299779674,True
27903834.09569631,19498629.455844555,0.0,5.758647621998007,0.0,50.699999999999996,19.0,2.0,32.0,-50.03291359102339,1,139519170.47848156,5.758647621998007,50.699999999999996,19.0,2.0,13.951917047848156,5.758647621998007,50.699999999999996,19.0,0.043478260869565216,13.951917047848156,5.758647621998007,50.699999999999996,19.0,0.043478260869565216,9,PREDICTIVE,Stochastic mobility,lstm_stoch,42,0.45717899299779674,True
28566816.81492471,19342541.909604046,0.0,5.8611402204315555,0.0,50.699999999999996,19.0,0.0,32.0,-49.55545137210608,0,142834084.07462355,5.8611402204315555,50.699999999999996,19.0,0.0,14.283408407462355,5.8611402204315555,50.699999999999996,19.0,0.0,14.283408407462355,5.8611402204315555,50.699999999999996,19.0,0.0,10,PREDICTIVE,Stochastic mobility,lstm_stoch,42,0.45717899299779674,False
30800121.86019976,19933628.506052542,0.0,6.072718516846164,0.0,50.699999999999996,19.0,0.0,32.0,-48.22722055305394,0,154000609.3009988,6.072718516846164,50.699999999999996,19.0,0.0,15.400060930099881,6.072718516846164,50.699999999999996,19.0,0.0,15.400060930099881,6.072718516846164,50.699999999999996,19.0,0.0,11,PREDICTIVE,Stochastic mobility,lstm_stoch,42,0.45717899299779674,False
31722972.211071234,18530194.985377975,0.0,6.151647737566982,0.0,47.14999999999999,19.0,2.0,34.0,-44.18034441776695,1,158614861.05535617,6.151647737566982,47.14999999999999,19.0,2.0,15.861486105535617,6.151647737566982,47.14999999999999,19.0,0.043478260869565216,15.861486105535617,6.151647737566982,47.14999999999999,19.0,0.043478260869565216,12,PREDICTIVE,Stochastic mobility,lstm_stoch,42,0.45717899299779674,False
32727540.544891905,16982612.472137783,0.0,6.436093679582329,0.0,43.599999999999994,19.0,4.0,38.0,-39.887092569710845,1,163637702.72445953,6.436093679582329,43.599999999999994,19.0,4.0,16.363770272445954,6.436093679582329,43.599999999999994,19.0,0.08695652173913043,16.363770272445954,6.436093679582329,43.599999999999994,19.0,0.08695652173913043,13,PREDICTIVE,Stochastic mobility,lstm_stoch,42,0.45717899299779674,False
30599781.882395178,16324139.276999423,0.0,6.742887040567398,0.0,43.599999999999994,19.0,0.0,38.0,-40.55722201823501,0,152998909.4119759,6.742887040567398,43.599999999999994,19.0,0.0,15.299890941197589,6.742887040567398,43.599999999999994,19.0,0.0,15.299890941197589,6.742887040567398,43.599999999999994,19.0,0.0,14,PREDICTIVE,Stochastic mobility,lstm_stoch,42,0.45717899299779674,False
28708786.992302854,15578203.745717919,0.0,5.327902973434326,0.0,47.14999999999999,19.0,4.0,42.0,-46.55466005215337,1,143543934.96151426,5.327902973434326,47.14999999999999,19.0,4.0,14.354393496151426,5.327902973434326,47.14999999999999,19.0,0.08695652173913043,14.354393496151426,5.327902973434326,47.14999999999999,19.0,0.08695652173913043,15,PREDICTIVE,Stochastic mobility,lstm_stoch,42,0.45717899299779674,False
25591819.278393023,13618382.67451793,0.0,6.5993067673898835,0.0,43.599999999999994,19.0,6.0,48.0,-43.3352183760223,1,127959096.3919651,6.5993067673898835,43.599999999999994,19.0,6.0,12.79590963919651,6.5993067673898835,43.599999999999994,19.0,0.13043478260869565,12.79590963919651,6.5993067673898835,43.599999999999994,19.0,0.13043478260869565,16,PREDICTIVE,Stochastic mobility,lstm_stoch,42,0.45717899299779674,False
24547608.863269396,11343131.960743634,0.0,5.398326779292596,0.0,47.14999999999999,19.0,6.0,54.0,-48.6083035716814,1,122738044.31634697,5.398326779292596,47.14999999999999,19.0,6.0,12.273804431634698,5.398326779292596,47.14999999999999,19.0,0.13043478260869565,12.273804431634698,5.398326779292596,47.14999999999999,19.0,0.13043478260869565,17,PREDICTIVE,Stochastic mobility,lstm_stoch,42,0.45717899299779674,False
24173189.105171233,11036046.95383554,0.0,6.173125477105696,0.0,43.599999999999994,19.0,4.0,58.0,-44.42723649204782,1,120865945.52585617,6.173125477105696,43.599999999999994,19.0,4.0,12.086594552585616,6.173125477105696,43.599999999999994,19.0,0.08695652173913043,12.086594552585616,6.173125477105696,43.599999999999994,19.0,0.08695652173913043,18,PREDICTIVE,Stochastic mobility,lstm_stoch,42,0.45717899299779674,False
23236809.977682017,11114037.749232331,0.0,6.036067854090744,0.0,47.15,19.0,2.0,60.0,-48.539005417937815,1,116184049.88841008,6.036067854090744,47.15,19.0,2.0,11.618404988841007,6.036067854090744,47.15,19.0,0.043478260869565216,11.618404988841007,6.036067854090744,47.15,19.0,0.043478260869565216,19,PREDICTIVE,Stochastic mobility,lstm_stoch,42,0.45717899299779674,False
21952883.28536856,9242965.691998035,0.0,5.931199424634919,0.0,47.15,19.0,8.0,68.0,-49.41627197615907,1,109764416.42684281,5.931199424634919,47.15,19.0,8.0,10.97644164268428,5.931199424634919,47.15,19.0,0.17391304347826086,10.97644164268428,5.931199424634919,47.15,19.0,0.17391304347826086,20,PREDICTIVE,Stochastic mobility,lstm_stoch,42,0.45717899299779674,False
23187346.509042725,9237643.302339518,0.0,5.9928974695016715,0.0,43.599999999999994,19.0,4.0,72.0,-45.10038579771609,1,115936732.54521362,5.9928974695016715,43.599999999999994,19.0,4.0,11.593673254521363,5.9928974695016715,43.599999999999994,19.0,0.08695652173913043,11.593673254521363,5.9928974695016715,43.599999999999994,19.0,0.08695652173913043,21,PREDICTIVE,Stochastic mobility,lstm_stoch,42,0.45717899299779674,False
22634576.47281616,9047081.750977522,0.0,6.2087615526887685,0.0,47.15,19.0,4.0,76.0,-48.710906732642286,1,113172882.36408082,6.2087615526887685,47.15,19.0,4.0,11.317288236408082,6.2087615526887685,47.15,19.0,0.08695652173913043,11.317288236408082,6.2087615526887685,47.15,19.0,0.08695652173913043,22,PREDICTIVE,Stochastic mobility,lstm_stoch,42,0.45717899299779674,False
23563018.872428365,9429801.388596723,0.0,7.282982822689614,0.0,47.15,19.0,4.0,80.0,-47.17246426283534,1,117815094.36214182,7.282982822689614,47.15,19.0,4.0,11.781509436214181,7.282982822689614,47.15,19.0,0.08695652173913043,11.781509436214181,7.282982822689614,47.15,19.0,0.08695652173913043,23,PREDICTIVE,Stochastic mobility,lstm_stoch,42,0.45717899299779674,False
25706608.715161003,9751744.403181504,0.0,6.921134238894289,0.0,47.15,19.0,0.0,80.0,-46.37556140352521,0,128533043.57580502,6.921134238894289,47.15,19.0,0.0,12.853304357580502,6.921134238894289,47.15,19.0,0.0,12.853304357580502,6.921134238894289,47.15,19.0,0.0,24,PREDICTIVE,Stochastic mobility,lstm_stoch,42,0.45717899299779674,False
29804646.289506525,10135768.188055076,0.0,6.5538314336782335,0.0,47.15,19.0,2.0,82.0,-44.737323682438074,1,149023231.44753262,6.5538314336782335,47.15,19.0,2.0,14.902323144753263,6.5538314336782335,47.15,19.0,0.043478260869565216,14.902323144753263,6.5538314336782335,47.15,19.0,0.043478260869565216,25,PREDICTIVE,Stochastic mobility,lstm_stoch,42,0.45717899299779674,False
31315748.09126965,10083888.989669126,0.0,5.785251326121967,0.0,40.04999999999999,19.0,4.0,86.0,-37.69383114998233,1,156578740.45634824,5.785251326121967,40.04999999999999,19.0,4.0,15.657874045634824,5.785251326121967,40.04999999999999,19.0,0.08695652173913043,15.657874045634824,5.785251326121967,40.04999999999999,19.0,0.08695652173913043,26,PREDICTIVE,Stochastic mobility,lstm_stoch,42,0.45717899299779674,False
19449030.78252417,9553434.071251934,0.0,4.662673373004085,0.0,43.599999999999994,19.0,6.0,92.0,-48.34324601834252,1,97245153.91262084,4.662673373004085,43.599999999999994,19.0,6.0,9.724515391262084,4.662673373004085,43.599999999999994,19.0,0.13043478260869565,9.724515391262084,4.662673373004085,43.599999999999994,19.0,0.13043478260869565,27,PREDICTIVE,Stochastic mobility,lstm_stoch,42,0.45717899299779674,False
18685691.39490928,10089944.896598604,0.0,5.141355674017615,0.0,43.599999999999994,19.0,2.0,94.0,-48.159276889397304,1,93428456.9745464,5.141355674017615,43.599999999999994,19.0,2.0,9.34284569745464,5.141355674017615,43.599999999999994,19.0,0.043478260869565216,9.34284569745464,5.141355674017615,43.599999999999994,19.0,0.043478260869565216,28,PREDICTIVE,Stochastic mobility,lstm_stoch,42,0.45717899299779674,False
17788433.167376954,9525903.602722118,0.0,5.102358954672518,0.0,40.04999999999999,19.0,6.0,100.0,-45.18385924424769,1,88942165.83688477,5.102358954672518,40.04999999999999,19.0,6.0,8.894216583688477,5.102358954672518,40.04999999999999,19.0,0.13043478260869565,8.894216583688477,5.102358954672518,40.04999999999999,19.0,0.13043478260869565,29,PREDICTIVE,Stochastic mobility,lstm_stoch,42,0.45717899299779674,False
18775615.634767268,9416131.736667657,0.0,6.384855632201134,0.0,40.04999999999999,19.0,6.0,106.0,-43.407771333023916,1,93878078.17383634,6.384855632201134,40.04999999999999,19.0,6.0,9.387807817383633,6.384855632201134,40.04999999999999,19.0,0.13043478260869565,9.387807817383633,6.384855632201134,40.04999999999999,19.0,0.13043478260869565,30,PREDICTIVE,Stochastic mobility,lstm_stoch,42,0.45717899299779674,False
18253134.057522453,8871309.460976886,0.0,6.689504436956841,0.0,40.04999999999999,19.0,4.0,110.0,-43.320885056021055,1,91265670.28761227,6.689504436956841,40.04999999999999,19.0,4.0,9.126567028761228,6.689504436956841,40.04999999999999,19.0,0.08695652173913043,9.126567028761228,6.689504436956841,40.04999999999999,19.0,0.08695652173913043,31,PREDICTIVE,Stochastic mobility,lstm_stoch,42,0.45717899299779674,False
18027922.188822288,9675855.434967939,0.0,6.2151834444704654,0.0,40.04999999999999,19.0,6.0,116.0,-43.95129024372708,1,90139610.94411144,6.2151834444704654,40.04999999999999,19.0,6.0,9.013961094411144,6.2151834444704654,40.04999999999999,19.0,0.13043478260869565,9.013961094411144,6.2151834444704654,40.04999999999999,19.0,0.13043478260869565,32,PREDICTIVE,Stochastic mobility,lstm_stoch,42,0.45717899299779674,False
18004588.323938288,9846790.23312495,0.0,7.00932857883486,0.0,40.04999999999999,19.0,4.0,120.0,-43.125333780935115,1,90022941.61969143,7.00932857883486,40.04999999999999,19.0,4.0,9.002294161969143,7.00932857883486,40.04999999999999,19.0,0.08695652173913043,9.002294161969143,7.00932857883486,40.04999999999999,19.0,0.08695652173913043,33,PREDICTIVE,Stochastic mobility,lstm_stoch,42,0.45717899299779674,False
19135281.606298085,10268139.111567289,0.0,6.8227731014780435,0.0,43.599999999999994,19.0,6.0,126.0,-46.3400208779816,1,95676408.03149043,6.8227731014780435,43.599999999999994,19.0,6.0,9.567640803149043,6.8227731014780435,43.599999999999994,19.0,0.13043478260869565,9.567640803149043,6.8227731014780435,43.599999999999994,19.0,0.13043478260869565,34,PREDICTIVE,Stochastic mobility,lstm_stoch,42,0.45717899299779674,False
18360327.600222047,9969524.454840863,0.0,6.578737702538323,0.0,40.04999999999999,19.0,10.0,136.0,-43.508489801698474,1,91801638.00111024,6.578737702538323,40.04999999999999,19.0,10.0,9.180163800111025,6.578737702538323,40.04999999999999,19.0,0.21739130434782608,9.180163800111025,6.578737702538323,40.04999999999999,19.0,0.21739130434782608,35,PREDICTIVE,Stochastic mobility,lstm_stoch,42,0.45717899299779674,False
18333458.99721215,10096390.806328455,0.0,6.620115264726529,0.0,40.04999999999999,19.0,0.0,136.0,-43.26315523666739,0,91667294.98606075,6.620115264726529,40.04999999999999,19.0,0.0,9.166729498606076,6.620115264726529,40.04999999999999,19.0,0.0,9.166729498606076,6.620115264726529,40.04999999999999,19.0,0.0,36,PREDICTIVE,Stochastic mobility,lstm_stoch,42,0.45717899299779674,False
18968110.08914646,11127238.365910077,0.0,6.968225984285398,0.0,47.14999999999999,19.0,6.0,142.0,-49.82815375375006,1,94840550.44573231,6.968225984285398,47.14999999999999,19.0,6.0,9.484055044573232,6.968225984285398,47.14999999999999,19.0,0.13043478260869565,9.484055044573232,6.968225984285398,47.14999999999999,19.0,0.13043478260869565,37,PREDICTIVE,Stochastic mobility,lstm_stoch,42,0.45717899299779674,False
19047809.83459722,11524831.347784875,0.0,7.057038970961285,0.0,47.14999999999999,19.0,0.0,142.0,-49.569056111740096,0,95239049.17298609,7.057038970961285,47.14999999999999,19.0,0.0,9.523904917298609,7.057038970961285,47.14999999999999,19.0,0.0,9.523904917298609,7.057038970961285,47.14999999999999,19.0,0.0,38,PREDICTIVE,Stochastic mobility,lstm_stoch,42,0.45717899299779674,False
19088122.46451705,11610651.498268288,0.0,7.021620587058322,0.0,47.14999999999999,19.0,2.0,144.0,-49.627796441552704,1,95440612.32258524,7.021620587058322,47.14999999999999,19.0,2.0,9.544061232258525,7.021620587058322,47.14999999999999,19.0,0.043478260869565216,9.544061232258525,7.021620587058322,47.14999999999999,19.0,0.043478260869565216,39,PREDICTIVE,Stochastic mobility,lstm_stoch,42,0.45717899299779674,False
19194866.14027583,10990296.495193226,0.0,7.115788000583155,0.0,47.14999999999999,19.0,4.0,148.0,-49.523735451018055,1,95974330.70137915,7.115788000583155,47.14999999999999,19.0,4.0,9.597433070137916,7.115788000583155,47.14999999999999,19.0,0.08695652173913043,9.597433070137916,7.115788000583155,47.14999999999999,19.0,0.08695652173913043,40,PREDICTIVE,Stochastic mobility,lstm_stoch,42,0.45717899299779674,False
19568186.87775203,11246364.40733583,0.0,7.171377517416195,0.0,47.14999999999999,19.0,0.0,148.0,-49.19452904370778,0,97840934.38876015,7.171377517416195,47.14999999999999,19.0,0.0,9.784093438876015,7.171377517416195,47.14999999999999,19.0,0.0,9.784093438876015,7.171377517416195,47.14999999999999,19.0,0.0,41,PREDICTIVE,Stochastic mobility,lstm_stoch,42,0.45717899299779674,False
18070997.963293303,11266603.167092063,0.0,7.283095988533826,0.0,47.14999999999999,19.0,2.0,150.0,-49.87488329068908,1,90354989.81646651,7.283095988533826,47.14999999999999,19.0,2.0,9.03549898164665,7.283095988533826,47.14999999999999,19.0,0.043478260869565216,9.03549898164665,7.283095988533826,47.14999999999999,19.0,0.043478260869565216,42,PREDICTIVE,Stochastic mobility,lstm_stoch,42,0.45717899299779674,False
19668113.907066323,10694833.913623683,0.0,7.394466452278411,0.0,43.599999999999994,19.0,4.0,154.0,-45.458433115927555,1,98340569.53533162,7.394466452278411,43.599999999999994,19.0,4.0,9.834056953533162,7.394466452278411,43.599999999999994,19.0,0.08695652173913043,9.834056953533162,7.394466452278411,43.599999999999994,19.0,0.08695652173913043,43,PREDICTIVE,Stochastic mobility,lstm_stoch,42,0.45717899299779674,False
20774961.245239567,11272902.284277765,0.0,7.517844431683996,0.0,43.599999999999994,19.0,2.0,156.0,-44.73815320656578,1,103874806.22619784,7.517844431683996,43.599999999999994,19.0,2.0,10.387480622619783,7.517844431683996,43.599999999999994,19.0,0.043478260869565216,10.387480622619783,7.517844431683996,43.599999999999994,19.0,0.043478260869565216,44,PREDICTIVE,Stochastic mobility,lstm_stoch,42,0.45717899299779674,False
18582705.727158766,11485448.65442569,0.0,7.475785614764199,0.0,43.599999999999994,19.0,2.0,158.0,-45.876339782525974,1,92913528.63579383,7.475785614764199,43.599999999999994,19.0,2.0,9.291352863579384,7.475785614764199,43.599999999999994,19.0,0.043478260869565216,9.291352863579384,7.475785614764199,43.599999999999994,19.0,0.043478260869565216,45,PREDICTIVE,Stochastic mobility,lstm_stoch,42,0.45717899299779674,False
21823510.404005967,11056936.53781561,0.0,7.34451338514976,0.0,43.599999999999994,19.0,4.0,162.0,-44.43068793458638,1,109117552.02002983,7.34451338514976,43.599999999999994,19.0,4.0,10.911755202002983,7.34451338514976,43.599999999999994,19.0,0.08695652173913043,10.911755202002983,7.34451338514976,43.599999999999994,19.0,0.08695652173913043,46,PREDICTIVE,Stochastic mobility,lstm_stoch,42,0.45717899299779674,False
22361812.07946376,12088506.038323514,0.0,7.253543157920358,0.0,43.599999999999994,19.0,0.0,162.0,-44.16555080234775,0,111809060.39731881,7.253543157920358,43.599999999999994,19.0,0.0,11.18090603973188,7.253543157920358,43.599999999999994,19.0,0.0,11.18090603973188,7.253543157920358,43.599999999999994,19.0,0.0,47,PREDICTIVE,Stochastic mobility,lstm_stoch,42,0.45717899299779674,False
23152958.3652265,12842312.183813928,0.0,7.282748030743843,0.0,43.599999999999994,19.0,0.0,162.0,-43.7407727866429,0,115764791.8261325,7.282748030743843,43.599999999999994,19.0,0.0,11.57647918261325,7.282748030743843,43.599999999999994,19.0,0.0,11.57647918261325,7.282748030743843,43.599999999999994,19.0,0.0,48,PREDICTIVE,Stochastic mobility,lstm_stoch,42,0.45717899299779674,False
23321256.71023006,11448878.920958092,0.0,7.302187379117976,0.0,40.04999999999999,19.0,2.0,164.0,-40.13066252663655,1,116606283.55115029,7.302187379117976,40.04999999999999,19.0,2.0,11.66062835511503,7.302187379117976,40.04999999999999,19.0,0.043478260869565216,11.66062835511503,7.302187379117976,40.04999999999999,19.0,0.043478260869565216,49,PREDICTIVE,Stochastic mobility,lstm_stoch,42,0.45717899299779674,False
25241803.614778556,12027351.748199046,0.0,7.289784782043711,0.0,40.04999999999999,19.0,0.0,164.0,-39.139313410567,0,126209018.07389277,7.289784782043711,40.04999999999999,19.0,0.0,12.620901807389277,7.289784782043711,40.04999999999999,19.0,0.0,12.620901807389277,7.289784782043711,40.04999999999999,19.0,0.0,50,PREDICTIVE,Stochastic mobility,lstm_stoch,42,0.45717899299779674,False
26356679.4651888,12526680.99045277,0.0,7.086452291261788,0.0,40.04999999999999,19.0,0.0,164.0,-38.7852079761438,0,131783397.325944,7.086452291261788,40.04999999999999,19.0,0.0,13.1783397325944,7.086452291261788,40.04999999999999,19.0,0.0,13.1783397325944,7.086452291261788,40.04999999999999,19.0,0.0,51,PREDICTIVE,Stochastic mobility,lstm_stoch,42,0.45717899299779674,False
24626451.800379056,13300849.477549698,0.0,6.629097219931461,0.0,40.04999999999999,19.0,0.0,164.0,-40.107676879879,0,123132259.00189528,6.629097219931461,40.04999999999999,19.0,0.0,12.313225900189527,6.629097219931461,40.04999999999999,19.0,0.0,12.313225900189527,6.629097219931461,40.04999999999999,19.0,0.0,52,PREDICTIVE,Stochastic mobility,lstm_stoch,42,0.45717899299779674,False
22766651.446351998,13798413.165893277,0.0,6.293613789125676,0.0,40.04999999999999,19.0,0.0,164.0,-41.37306048769832,0,113833257.23175998,6.293613789125676,40.04999999999999,19.0,0.0,11.383325723175998,6.293613789125676,40.04999999999999,19.0,0.0,11.383325723175998,6.293613789125676,40.04999999999999,19.0,0.0,53,PREDICTIVE,Stochastic mobility,lstm_stoch,42,0.45717899299779674,False
21189442.881126657,14107274.889739178,0.0,5.989489110859738,0.0,40.04999999999999,19.0,0.0,164.0,-42.46578944857693,0,105947214.40563329,5.989489110859738,40.04999999999999,19.0,0.0,10.594721440563328,5.989489110859738,40.04999999999999,19.0,0.0,10.594721440563328,5.989489110859738,40.04999999999999,19.0,0.0,54,PREDICTIVE,Stochastic mobility,lstm_stoch,42,0.45717899299779674,False
19500079.517265923,12452759.721654814,0.0,6.2113333709855665,0.0,40.04999999999999,19.0,4.0,168.0,-43.17558339212059,1,97500397.58632962,6.2113333709855665,40.04999999999999,19.0,4.0,9.750039758632962,6.2113333709855665,40.04999999999999,19.0,0.08695652173913043,9.750039758632962,6.2113333709855665,40.04999999999999,19.0,0.08695652173913043,55,PREDICTIVE,Stochastic mobility,lstm_stoch,42,0.45717899299779674,False
19392223.2804898,12112319.373136899,0.0,5.948656713983555,0.0,43.59999999999999,19.0,2.0,170.0,-46.998709906641096,1,96961116.402449,5.948656713983555,43.59999999999999,19.0,2.0,9.696111640244899,5.948656713983555,43.59999999999999,19.0,0.043478260869565216,9.696111640244899,5.948656713983555,43.59999999999999,19.0,0.043478260869565216,56,PREDICTIVE,Stochastic mobility,lstm_stoch,42,0.45717899299779674,False
19059323.113204036,12468189.875356209,0.0,6.015388124676823,0.0,43.59999999999999,19.0,2.0,172.0,-47.09842857959071,1,95296615.56602018,6.015388124676823,43.59999999999999,19.0,2.0,9.529661556602017,6.015388124676823,43.59999999999999,19.0,0.043478260869565216,9.529661556602017,6.015388124676823,43.59999999999999,19.0,0.043478260869565216,57,PREDICTIVE,Stochastic mobility,lstm_stoch,42,0.45717899299779674,False
18899302.29867974,12393566.522258691,0.0,6.021667923992641,0.0,43.59999999999999,19.0,2.0,174.0,-47.17215918753704,1,94496511.4933987,6.021667923992641,43.59999999999999,19.0,2.0,9.44965114933987,6.021667923992641,43.59999999999999,19.0,0.043478260869565216,9.44965114933987,6.021667923992641,43.59999999999999,19.0,0.043478260869565216,58,PREDICTIVE,Stochastic mobility,lstm_stoch,42,0.45717899299779674,False
18764065.446153462,12769601.552942107,0.0,6.818603706978042,0.0,43.59999999999999,19.0,2.0,176.0,-46.44284183081478,1,93820327.23076731,6.818603706978042,43.59999999999999,19.0,2.0,9.382032723076732,6.818603706978042,43.59999999999999,19.0,0.043478260869565216,9.382032723076732,6.818603706978042,43.59999999999999,19.0,0.043478260869565216,59,PREDICTIVE,Stochastic mobility,lstm_stoch,42,0.45717899299779674,False
18741307.525831547,12892366.571218679,0.0,6.231899481364242,0.0,43.59999999999999,19.0,4.0,180.0,-47.0844032774591,1,93706537.62915774,6.231899481364242,43.59999999999999,19.0,4.0,9.370653762915774,6.231899481364242,43.59999999999999,19.0,0.08695652173913043,9.370653762915774,6.231899481364242,43.59999999999999,19.0,0.08695652173913043,60,PREDICTIVE,Stochastic mobility,lstm_stoch,42,0.45717899299779674,False
18790318.967723336,12956165.002705427,0.0,6.005496153244472,0.0,43.59999999999999,19.0,0.0,180.0,-47.19934436289385,0,93951594.83861668,6.005496153244472,43.59999999999999,19.0,0.0,9.395159483861669,6.005496153244472,43.59999999999999,19.0,0.0,9.395159483861669,6.005496153244472,43.59999999999999,19.0,0.0,61,PREDICTIVE,Stochastic mobility,lstm_stoch,42,0.45717899299779674,False
19064834.400448285,11642893.172611946,0.0,6.414002646277071,0.0,47.14999999999999,19.0,2.0,182.0,-50.24705841436834,1,95324172.00224143,6.414002646277071,47.14999999999999,19.0,2.0,9.532417200224144,6.414002646277071,47.14999999999999,19.0,0.043478260869565216,9.532417200224144,6.414002646277071,47.14999999999999,19.0,0.043478260869565216,62,PREDICTIVE,Stochastic mobility,lstm_stoch,42,0.45717899299779674,False
19732431.45657254,10367287.353579065,0.0,7.424992839674636,0.0,54.25,19.0,6.0,188.0,-56.08922621464779,1,98662157.28286271,7.424992839674636,54.25,19.0,6.0,9.86621572828627,7.424992839674636,54.25,19.0,0.13043478260869565,9.86621572828627,7.424992839674636,54.25,19.0,0.13043478260869565,63,PREDICTIVE,Stochastic mobility,lstm_stoch,42,0.45717899299779674,False
20107287.495249785,11446581.593003659,0.0,7.498412524551447,0.0,54.25,19.0,0.0,188.0,-55.697943727823656,0,100536437.47624893,7.498412524551447,54.25,19.0,0.0,10.053643747624893,7.498412524551447,54.25,19.0,0.0,10.053643747624893,7.498412524551447,54.25,19.0,0.0,64,PREDICTIVE,Stochastic mobility,lstm_stoch,42,0.45717899299779674,False
18917893.273089275,10902634.582072048,0.0,7.335021073107242,0.0,50.699999999999996,19.0,6.0,194.0,-53.0364670729568,1,94589466.36544637,7.335021073107242,50.699999999999996,19.0,6.0,9.458946636544637,7.335021073107242,50.699999999999996,19.0,0.13043478260869565,9.458946636544637,7.335021073107242,50.699999999999996,19.0,0.13043478260869565,65,PREDICTIVE,Stochastic mobility,lstm_stoch,42,0.45717899299779674,False
19327427.523190763,10894248.977294708,0.0,7.2751899331159,0.0,50.699999999999996,19.0,0.0,194.0,-52.7610963052887,0,96637137.61595382,7.2751899331159,50.699999999999996,19.0,0.0,9.663713761595382,7.2751899331159,50.699999999999996,19.0,0.0,9.663713761595382,7.2751899331159,50.699999999999996,19.0,0.0,66,PREDICTIVE,Stochastic mobility,lstm_stoch,42,0.45717899299779674,False
19830012.2201717,11002711.25419002,0.0,7.198249447517441,0.0,50.699999999999996,19.0,0.0,194.0,-52.58674444239669,0,99150061.10085851,7.198249447517441,50.699999999999996,19.0,0.0,9.915006110085852,7.198249447517441,50.699999999999996,19.0,0.0,9.915006110085852,7.198249447517441,50.699999999999996,19.0,0.0,67,PREDICTIVE,Stochastic mobility,lstm_stoch,42,0.45717899299779674,False
20542892.03295331,10903859.982545795,0.0,7.286960460659031,0.0,50.699999999999996,19.0,0.0,194.0,-52.1415935228643,0,102714460.16476655,7.286960460659031,50.699999999999996,19.0,0.0,10.271446016476656,7.286960460659031,50.699999999999996,19.0,0.0,10.271446016476656,7.286960460659031,50.699999999999996,19.0,0.0,68,PREDICTIVE,Stochastic mobility,lstm_stoch,42,0.45717899299779674,False
20886589.11367286,10002708.145774828,0.0,7.348676591137657,0.0,47.15,19.0,2.0,196.0,-48.40150711289548,1,104432945.5683643,7.348676591137657,47.15,19.0,2.0,10.443294556836431,7.348676591137657,47.15,19.0,0.043478260869565216,10.443294556836431,7.348676591137657,47.15,19.0,0.043478260869565216,69,PREDICTIVE,Stochastic mobility,lstm_stoch,42,0.45717899299779674,False
20976871.255655415,7724153.532247039,0.0,6.579799086802012,0.0,50.699999999999996,19.0,8.0,204.0,-52.80567832884853,1,104884356.27827707,6.579799086802012,50.699999999999996,19.0,8.0,10.488435627827707,6.579799086802012,50.699999999999996,19.0,0.17391304347826086,10.488435627827707,6.579799086802012,50.699999999999996,19.0,0.17391304347826086,70,PREDICTIVE,Stochastic mobility,lstm_stoch,42,0.45717899299779674,False
21585057.260716874,7845938.4314197395,0.0,6.279609499098519,0.0,50.699999999999996,19.0,2.0,206.0,-52.67134013141259,1,107925286.30358437,6.279609499098519,50.699999999999996,19.0,2.0,10.792528630358436,6.279609499098519,50.699999999999996,19.0,0.043478260869565216,10.792528630358436,6.279609499098519,50.699999999999996,19.0,0.043478260869565216,71,PREDICTIVE,Stochastic mobility,lstm_stoch,42,0.45717899299779674,False
20960378.87794534,7404357.41239138,0.0,6.042527903264366,0.0,54.25,19.0,4.0,210.0,-56.814239179502096,1,104801894.38972671,6.042527903264366,54.25,19.0,4.0,10.48018943897267,6.042527903264366,54.25,19.0,0.08695652173913043,10.48018943897267,6.042527903264366,54.25,19.0,0.08695652173913043,72,PREDICTIVE,Stochastic mobility,lstm_stoch,42,0.45717899299779674,False
22083210.03351444,7881125.136986278,0.0,5.926263184392015,0.0,54.25,19.0,0.0,210.0,-56.28213179885076,0,110416050.1675722,5.926263184392015,54.25,19.0,0.0,11.04160501675722,5.926263184392015,54.25,19.0,0.0,11.04160501675722,5.926263184392015,54.25,19.0,0.0,73,PREDICTIVE,Stochastic mobility,lstm_stoch,42,0.45717899299779674,False
24528443.4213512,9741624.885880798,0.0,6.120700425029275,0.0,54.25,19.0,2.0,212.0,-54.90855612516469,1,122642217.10675602,6.120700425029275,54.25,19.0,2.0,12.264221710675601,6.120700425029275,54.25,19.0,0.043478260869565216,12.264221710675601,6.120700425029275,54.25,19.0,0.043478260869565216,74,PREDICTIVE,Stochastic mobility,lstm_stoch,42,0.45717899299779674,False
24926219.911891885,8744075.486133084,0.0,6.074572856635449,0.0,50.699999999999996,19.0,4.0,216.0,-51.24927370915773,1,124631099.55945942,6.074572856635449,50.699999999999996,19.0,4.0,12.463109955945942,6.074572856635449,50.699999999999996,19.0,0.08695652173913043,12.463109955945942,6.074572856635449,50.699999999999996,19.0,0.08695652173913043,75,PREDICTIVE,Stochastic mobility,lstm_stoch,42,0.45717899299779674,False
30435565.10165785,9143493.635642925,0.0,6.069925608839135,0.0,47.14999999999999,19.0,2.0,218.0,-44.9057701012015,1,152177825.50828925,6.069925608839135,47.14999999999999,19.0,2.0,15.217782550828925,6.069925608839135,47.14999999999999,19.0,0.043478260869565216,15.217782550828925,6.069925608839135,47.14999999999999,19.0,0.043478260869565216,76,PREDICTIVE,Stochastic mobility,lstm_stoch,42,0.45717899299779674,False
41932386.69957483,8775868.916667927,0.0,5.867840657238709,0.0,47.14999999999999,19.0,2.0,220.0,-39.359444253843435,1,209661933.49787414,5.867840657238709,47.14999999999999,19.0,2.0,20.966193349787414,5.867840657238709,47.14999999999999,19.0,0.043478260869565216,20.966193349787414,5.867840657238709,47.14999999999999,19.0,0.043478260869565216,77,PREDICTIVE,Stochastic mobility,lstm_stoch,42,0.45717899299779674,False
40669548.96889346,10135476.958880901,0.0,5.465764276530596,0.0,54.25,19.0,4.0,224.0,-47.5364177607618,1,203347744.8444673,5.465764276530596,54.25,19.0,4.0,20.334774484446733,5.465764276530596,54.25,19.0,0.08695652173913043,20.334774484446733,5.465764276530596,54.25,19.0,0.08695652173913043,78,PREDICTIVE,Stochastic mobility,lstm_stoch,42,0.45717899299779674,False
37006678.28026743,12467399.631087007,0.0,7.016766166911627,0.0,57.800000000000004,19.0,6.0,230.0,-51.410329475563366,1,185033391.40133718,7.016766166911627,57.800000000000004,19.0,6.0,18.50333914013372,7.016766166911627,57.800000000000004,19.0,0.13043478260869565,18.50333914013372,7.016766166911627,57.800000000000004,19.0,0.13043478260869565,79,PREDICTIVE,Stochastic mobility,lstm_stoch,42,0.45717899299779674,False
35053363.99821949,12627541.844664056,0.0,6.966929162569253,0.0,54.25,19.0,2.0,232.0,-48.799867099190564,1,175266819.99109745,6.966929162569253,54.25,19.0,2.0,17.526681999109744,6.966929162569253,54.25,19.0,0.043478260869565216,17.526681999109744,6.966929162569253,54.25,19.0,0.043478260869565216,80,PREDICTIVE,Stochastic mobility,lstm_stoch,42,0.45717899299779674,False
35210123.95483693,11288213.680189306,0.0,6.596223298732889,0.0,57.800000000000004,19.0,4.0,236.0,-52.68567124558779,1,176050619.77418464,6.596223298732889,57.800000000000004,19.0,4.0,17.605061977418465,6.596223298732889,57.800000000000004,19.0,0.08695652173913043,17.605061977418465,6.596223298732889,57.800000000000004,19.0,0.08695652173913043,81,PREDICTIVE,Stochastic mobility,lstm_stoch,42,0.45717899299779674,False
36685884.919184685,12259596.52163098,0.0,6.294901455130523,0.0,57.800000000000004,19.0,0.0,236.0,-52.16215608527715,0,183429424.59592342,6.294901455130523,57.800000000000004,19.0,0.0,18.342942459592344,6.294901455130523,57.800000000000004,19.0,0.0,18.342942459592344,6.294901455130523,57.800000000000004,19.0,0.0,82,PREDICTIVE,Stochastic mobility,lstm_stoch,42,0.45717899299779674,False
39500380.803966165,13101739.928839259,0.0,6.180486677939765,0.0,57.800000000000004,19.0,0.0,236.0,-50.86932292007717,0,197501904.01983082,6.180486677939765,57.800000000000004,19.0,0.0,19.750190401983083,6.180486677939765,57.800000000000004,19.0,0.0,19.750190401983083,6.180486677939765,57.800000000000004,19.0,0.0,83,PREDICTIVE,Stochastic mobility,lstm_stoch,42,0.45717899299779674,False
43251460.722381204,14660287.98494279,0.0,5.828949970099947,0.0,57.800000000000004,19.0,4.0,240.0,-49.4322761904486,1,216257303.61190602,5.828949970099947,57.800000000000004,19.0,4.0,21.6257303611906,5.828949970099947,57.800000000000004,19.0,0.08695652173913043,21.6257303611906,5.828949970099947,57.800000000000004,19.0,0.08695652173913043,84,PREDICTIVE,Stochastic mobility,lstm_stoch,42,0.45717899299779674,False
46893607.59949572,15724486.363436954,0.0,5.608425177403824,0.0,57.800000000000004,19.0,0.0,240.0,-47.744771022848326,0,234468037.99747857,5.608425177403824,57.800000000000004,19.0,0.0,23.446803799747858,5.608425177403824,57.800000000000004,19.0,0.0,23.446803799747858,5.608425177403824,57.800000000000004,19.0,0.0,85,PREDICTIVE,Stochastic mobility,lstm_stoch,42,0.45717899299779674,False
48691343.876962215,15712149.45888558,0.0,5.632923193554287,0.0,57.800000000000004,19.0,0.0,240.0,-46.82140486796462,0,243456719.38481107,5.632923193554287,57.800000000000004,19.0,0.0,24.345671938481107,5.632923193554287,57.800000000000004,19.0,0.0,24.345671938481107,5.632923193554287,57.800000000000004,19.0,0.0,86,PREDICTIVE,Stochastic mobility,lstm_stoch,42,0.45717899299779674,False
51056474.63057937,15558030.529432036,0.0,5.741567242385719,0.0,57.800000000000004,19.0,0.0,240.0,-45.53019544232461,0,255282373.15289682,5.741567242385719,57.800000000000004,19.0,0.0,25.528237315289683,5.741567242385719,57.800000000000004,19.0,0.0,25.528237315289683,5.741567242385719,57.800000000000004,19.0,0.0,87,PREDICTIVE,Stochastic mobility,lstm_stoch,42,0.45717899299779674,False
50230495.47608339,15461051.146681812,0.0,5.509073551353758,0.0,57.800000000000004,19.0,0.0,240.0,-46.17567871060456,0,251152477.38041696,5.509073551353758,57.800000000000004,19.0,0.0,25.115247738041695,5.509073551353758,57.800000000000004,19.0,0.0,25.115247738041695,5.509073551353758,57.800000000000004,19.0,0.0,88,PREDICTIVE,Stochastic mobility,lstm_stoch,42,0.45717899299779674,False
46034298.525899805,14076046.779800203,0.0,6.024572357358165,0.0,50.699999999999996,19.0,6.0,246.0,-40.78871316230062,1,230171492.62949902,6.024572357358165,50.699999999999996,19.0,6.0,23.017149262949903,6.024572357358165,50.699999999999996,19.0,0.13043478260869565,23.017149262949903,6.024572357358165,50.699999999999996,19.0,0.13043478260869565,89,PREDICTIVE,Stochastic mobility,lstm_stoch,42,0.45717899299779674,False
47823593.049793854,14956703.270659298,0.0,6.003803059386948,0.0,54.25,19.0,2.0,248.0,-43.37787867658569,1,239117965.24896926,6.003803059386948,54.25,19.0,2.0,23.911796524896925,6.003803059386948,54.25,19.0,0.043478260869565216,23.911796524896925,6.003803059386948,54.25,19.0,0.043478260869565216,90,PREDICTIVE,Stochastic mobility,lstm_stoch,42,0.45717899299779674,False
48381980.18161979,14901243.194304243,0.0,6.008335487444064,0.0,54.25,19.0,0.0,248.0,-43.05067442174604,0,241909900.90809897,6.008335487444064,54.25,19.0,0.0,24.190990090809898,6.008335487444064,54.25,19.0,0.0,24.190990090809898,6.008335487444064,54.25,19.0,0.0,91,PREDICTIVE,Stochastic mobility,lstm_stoch,42,0.45717899299779674,False
50460589.654409334,13820886.741816394,0.0,6.023079557742831,0.0,54.25,19.0,4.0,252.0,-42.083582136791634,1,252302948.2720467,6.023079557742831,54.25,19.0,4.0,25.23029482720467,6.023079557742831,54.25,19.0,0.08695652173913043,25.23029482720467,6.023079557742831,54.25,19.0,0.08695652173913043,92,PREDICTIVE,Stochastic mobility,lstm_stoch,42,0.45717899299779674,False
55382586.5857902,13292840.106798038,0.0,5.956095766744843,0.0,50.699999999999996,19.0,2.0,254.0,-36.0960892012296,1,276912932.928951,5.956095766744843,50.699999999999996,19.0,2.0,27.691293292895104,5.956095766744843,50.699999999999996,19.0,0.043478260869565216,27.691293292895104,5.956095766744843,50.699999999999996,19.0,0.043478260869565216,93,PREDICTIVE,Stochastic mobility,lstm_stoch,42,0.45717899299779674,False
47135060.48181754,13381149.816911532,0.0,5.907540526730655,0.0,47.14999999999999,19.0,2.0,256.0,-36.718407493230124,1,235675302.40908772,5.907540526730655,47.14999999999999,19.0,2.0,23.567530240908773,5.907540526730655,47.14999999999999,19.0,0.043478260869565216,23.567530240908773,5.907540526730655,47.14999999999999,19.0,0.043478260869565216,94,PREDICTIVE,Stochastic mobility,lstm_stoch,42,0.45717899299779674,False
39065022.79212425,12882363.909472125,0.0,5.7540541472746956,0.0,47.14999999999999,19.0,6.0,262.0,-40.993869239271866,1,195325113.96062124,5.7540541472746956,47.14999999999999,19.0,6.0,19.532511396062123,5.7540541472746956,47.14999999999999,19.0,0.13043478260869565,19.532511396062123,5.7540541472746956,47.14999999999999,19.0,0.13043478260869565,95,PREDICTIVE,Stochastic mobility,lstm_stoch,42,0.45717899299779674,False
37065091.59751587,14407616.652258446,0.0,5.99503135045855,0.0,50.699999999999996,19.0,2.0,264.0,-45.21590111165307,1,185325457.98757938,5.99503135045855,50.699999999999996,19.0,2.0,18.532545798757937,5.99503135045855,50.699999999999996,19.0,0.043478260869565216,18.532545798757937,5.99503135045855,50.699999999999996,19.0,0.043478260869565216,96,PREDICTIVE,Stochastic mobility,lstm_stoch,42,0.45717899299779674,False
34540222.81167044,14439109.76504571,0.0,5.8915652791635384,0.0,50.699999999999996,19.0,0.0,264.0,-46.53832331500123,0,172701114.0583522,5.8915652791635384,50.699999999999996,19.0,0.0,17.27011140583522,5.8915652791635384,50.699999999999996,19.0,0.0,17.27011140583522,5.8915652791635384,50.699999999999996,19.0,0.0,97,PREDICTIVE,Stochastic mobility,lstm_stoch,42,0.45717899299779674,False
31414804.92193351,14232298.656086877,0.0,5.513856976681957,0.0,47.14999999999999,19.0,4.0,268.0,-45.01569708409041,1,157074024.60966754,5.513856976681957,47.14999999999999,19.0,4.0,15.707402460966755,5.513856976681957,47.14999999999999,19.0,0.08695652173913043,15.707402460966755,5.513856976681957,47.14999999999999,19.0,0.08695652173913043,98,PREDICTIVE,Stochastic mobility,lstm_stoch,42,0.45717899299779674,False
29635052.093619056,14187795.59302989,0.0,5.028994114051701,0.0,47.14999999999999,19.0,0.0,268.0,-46.30347983913876,0,148175260.46809527,5.028994114051701,47.14999999999999,19.0,0.0,14.817526046809528,5.028994114051701,47.14999999999999,19.0,0.0,14.817526046809528,5.028994114051701,47.14999999999999,19.0,0.0,99,PREDICTIVE,Stochastic mobility,lstm_stoch,42,0.45717899299779674,False
80830616.00170805,17907617.990657173,0.0,5.454859359799263,0.0,47.14999999999999,19.0,0.0,0.0,-20.279832639346708,0,404153080.0085402,5.454859359799263,47.14999999999999,19.0,0.0,40.41530800085402,5.454859359799263,47.14999999999999,19.0,0.0,40.41530800085402,5.454859359799263,47.14999999999999,19.0,0.0,0,PREDICTIVE+CHURN,Stochastic mobility,lstm_stoch,42,2.054302099000779,True
61640174.6274132,17757724.942845866,0.0,5.599787023149352,0.0,47.14999999999999,19.0,0.0,0.0,-29.730125663144037,0,308200873.137066,5.599787023149352,47.14999999999999,19.0,0.0,30.8200873137066,5.599787023149352,47.14999999999999,19.0,0.0,30.8200873137066,5.599787023149352,47.14999999999999,19.0,0.0,1,PREDICTIVE+CHURN,Stochastic mobility,lstm_stoch,42,2.054302099000779,True
52655554.91234019,17566346.217937343,0.0,5.6475129897876695,0.0,47.14999999999999,19.0,0.0,0.0,-34.17470955404223,0,263277774.56170094,5.6475129897876695,47.14999999999999,19.0,0.0,26.327777456170093,5.6475129897876695,47.14999999999999,19.0,0.0,26.327777456170093,5.6475129897876695,47.14999999999999,19.0,0.0,2,PREDICTIVE+CHURN,Stochastic mobility,lstm_stoch,42,2.054302099000779,True
45708537.1333669,17341527.86069676,0.0,5.683689924898922,0.0,47.14999999999999,19.0,0.0,0.0,-37.61204150841762,0,228542685.66683447,5.683689924898922,47.14999999999999,19.0,0.0,22.854268566683448,5.683689924898922,47.14999999999999,19.0,0.0,22.854268566683448,5.683689924898922,47.14999999999999,19.0,0.0,3,PREDICTIVE+CHURN,Stochastic mobility,lstm_stoch,42,2.054302099000779,True
40399902.20272608,17186524.294963278,0.0,5.803155469687275,0.0,47.14999999999999,19.0,0.0,0.0,-40.14689342894968,0,201999511.0136304,5.803155469687275,47.14999999999999,19.0,0.0,20.199951101363038,5.803155469687275,47.14999999999999,19.0,0.0,20.199951101363038,5.803155469687275,47.14999999999999,19.0,0.0,4,PREDICTIVE+CHURN,Stochastic mobility,lstm_stoch,42,2.054302099000779,True
36540609.90289391,17188836.97840714,0.0,5.818110988968829,0.0,47.14999999999999,19.0,0.0,0.0,-42.061584059584206,0,182703049.51446953,5.818110988968829,47.14999999999999,19.0,0.0,18.270304951446953,5.818110988968829,47.14999999999999,19.0,0.0,18.270304951446953,5.818110988968829,47.14999999999999,19.0,0.0,5,PREDICTIVE+CHURN,Stochastic mobility,lstm_stoch,42,2.054302099000779,True
33972041.396835804,17280606.385827728,0.0,5.8200170426998925,0.0,47.14999999999999,19.0,0.0,0.0,-43.3439622588822,0,169860206.98417902,5.8200170426998925,47.14999999999999,19.0,0.0,16.986020698417903,5.8200170426998925,47.14999999999999,19.0,0.0,16.986020698417903,5.8200170426998925,47.14999999999999,19.0,0.0,6,PREDICTIVE+CHURN,Stochastic mobility,lstm_stoch,42,2.054302099000779,True
29845815.127629317,17416468.900105864,0.0,5.70215159825432,0.0,47.14999999999999,19.0,8.0,8.0,-45.69885388140927,1,149229075.63814658,5.70215159825432,47.14999999999999,19.0,8.0,14.922907563814658,5.70215159825432,47.14999999999999,19.0,0.17391304347826086,14.922907563814658,5.70215159825432,47.14999999999999,19.0,0.17391304347826086,7,PREDICTIVE+CHURN,Stochastic mobility,lstm_stoch,42,2.054302099000779,True
28736475.51619228,18196398.979018584,0.0,5.718686984248109,0.0,47.14999999999999,19.0,0.0,8.0,-46.06307525765574,0,143682377.5809614,5.718686984248109,47.14999999999999,19.0,0.0,14.368237758096141,5.718686984248109,47.14999999999999,19.0,0.0,14.368237758096141,5.718686984248109,47.14999999999999,19.0,0.0,8,PREDICTIVE+CHURN,Stochastic mobility,lstm_stoch,42,2.054302099000779,True
28450597.231159497,19428665.425522383,0.0,5.758647621998007,0.0,47.14999999999999,19.0,0.0,8.0,-46.16605376242224,0,142252986.15579748,5.758647621998007,47.14999999999999,19.0,0.0,14.225298615579748,5.758647621998007,47.14999999999999,19.0,0.0,14.225298615579748,5.758647621998007,47.14999999999999,19.0,0.0,9,PREDICTIVE+CHURN,Stochastic mobility,lstm_stoch,42,2.054302099000779,True
28581789.4708182,19342500.323594324,0.0,5.8611402204315555,0.0,47.14999999999999,19.0,0.0,8.0,-45.997965044159336,0,142908947.354091,5.8611402204315555,47.14999999999999,19.0,0.0,14.290894735409099,5.8611402204315555,47.14999999999999,19.0,0.0,14.290894735409099,5.8611402204315555,47.14999999999999,19.0,0.0,10,PREDICTIVE+CHURN,Stochastic mobility,lstm_stoch,42,2.054302099000779,False
30269484.357217155,19347179.35686272,0.0,6.072718516846164,0.0,47.14999999999999,19.0,0.0,8.0,-44.94253930454525,0,151347421.78608578,6.072718516846164,47.14999999999999,19.0,0.0,15.134742178608578,6.072718516846164,47.14999999999999,19.0,0.0,15.134742178608578,6.072718516846164,47.14999999999999,19.0,0.0,11,PREDICTIVE+CHURN,Stochastic mobility,lstm_stoch,42,2.054302099000779,False
31722972.211071234,18530194.985377975,0.0,6.151647737566982,0.0,47.14999999999999,19.0,4.0,12.0,-44.22382267863652,1,158614861.05535617,6.151647737566982,47.14999999999999,19.0,4.0,15.861486105535617,6.151647737566982,47.14999999999999,19.0,0.08695652173913043,15.861486105535617,6.151647737566982,47.14999999999999,19.0,0.08695652173913043,12,PREDICTIVE+CHURN,Stochastic mobility,lstm_stoch,42,2.054302099000779,False
32727540.544891905,16982612.472137783,0.0,6.436093679582329,0.0,43.599999999999994,19.0,4.0,16.0,-39.887092569710845,1,163637702.72445953,6.436093679582329,43.599999999999994,19.0,4.0,16.363770272445954,6.436093679582329,43.599999999999994,19.0,0.08695652173913043,16.363770272445954,6.436093679582329,43.599999999999994,19.0,0.08695652173913043,13,PREDICTIVE+CHURN,Stochastic mobility,lstm_stoch,42,2.054302099000779,False
30599781.882395178,16324139.276999423,0.0,6.742887040567398,0.0,43.599999999999994,19.0,0.0,16.0,-40.55722201823501,0,152998909.4119759,6.742887040567398,43.599999999999994,19.0,0.0,15.299890941197589,6.742887040567398,43.599999999999994,19.0,0.0,15.299890941197589,6.742887040567398,43.599999999999994,19.0,0.0,14,PREDICTIVE+CHURN,Stochastic mobility,lstm_stoch,42,2.054302099000779,False
28708786.992302854,15578203.745717919,0.0,6.838797836969601,0.0,43.599999999999994,19.0,0.0,16.0,-41.406808666878966,0,143543934.96151426,6.838797836969601,43.599999999999994,19.0,0.0,14.354393496151426,6.838797836969601,43.599999999999994,19.0,0.0,14.354393496151426,6.838797836969601,43.599999999999994,19.0,0.0,15,PREDICTIVE+CHURN,Stochastic mobility,lstm_stoch,42,2.054302099000779,False
25591819.278393023,13618382.67451793,0.0,6.5993067673898835,0.0,43.599999999999994,19.0,2.0,18.0,-43.248261854283164,1,127959096.3919651,6.5993067673898835,43.599999999999994,19.0,2.0,12.79590963919651,6.5993067673898835,43.599999999999994,19.0,0.043478260869565216,12.79590963919651,6.5993067673898835,43.599999999999994,19.0,0.043478260869565216,16,PREDICTIVE+CHURN,Stochastic mobility,lstm_stoch,42,2.054302099000779,False
24701082.631384596,12904918.378993282,0.0,6.3422154254837695,0.0,43.599999999999994,19.0,0.0,18.0,-43.907243258823925,0,123505413.15692298,6.3422154254837695,43.599999999999994,19.0,0.0,12.350541315692299,6.3422154254837695,43.599999999999994,19.0,0.0,12.350541315692299,6.3422154254837695,43.599999999999994,19.0,0.0,17,PREDICTIVE+CHURN,Stochastic mobility,lstm_stoch,42,2.054302099000779,False
24334309.92560926,12407003.41702652,0.0,6.173125477105696,0.0,43.599999999999994,19.0,0.0,18.0,-44.259719560089664,0,121671549.6280463,6.173125477105696,43.599999999999994,19.0,0.0,12.16715496280463,6.173125477105696,43.599999999999994,19.0,0.0,12.16715496280463,6.173125477105696,43.599999999999994,19.0,0.0,18,PREDICTIVE+CHURN,Stochastic mobility,lstm_stoch,42,2.054302099000779,False
24653697.03472975,12188569.537736043,0.0,6.036067854090744,0.0,43.599999999999994,19.0,0.0,18.0,-44.237083628544376,0,123268485.17364874,6.036067854090744,43.599999999999994,19.0,0.0,12.326848517364875,6.036067854090744,43.599999999999994,19.0,0.0,12.326848517364875,6.036067854090744,43.599999999999994,19.0,0.0,19,PREDICTIVE+CHURN,Stochastic mobility,lstm_stoch,42,2.054302099000779,False
25236244.03226093,11734146.585091647,0.0,5.922568234854833,0.0,43.599999999999994,19.0,0.0,18.0,-44.0593097490147,0,126181220.16130464,5.922568234854833,43.599999999999994,19.0,0.0,12.618122016130464,5.922568234854833,43.599999999999994,19.0,0.0,12.618122016130464,5.922568234854833,43.599999999999994,19.0,0.0,20,PREDICTIVE+CHURN,Stochastic mobility,lstm_stoch,42,2.054302099000779,False
25542043.47899283,11669612.374861151,0.0,5.601361842112256,0.0,43.599999999999994,19.0,0.0,18.0,-44.22761641839132,0,127710217.39496416,5.601361842112256,43.599999999999994,19.0,0.0,12.771021739496415,5.601361842112256,43.599999999999994,19.0,0.0,12.771021739496415,5.601361842112256,43.599999999999994,19.0,0.0,21,PREDICTIVE+CHURN,Stochastic mobility,lstm_stoch,42,2.054302099000779,False
27290643.912640285,11711479.900984617,0.0,5.760039815835958,0.0,43.599999999999994,19.0,0.0,18.0,-43.194638227843896,0,136453219.56320143,5.760039815835958,43.599999999999994,19.0,0.0,13.645321956320142,5.760039815835958,43.599999999999994,19.0,0.0,13.645321956320142,5.760039815835958,43.599999999999994,19.0,0.0,22,PREDICTIVE+CHURN,Stochastic mobility,lstm_stoch,42,2.054302099000779,False
29073621.65723037,11804268.205855135,0.0,6.2524056914017425,0.0,43.599999999999994,19.0,0.0,18.0,-41.810783479983066,0,145368108.28615186,6.2524056914017425,43.599999999999994,19.0,0.0,14.536810828615186,6.2524056914017425,43.599999999999994,19.0,0.0,14.536810828615186,6.2524056914017425,43.599999999999994,19.0,0.0,23,PREDICTIVE+CHURN,Stochastic mobility,lstm_stoch,42,2.054302099000779,False
32340529.541979063,11735483.52726303,0.0,6.4763373537055555,0.0,43.599999999999994,19.0,0.0,18.0,-39.95339787530491,0,161702647.7098953,6.4763373537055555,43.599999999999994,19.0,0.0,16.17026477098953,6.4763373537055555,43.599999999999994,19.0,0.0,16.17026477098953,6.4763373537055555,43.599999999999994,19.0,0.0,24,PREDICTIVE+CHURN,Stochastic mobility,lstm_stoch,42,2.054302099000779,False
35863718.63813744,11656961.550072834,0.0,6.462962745596331,0.0,43.599999999999994,19.0,0.0,18.0,-38.205177935334945,0,179318593.19068718,6.462962745596331,43.599999999999994,19.0,0.0,17.931859319068717,6.462962745596331,43.599999999999994,19.0,0.0,17.931859319068717,6.462962745596331,43.599999999999994,19.0,0.0,25,PREDICTIVE+CHURN,Stochastic mobility,lstm_stoch,42,2.054302099000779,False
31315748.09126965,10083888.989669126,0.0,5.785251326121967,0.0,40.04999999999999,19.0,18.0,36.0,-37.99817897606928,1,156578740.45634824,5.785251326121967,40.04999999999999,19.0,18.0,15.657874045634824,5.785251326121967,40.04999999999999,19.0,0.391304347826087,15.657874045634824,5.785251326121967,40.04999999999999,19.0,0.391304347826087,26,PREDICTIVE+CHURN,Stochastic mobility,lstm_stoch,42,2.054302099000779,False
35130223.47671881,10090770.68690171,0.0,4.662673373004085,0.0,40.04999999999999,19.0,0.0,36.0,-36.822214888636495,0,175651117.38359407,4.662673373004085,40.04999999999999,19.0,0.0,17.565111738359406,4.662673373004085,40.04999999999999,19.0,0.0,17.565111738359406,4.662673373004085,40.04999999999999,19.0,0.0,27,PREDICTIVE+CHURN,Stochastic mobility,lstm_stoch,42,2.054302099000779,False
33115803.98025871,10013025.574991561,0.0,5.141355674017615,0.0,40.04999999999999,19.0,0.0,36.0,-37.35074233585302,0,165579019.90129355,5.141355674017615,40.04999999999999,19.0,0.0,16.557901990129356,5.141355674017615,40.04999999999999,19.0,0.0,16.557901990129356,5.141355674017615,40.04999999999999,19.0,0.0,28,PREDICTIVE+CHURN,Stochastic mobility,lstm_stoch,42,2.054302099000779,False
28740533.10208972,9806972.103116615,0.0,6.039867232608144,0.0,40.04999999999999,19.0,0.0,36.0,-38.63986621634699,0,143702665.5104486,6.039867232608144,40.04999999999999,19.0,0.0,14.37026655104486,6.039867232608144,40.04999999999999,19.0,0.0,14.37026655104486,6.039867232608144,40.04999999999999,19.0,0.0,29,PREDICTIVE+CHURN,Stochastic mobility,lstm_stoch,42,2.054302099000779,False
24890422.861425698,9700522.159865327,0.0,6.384855632201134,0.0,40.04999999999999,19.0,0.0,36.0,-40.21993293708601,0,124452114.30712849,6.384855632201134,40.04999999999999,19.0,0.0,12.445211430712849,6.384855632201134,40.04999999999999,19.0,0.0,12.445211430712849,6.384855632201134,40.04999999999999,19.0,0.0,30,PREDICTIVE+CHURN,Stochastic mobility,lstm_stoch,42,2.054302099000779,False
22875423.946562156,9667714.59917732,0.0,6.689504436956841,0.0,40.04999999999999,19.0,0.0,36.0,-40.922783589762076,0,114377119.73281078,6.689504436956841,40.04999999999999,19.0,0.0,11.437711973281077,6.689504436956841,40.04999999999999,19.0,0.0,11.437711973281077,6.689504436956841,40.04999999999999,19.0,0.0,31,PREDICTIVE+CHURN,Stochastic mobility,lstm_stoch,42,2.054302099000779,False
20945993.90671103,9683352.055506047,0.0,6.852627390472899,0.0,40.04999999999999,19.0,0.0,36.0,-41.724375656171574,0,104729969.53355515,6.852627390472899,40.04999999999999,19.0,0.0,10.472996953355516,6.852627390472899,40.04999999999999,19.0,0.0,10.472996953355516,6.852627390472899,40.04999999999999,19.0,0.0,32,PREDICTIVE+CHURN,Stochastic mobility,lstm_stoch,42,2.054302099000779,False
19905216.489064086,9730575.458613094,0.0,7.00932857883486,0.0,40.04999999999999,19.0,0.0,36.0,-42.088063176633085,0,99526082.44532043,7.00932857883486,40.04999999999999,19.0,0.0,9.952608244532042,7.00932857883486,40.04999999999999,19.0,0.0,9.952608244532042,7.00932857883486,40.04999999999999,19.0,0.0,33,PREDICTIVE+CHURN,Stochastic mobility,lstm_stoch,42,2.054302099000779,False
19444109.037296288,9582280.84619199,0.0,6.963501277051984,0.0,40.04999999999999,19.0,0.0,36.0,-42.36444420429986,0,97220545.18648145,6.963501277051984,40.04999999999999,19.0,0.0,9.722054518648145,6.963501277051984,40.04999999999999,19.0,0.0,9.722054518648145,6.963501277051984,40.04999999999999,19.0,0.0,34,PREDICTIVE+CHURN,Stochastic mobility,lstm_stoch,42,2.054302099000779,False
19146055.914289344,9122687.934808176,0.0,6.971477105275928,0.0,40.04999999999999,19.0,0.0,36.0,-42.50549493757939,0,95730279.57144672,6.971477105275928,40.04999999999999,19.0,0.0,9.57302795714467,6.971477105275928,40.04999999999999,19.0,0.0,9.57302795714467,6.971477105275928,40.04999999999999,19.0,0.0,35,PREDICTIVE+CHURN,Stochastic mobility,lstm_stoch,42,2.054302099000779,False
18816268.266860656,8793981.642480617,0.0,6.876194827748877,0.0,40.04999999999999,19.0,0.0,36.0,-42.765671038820784,0,94081341.33430327,6.876194827748877,40.04999999999999,19.0,0.0,9.408134133430327,6.876194827748877,40.04999999999999,19.0,0.0,9.408134133430327,6.876194827748877,40.04999999999999,19.0,0.0,36,PREDICTIVE+CHURN,Stochastic mobility,lstm_stoch,42,2.054302099000779,False
18743774.886594363,8483708.4195598,0.0,6.7491860207617,0.0,40.04999999999999,19.0,0.0,36.0,-42.92892653594111,0,93718874.43297182,6.7491860207617,40.04999999999999,19.0,0.0,9.371887443297181,6.7491860207617,40.04999999999999,19.0,0.0,9.371887443297181,6.7491860207617,40.04999999999999,19.0,0.0,37,PREDICTIVE+CHURN,Stochastic mobility,lstm_stoch,42,2.054302099000779,False
18737315.055406164,8225993.916622908,0.0,6.692964183576622,0.0,40.04999999999999,19.0,0.0,36.0,-42.988378288720284,0,93686575.27703083,6.692964183576622,40.04999999999999,19.0,0.0,9.368657527703082,6.692964183576622,40.04999999999999,19.0,0.0,9.368657527703082,6.692964183576622,40.04999999999999,19.0,0.0,38,PREDICTIVE+CHURN,Stochastic mobility,lstm_stoch,42,2.054302099000779,False
18744738.01238181,8093726.550516457,0.0,6.616478207289662,0.0,40.04999999999999,19.0,0.0,36.0,-43.06115278651942,0,93723690.06190905,6.616478207289662,40.04999999999999,19.0,0.0,9.372369006190905,6.616478207289662,40.04999999999999,19.0,0.0,9.372369006190905,6.616478207289662,40.04999999999999,19.0,0.0,39,PREDICTIVE+CHURN,Stochastic mobility,lstm_stoch,42,2.054302099000779,False
18826131.968275677,8106014.77372727,0.0,6.747903995723739,0.0,40.04999999999999,19.0,0.0,36.0,-42.889030020138414,0,94130659.84137839,6.747903995723739,40.04999999999999,19.0,0.0,9.41306598413784,6.747903995723739,40.04999999999999,19.0,0.0,9.41306598413784,6.747903995723739,40.04999999999999,19.0,0.0,40,PREDICTIVE+CHURN,Stochastic mobility,lstm_stoch,42,2.054302099000779,False
18857336.351397164,7965513.448802819,0.0,6.80767070347512,0.0,40.04999999999999,19.0,0.0,36.0,-42.81366112082629,0,94286681.75698581,6.80767070347512,40.04999999999999,19.0,0.0,9.428668175698581,6.80767070347512,40.04999999999999,19.0,0.0,9.428668175698581,6.80767070347512,40.04999999999999,19.0,0.0,41,PREDICTIVE+CHURN,Stochastic mobility,lstm_stoch,42,2.054302099000779,False
19011114.805299044,7696518.73933078,0.0,6.91387310265411,0.0,40.04999999999999,19.0,0.0,36.0,-42.63056949469636,0,95055574.02649522,6.91387310265411,40.04999999999999,19.0,0.0,9.505557402649522,6.91387310265411,40.04999999999999,19.0,0.0,9.505557402649522,6.91387310265411,40.04999999999999,19.0,0.0,42,PREDICTIVE+CHURN,Stochastic mobility,lstm_stoch,42,2.054302099000779,False
19460397.37083865,7279178.2979521705,0.0,7.017974718982249,0.0,40.04999999999999,19.0,0.0,36.0,-42.30182659559841,0,97301986.85419326,7.017974718982249,40.04999999999999,19.0,0.0,9.730198685419326,7.017974718982249,40.04999999999999,19.0,0.0,9.730198685419326,7.017974718982249,40.04999999999999,19.0,0.0,43,PREDICTIVE+CHURN,Stochastic mobility,lstm_stoch,42,2.054302099000779,False
20221064.48712608,6990074.120890496,0.0,7.164159161245477,0.0,40.04999999999999,19.0,0.0,36.0,-41.775308595191476,0,101105322.4356304,7.164159161245477,40.04999999999999,19.0,0.0,10.11053224356304,7.164159161245477,40.04999999999999,19.0,0.0,10.11053224356304,7.164159161245477,40.04999999999999,19.0,0.0,44,PREDICTIVE+CHURN,Stochastic mobility,lstm_stoch,42,2.054302099000779,False
20699824.494315196,6577411.403696042,0.0,7.243438908712895,0.0,40.04999999999999,19.0,0.0,36.0,-41.4566488441295,0,103499122.47157598,7.243438908712895,40.04999999999999,19.0,0.0,10.349912247157597,7.243438908712895,40.04999999999999,19.0,0.0,10.349912247157597,7.243438908712895,40.04999999999999,19.0,0.0,45,PREDICTIVE+CHURN,Stochastic mobility,lstm_stoch,42,2.054302099000779,False
21065628.282040033,6066192.58812524,0.0,7.201033508954708,0.0,40.04999999999999,19.0,0.0,36.0,-41.31615235002526,0,105328141.41020016,7.201033508954708,40.04999999999999,19.0,0.0,10.532814141020017,7.201033508954708,40.04999999999999,19.0,0.0,10.532814141020017,7.201033508954708,40.04999999999999,19.0,0.0,46,PREDICTIVE+CHURN,Stochastic mobility,lstm_stoch,42,2.054302099000779,False
20965589.581687607,5277667.760678963,0.0,7.070085301519087,0.0,40.04999999999999,19.0,0.0,36.0,-41.4971199076371,0,104827947.90843804,7.070085301519087,40.04999999999999,19.0,0.0,10.482794790843805,7.070085301519087,40.04999999999999,19.0,0.0,10.482794790843805,7.070085301519087,40.04999999999999,19.0,0.0,47,PREDICTIVE+CHURN,Stochastic mobility,lstm_stoch,42,2.054302099000779,False
21581034.379507877,4767948.184895174,0.0,7.0705686442594455,0.0,40.04999999999999,19.0,0.0,36.0,-41.1889141659866,0,107905171.89753939,7.0705686442594455,40.04999999999999,19.0,0.0,10.79051718975394,7.0705686442594455,40.04999999999999,19.0,0.0,10.79051718975394,7.0705686442594455,40.04999999999999,19.0,0.0,48,PREDICTIVE+CHURN,Stochastic mobility,lstm_stoch,42,2.054302099000779,False
23321256.71023006,11448878.920958092,0.0,7.302187379117976,0.0,40.04999999999999,19.0,18.0,54.0,-40.47848861359307,1,116606283.55115029,7.302187379117976,40.04999999999999,19.0,18.0,11.66062835511503,7.302187379117976,40.04999999999999,19.0,0.391304347826087,11.66062835511503,7.302187379117976,40.04999999999999,19.0,0.391304347826087,49,PREDICTIVE+CHURN,Stochastic mobility,lstm_stoch,42,2.054302099000779,False
25241803.614778556,12027351.748199046,0.0,7.289784782043711,0.0,40.04999999999999,19.0,0.0,54.0,-39.139313410567,0,126209018.07389277,7.289784782043711,40.04999999999999,19.0,0.0,12.620901807389277,7.289784782043711,40.04999999999999,19.0,0.0,12.620901807389277,7.289784782043711,40.04999999999999,19.0,0.0,50,PREDICTIVE+CHURN,Stochastic mobility,lstm_stoch,42,2.054302099000779,False
26356679.4651888,12526680.99045277,0.0,7.086452291261788,0.0,40.04999999999999,19.0,0.0,54.0,-38.7852079761438,0,131783397.325944,7.086452291261788,40.04999999999999,19.0,0.0,13.1783397325944,7.086452291261788,40.04999999999999,19.0,0.0,13.1783397325944,7.086452291261788,40.04999999999999,19.0,0.0,51,PREDICTIVE+CHURN,Stochastic mobility,lstm_stoch,42,2.054302099000779,False
24626451.800379056,13300849.477549698,0.0,6.629097219931461,0.0,40.04999999999999,19.0,0.0,54.0,-40.107676879879,0,123132259.00189528,6.629097219931461,40.04999999999999,19.0,0.0,12.313225900189527,6.629097219931461,40.04999999999999,19.0,0.0,12.313225900189527,6.629097219931461,40.04999999999999,19.0,0.0,52,PREDICTIVE+CHURN,Stochastic mobility,lstm_stoch,42,2.054302099000779,False
22766651.446351998,13798413.165893277,0.0,6.293613789125676,0.0,40.04999999999999,19.0,0.0,54.0,-41.37306048769832,0,113833257.23175998,6.293613789125676,40.04999999999999,19.0,0.0,11.383325723175998,6.293613789125676,40.04999999999999,19.0,0.0,11.383325723175998,6.293613789125676,40.04999999999999,19.0,0.0,53,PREDICTIVE+CHURN,Stochastic mobility,lstm_stoch,42,2.054302099000779,False
21189442.881126657,14107274.889739178,0.0,5.989489110859738,0.0,40.04999999999999,19.0,0.0,54.0,-42.46578944857693,0,105947214.40563329,5.989489110859738,40.04999999999999,19.0,0.0,10.594721440563328,5.989489110859738,40.04999999999999,19.0,0.0,10.594721440563328,5.989489110859738,40.04999999999999,19.0,0.0,54,PREDICTIVE+CHURN,Stochastic mobility,lstm_stoch,42,2.054302099000779,False
19500079.517265923,12452759.721654814,0.0,6.2113333709855665,0.0,40.04999999999999,19.0,4.0,58.0,-43.17558339212059,1,97500397.58632962,6.2113333709855665,40.04999999999999,19.0,4.0,9.750039758632962,6.2113333709855665,40.04999999999999,19.0,0.08695652173913043,9.750039758632962,6.2113333709855665,40.04999999999999,19.0,0.08695652173913043,55,PREDICTIVE+CHURN,Stochastic mobility,lstm_stoch,42,2.054302099000779,False
19098910.33089567,12560830.045186916,0.0,5.948656713983555,0.0,40.04999999999999,19.0,0.0,58.0,-43.5518881205686,0,95494551.65447836,5.948656713983555,40.04999999999999,19.0,0.0,9.549455165447835,5.948656713983555,40.04999999999999,19.0,0.0,9.549455165447835,5.948656713983555,40.04999999999999,19.0,0.0,56,PREDICTIVE+CHURN,Stochastic mobility,lstm_stoch,42,2.054302099000779,False
18947030.152998276,12429717.309117138,0.0,6.015388124676823,0.0,40.04999999999999,19.0,0.0,58.0,-43.56109679882403,0,94735150.76499137,6.015388124676823,40.04999999999999,19.0,0.0,9.473515076499137,6.015388124676823,40.04999999999999,19.0,0.0,9.473515076499137,6.015388124676823,40.04999999999999,19.0,0.0,57,PREDICTIVE+CHURN,Stochastic mobility,lstm_stoch,42,2.054302099000779,False
18666936.02205091,12390568.620003495,0.0,6.021667923992641,0.0,40.04999999999999,19.0,0.0,58.0,-43.69486406498189,0,93334680.11025456,6.021667923992641,40.04999999999999,19.0,0.0,9.333468011025456,6.021667923992641,40.04999999999999,19.0,0.0,9.333468011025456,6.021667923992641,40.04999999999999,19.0,0.0,58,PREDICTIVE+CHURN,Stochastic mobility,lstm_stoch,42,2.054302099000779,False
18397900.459339418,12248694.554734256,0.0,6.818603706978042,0.0,40.04999999999999,19.0,0.0,58.0,-43.03244606335224,0,91989502.29669708,6.818603706978042,40.04999999999999,19.0,0.0,9.198950229669707,6.818603706978042,40.04999999999999,19.0,0.0,9.198950229669707,6.818603706978042,40.04999999999999,19.0,0.0,59,PREDICTIVE+CHURN,Stochastic mobility,lstm_stoch,42,2.054302099000779,False
18239908.158038072,11946301.22618663,0.0,7.463651899101709,0.0,40.04999999999999,19.0,0.0,58.0,-42.466394021879246,0,91199540.79019037,7.463651899101709,40.04999999999999,19.0,0.0,9.119954079019037,7.463651899101709,40.04999999999999,19.0,0.0,9.119954079019037,7.463651899101709,40.04999999999999,19.0,0.0,60,PREDICTIVE+CHURN,Stochastic mobility,lstm_stoch,42,2.054302099000779,False
18136455.074085683,11739567.973769885,0.0,7.594571632690121,0.0,40.04999999999999,19.0,0.0,58.0,-42.38720083026703,0,90682275.37042841,7.594571632690121,40.04999999999999,19.0,0.0,9.06822753704284,7.594571632690121,40.04999999999999,19.0,0.0,9.06822753704284,7.594571632690121,40.04999999999999,19.0,0.0,61,PREDICTIVE+CHURN,Stochastic mobility,lstm_stoch,42,2.054302099000779,False
18060026.63021373,11257453.94431523,0.0,7.5971766979350175,0.0,40.04999999999999,19.0,0.0,58.0,-42.42280998695811,0,90300133.15106864,7.5971766979350175,40.04999999999999,19.0,0.0,9.030013315106864,7.5971766979350175,40.04999999999999,19.0,0.0,9.030013315106864,7.5971766979350175,40.04999999999999,19.0,0.0,62,PREDICTIVE+CHURN,Stochastic mobility,lstm_stoch,42,2.054302099000779,False
17960224.2008669,10768906.798164705,0.0,7.506773572605097,0.0,40.04999999999999,19.0,0.0,58.0,-42.56311432696144,0,89801121.0043345,7.506773572605097,40.04999999999999,19.0,0.0,8.98011210043345,7.506773572605097,40.04999999999999,19.0,0.0,8.98011210043345,7.506773572605097,40.04999999999999,19.0,0.0,63,PREDICTIVE+CHURN,Stochastic mobility,lstm_stoch,42,2.054302099000779,False
17806130.854792833,10419276.906057447,0.0,7.373393122563268,0.0,40.04999999999999,19.0,0.0,58.0,-42.773541450040305,0,89030654.27396417,7.373393122563268,40.04999999999999,19.0,0.0,8.903065427396417,7.373393122563268,40.04999999999999,19.0,0.0,8.903065427396417,7.373393122563268,40.04999999999999,19.0,0.0,64,PREDICTIVE+CHURN,Stochastic mobility,lstm_stoch,42,2.054302099000779,False
17365190.851736702,10064946.732264765,0.0,7.326164104124094,0.0,40.04999999999999,19.0,0.0,58.0,-43.041240470007544,0,86825954.25868352,7.326164104124094,40.04999999999999,19.0,0.0,8.682595425868351,7.326164104124094,40.04999999999999,19.0,0.0,8.682595425868351,7.326164104124094,40.04999999999999,19.0,0.0,65,PREDICTIVE+CHURN,Stochastic mobility,lstm_stoch,42,2.054302099000779,False
16895513.303771574,9859873.742009372,0.0,7.342619174909055,0.0,40.04999999999999,19.0,0.0,58.0,-43.25962417320515,0,84477566.51885787,7.342619174909055,40.04999999999999,19.0,0.0,8.447756651885786,7.342619174909055,40.04999999999999,19.0,0.0,8.447756651885786,7.342619174909055,40.04999999999999,19.0,0.0,66,PREDICTIVE+CHURN,Stochastic mobility,lstm_stoch,42,2.054302099000779,False
16446280.89138605,9686536.618125327,0.0,7.346760104527238,0.0,40.04999999999999,19.0,0.0,58.0,-43.48009944977973,0,82231404.45693025,7.346760104527238,40.04999999999999,19.0,0.0,8.223140445693025,7.346760104527238,40.04999999999999,19.0,0.0,8.223140445693025,7.346760104527238,40.04999999999999,19.0,0.0,67,PREDICTIVE+CHURN,Stochastic mobility,lstm_stoch,42,2.054302099000779,False
16066725.032831047,9420900.915532881,0.0,7.292282095018838,0.0,40.04999999999999,19.0,0.0,58.0,-43.72435538856563,0,80333625.16415523,7.292282095018838,40.04999999999999,19.0,0.0,8.033362516415522,7.292282095018838,40.04999999999999,19.0,0.0,8.033362516415522,7.292282095018838,40.04999999999999,19.0,0.0,68,PREDICTIVE+CHURN,Stochastic mobility,lstm_stoch,42,2.054302099000779,False
15438210.485732654,9153955.502986316,0.0,7.218642791015331,0.0,40.04999999999999,19.0,0.0,58.0,-44.112251966118336,0,77191052.42866327,7.218642791015331,40.04999999999999,19.0,0.0,7.719105242866327,7.218642791015331,40.04999999999999,19.0,0.0,7.719105242866327,7.218642791015331,40.04999999999999,19.0,0.0,69,PREDICTIVE+CHURN,Stochastic mobility,lstm_stoch,42,2.054302099000779,False
14755451.35461532,8826153.17179962,0.0,7.12917676320284,0.0,40.04999999999999,19.0,0.0,58.0,-44.54309755948949,0,73777256.7730766,7.12917676320284,40.04999999999999,19.0,0.0,7.37772567730766,7.12917676320284,40.04999999999999,19.0,0.0,7.37772567730766,7.12917676320284,40.04999999999999,19.0,0.0,70,PREDICTIVE+CHURN,Stochastic mobility,lstm_stoch,42,2.054302099000779,False
14082224.53570334,8459211.5406455,0.0,7.133160884207399,0.0,40.04999999999999,19.0,0.0,58.0,-44.875726847940925,0,70411122.6785167,7.133160884207399,40.04999999999999,19.0,0.0,7.04111226785167,7.133160884207399,40.04999999999999,19.0,0.0,7.04111226785167,7.133160884207399,40.04999999999999,19.0,0.0,71,PREDICTIVE+CHURN,Stochastic mobility,lstm_stoch,42,2.054302099000779,False
13441452.518931728,8225066.050293471,0.0,7.103312359115174,0.0,40.04999999999999,19.0,0.0,58.0,-45.225961381418955,0,67207262.59465864,7.103312359115174,40.04999999999999,19.0,0.0,6.720726259465864,7.103312359115174,40.04999999999999,19.0,0.0,6.720726259465864,7.103312359115174,40.04999999999999,19.0,0.0,72,PREDICTIVE+CHURN,Stochastic mobility,lstm_stoch,42,2.054302099000779,False
13310301.389011456,7565070.466712554,0.0,7.017106985282435,0.0,40.04999999999999,19.0,0.0,58.0,-45.37774232021182,0,66551506.94505728,7.017106985282435,40.04999999999999,19.0,0.0,6.655150694505728,7.017106985282435,40.04999999999999,19.0,0.0,6.655150694505728,7.017106985282435,40.04999999999999,19.0,0.0,73,PREDICTIVE+CHURN,Stochastic mobility,lstm_stoch,42,2.054302099000779,False
13248919.09158251,6430178.926884299,0.0,6.880429360306494,0.0,40.04999999999999,19.0,0.0,58.0,-45.54511109390224,0,66244595.45791255,6.880429360306494,40.04999999999999,19.0,0.0,6.624459545791255,6.880429360306494,40.04999999999999,19.0,0.0,6.624459545791255,6.880429360306494,40.04999999999999,19.0,0.0,74,PREDICTIVE+CHURN,Stochastic mobility,lstm_stoch,42,2.054302099000779,False
13225426.590257684,5606028.125922623,0.0,6.5478486862439516,0.0,40.04999999999999,19.0,0.0,58.0,-45.889438018627196,0,66127132.95128842,6.5478486862439516,40.04999999999999,19.0,0.0,6.612713295128842,6.5478486862439516,40.04999999999999,19.0,0.0,6.612713295128842,6.5478486862439516,40.04999999999999,19.0,0.0,75,PREDICTIVE+CHURN,Stochastic mobility,lstm_stoch,42,2.054302099000779,False
30435565.10165785,9143493.635642925,0.0,6.069925608839135,0.0,47.14999999999999,19.0,24.0,82.0,-45.384030970766716,1,152177825.50828925,6.069925608839135,47.14999999999999,19.0,24.0,15.217782550828925,6.069925608839135,47.14999999999999,19.0,0.5217391304347826,15.217782550828925,6.069925608839135,47.14999999999999,19.0,0.5217391304347826,76,PREDICTIVE+CHURN,Stochastic mobility,lstm_stoch,42,2.054302099000779,False
41932386.69957483,8775868.916667927,0.0,5.867840657238709,0.0,47.14999999999999,19.0,2.0,84.0,-39.359444253843435,1,209661933.49787414,5.867840657238709,47.14999999999999,19.0,2.0,20.966193349787414,5.867840657238709,47.14999999999999,19.0,0.043478260869565216,20.966193349787414,5.867840657238709,47.14999999999999,19.0,0.043478260869565216,77,PREDICTIVE+CHURN,Stochastic mobility,lstm_stoch,42,2.054302099000779,False
37962539.49964374,9108133.692527104,0.0,5.465764276530596,0.0,47.14999999999999,19.0,0.0,84.0,-41.70296597364752,0,189812697.49821872,5.465764276530596,47.14999999999999,19.0,0.0,18.981269749821873,5.465764276530596,47.14999999999999,19.0,0.0,18.981269749821873,5.465764276530596,47.14999999999999,19.0,0.0,78,PREDICTIVE+CHURN,Stochastic mobility,lstm_stoch,42,2.054302099000779,False
33575633.09695394,9659405.099481728,0.0,5.855795392672435,0.0,47.14999999999999,19.0,0.0,84.0,-43.50638805885059,0,167878165.4847697,5.855795392672435,47.14999999999999,19.0,0.0,16.78781654847697,5.855795392672435,47.14999999999999,19.0,0.0,16.78781654847697,5.855795392672435,47.14999999999999,19.0,0.0,79,PREDICTIVE+CHURN,Stochastic mobility,lstm_stoch,42,2.054302099000779,False
31660370.262836933,10207308.301647361,0.0,6.037444752370858,0.0,47.14999999999999,19.0,0.0,84.0,-44.282370116210664,0,158301851.31418467,6.037444752370858,47.14999999999999,19.0,0.0,15.830185131418467,6.037444752370858,47.14999999999999,19.0,0.0,15.830185131418467,6.037444752370858,47.14999999999999,19.0,0.0,80,PREDICTIVE+CHURN,Stochastic mobility,lstm_stoch,42,2.054302099000779,False
31986532.319545068,10710146.017095277,0.0,6.550804433262623,0.0,47.14999999999999,19.0,0.0,84.0,-43.60592940696483,0,159932661.59772533,6.550804433262623,47.14999999999999,19.0,0.0,15.993266159772533,6.550804433262623,47.14999999999999,19.0,0.0,15.993266159772533,6.550804433262623,47.14999999999999,19.0,0.0,81,PREDICTIVE+CHURN,Stochastic mobility,lstm_stoch,42,2.054302099000779,False
33236985.680851035,11178467.099899352,0.0,6.654086110351812,0.0,47.14999999999999,19.0,0.0,84.0,-42.87742104922266,0,166184928.40425518,6.654086110351812,47.14999999999999,19.0,0.0,16.618492840425517,6.654086110351812,47.14999999999999,19.0,0.0,16.618492840425517,6.654086110351812,47.14999999999999,19.0,0.0,82,PREDICTIVE+CHURN,Stochastic mobility,lstm_stoch,42,2.054302099000779,False
35845873.32303409,11611860.491964508,0.0,6.798396983499877,0.0,47.14999999999999,19.0,0.0,84.0,-41.428666354983065,0,179229366.61517045,6.798396983499877,47.14999999999999,19.0,0.0,17.922936661517046,6.798396983499877,47.14999999999999,19.0,0.0,17.922936661517046,6.798396983499877,47.14999999999999,19.0,0.0,83,PREDICTIVE+CHURN,Stochastic mobility,lstm_stoch,42,2.054302099000779,False
39309554.41227781,12103064.311315754,0.0,6.742163735907111,0.0,47.14999999999999,19.0,0.0,84.0,-39.753059057953976,0,196547772.06138906,6.742163735907111,47.14999999999999,19.0,0.0,19.654777206138906,6.742163735907111,47.14999999999999,19.0,0.0,19.654777206138906,6.742163735907111,47.14999999999999,19.0,0.0,84,PREDICTIVE+CHURN,Stochastic mobility,lstm_stoch,42,2.054302099000779,False
41961165.47123772,12728208.166109957,0.0,6.734536767632788,0.0,47.14999999999999,19.0,0.0,84.0,-38.43488049674834,0,209805827.3561886,6.734536767632788,47.14999999999999,19.0,0.0,20.98058273561886,6.734536767632788,47.14999999999999,19.0,0.0,20.98058273561886,6.734536767632788,47.14999999999999,19.0,0.0,85,PREDICTIVE+CHURN,Stochastic mobility,lstm_stoch,42,2.054302099000779,False
43026553.61138661,13207989.608713618,0.0,6.930268479398472,0.0,47.14999999999999,19.0,0.0,84.0,-37.70645471490822,0,215132768.05693305,6.930268479398472,47.14999999999999,19.0,0.0,21.513276805693305,6.930268479398472,47.14999999999999,19.0,0.0,21.513276805693305,6.930268479398472,47.14999999999999,19.0,0.0,86,PREDICTIVE+CHURN,Stochastic mobility,lstm_stoch,42,2.054302099000779,False
44563719.04430589,12962644.531266846,0.0,6.983926109609197,0.0,47.14999999999999,19.0,0.0,84.0,-36.88421436823785,0,222818595.22152945,6.983926109609197,47.14999999999999,19.0,0.0,22.281859522152946,6.983926109609197,47.14999999999999,19.0,0.0,22.281859522152946,6.983926109609197,47.14999999999999,19.0,0.0,87,PREDICTIVE+CHURN,Stochastic mobility,lstm_stoch,42,2.054302099000779,False
42926093.062087275,12768127.038136767,0.0,6.932375920469074,0.0,47.14999999999999,19.0,0.0,84.0,-37.754577548487276,0,214630465.31043637,6.932375920469074,47.14999999999999,19.0,0.0,21.463046531043638,6.932375920469074,47.14999999999999,19.0,0.0,21.463046531043638,6.932375920469074,47.14999999999999,19.0,0.0,88,PREDICTIVE+CHURN,Stochastic mobility,lstm_stoch,42,2.054302099000779,False
39753417.94736216,12733420.553544166,0.0,6.736854760337446,0.0,47.14999999999999,19.0,0.0,84.0,-39.536436265981465,0,198767089.7368108,6.736854760337446,47.14999999999999,19.0,0.0,19.87670897368108,6.736854760337446,47.14999999999999,19.0,0.0,19.87670897368108,6.736854760337446,47.14999999999999,19.0,0.0,89,PREDICTIVE+CHURN,Stochastic mobility,lstm_stoch,42,2.054302099000779,False
39543352.12784708,12423835.827860031,0.0,6.343472605736798,0.0,47.14999999999999,19.0,0.0,84.0,-40.034851330339656,0,197716760.6392354,6.343472605736798,47.14999999999999,19.0,0.0,19.77167606392354,6.343472605736798,47.14999999999999,19.0,0.0,19.77167606392354,6.343472605736798,47.14999999999999,19.0,0.0,90,PREDICTIVE+CHURN,Stochastic mobility,lstm_stoch,42,2.054302099000779,False
39857976.295007356,12431963.675304713,0.0,6.179018067672535,0.0,47.14999999999999,19.0,0.0,84.0,-40.04199378482378,0,199289881.47503677,6.179018067672535,47.14999999999999,19.0,0.0,19.928988147503677,6.179018067672535,47.14999999999999,19.0,0.0,19.928988147503677,6.179018067672535,47.14999999999999,19.0,0.0,91,PREDICTIVE+CHURN,Stochastic mobility,lstm_stoch,42,2.054302099000779,False
43418154.05358247,12496499.69517132,0.0,6.040784277361453,0.0,47.14999999999999,19.0,0.0,84.0,-38.4001386958473,0,217090770.26791233,6.040784277361453,47.14999999999999,19.0,0.0,21.70907702679123,6.040784277361453,47.14999999999999,19.0,0.0,21.70907702679123,6.040784277361453,47.14999999999999,19.0,0.0,92,PREDICTIVE+CHURN,Stochastic mobility,lstm_stoch,42,2.054302099000779,False
47293290.99941613,12504213.3976705,0.0,6.659427223131785,0.0,47.14999999999999,19.0,0.0,84.0,-35.84392727716014,0,236466454.99708065,6.659427223131785,47.14999999999999,19.0,0.0,23.646645499708065,6.659427223131785,47.14999999999999,19.0,0.0,23.646645499708065,6.659427223131785,47.14999999999999,19.0,0.0,93,PREDICTIVE+CHURN,Stochastic mobility,lstm_stoch,42,2.054302099000779,False
47135060.48181754,13381149.816911532,0.0,5.907540526730655,0.0,47.14999999999999,19.0,18.0,102.0,-37.06623358018665,1,235675302.40908772,5.907540526730655,47.14999999999999,19.0,18.0,23.567530240908773,5.907540526730655,47.14999999999999,19.0,0.391304347826087,23.567530240908773,5.907540526730655,47.14999999999999,19.0,0.391304347826087,94,PREDICTIVE+CHURN,Stochastic mobility,lstm_stoch,42,2.054302099000779,False
41254431.48854314,13436275.31966733,0.0,5.7540541472746956,0.0,47.14999999999999,19.0,0.0,102.0,-39.76873010845373,0,206272157.44271567,5.7540541472746956,47.14999999999999,19.0,0.0,20.627215744271567,5.7540541472746956,47.14999999999999,19.0,0.0,20.627215744271567,5.7540541472746956,47.14999999999999,19.0,0.0,95,PREDICTIVE+CHURN,Stochastic mobility,lstm_stoch,42,2.054302099000779,False
38257191.25905919,13438438.772361655,0.0,5.99503135045855,0.0,47.14999999999999,19.0,0.0,102.0,-41.026373020011846,0,191285956.29529595,5.99503135045855,47.14999999999999,19.0,0.0,19.128595629529595,5.99503135045855,47.14999999999999,19.0,0.0,19.128595629529595,5.99503135045855,47.14999999999999,19.0,0.0,96,PREDICTIVE+CHURN,Stochastic mobility,lstm_stoch,42,2.054302099000779,False
35744477.949684136,13460576.746999493,0.0,5.8915652791635384,0.0,47.14999999999999,19.0,0.0,102.0,-42.386195745994385,0,178722389.7484207,5.8915652791635384,47.14999999999999,19.0,0.0,17.87223897484207,5.8915652791635384,47.14999999999999,19.0,0.0,17.87223897484207,5.8915652791635384,47.14999999999999,19.0,0.0,97,PREDICTIVE+CHURN,Stochastic mobility,lstm_stoch,42,2.054302099000779,False
32853657.11513438,13399186.085713122,0.0,5.513856976681957,0.0,47.14999999999999,19.0,0.0,102.0,-44.20931446575084,0,164268285.5756719,5.513856976681957,47.14999999999999,19.0,0.0,16.42682855756719,5.513856976681957,47.14999999999999,19.0,0.0,16.42682855756719,5.513856976681957,47.14999999999999,19.0,0.0,98,PREDICTIVE+CHURN,Stochastic mobility,lstm_stoch,42,2.054302099000779,False
30849245.08968412,13306958.616299707,0.0,5.028994114051701,0.0,47.14999999999999,19.0,0.0,102.0,-45.69638334110623,0,154246225.4484206,5.028994114051701,47.14999999999999,19.0,0.0,15.42462254484206,5.028994114051701,47.14999999999999,19.0,0.0,15.42462254484206,5.028994114051701,47.14999999999999,19.0,0.0,99,PREDICTIVE+CHURN,Stochastic mobility,lstm_stoch,42,2.054302099000779,False
